Customer ID,Churn Probability,Churn Prediction,Churn Risk
12346.0,0.54758,1,Medium
12347.0,0.271628,0,Low
12348.0,0.502273,1,Medium
12349.0,0.597683,1,Medium
12350.0,0.782738,1,High
12351.0,0.776481,1,High
12352.0,0.524327,1,Medium
12353.0,0.603859,1,Medium
12354.0,0.696877,1,Medium
12355.0,0.584689,1,Medium
12356.0,0.485167,0,Medium
12357.0,0.635192,1,Medium
12358.0,0.413165,0,Medium
12359.0,0.249737,0,Low
12360.0,0.267517,0,Low
12361.0,0.667576,1,Medium
12362.0,0.427725,0,Medium
12363.0,0.460805,0,Medium
12364.0,0.430075,0,Medium
12365.0,0.704747,1,High
12366.0,0.810321,1,High
12368.0,0.816497,1,High
12369.0,0.632244,1,Medium
12370.0,0.434692,0,Medium
12371.0,0.599234,1,Medium
12372.0,0.539741,1,Medium
12373.0,0.643419,1,Medium
12374.0,0.622181,1,Medium
12375.0,0.501485,1,Medium
12376.0,0.72486,1,High
12377.0,0.596503,1,Medium
12378.0,0.507248,1,Medium
12379.0,0.515469,1,Medium
12380.0,0.244372,0,Low
12381.0,0.445095,0,Medium
12383.0,0.342522,0,Medium
12384.0,0.555855,1,Medium
12385.0,0.719313,1,High
12386.0,0.63821,1,Medium
12387.0,0.834288,1,High
12388.0,0.334363,0,Medium
12389.0,0.669924,1,Medium
12391.0,0.685789,1,Medium
12392.0,0.888686,1,High
12393.0,0.462079,0,Medium
12394.0,0.732002,1,High
12395.0,0.150053,0,Low
12396.0,0.824607,1,High
12397.0,0.444694,0,Medium
12399.0,0.369481,0,Medium
12400.0,0.791229,1,High
12401.0,0.881847,1,High
12402.0,0.591833,1,Medium
12403.0,0.79066,1,High
12404.0,0.923476,1,High
12405.0,0.529489,1,Medium
12406.0,0.408191,0,Medium
12407.0,0.3597,0,Medium
12408.0,0.265958,0,Low
12409.0,0.30329,0,Medium
12410.0,0.653076,1,Medium
12411.0,0.78556,1,High
12412.0,0.362342,0,Medium
12413.0,0.634662,1,Medium
12414.0,0.59181,1,Medium
12415.0,0.107367,0,Low
12416.0,0.868173,1,High
12417.0,0.108795,0,Low
12418.0,0.482365,0,Medium
12419.0,0.722931,1,High
12421.0,0.450418,0,Medium
12422.0,0.123325,0,Low
12423.0,0.221754,0,Low
12424.0,0.418994,0,Medium
12425.0,0.712067,1,High
12426.0,0.592358,1,Medium
12427.0,0.729698,1,High
12428.0,0.199379,0,Low
12429.0,0.214493,0,Low
12431.0,0.083403,0,Low
12432.0,0.415547,0,Medium
12433.0,0.239076,0,Low
12434.0,0.65597,1,Medium
12435.0,0.438966,0,Medium
12436.0,0.454516,0,Medium
12437.0,0.052436,0,Low
12438.0,0.462566,0,Medium
12439.0,0.806986,1,High
12440.0,0.76118,1,High
12441.0,0.782062,1,High
12443.0,0.824158,1,High
12444.0,0.394812,0,Medium
12445.0,0.778195,1,High
12447.0,0.721964,1,High
12449.0,0.341453,0,Medium
12450.0,0.499386,0,Medium
12451.0,0.399402,0,Medium
12453.0,0.462675,0,Medium
12454.0,0.59004,1,Medium
12455.0,0.169038,0,Low
12456.0,0.391291,0,Medium
12457.0,0.522511,1,Medium
12458.0,0.579877,1,Medium
12459.0,0.822277,1,High
12460.0,0.808512,1,High
12461.0,0.490278,0,Medium
12462.0,0.723029,1,High
12463.0,0.486215,0,Medium
12464.0,0.45226,0,Medium
12465.0,0.557427,1,Medium
12466.0,0.921937,1,High
12467.0,0.839906,1,High
12468.0,0.422104,0,Medium
12469.0,0.827222,1,High
12470.0,0.874629,1,High
12471.0,0.058775,0,Low
12472.0,0.087373,0,Low
12473.0,0.384711,0,Medium
12474.0,0.069821,0,Low
12475.0,0.781381,1,High
12476.0,0.11581,0,Low
12477.0,0.239446,0,Low
12480.0,0.272158,0,Low
12481.0,0.139895,0,Low
12482.0,0.788294,1,High
12483.0,0.137393,0,Low
12484.0,0.150944,0,Low
12485.0,0.775225,1,High
12486.0,0.742396,1,High
12487.0,0.858045,1,High
12489.0,0.78244,1,High
12490.0,0.074973,0,Low
12492.0,0.523129,1,Medium
12493.0,0.538637,1,Medium
12494.0,0.35678,0,Medium
12495.0,0.870643,1,High
12496.0,0.8806,1,High
12497.0,0.595972,1,Medium
12499.0,0.836254,1,High
12500.0,0.146384,0,Low
12501.0,0.679964,1,Medium
12502.0,0.349023,0,Medium
12503.0,0.822443,1,High
12504.0,0.691537,1,Medium
12505.0,0.740032,1,High
12506.0,0.880747,1,High
12507.0,0.476271,0,Medium
12509.0,0.842224,1,High
12510.0,0.230472,0,Low
12511.0,0.726651,1,High
12513.0,0.438837,0,Medium
12514.0,0.605964,1,Medium
12515.0,0.779026,1,High
12516.0,0.464254,0,Medium
12517.0,0.390046,0,Medium
12518.0,0.468359,0,Medium
12519.0,0.819513,1,High
12520.0,0.376288,0,Medium
12521.0,0.504293,1,Medium
12523.0,0.130913,0,Low
12524.0,0.112226,0,Low
12525.0,0.765978,1,High
12526.0,0.464875,0,Medium
12527.0,0.58121,1,Medium
12528.0,0.444815,0,Medium
12529.0,0.848141,1,High
12530.0,0.238987,0,Low
12531.0,0.819602,1,High
12533.0,0.767154,1,High
12534.0,0.448556,0,Medium
12535.0,0.480467,0,Medium
12537.0,0.691968,1,Medium
12538.0,0.771365,1,High
12539.0,0.399362,0,Medium
12540.0,0.053985,0,Low
12541.0,0.498843,0,Medium
12542.0,0.766768,1,High
12543.0,0.718091,1,High
12545.0,0.655074,1,Medium
12547.0,0.620747,1,Medium
12548.0,0.750577,1,High
12549.0,0.743723,1,High
12551.0,0.828972,1,High
12553.0,0.205582,0,Low
12554.0,0.75793,1,High
12555.0,0.908686,1,High
12556.0,0.509008,1,Medium
12557.0,0.182748,0,Low
12559.0,0.716431,1,High
12560.0,0.380047,0,Medium
12561.0,0.773628,1,High
12562.0,0.31826,0,Medium
12563.0,0.776938,1,High
12564.0,0.736372,1,High
12565.0,0.836453,1,High
12567.0,0.079462,0,Low
12568.0,0.92866,1,High
12569.0,0.225228,0,Low
12570.0,0.922295,1,High
12571.0,0.467991,0,Medium
12573.0,0.586951,1,Medium
12574.0,0.807162,1,High
12575.0,0.756216,1,High
12576.0,0.353756,0,Medium
12577.0,0.506422,1,Medium
12578.0,0.602826,1,Medium
12580.0,0.657427,1,Medium
12582.0,0.514285,1,Medium
12583.0,0.064155,0,Low
12584.0,0.445868,0,Medium
12585.0,0.548084,1,Medium
12586.0,0.632862,1,Medium
12588.0,0.611203,1,Medium
12589.0,0.255158,0,Low
12590.0,0.578752,1,Medium
12591.0,0.612783,1,Medium
12592.0,0.378176,0,Medium
12593.0,0.462986,0,Medium
12594.0,0.157984,0,Low
12595.0,0.843077,1,High
12596.0,0.750566,1,High
12597.0,0.422079,0,Medium
12598.0,0.273618,0,Low
12599.0,0.234953,0,Low
12600.0,0.142451,0,Low
12601.0,0.612569,1,Medium
12604.0,0.812796,1,High
12605.0,0.61425,1,Medium
12606.0,0.909513,1,High
12608.0,0.768805,1,High
12609.0,0.271416,0,Low
12610.0,0.413875,0,Medium
12613.0,0.193252,0,Low
12614.0,0.801388,1,High
12615.0,0.381776,0,Medium
12616.0,0.487703,0,Medium
12619.0,0.342466,0,Medium
12620.0,0.564875,1,Medium
12621.0,0.062947,0,Low
12622.0,0.834014,1,High
12623.0,0.43561,0,Medium
12624.0,0.473324,0,Medium
12625.0,0.446267,0,Medium
12626.0,0.272441,0,Low
12627.0,0.297456,0,Low
12629.0,0.63274,1,Medium
12631.0,0.704174,1,High
12632.0,0.764407,1,High
12633.0,0.260789,0,Low
12634.0,0.787162,1,High
12635.0,0.398135,0,Medium
12636.0,0.891066,1,High
12637.0,0.141417,0,Low
12638.0,0.882975,1,High
12639.0,0.61551,1,Medium
12641.0,0.600605,1,Medium
12642.0,0.482615,0,Medium
12643.0,0.132013,0,Low
12644.0,0.485013,0,Medium
12645.0,0.273056,0,Low
12647.0,0.078463,0,Low
12648.0,0.498872,0,Medium
12649.0,0.291401,0,Low
12651.0,0.769096,1,High
12652.0,0.670937,1,Medium
12653.0,0.457404,0,Medium
12654.0,0.598082,1,Medium
12655.0,0.812592,1,High
12656.0,0.30105,0,Medium
12661.0,0.829337,1,High
12662.0,0.117611,0,Low
12663.0,0.865494,1,High
12664.0,0.370396,0,Medium
12665.0,0.745162,1,High
12666.0,0.727474,1,High
12668.0,0.361543,0,Medium
12669.0,0.393664,0,Medium
12670.0,0.389708,0,Medium
12671.0,0.845875,1,High
12672.0,0.750963,1,High
12673.0,0.648254,1,Medium
12674.0,0.377126,0,Medium
12675.0,0.794869,1,High
12676.0,0.209705,0,Low
12677.0,0.845445,1,High
12678.0,0.075565,0,Low
12679.0,0.517378,1,Medium
12680.0,0.475135,0,Medium
12681.0,0.07671,0,Low
12682.0,0.051246,0,Low
12683.0,0.063575,0,Low
12684.0,0.377656,0,Medium
12685.0,0.387707,0,Medium
12686.0,0.829374,1,High
12687.0,0.814585,1,High
12688.0,0.546723,1,Medium
12689.0,0.479609,0,Medium
12690.0,0.659348,1,Medium
12691.0,0.493285,0,Medium
12692.0,0.910745,1,High
12693.0,0.417976,0,Medium
12694.0,0.412392,0,Medium
12695.0,0.453162,0,Medium
12696.0,0.696478,1,Medium
12697.0,0.477379,0,Medium
12698.0,0.865219,1,High
12699.0,0.697918,1,Medium
12700.0,0.418736,0,Medium
12701.0,0.436502,0,Medium
12703.0,0.74635,1,High
12704.0,0.444201,0,Medium
12705.0,0.148552,0,Low
12707.0,0.72391,1,High
12708.0,0.131673,0,Low
12709.0,0.057476,0,Low
12710.0,0.400364,0,Medium
12711.0,0.78917,1,High
12712.0,0.116772,0,Low
12714.0,0.109701,0,Low
12715.0,0.477075,0,Medium
12716.0,0.457446,0,Medium
12717.0,0.559113,1,Medium
12720.0,0.101514,0,Low
12721.0,0.288852,0,Low
12722.0,0.432815,0,Medium
12724.0,0.373744,0,Medium
12725.0,0.572558,1,Medium
12726.0,0.211629,0,Low
12727.0,0.197646,0,Low
12728.0,0.580293,1,Medium
12729.0,0.475014,0,Medium
12730.0,0.81166,1,High
12731.0,0.125889,0,Low
12732.0,0.634072,1,Medium
12733.0,0.523268,1,Medium
12734.0,0.678104,1,Medium
12735.0,0.652052,1,Medium
12736.0,0.774241,1,High
12737.0,0.864512,1,High
12738.0,0.772459,1,High
12739.0,0.379161,0,Medium
12741.0,0.837799,1,High
12742.0,0.834788,1,High
12743.0,0.503859,1,Medium
12744.0,0.147127,0,Low
12745.0,0.760484,1,High
12746.0,0.859625,1,High
12747.0,0.102808,0,Low
12748.0,0.059003,0,Low
12749.0,0.265298,0,Low
12750.0,0.490682,0,Medium
12751.0,0.780394,1,High
12753.0,0.292744,0,Low
12754.0,0.539625,1,Medium
12755.0,0.443801,0,Medium
12757.0,0.283526,0,Low
12758.0,0.212423,0,Low
12759.0,0.212334,0,Low
12760.0,0.807862,1,High
12761.0,0.775556,1,High
12763.0,0.494536,0,Medium
12764.0,0.723641,1,High
12765.0,0.726129,1,High
12766.0,0.192953,0,Low
12767.0,0.712864,1,High
12768.0,0.827502,1,High
12769.0,0.70765,1,High
12770.0,0.512444,1,Medium
12771.0,0.839023,1,High
12773.0,0.899712,1,High
12774.0,0.909139,1,High
12775.0,0.341089,0,Medium
12776.0,0.928809,1,High
12777.0,0.772609,1,High
12778.0,0.327399,0,Medium
12779.0,0.173216,0,Low
12780.0,0.856823,1,High
12781.0,0.671217,1,Medium
12782.0,0.206426,0,Low
12784.0,0.819953,1,High
12785.0,0.637473,1,Medium
12786.0,0.795912,1,High
12787.0,0.469373,0,Medium
12788.0,0.841312,1,High
12789.0,0.815856,1,High
12790.0,0.571115,1,Medium
12791.0,0.653108,1,Medium
12792.0,0.629313,1,Medium
12793.0,0.64094,1,Medium
12794.0,0.468144,0,Medium
12796.0,0.863831,1,High
12797.0,0.682368,1,Medium
12798.0,0.417814,0,Medium
12799.0,0.856277,1,High
12800.0,0.781679,1,High
12801.0,0.823664,1,High
12802.0,0.302499,0,Medium
12803.0,0.683891,1,Medium
12804.0,0.838236,1,High
12805.0,0.629799,1,Medium
12806.0,0.666935,1,Medium
12807.0,0.780971,1,High
12808.0,0.510699,1,Medium
12809.0,0.574746,1,Medium
12810.0,0.754644,1,High
12811.0,0.589654,1,Medium
12813.0,0.775794,1,High
12814.0,0.579161,1,Medium
12815.0,0.50834,1,Medium
12816.0,0.469157,0,Medium
12817.0,0.636412,1,Medium
12818.0,0.663035,1,Medium
12819.0,0.764278,1,High
12820.0,0.417331,0,Medium
12821.0,0.686179,1,Medium
12823.0,0.186526,0,Low
12825.0,0.816143,1,High
12826.0,0.259251,0,Low
12828.0,0.447022,0,Medium
12829.0,0.694161,1,Medium
12830.0,0.301092,0,Medium
12831.0,0.656478,1,Medium
12832.0,0.467774,0,Medium
12833.0,0.518666,1,Medium
12834.0,0.769341,1,High
12835.0,0.691485,1,Medium
12836.0,0.154469,0,Low
12837.0,0.591358,1,Medium
12838.0,0.511493,1,Medium
12839.0,0.064929,0,Low
12840.0,0.246624,0,Low
12841.0,0.100287,0,Low
12842.0,0.622537,1,Medium
12843.0,0.103823,0,Low
12844.0,0.51733,1,Medium
12845.0,0.762353,1,High
12846.0,0.904891,1,High
12847.0,0.660229,1,Medium
12848.0,0.893278,1,High
12849.0,0.478841,0,Medium
12850.0,0.787919,1,High
12851.0,0.534577,1,Medium
12852.0,0.77298,1,High
12853.0,0.205832,0,Low
12854.0,0.3828,0,Medium
12855.0,0.672328,1,Medium
12857.0,0.369244,0,Medium
12858.0,0.860044,1,High
12859.0,0.773192,1,High
12860.0,0.924059,1,High
12861.0,0.922833,1,High
12862.0,0.712984,1,High
12863.0,0.539835,1,Medium
12864.0,0.513863,1,Medium
12865.0,0.388694,0,Medium
12866.0,0.634994,1,Medium
12867.0,0.098768,0,Low
12868.0,0.281952,0,Low
12869.0,0.871773,1,High
12870.0,0.624449,1,Medium
12871.0,0.528408,1,Medium
12872.0,0.458297,0,Medium
12873.0,0.568593,1,Medium
12874.0,0.644144,1,Medium
12875.0,0.391111,0,Medium
12876.0,0.417231,0,Medium
12877.0,0.175437,0,Low
12878.0,0.627649,1,Medium
12879.0,0.57573,1,Medium
12880.0,0.696637,1,Medium
12881.0,0.807572,1,High
12885.0,0.44935,0,Medium
12886.0,0.645357,1,Medium
12887.0,0.770103,1,High
12888.0,0.672134,1,Medium
12889.0,0.766476,1,High
12890.0,0.777449,1,High
12891.0,0.487135,0,Medium
12892.0,0.773053,1,High
12894.0,0.908389,1,High
12897.0,0.593625,1,Medium
12898.0,0.814041,1,High
12899.0,0.786912,1,High
12900.0,0.784375,1,High
12901.0,0.125502,0,Low
12902.0,0.834967,1,High
12903.0,0.721663,1,High
12904.0,0.603868,1,Medium
12905.0,0.791742,1,High
12907.0,0.725452,1,High
12908.0,0.41666,0,Medium
12909.0,0.331295,0,Medium
12910.0,0.174644,0,Low
12911.0,0.83003,1,High
12913.0,0.438806,0,Medium
12914.0,0.756536,1,High
12915.0,0.513006,1,Medium
12916.0,0.267032,0,Low
12917.0,0.347526,0,Medium
12918.0,0.891552,1,High
12919.0,0.455266,0,Medium
12920.0,0.806035,1,High
12921.0,0.052306,0,Low
12922.0,0.562769,1,Medium
12923.0,0.693879,1,Medium
12924.0,0.267354,0,Low
12925.0,0.85566,1,High
12926.0,0.634931,1,Medium
12927.0,0.788318,1,High
12928.0,0.218888,0,Low
12929.0,0.85595,1,High
12930.0,0.612371,1,Medium
12931.0,0.05632,0,Low
12932.0,0.754958,1,High
12933.0,0.341146,0,Medium
12934.0,0.905478,1,High
12935.0,0.152177,0,Low
12937.0,0.353237,0,Medium
12939.0,0.089924,0,Low
12941.0,0.838,1,High
12942.0,0.4876,0,Medium
12943.0,0.807506,1,High
12944.0,0.772199,1,High
12945.0,0.656777,1,Medium
12946.0,0.790749,1,High
12947.0,0.339111,0,Medium
12948.0,0.392592,0,Medium
12949.0,0.071488,0,Low
12951.0,0.190568,0,Low
12953.0,0.796985,1,High
12954.0,0.912567,1,High
12955.0,0.305175,0,Medium
12956.0,0.657864,1,Medium
12957.0,0.173863,0,Low
12958.0,0.7248,1,High
12959.0,0.882783,1,High
12960.0,0.64448,1,Medium
12961.0,0.772094,1,High
12962.0,0.600138,1,Medium
12963.0,0.528783,1,Medium
12964.0,0.861268,1,High
12967.0,0.634336,1,Medium
12968.0,0.574487,1,Medium
12969.0,0.912019,1,High
12970.0,0.513643,1,Medium
12971.0,0.057182,0,Low
12972.0,0.656379,1,Medium
12973.0,0.824796,1,High
12974.0,0.649184,1,Medium
12975.0,0.624575,1,Medium
12976.0,0.337259,0,Medium
12977.0,0.548727,1,Medium
12978.0,0.532042,1,Medium
12979.0,0.806272,1,High
12980.0,0.173858,0,Low
12981.0,0.554152,1,Medium
12982.0,0.392431,0,Medium
12983.0,0.790819,1,High
12986.0,0.621746,1,Medium
12987.0,0.523478,1,Medium
12988.0,0.749426,1,High
12989.0,0.085617,0,Low
12990.0,0.537905,1,Medium
12991.0,0.479179,0,Medium
12992.0,0.915419,1,High
12993.0,0.35472,0,Medium
12994.0,0.48722,0,Medium
12996.0,0.78112,1,High
12997.0,0.432358,0,Medium
12998.0,0.761118,1,High
12999.0,0.550293,1,Medium
13000.0,0.488944,0,Medium
13001.0,0.084528,0,Low
13002.0,0.74147,1,High
13003.0,0.56989,1,Medium
13004.0,0.066893,0,Low
13005.0,0.491066,0,Medium
13007.0,0.916164,1,High
13008.0,0.621286,1,Medium
13009.0,0.870402,1,High
13010.0,0.716949,1,High
13011.0,0.8781,1,High
13012.0,0.31037,0,Medium
13013.0,0.056139,0,Low
13014.0,0.280368,0,Low
13015.0,0.224698,0,Low
13016.0,0.478489,0,Medium
13018.0,0.072418,0,Low
13019.0,0.61636,1,Medium
13020.0,0.790587,1,High
13021.0,0.176725,0,Low
13022.0,0.899216,1,High
13023.0,0.540749,1,Medium
13024.0,0.803151,1,High
13025.0,0.857357,1,High
13026.0,0.340141,0,Medium
13027.0,0.092532,0,Low
13029.0,0.482747,0,Medium
13030.0,0.694448,1,Medium
13031.0,0.622717,1,Medium
13032.0,0.546331,1,Medium
13033.0,0.776929,1,High
13034.0,0.738231,1,High
13035.0,0.601238,1,Medium
13036.0,0.893515,1,High
13037.0,0.184397,0,Low
13038.0,0.536906,1,Medium
13039.0,0.784929,1,High
13041.0,0.695015,1,Medium
13042.0,0.779436,1,High
13043.0,0.733662,1,High
13044.0,0.446941,0,Medium
13045.0,0.519863,1,Medium
13046.0,0.645959,1,Medium
13047.0,0.088709,0,Low
13048.0,0.224317,0,Low
13049.0,0.634794,1,Medium
13050.0,0.058383,0,Low
13051.0,0.902833,1,High
13052.0,0.368764,0,Medium
13053.0,0.911732,1,High
13055.0,0.446323,0,Medium
13056.0,0.863441,1,High
13057.0,0.750666,1,High
13058.0,0.606805,1,Medium
13059.0,0.357597,0,Medium
13060.0,0.752871,1,High
13062.0,0.64373,1,Medium
13063.0,0.882111,1,High
13064.0,0.51062,1,Medium
13065.0,0.62041,1,Medium
13067.0,0.766694,1,High
13068.0,0.825016,1,High
13069.0,0.093564,0,Low
13070.0,0.519749,1,Medium
13071.0,0.907246,1,High
13072.0,0.843677,1,High
13073.0,0.770083,1,High
13074.0,0.740832,1,High
13075.0,0.473018,0,Medium
13076.0,0.882297,1,High
13077.0,0.360852,0,Medium
13078.0,0.052774,0,Low
13079.0,0.505052,1,Medium
13080.0,0.645303,1,Medium
13081.0,0.083321,0,Low
13082.0,0.086,0,Low
13083.0,0.852226,1,High
13084.0,0.893635,1,High
13085.0,0.323225,0,Medium
13086.0,0.776214,1,High
13087.0,0.885257,1,High
13088.0,0.812784,1,High
13089.0,0.059779,0,Low
13090.0,0.148093,0,Low
13091.0,0.801553,1,High
13092.0,0.376876,0,Medium
13093.0,0.533279,1,Medium
13094.0,0.229941,0,Low
13096.0,0.825205,1,High
13097.0,0.072621,0,Low
13098.0,0.118982,0,Low
13099.0,0.514533,1,Medium
13101.0,0.570157,1,Medium
13102.0,0.100031,0,Low
13103.0,0.685945,1,Medium
13104.0,0.422185,0,Medium
13105.0,0.871826,1,High
13106.0,0.515283,1,Medium
13107.0,0.214576,0,Low
13108.0,0.637129,1,Medium
13109.0,0.54381,1,Medium
13110.0,0.233999,0,Low
13111.0,0.861907,1,High
13112.0,0.902816,1,High
13113.0,0.0952,0,Low
13114.0,0.888104,1,High
13115.0,0.245353,0,Low
13116.0,0.499094,0,Medium
13117.0,0.18745,0,Low
13118.0,0.331376,0,Medium
13119.0,0.904188,1,High
13120.0,0.884772,1,High
13121.0,0.767071,1,High
13122.0,0.470477,0,Medium
13123.0,0.801863,1,High
13124.0,0.543411,1,Medium
13125.0,0.906257,1,High
13126.0,0.358194,0,Medium
13128.0,0.888922,1,High
13129.0,0.776559,1,High
13130.0,0.658913,1,Medium
13131.0,0.376073,0,Medium
13132.0,0.885663,1,High
13133.0,0.744841,1,High
13134.0,0.381582,0,Medium
13135.0,0.473142,0,Medium
13136.0,0.177132,0,Low
13137.0,0.137342,0,Low
13138.0,0.444526,0,Medium
13139.0,0.3648,0,Medium
13140.0,0.413617,0,Medium
13141.0,0.222086,0,Low
13143.0,0.851921,1,High
13144.0,0.847013,1,High
13145.0,0.464299,0,Medium
13147.0,0.567913,1,Medium
13148.0,0.077887,0,Low
13149.0,0.410386,0,Medium
13150.0,0.81577,1,High
13151.0,0.556463,1,Medium
13152.0,0.617476,1,Medium
13154.0,0.619673,1,Medium
13155.0,0.587947,1,Medium
13156.0,0.621621,1,Medium
13157.0,0.197956,0,Low
13158.0,0.356432,0,Medium
13159.0,0.410716,0,Medium
13161.0,0.730462,1,High
13162.0,0.094432,0,Low
13163.0,0.905365,1,High
13164.0,0.858207,1,High
13165.0,0.601879,1,Medium
13166.0,0.636287,1,Medium
13167.0,0.416025,0,Medium
13168.0,0.412938,0,Medium
13169.0,0.661735,1,Medium
13171.0,0.842357,1,High
13172.0,0.895844,1,High
13173.0,0.399197,0,Medium
13174.0,0.50584,1,Medium
13175.0,0.756993,1,High
13177.0,0.800192,1,High
13178.0,0.084117,0,Low
13179.0,0.789919,1,High
13180.0,0.920263,1,High
13181.0,0.782514,1,High
13183.0,0.132033,0,Low
13184.0,0.249521,0,Low
13185.0,0.88848,1,High
13186.0,0.436509,0,Medium
13187.0,0.714205,1,High
13189.0,0.491645,0,Medium
13190.0,0.765514,1,High
13191.0,0.897807,1,High
13192.0,0.336085,0,Medium
13194.0,0.516343,1,Medium
13195.0,0.863968,1,High
13196.0,0.525231,1,Medium
13197.0,0.858848,1,High
13198.0,0.208888,0,Low
13199.0,0.049724,0,Low
13200.0,0.479447,0,Medium
13201.0,0.762956,1,High
13202.0,0.59516,1,Medium
13203.0,0.307412,0,Medium
13204.0,0.822702,1,High
13205.0,0.791272,1,High
13206.0,0.569528,1,Medium
13207.0,0.520141,1,Medium
13208.0,0.345926,0,Medium
13209.0,0.125297,0,Low
13210.0,0.483904,0,Medium
13211.0,0.241984,0,Low
13213.0,0.213597,0,Low
13214.0,0.649462,1,Medium
13215.0,0.874708,1,High
13216.0,0.771814,1,High
13217.0,0.478198,0,Medium
13218.0,0.63549,1,Medium
13219.0,0.921561,1,High
13220.0,0.505414,1,Medium
13221.0,0.671492,1,Medium
13222.0,0.91474,1,High
13223.0,0.514689,1,Medium
13224.0,0.45889,0,Medium
13225.0,0.088582,0,Low
13226.0,0.725024,1,High
13227.0,0.65805,1,Medium
13229.0,0.833982,1,High
13230.0,0.1077,0,Low
13232.0,0.360385,0,Medium
13233.0,0.577627,1,Medium
13234.0,0.860789,1,High
13235.0,0.605408,1,Medium
13236.0,0.462228,0,Medium
13237.0,0.745235,1,High
13238.0,0.52725,1,Medium
13239.0,0.503024,1,Medium
13240.0,0.350522,0,Medium
13241.0,0.862132,1,High
13242.0,0.498859,0,Medium
13243.0,0.510705,1,Medium
13244.0,0.586958,1,Medium
13245.0,0.755909,1,High
13246.0,0.19445,0,Low
13248.0,0.479926,0,Medium
13249.0,0.33526,0,Medium
13250.0,0.836975,1,High
13251.0,0.774996,1,High
13252.0,0.749972,1,High
13253.0,0.424398,0,Medium
13254.0,0.897503,1,High
13255.0,0.621885,1,Medium
13257.0,0.855792,1,High
13258.0,0.540229,1,Medium
13259.0,0.621074,1,Medium
13261.0,0.711838,1,High
13262.0,0.639297,1,Medium
13263.0,0.111926,0,Low
13264.0,0.71566,1,High
13265.0,0.396787,0,Medium
13266.0,0.08273,0,Low
13267.0,0.075615,0,Low
13268.0,0.305428,0,Medium
13269.0,0.067794,0,Low
13270.0,0.724752,1,High
13273.0,0.532592,1,Medium
13274.0,0.784445,1,High
13275.0,0.755963,1,High
13276.0,0.481747,0,Medium
13277.0,0.581766,1,Medium
13278.0,0.611637,1,Medium
13280.0,0.30151,0,Medium
13281.0,0.789125,1,High
13282.0,0.510582,1,Medium
13283.0,0.60078,1,Medium
13284.0,0.779856,1,High
13285.0,0.3675,0,Medium
13286.0,0.808104,1,High
13287.0,0.756008,1,High
13288.0,0.694092,1,Medium
13289.0,0.865978,1,High
13290.0,0.820501,1,High
13291.0,0.210028,0,Low
13292.0,0.590619,1,Medium
13293.0,0.643075,1,Medium
13294.0,0.508252,1,Medium
13295.0,0.596158,1,Medium
13296.0,0.461976,0,Medium
13297.0,0.581538,1,Medium
13299.0,0.626919,1,Medium
13300.0,0.556887,1,Medium
13301.0,0.468875,0,Medium
13302.0,0.698994,1,Medium
13303.0,0.89954,1,High
13304.0,0.596765,1,Medium
13305.0,0.160012,0,Low
13306.0,0.896812,1,High
13307.0,0.544273,1,Medium
13308.0,0.501426,1,Medium
13309.0,0.434412,0,Medium
13310.0,0.450293,0,Medium
13311.0,0.507759,1,Medium
13312.0,0.853642,1,High
13313.0,0.196366,0,Low
13315.0,0.861385,1,High
13316.0,0.171988,0,Low
13317.0,0.177177,0,Low
13319.0,0.048443,0,Low
13320.0,0.375685,0,Medium
13324.0,0.162693,0,Low
13326.0,0.783583,1,High
13327.0,0.078888,0,Low
13328.0,0.689687,1,Medium
13329.0,0.474736,0,Medium
13330.0,0.332533,0,Medium
13331.0,0.811473,1,High
13333.0,0.652525,1,Medium
13334.0,0.404641,0,Medium
13337.0,0.829409,1,High
13338.0,0.426132,0,Medium
13339.0,0.596669,1,Medium
13340.0,0.115826,0,Low
13341.0,0.711915,1,High
13343.0,0.633371,1,Medium
13344.0,0.70905,1,High
13345.0,0.768959,1,High
13346.0,0.835825,1,High
13355.0,0.461653,0,Medium
13357.0,0.497959,0,Medium
13358.0,0.769388,1,High
13359.0,0.730809,1,High
13360.0,0.653332,1,Medium
13361.0,0.798045,1,High
13362.0,0.50468,1,Medium
13363.0,0.69316,1,Medium
13365.0,0.63312,1,Medium
13367.0,0.762256,1,High
13368.0,0.604237,1,Medium
13369.0,0.726623,1,High
13370.0,0.697914,1,Medium
13371.0,0.791422,1,High
13373.0,0.303885,0,Medium
13374.0,0.773225,1,High
13375.0,0.707271,1,High
13376.0,0.457963,0,Medium
13377.0,0.634808,1,Medium
13379.0,0.536315,1,Medium
13380.0,0.898999,1,High
13381.0,0.115264,0,Low
13382.0,0.511503,1,Medium
13383.0,0.846398,1,High
13384.0,0.266815,0,Low
13385.0,0.745588,1,High
13386.0,0.677698,1,Medium
13387.0,0.825509,1,High
13388.0,0.51824,1,Medium
13389.0,0.745949,1,High
13391.0,0.718368,1,High
13392.0,0.923501,1,High
13393.0,0.757783,1,High
13394.0,0.086648,0,Low
13395.0,0.437484,0,Medium
13396.0,0.776754,1,High
13397.0,0.239221,0,Low
13398.0,0.564674,1,Medium
13399.0,0.858049,1,High
13400.0,0.849906,1,High
13402.0,0.474339,0,Medium
13403.0,0.803429,1,High
13404.0,0.675276,1,Medium
13405.0,0.421049,0,Medium
13406.0,0.722516,1,High
13407.0,0.791706,1,High
13408.0,0.052404,0,Low
13410.0,0.373877,0,Medium
13411.0,0.547514,1,Medium
13412.0,0.824679,1,High
13413.0,0.816694,1,High
13414.0,0.322404,0,Medium
13415.0,0.751086,1,High
13416.0,0.883002,1,High
13417.0,0.497063,0,Medium
13418.0,0.054384,0,Low
13420.0,0.654545,1,Medium
13421.0,0.399108,0,Medium
13423.0,0.783831,1,High
13424.0,0.72861,1,High
13425.0,0.381047,0,Medium
13426.0,0.120881,0,Low
13427.0,0.421863,0,Medium
13428.0,0.837965,1,High
13431.0,0.572237,1,Medium
13432.0,0.850271,1,High
13433.0,0.778889,1,High
13434.0,0.488528,0,Medium
13435.0,0.378802,0,Medium
13437.0,0.372487,0,Medium
13438.0,0.920736,1,High
13439.0,0.55961,1,Medium
13440.0,0.717096,1,High
13441.0,0.508646,1,Medium
13442.0,0.862548,1,High
13443.0,0.658516,1,Medium
13444.0,0.659758,1,Medium
13445.0,0.866276,1,High
13446.0,0.679564,1,Medium
13448.0,0.303457,0,Medium
13450.0,0.148141,0,Low
13451.0,0.141849,0,Low
13452.0,0.650486,1,Medium
13453.0,0.512061,1,Medium
13454.0,0.867679,1,High
13455.0,0.506104,1,Medium
13456.0,0.489342,0,Medium
13457.0,0.899148,1,High
13458.0,0.123177,0,Low
13459.0,0.803811,1,High
13461.0,0.355992,0,Medium
13462.0,0.529165,1,Medium
13464.0,0.528369,1,Medium
13465.0,0.699503,1,Medium
13466.0,0.469653,0,Medium
13468.0,0.050405,0,Low
13469.0,0.927922,1,High
13470.0,0.586931,1,Medium
13472.0,0.771314,1,High
13473.0,0.425649,0,Medium
13474.0,0.596383,1,Medium
13475.0,0.383991,0,Medium
13476.0,0.444391,0,Medium
13477.0,0.247432,0,Low
13478.0,0.710877,1,High
13479.0,0.445985,0,Medium
13480.0,0.657825,1,Medium
13481.0,0.175455,0,Low
13482.0,0.719203,1,High
13484.0,0.646536,1,Medium
13485.0,0.35512,0,Medium
13486.0,0.456786,0,Medium
13487.0,0.531665,1,Medium
13488.0,0.083863,0,Low
13489.0,0.498875,0,Medium
13490.0,0.901205,1,High
13491.0,0.125067,0,Low
13492.0,0.465922,0,Medium
13493.0,0.629778,1,Medium
13494.0,0.777759,1,High
13495.0,0.366546,0,Medium
13496.0,0.740267,1,High
13497.0,0.558303,1,Medium
13498.0,0.839896,1,High
13499.0,0.659524,1,Medium
13500.0,0.494153,0,Medium
13501.0,0.566912,1,Medium
13502.0,0.581669,1,Medium
13503.0,0.699125,1,Medium
13505.0,0.380155,0,Medium
13506.0,0.566499,1,Medium
13507.0,0.364881,0,Medium
13508.0,0.720818,1,High
13509.0,0.408845,0,Medium
13510.0,0.18443,0,Low
13511.0,0.888017,1,High
13512.0,0.570772,1,Medium
13513.0,0.518672,1,Medium
13514.0,0.715101,1,High
13515.0,0.44181,0,Medium
13516.0,0.673403,1,Medium
13517.0,0.384178,0,Medium
13519.0,0.779596,1,High
13520.0,0.145448,0,Low
13523.0,0.377067,0,Medium
13524.0,0.463978,0,Medium
13525.0,0.751251,1,High
13526.0,0.802102,1,High
13527.0,0.196443,0,Low
13529.0,0.745413,1,High
13530.0,0.853844,1,High
13531.0,0.473158,0,Medium
13533.0,0.617375,1,Medium
13534.0,0.106256,0,Low
13535.0,0.887062,1,High
13537.0,0.711545,1,High
13538.0,0.2372,0,Low
13539.0,0.517467,1,Medium
13540.0,0.783735,1,High
13541.0,0.739711,1,High
13542.0,0.489847,0,Medium
13543.0,0.800752,1,High
13544.0,0.624969,1,Medium
13545.0,0.755798,1,High
13546.0,0.526317,1,Medium
13547.0,0.862729,1,High
13548.0,0.517314,1,Medium
13549.0,0.410483,0,Medium
13550.0,0.744274,1,High
13551.0,0.768012,1,High
13552.0,0.138236,0,Low
13553.0,0.823802,1,High
13554.0,0.622628,1,Medium
13555.0,0.183993,0,Low
13556.0,0.814511,1,High
13557.0,0.372745,0,Medium
13559.0,0.789915,1,High
13561.0,0.405775,0,Medium
13562.0,0.267221,0,Low
13563.0,0.499329,0,Medium
13564.0,0.075698,0,Low
13565.0,0.764115,1,High
13566.0,0.651006,1,Medium
13567.0,0.673773,1,Medium
13568.0,0.717618,1,High
13569.0,0.676108,1,Medium
13570.0,0.752071,1,High
13571.0,0.115451,0,Low
13572.0,0.586629,1,Medium
13573.0,0.602057,1,Medium
13574.0,0.76808,1,High
13575.0,0.454508,0,Medium
13576.0,0.067503,0,Low
13577.0,0.192952,0,Low
13578.0,0.833544,1,High
13579.0,0.609949,1,Medium
13580.0,0.872136,1,High
13581.0,0.760661,1,High
13582.0,0.756347,1,High
13583.0,0.519314,1,Medium
13584.0,0.702036,1,High
13585.0,0.738052,1,High
13586.0,0.902579,1,High
13587.0,0.678148,1,Medium
13588.0,0.358865,0,Medium
13589.0,0.496718,0,Medium
13590.0,0.092725,0,Low
13591.0,0.424725,0,Medium
13592.0,0.647028,1,Medium
13593.0,0.186096,0,Low
13594.0,0.885606,1,High
13595.0,0.75718,1,High
13597.0,0.761625,1,High
13598.0,0.724748,1,High
13599.0,0.085988,0,Low
13600.0,0.648873,1,Medium
13601.0,0.463158,0,Medium
13602.0,0.672011,1,Medium
13604.0,0.811003,1,High
13605.0,0.643473,1,Medium
13606.0,0.730769,1,High
13607.0,0.782668,1,High
13608.0,0.859668,1,High
13609.0,0.90927,1,High
13610.0,0.299683,0,Low
13611.0,0.225932,0,Low
13612.0,0.80642,1,High
13613.0,0.720452,1,High
13614.0,0.497917,0,Medium
13615.0,0.503806,1,Medium
13616.0,0.840674,1,High
13617.0,0.399823,0,Medium
13618.0,0.679526,1,Medium
13619.0,0.855776,1,High
13620.0,0.903471,1,High
13621.0,0.488745,0,Medium
13622.0,0.782401,1,High
13623.0,0.299965,0,Low
13624.0,0.662213,1,Medium
13625.0,0.858302,1,High
13626.0,0.601488,1,Medium
13627.0,0.42517,0,Medium
13628.0,0.86581,1,High
13629.0,0.073147,0,Low
13630.0,0.326616,0,Medium
13631.0,0.333557,0,Medium
13632.0,0.353309,0,Medium
13634.0,0.144973,0,Low
13635.0,0.611849,1,Medium
13636.0,0.453373,0,Medium
13637.0,0.518594,1,Medium
13639.0,0.785215,1,High
13640.0,0.857132,1,High
13641.0,0.762089,1,High
13642.0,0.626609,1,Medium
13643.0,0.313906,0,Medium
13644.0,0.40544,0,Medium
13645.0,0.473164,0,Medium
13646.0,0.796278,1,High
13647.0,0.350105,0,Medium
13648.0,0.539286,1,Medium
13649.0,0.469729,0,Medium
13650.0,0.360959,0,Medium
13651.0,0.856407,1,High
13652.0,0.507438,1,Medium
13653.0,0.896155,1,High
13654.0,0.15662,0,Low
13655.0,0.348062,0,Medium
13656.0,0.500283,1,Medium
13657.0,0.690768,1,Medium
13658.0,0.388062,0,Medium
13659.0,0.281601,0,Low
13660.0,0.777935,1,High
13661.0,0.865464,1,High
13662.0,0.363318,0,Medium
13663.0,0.424889,0,Medium
13665.0,0.6111,1,Medium
13666.0,0.633379,1,Medium
13667.0,0.512327,1,Medium
13668.0,0.060445,0,Low
13669.0,0.516534,1,Medium
13671.0,0.791092,1,High
13672.0,0.703831,1,High
13674.0,0.785278,1,High
13675.0,0.503119,1,Medium
13676.0,0.861681,1,High
13677.0,0.719891,1,High
13678.0,0.48312,0,Medium
13679.0,0.829228,1,High
13680.0,0.454408,0,Medium
13681.0,0.59059,1,Medium
13682.0,0.747209,1,High
13683.0,0.815324,1,High
13684.0,0.637663,1,Medium
13686.0,0.575184,1,Medium
13687.0,0.720828,1,High
13688.0,0.870643,1,High
13689.0,0.785518,1,High
13691.0,0.771238,1,High
13692.0,0.402703,0,Medium
13693.0,0.424814,0,Medium
13694.0,0.058265,0,Low
13695.0,0.265245,0,Low
13696.0,0.677667,1,Medium
13698.0,0.822209,1,High
13699.0,0.568975,1,Medium
13700.0,0.276191,0,Low
13701.0,0.86368,1,High
13702.0,0.860636,1,High
13703.0,0.766045,1,High
13705.0,0.404752,0,Medium
13706.0,0.680482,1,Medium
13707.0,0.514368,1,Medium
13708.0,0.761864,1,High
13709.0,0.178135,0,Low
13710.0,0.753194,1,High
13711.0,0.389964,0,Medium
13712.0,0.567257,1,Medium
13713.0,0.679106,1,Medium
13714.0,0.89823,1,High
13715.0,0.484992,0,Medium
13716.0,0.816613,1,High
13717.0,0.329875,0,Medium
13718.0,0.728864,1,High
13719.0,0.285722,0,Low
13720.0,0.429811,0,Medium
13721.0,0.773216,1,High
13722.0,0.170572,0,Low
13723.0,0.510933,1,Medium
13724.0,0.87098,1,High
13725.0,0.309431,0,Medium
13726.0,0.447741,0,Medium
13727.0,0.752076,1,High
13728.0,0.160947,0,Low
13729.0,0.665602,1,Medium
13730.0,0.455313,0,Medium
13731.0,0.645916,1,Medium
13733.0,0.695016,1,Medium
13734.0,0.83173,1,High
13735.0,0.142191,0,Low
13736.0,0.388571,0,Medium
13737.0,0.655657,1,Medium
13738.0,0.771751,1,High
13739.0,0.910768,1,High
13740.0,0.483962,0,Medium
13741.0,0.57027,1,Medium
13742.0,0.239621,0,Low
13743.0,0.35159,0,Medium
13744.0,0.421719,0,Medium
13745.0,0.492112,0,Medium
13746.0,0.86359,1,High
13747.0,0.787568,1,High
13748.0,0.283111,0,Low
13750.0,0.215978,0,Low
13751.0,0.767056,1,High
13752.0,0.347015,0,Medium
13753.0,0.546381,1,Medium
13754.0,0.520652,1,Medium
13756.0,0.071248,0,Low
13757.0,0.894946,1,High
13758.0,0.151726,0,Low
13760.0,0.595862,1,Medium
13761.0,0.43164,0,Medium
13762.0,0.453023,0,Medium
13763.0,0.668806,1,Medium
13764.0,0.377366,0,Medium
13765.0,0.858192,1,High
13766.0,0.884596,1,High
13767.0,0.054037,0,Low
13768.0,0.785117,1,High
13769.0,0.117396,0,Low
13770.0,0.641177,1,Medium
13771.0,0.273479,0,Low
13772.0,0.288248,0,Low
13773.0,0.751348,1,High
13775.0,0.828701,1,High
13776.0,0.787559,1,High
13777.0,0.074861,0,Low
13778.0,0.517795,1,Medium
13779.0,0.905198,1,High
13780.0,0.531308,1,Medium
13781.0,0.630302,1,Medium
13782.0,0.324262,0,Medium
13783.0,0.750755,1,High
13784.0,0.189826,0,Low
13785.0,0.757721,1,High
13786.0,0.496641,0,Medium
13787.0,0.556724,1,Medium
13788.0,0.887818,1,High
13789.0,0.775288,1,High
13791.0,0.390062,0,Medium
13792.0,0.717774,1,High
13793.0,0.919114,1,High
13794.0,0.912341,1,High
13795.0,0.590709,1,Medium
13796.0,0.84153,1,High
13797.0,0.690792,1,Medium
13798.0,0.052428,0,Low
13799.0,0.230429,0,Low
13800.0,0.623949,1,Medium
13802.0,0.111834,0,Low
13803.0,0.582098,1,Medium
13804.0,0.316292,0,Medium
13805.0,0.427532,0,Medium
13807.0,0.684459,1,Medium
13808.0,0.480859,0,Medium
13809.0,0.667571,1,Medium
13811.0,0.571365,1,Medium
13812.0,0.467107,0,Medium
13813.0,0.421812,0,Medium
13814.0,0.477408,0,Medium
13815.0,0.246715,0,Low
13817.0,0.854942,1,High
13818.0,0.897282,1,High
13819.0,0.466292,0,Medium
13820.0,0.690775,1,Medium
13821.0,0.431664,0,Medium
13823.0,0.316747,0,Medium
13824.0,0.229851,0,Low
13825.0,0.854971,1,High
13826.0,0.730799,1,High
13827.0,0.464319,0,Medium
13829.0,0.874654,1,High
13830.0,0.911871,1,High
13831.0,0.125347,0,Low
13832.0,0.708635,1,High
13833.0,0.540405,1,Medium
13834.0,0.853185,1,High
13835.0,0.479817,0,Medium
13836.0,0.714093,1,High
13837.0,0.629952,1,Medium
13838.0,0.329831,0,Medium
13839.0,0.886654,1,High
13840.0,0.692425,1,Medium
13841.0,0.834108,1,High
13842.0,0.166587,0,Low
13843.0,0.775634,1,High
13846.0,0.558838,1,Medium
13847.0,0.869671,1,High
13848.0,0.252685,0,Low
13849.0,0.412027,0,Medium
13850.0,0.505106,1,Medium
13851.0,0.252997,0,Low
13852.0,0.914167,1,High
13854.0,0.064568,0,Low
13855.0,0.761048,1,High
13856.0,0.458432,0,Medium
13857.0,0.615355,1,Medium
13859.0,0.714511,1,High
13861.0,0.781091,1,High
13862.0,0.275169,0,Low
13863.0,0.598959,1,Medium
13864.0,0.734208,1,High
13865.0,0.464293,0,Medium
13867.0,0.81133,1,High
13869.0,0.129385,0,Low
13870.0,0.126177,0,Low
13871.0,0.121456,0,Low
13872.0,0.767266,1,High
13873.0,0.394622,0,Medium
13874.0,0.50292,1,Medium
13875.0,0.119208,0,Low
13877.0,0.75491,1,High
13878.0,0.771665,1,High
13879.0,0.85805,1,High
13880.0,0.197524,0,Low
13881.0,0.074942,0,Low
13883.0,0.282052,0,Low
13884.0,0.570179,1,Medium
13885.0,0.582812,1,Medium
13887.0,0.651068,1,Medium
13888.0,0.347846,0,Medium
13889.0,0.429528,0,Medium
13890.0,0.383975,0,Medium
13891.0,0.62964,1,Medium
13892.0,0.522888,1,Medium
13893.0,0.741766,1,High
13894.0,0.824909,1,High
13895.0,0.409725,0,Medium
13896.0,0.860258,1,High
13897.0,0.665069,1,Medium
13898.0,0.634961,1,Medium
13899.0,0.764293,1,High
13900.0,0.392188,0,Medium
13901.0,0.095471,0,Low
13902.0,0.7923,1,High
13903.0,0.832353,1,High
13904.0,0.763605,1,High
13905.0,0.863504,1,High
13906.0,0.864868,1,High
13907.0,0.907516,1,High
13908.0,0.386611,0,Medium
13909.0,0.767566,1,High
13911.0,0.112351,0,Low
13912.0,0.861153,1,High
13913.0,0.911931,1,High
13915.0,0.899218,1,High
13916.0,0.743774,1,High
13917.0,0.767948,1,High
13918.0,0.727388,1,High
13919.0,0.486714,0,Medium
13920.0,0.660012,1,Medium
13921.0,0.660206,1,Medium
13922.0,0.627499,1,Medium
13925.0,0.451697,0,Medium
13927.0,0.790269,1,High
13928.0,0.453907,0,Medium
13929.0,0.2158,0,Low
13930.0,0.493652,0,Medium
13931.0,0.153275,0,Low
13932.0,0.805724,1,High
13933.0,0.47582,0,Medium
13934.0,0.70573,1,High
13935.0,0.825107,1,High
13936.0,0.452838,0,Medium
13937.0,0.527477,1,Medium
13939.0,0.375878,0,Medium
13940.0,0.460554,0,Medium
13941.0,0.118164,0,Low
13942.0,0.813692,1,High
13943.0,0.866485,1,High
13944.0,0.865626,1,High
13945.0,0.649878,1,Medium
13946.0,0.410569,0,Medium
13948.0,0.680684,1,Medium
13949.0,0.432923,0,Medium
13950.0,0.839154,1,High
13951.0,0.475985,0,Medium
13952.0,0.311714,0,Medium
13953.0,0.130025,0,Low
13955.0,0.496813,0,Medium
13956.0,0.448362,0,Medium
13957.0,0.729024,1,High
13958.0,0.525425,1,Medium
13959.0,0.58821,1,Medium
13961.0,0.745457,1,High
13962.0,0.704911,1,High
13963.0,0.532439,1,Medium
13964.0,0.762243,1,High
13965.0,0.75448,1,High
13966.0,0.718562,1,High
13967.0,0.674256,1,Medium
13968.0,0.8412,1,High
13969.0,0.088709,0,Low
13970.0,0.64915,1,Medium
13971.0,0.145027,0,Low
13972.0,0.726192,1,High
13973.0,0.763289,1,High
13974.0,0.857855,1,High
13975.0,0.146936,0,Low
13976.0,0.530515,1,Medium
13977.0,0.746587,1,High
13979.0,0.483467,0,Medium
13980.0,0.677474,1,Medium
13981.0,0.785248,1,High
13982.0,0.228986,0,Low
13983.0,0.138112,0,Low
13984.0,0.272864,0,Low
13985.0,0.113621,0,Low
13987.0,0.641534,1,Medium
13988.0,0.369305,0,Medium
13989.0,0.504509,1,Medium
13990.0,0.668374,1,Medium
13991.0,0.582175,1,Medium
13992.0,0.848923,1,High
13993.0,0.133916,0,Low
13994.0,0.448312,0,Medium
13995.0,0.161175,0,Low
13996.0,0.674246,1,Medium
13997.0,0.854395,1,High
13998.0,0.717937,1,High
13999.0,0.060747,0,Low
14000.0,0.414071,0,Medium
14001.0,0.409555,0,Medium
14002.0,0.422764,0,Medium
14003.0,0.863713,1,High
14004.0,0.20094,0,Low
14005.0,0.398105,0,Medium
14006.0,0.347288,0,Medium
14007.0,0.909765,1,High
14008.0,0.745727,1,High
14009.0,0.44724,0,Medium
14010.0,0.839847,1,High
14011.0,0.771331,1,High
14012.0,0.773892,1,High
14013.0,0.443756,0,Medium
14014.0,0.619749,1,Medium
14016.0,0.130196,0,Low
14017.0,0.88722,1,High
14018.0,0.863886,1,High
14019.0,0.445462,0,Medium
14020.0,0.776862,1,High
14021.0,0.369457,0,Medium
14022.0,0.554757,1,Medium
14023.0,0.753115,1,High
14024.0,0.476246,0,Medium
14025.0,0.764254,1,High
14026.0,0.740615,1,High
14028.0,0.823736,1,High
14029.0,0.638065,1,Medium
14030.0,0.089935,0,Low
14031.0,0.076019,0,Low
14032.0,0.144226,0,Low
14033.0,0.86397,1,High
14034.0,0.521012,1,Medium
14035.0,0.318553,0,Medium
14036.0,0.72035,1,High
14037.0,0.481031,0,Medium
14038.0,0.401769,0,Medium
14039.0,0.898207,1,High
14040.0,0.052748,0,Low
14041.0,0.814614,1,High
14042.0,0.858004,1,High
14043.0,0.81844,1,High
14044.0,0.227721,0,Low
14045.0,0.079307,0,Low
14046.0,0.768469,1,High
14047.0,0.221375,0,Low
14048.0,0.612337,1,Medium
14049.0,0.131362,0,Low
14050.0,0.445841,0,Medium
14051.0,0.057234,0,Low
14052.0,0.775483,1,High
14053.0,0.49647,0,Medium
14055.0,0.515993,1,Medium
14056.0,0.145748,0,Low
14057.0,0.068475,0,Low
14058.0,0.810656,1,High
14059.0,0.816829,1,High
14060.0,0.083614,0,Low
14061.0,0.80081,1,High
14062.0,0.058672,0,Low
14063.0,0.621896,1,Medium
14064.0,0.125385,0,Low
14065.0,0.641564,1,Medium
14066.0,0.838278,1,High
14067.0,0.470846,0,Medium
14068.0,0.630812,1,Medium
14069.0,0.869263,1,High
14070.0,0.8886,1,High
14071.0,0.726312,1,High
14072.0,0.891282,1,High
14074.0,0.863226,1,High
14075.0,0.546432,1,Medium
14076.0,0.577458,1,Medium
14077.0,0.587955,1,Medium
14078.0,0.359711,0,Medium
14079.0,0.578984,1,Medium
14080.0,0.694979,1,Medium
14081.0,0.468644,0,Medium
14082.0,0.762198,1,High
14083.0,0.365952,0,Medium
14084.0,0.865491,1,High
14085.0,0.078425,0,Low
14086.0,0.895546,1,High
14087.0,0.63253,1,Medium
14088.0,0.155083,0,Low
14090.0,0.889937,1,High
14091.0,0.821746,1,High
14092.0,0.088803,0,Low
14094.0,0.7905,1,High
14095.0,0.877334,1,High
14096.0,0.463033,0,Medium
14097.0,0.781798,1,High
14099.0,0.090924,0,Low
14100.0,0.613362,1,Medium
14101.0,0.130301,0,Low
14104.0,0.48592,0,Medium
14105.0,0.429152,0,Medium
14106.0,0.883884,1,High
14107.0,0.132764,0,Low
14108.0,0.501042,1,Medium
14110.0,0.071111,0,Low
14111.0,0.47577,0,Medium
14112.0,0.159916,0,Low
14113.0,0.456573,0,Medium
14114.0,0.503961,1,Medium
14115.0,0.741339,1,High
14116.0,0.448625,0,Medium
14117.0,0.672851,1,Medium
14118.0,0.783761,1,High
14119.0,0.807609,1,High
14122.0,0.74108,1,High
14123.0,0.851468,1,High
14126.0,0.716326,1,High
14127.0,0.348004,0,Medium
14128.0,0.610565,1,Medium
14129.0,0.332063,0,Medium
14130.0,0.571662,1,Medium
14131.0,0.895917,1,High
14132.0,0.321775,0,Medium
14133.0,0.478171,0,Medium
14134.0,0.549195,1,Medium
14135.0,0.069666,0,Low
14136.0,0.582695,1,Medium
14137.0,0.848401,1,High
14139.0,0.746223,1,High
14141.0,0.467572,0,Medium
14142.0,0.635471,1,Medium
14143.0,0.606597,1,Medium
14144.0,0.896076,1,High
14145.0,0.306745,0,Medium
14146.0,0.348917,0,Medium
14147.0,0.408021,0,Medium
14148.0,0.658854,1,Medium
14149.0,0.712579,1,High
14150.0,0.775919,1,High
14151.0,0.750832,1,High
14152.0,0.411715,0,Medium
14153.0,0.839122,1,High
14154.0,0.376823,0,Medium
14155.0,0.842997,1,High
14156.0,0.06023,0,Low
14157.0,0.591367,1,Medium
14159.0,0.075352,0,Low
14160.0,0.752595,1,High
14161.0,0.377995,0,Medium
14162.0,0.572494,1,Medium
14163.0,0.424017,0,Medium
14165.0,0.837276,1,High
14166.0,0.854143,1,High
14167.0,0.411648,0,Medium
14168.0,0.762288,1,High
14169.0,0.745167,1,High
14170.0,0.687184,1,Medium
14171.0,0.562355,1,Medium
14172.0,0.867298,1,High
14173.0,0.637819,1,Medium
14175.0,0.268142,0,Low
14176.0,0.644547,1,Medium
14177.0,0.29174,0,Low
14178.0,0.43895,0,Medium
14180.0,0.189126,0,Low
14181.0,0.760585,1,High
14182.0,0.711555,1,High
14183.0,0.79071,1,High
14185.0,0.82037,1,High
14186.0,0.650421,1,Medium
14187.0,0.898777,1,High
14188.0,0.368888,0,Medium
14189.0,0.14499,0,Low
14190.0,0.92202,1,High
14191.0,0.234081,0,Low
14192.0,0.774104,1,High
14193.0,0.603913,1,Medium
14194.0,0.063943,0,Low
14195.0,0.348718,0,Medium
14196.0,0.476391,0,Medium
14197.0,0.779748,1,High
14198.0,0.367582,0,Medium
14199.0,0.611579,1,Medium
14200.0,0.865293,1,High
14201.0,0.42912,0,Medium
14202.0,0.682376,1,Medium
14203.0,0.817091,1,High
14204.0,0.655265,1,Medium
14205.0,0.389897,0,Medium
14206.0,0.556141,1,Medium
14207.0,0.911288,1,High
14208.0,0.551598,1,Medium
14209.0,0.147627,0,Low
14210.0,0.122216,0,Low
14211.0,0.134233,0,Low
14212.0,0.711362,1,High
14213.0,0.762035,1,High
14214.0,0.416125,0,Medium
14215.0,0.273804,0,Low
14216.0,0.778538,1,High
14217.0,0.210941,0,Low
14219.0,0.722508,1,High
14220.0,0.590188,1,Medium
14221.0,0.107833,0,Low
14222.0,0.548537,1,Medium
14223.0,0.462696,0,Medium
14224.0,0.317721,0,Medium
14225.0,0.644352,1,Medium
14226.0,0.395947,0,Medium
14227.0,0.176537,0,Low
14228.0,0.723336,1,High
14229.0,0.50243,1,Medium
14230.0,0.734228,1,High
14231.0,0.491673,0,Medium
14232.0,0.36678,0,Medium
14233.0,0.378576,0,Medium
14235.0,0.221301,0,Low
14236.0,0.621259,1,Medium
14237.0,0.696323,1,Medium
14238.0,0.722534,1,High
14239.0,0.129061,0,Low
14240.0,0.619339,1,Medium
14241.0,0.612946,1,Medium
14242.0,0.717118,1,High
14243.0,0.114879,0,Low
14244.0,0.830575,1,High
14245.0,0.543803,1,Medium
14246.0,0.389308,0,Medium
14247.0,0.587553,1,Medium
14248.0,0.60897,1,Medium
14249.0,0.638001,1,Medium
14252.0,0.78244,1,High
14253.0,0.83753,1,High
14254.0,0.750284,1,High
14255.0,0.872375,1,High
14256.0,0.474733,0,Medium
14257.0,0.210394,0,Low
14258.0,0.083381,0,Low
14259.0,0.602756,1,Medium
14260.0,0.762866,1,High
14262.0,0.450737,0,Medium
14263.0,0.779537,1,High
14264.0,0.457609,0,Medium
14265.0,0.478972,0,Medium
14266.0,0.898377,1,High
14267.0,0.488641,0,Medium
14268.0,0.839879,1,High
14269.0,0.783422,1,High
14270.0,0.748481,1,High
14271.0,0.698363,1,Medium
14272.0,0.584131,1,Medium
14273.0,0.461101,0,Medium
14274.0,0.86607,1,High
14275.0,0.64183,1,Medium
14276.0,0.360497,0,Medium
14277.0,0.302982,0,Medium
14278.0,0.77532,1,High
14279.0,0.865898,1,High
14280.0,0.734967,1,High
14281.0,0.816557,1,High
14282.0,0.080648,0,Low
14283.0,0.728515,1,High
14284.0,0.75958,1,High
14285.0,0.462478,0,Medium
14286.0,0.415566,0,Medium
14287.0,0.655221,1,Medium
14288.0,0.662472,1,Medium
14289.0,0.451357,0,Medium
14290.0,0.55816,1,Medium
14291.0,0.079562,0,Low
14292.0,0.176572,0,Low
14293.0,0.247812,0,Low
14294.0,0.784445,1,High
14295.0,0.604807,1,Medium
14296.0,0.722524,1,High
14297.0,0.794264,1,High
14298.0,0.055889,0,Low
14299.0,0.060677,0,Low
14301.0,0.480429,0,Medium
14302.0,0.698526,1,Medium
14303.0,0.77183,1,High
14304.0,0.548068,1,Medium
14305.0,0.449979,0,Medium
14306.0,0.594805,1,Medium
14307.0,0.206058,0,Low
14308.0,0.849204,1,High
14309.0,0.244981,0,Low
14310.0,0.763979,1,High
14311.0,0.67152,1,Medium
14312.0,0.238974,0,Low
14314.0,0.529196,1,Medium
14315.0,0.328163,0,Medium
14316.0,0.624366,1,Medium
14318.0,0.866417,1,High
14319.0,0.738144,1,High
14320.0,0.44509,0,Medium
14321.0,0.354057,0,Medium
14322.0,0.752288,1,High
14323.0,0.478408,0,Medium
14324.0,0.638408,1,Medium
14325.0,0.845078,1,High
14326.0,0.615472,1,Medium
14327.0,0.40813,0,Medium
14328.0,0.821928,1,High
14329.0,0.105828,0,Low
14330.0,0.862341,1,High
14331.0,0.468798,0,Medium
14332.0,0.484467,0,Medium
14334.0,0.162819,0,Low
14335.0,0.479762,0,Medium
14336.0,0.426187,0,Medium
14338.0,0.503107,1,Medium
14339.0,0.603639,1,Medium
14340.0,0.820432,1,High
14341.0,0.145358,0,Low
14342.0,0.466291,0,Medium
14343.0,0.664931,1,Medium
14344.0,0.17582,0,Low
14346.0,0.36058,0,Medium
14347.0,0.922511,1,High
14348.0,0.761952,1,High
14350.0,0.614676,1,Medium
14351.0,0.765587,1,High
14352.0,0.471042,0,Medium
14353.0,0.626189,1,Medium
14355.0,0.607687,1,Medium
14358.0,0.724393,1,High
14360.0,0.418106,0,Medium
14361.0,0.865406,1,High
14363.0,0.781186,1,High
14364.0,0.240325,0,Low
14365.0,0.625364,1,Medium
14366.0,0.896147,1,High
14367.0,0.20287,0,Low
14368.0,0.850638,1,High
14369.0,0.828074,1,High
14370.0,0.740332,1,High
14371.0,0.867748,1,High
14372.0,0.689267,1,Medium
14373.0,0.898696,1,High
14374.0,0.898552,1,High
14375.0,0.485049,0,Medium
14376.0,0.895544,1,High
14377.0,0.566673,1,Medium
14378.0,0.910128,1,High
14379.0,0.618736,1,Medium
14380.0,0.923326,1,High
14381.0,0.768281,1,High
14382.0,0.685141,1,Medium
14383.0,0.567249,1,Medium
14384.0,0.911353,1,High
14386.0,0.84141,1,High
14387.0,0.463789,0,Medium
14388.0,0.094522,0,Low
14389.0,0.459422,0,Medium
14390.0,0.232243,0,Low
14391.0,0.899689,1,High
14392.0,0.784056,1,High
14393.0,0.86514,1,High
14394.0,0.917639,1,High
14395.0,0.137854,0,Low
14396.0,0.478518,0,Medium
14397.0,0.36416,0,Medium
14398.0,0.702236,1,High
14399.0,0.520819,1,Medium
14400.0,0.495055,0,Medium
14401.0,0.073093,0,Low
14402.0,0.85814,1,High
14403.0,0.415762,0,Medium
14404.0,0.164402,0,Low
14405.0,0.787793,1,High
14406.0,0.595999,1,Medium
14407.0,0.306546,0,Medium
14408.0,0.16432,0,Low
14409.0,0.2393,0,Low
14410.0,0.231045,0,Low
14411.0,0.757744,1,High
14412.0,0.672763,1,Medium
14413.0,0.655891,1,Medium
14414.0,0.266607,0,Low
14415.0,0.07096,0,Low
14417.0,0.689095,1,Medium
14418.0,0.528692,1,Medium
14419.0,0.626564,1,Medium
14420.0,0.48282,0,Medium
14421.0,0.403645,0,Medium
14422.0,0.107112,0,Low
14423.0,0.587738,1,Medium
14425.0,0.675251,1,Medium
14426.0,0.123155,0,Low
14427.0,0.775399,1,High
14428.0,0.71968,1,High
14429.0,0.747148,1,High
14430.0,0.783483,1,High
14431.0,0.554011,1,Medium
14433.0,0.834447,1,High
14435.0,0.893477,1,High
14436.0,0.555964,1,Medium
14437.0,0.631097,1,Medium
14438.0,0.851258,1,High
14439.0,0.554494,1,Medium
14440.0,0.464267,0,Medium
14441.0,0.243948,0,Low
14442.0,0.331367,0,Medium
14443.0,0.380653,0,Medium
14444.0,0.859461,1,High
14445.0,0.840143,1,High
14446.0,0.608167,1,Medium
14447.0,0.449168,0,Medium
14448.0,0.860765,1,High
14449.0,0.442309,0,Medium
14450.0,0.440105,0,Medium
14451.0,0.241823,0,Low
14452.0,0.536328,1,Medium
14453.0,0.734389,1,High
14454.0,0.63333,1,Medium
14455.0,0.648724,1,Medium
14456.0,0.435243,0,Medium
14457.0,0.848538,1,High
14458.0,0.759918,1,High
14459.0,0.515101,1,Medium
14460.0,0.382111,0,Medium
14461.0,0.131838,0,Low
14462.0,0.26583,0,Low
14463.0,0.512532,1,Medium
14464.0,0.903046,1,High
14465.0,0.387885,0,Medium
14466.0,0.166826,0,Low
14467.0,0.423941,0,Medium
14468.0,0.860879,1,High
14469.0,0.624633,1,Medium
14470.0,0.680827,1,Medium
14471.0,0.838342,1,High
14472.0,0.289026,0,Low
14473.0,0.862738,1,High
14474.0,0.791838,1,High
14475.0,0.512602,1,Medium
14476.0,0.751479,1,High
14477.0,0.425652,0,Medium
14478.0,0.580334,1,Medium
14479.0,0.576807,1,Medium
14480.0,0.642519,1,Medium
14481.0,0.387572,0,Medium
14482.0,0.24954,0,Low
14483.0,0.700321,1,High
14484.0,0.61295,1,Medium
14486.0,0.891618,1,High
14487.0,0.751616,1,High
14489.0,0.447377,0,Medium
14490.0,0.664346,1,Medium
14491.0,0.550404,1,Medium
14492.0,0.652372,1,Medium
14493.0,0.307568,0,Medium
14494.0,0.749366,1,High
14495.0,0.541617,1,Medium
14496.0,0.496631,0,Medium
14497.0,0.671696,1,Medium
14498.0,0.228515,0,Low
14499.0,0.351479,0,Medium
14500.0,0.449962,0,Medium
14501.0,0.589085,1,Medium
14502.0,0.353177,0,Medium
14503.0,0.551571,1,Medium
14504.0,0.644319,1,Medium
14505.0,0.073587,0,Low
14506.0,0.462643,0,Medium
14507.0,0.227141,0,Low
14508.0,0.671703,1,Medium
14509.0,0.901705,1,High
14510.0,0.617824,1,Medium
14511.0,0.444415,0,Medium
14512.0,0.385777,0,Medium
14513.0,0.499636,0,Medium
14514.0,0.267629,0,Low
14515.0,0.278674,0,Low
14516.0,0.905505,1,High
14517.0,0.564416,1,Medium
14519.0,0.886528,1,High
14520.0,0.815685,1,High
14521.0,0.830845,1,High
14522.0,0.396199,0,Medium
14523.0,0.475689,0,Medium
14524.0,0.261403,0,Low
14525.0,0.074298,0,Low
14526.0,0.773909,1,High
14527.0,0.049066,0,Low
14529.0,0.555981,1,Medium
14530.0,0.109033,0,Low
14531.0,0.841476,1,High
14532.0,0.386281,0,Medium
14533.0,0.322411,0,Medium
14534.0,0.128889,0,Low
14535.0,0.235981,0,Low
14536.0,0.845107,1,High
14537.0,0.855681,1,High
14538.0,0.622397,1,Medium
14540.0,0.424561,0,Medium
14541.0,0.246191,0,Low
14542.0,0.741693,1,High
14543.0,0.08032,0,Low
14544.0,0.613342,1,Medium
14545.0,0.865261,1,High
14546.0,0.265132,0,Low
14548.0,0.254914,0,Low
14549.0,0.615168,1,Medium
14550.0,0.637475,1,Medium
14551.0,0.506936,1,Medium
14552.0,0.532426,1,Medium
14553.0,0.451413,0,Medium
14555.0,0.483784,0,Medium
14556.0,0.773556,1,High
14558.0,0.803418,1,High
14559.0,0.892991,1,High
14560.0,0.072453,0,Low
14561.0,0.498373,0,Medium
14562.0,0.14082,0,Low
14563.0,0.766766,1,High
14564.0,0.647481,1,Medium
14565.0,0.388836,0,Medium
14566.0,0.431927,0,Medium
14567.0,0.463507,0,Medium
14568.0,0.713381,1,High
14569.0,0.760228,1,High
14570.0,0.58714,1,Medium
14571.0,0.857489,1,High
14572.0,0.194635,0,Low
14573.0,0.249428,0,Low
14574.0,0.90332,1,High
14575.0,0.809069,1,High
14576.0,0.898128,1,High
14577.0,0.41958,0,Medium
14579.0,0.870494,1,High
14580.0,0.901054,1,High
14581.0,0.848455,1,High
14583.0,0.342301,0,Medium
14584.0,0.34559,0,Medium
14585.0,0.634885,1,Medium
14586.0,0.731024,1,High
14587.0,0.293943,0,Low
14588.0,0.91158,1,High
14589.0,0.898575,1,High
14590.0,0.628633,1,Medium
14591.0,0.67202,1,Medium
14593.0,0.230705,0,Low
14594.0,0.741328,1,High
14595.0,0.637837,1,Medium
14596.0,0.891998,1,High
14597.0,0.354369,0,Medium
14598.0,0.886872,1,High
14599.0,0.710891,1,High
14600.0,0.653507,1,Medium
14602.0,0.889385,1,High
14603.0,0.675231,1,Medium
14604.0,0.902549,1,High
14605.0,0.627568,1,Medium
14606.0,0.055243,0,Low
14607.0,0.34383,0,Medium
14608.0,0.497124,0,Medium
14609.0,0.266777,0,Low
14610.0,0.803233,1,High
14611.0,0.667892,1,Medium
14612.0,0.768615,1,High
14613.0,0.928174,1,High
14614.0,0.774298,1,High
14615.0,0.63948,1,Medium
14616.0,0.667761,1,Medium
14617.0,0.852139,1,High
14618.0,0.627006,1,Medium
14619.0,0.652656,1,Medium
14620.0,0.593607,1,Medium
14621.0,0.324634,0,Medium
14622.0,0.627745,1,Medium
14623.0,0.338936,0,Medium
14624.0,0.634469,1,Medium
14625.0,0.262652,0,Low
14626.0,0.172112,0,Low
14627.0,0.742175,1,High
14628.0,0.453882,0,Medium
14630.0,0.849206,1,High
14631.0,0.474376,0,Medium
14632.0,0.826372,1,High
14633.0,0.780863,1,High
14634.0,0.664062,1,Medium
14635.0,0.809699,1,High
14636.0,0.766482,1,High
14637.0,0.908625,1,High
14639.0,0.258505,0,Low
14640.0,0.264624,0,Low
14643.0,0.419327,0,Medium
14644.0,0.536109,1,Medium
14645.0,0.538763,1,Medium
14646.0,0.057514,0,Low
14647.0,0.604565,1,Medium
14648.0,0.621743,1,Medium
14649.0,0.331736,0,Medium
14650.0,0.921656,1,High
14651.0,0.351304,0,Medium
14653.0,0.453641,0,Medium
14654.0,0.856981,1,High
14655.0,0.479451,0,Medium
14656.0,0.516822,1,Medium
14657.0,0.363617,0,Medium
14658.0,0.574806,1,Medium
14659.0,0.326897,0,Medium
14660.0,0.516637,1,Medium
14662.0,0.491853,0,Medium
14663.0,0.710418,1,High
14665.0,0.520417,1,Medium
14667.0,0.048942,0,Low
14668.0,0.862965,1,High
14669.0,0.418012,0,Medium
14670.0,0.592394,1,Medium
14671.0,0.799079,1,High
14672.0,0.577978,1,Medium
14673.0,0.582511,1,Medium
14674.0,0.887827,1,High
14675.0,0.697648,1,Medium
14676.0,0.141164,0,Low
14677.0,0.893754,1,High
14678.0,0.849771,1,High
14679.0,0.611301,1,Medium
14680.0,0.055143,0,Low
14681.0,0.561488,1,Medium
14682.0,0.393767,0,Medium
14683.0,0.851848,1,High
14684.0,0.506892,1,Medium
14685.0,0.788922,1,High
14686.0,0.662378,1,Medium
14687.0,0.503935,1,Medium
14688.0,0.101096,0,Low
14689.0,0.735619,1,High
14690.0,0.493462,0,Medium
14691.0,0.44476,0,Medium
14692.0,0.296502,0,Low
14693.0,0.593699,1,Medium
14694.0,0.862916,1,High
14695.0,0.774724,1,High
14696.0,0.296606,0,Low
14697.0,0.798689,1,High
14699.0,0.518581,1,Medium
14700.0,0.379571,0,Medium
14701.0,0.185865,0,Low
14702.0,0.117327,0,Low
14704.0,0.542732,1,Medium
14705.0,0.718919,1,High
14706.0,0.851804,1,High
14707.0,0.844082,1,High
14708.0,0.40126,0,Medium
14709.0,0.069526,0,Low
14710.0,0.481911,0,Medium
14711.0,0.248836,0,Low
14712.0,0.519538,1,Medium
14713.0,0.092415,0,Low
14714.0,0.614132,1,Medium
14715.0,0.349163,0,Medium
14716.0,0.493113,0,Medium
14717.0,0.918456,1,High
14718.0,0.77758,1,High
14719.0,0.486847,0,Medium
14720.0,0.587145,1,Medium
14721.0,0.856583,1,High
14722.0,0.516919,1,Medium
14723.0,0.449936,0,Medium
14724.0,0.861598,1,High
14725.0,0.586236,1,Medium
14726.0,0.909314,1,High
14727.0,0.615676,1,Medium
14728.0,0.85305,1,High
14729.0,0.644612,1,Medium
14730.0,0.402027,0,Medium
14731.0,0.620043,1,Medium
14732.0,0.1439,0,Low
14733.0,0.111261,0,Low
14734.0,0.688656,1,Medium
14735.0,0.061158,0,Low
14736.0,0.842505,1,High
14737.0,0.389277,0,Medium
14738.0,0.361406,0,Medium
14739.0,0.056162,0,Low
14740.0,0.254135,0,Low
14741.0,0.347374,0,Medium
14742.0,0.724427,1,High
14743.0,0.925758,1,High
14744.0,0.44894,0,Medium
14745.0,0.202548,0,Low
14746.0,0.64445,1,Medium
14747.0,0.796568,1,High
14748.0,0.210363,0,Low
14749.0,0.817197,1,High
14750.0,0.908102,1,High
14751.0,0.905697,1,High
14753.0,0.810205,1,High
14754.0,0.527146,1,Medium
14755.0,0.079371,0,Low
14756.0,0.612592,1,Medium
14758.0,0.310919,0,Medium
14759.0,0.483096,0,Medium
14760.0,0.882159,1,High
14761.0,0.759524,1,High
14762.0,0.675486,1,Medium
14765.0,0.524276,1,Medium
14766.0,0.173969,0,Low
14767.0,0.83993,1,High
14768.0,0.586026,1,Medium
14769.0,0.075221,0,Low
14770.0,0.386637,0,Medium
14771.0,0.74153,1,High
14772.0,0.567414,1,Medium
14773.0,0.907446,1,High
14774.0,0.854375,1,High
14775.0,0.434965,0,Medium
14776.0,0.1549,0,Low
14777.0,0.774436,1,High
14778.0,0.502344,1,Medium
14779.0,0.745758,1,High
14782.0,0.756394,1,High
14783.0,0.860736,1,High
14784.0,0.762313,1,High
14786.0,0.907128,1,High
14787.0,0.899196,1,High
14788.0,0.80188,1,High
14790.0,0.276519,0,Low
14791.0,0.85863,1,High
14793.0,0.837804,1,High
14794.0,0.394378,0,Medium
14795.0,0.727618,1,High
14796.0,0.060512,0,Low
14797.0,0.845206,1,High
14798.0,0.481584,0,Medium
14799.0,0.825724,1,High
14800.0,0.112996,0,Low
14802.0,0.803144,1,High
14803.0,0.49249,0,Medium
14805.0,0.614701,1,Medium
14806.0,0.843181,1,High
14807.0,0.7126,1,High
14808.0,0.326617,0,Medium
14809.0,0.796824,1,High
14810.0,0.201002,0,Low
14811.0,0.860311,1,High
14812.0,0.896081,1,High
14813.0,0.632598,1,Medium
14814.0,0.899615,1,High
14816.0,0.716629,1,High
14817.0,0.281028,0,Low
14818.0,0.472232,0,Medium
14819.0,0.594259,1,Medium
14820.0,0.463978,0,Medium
14821.0,0.603457,1,Medium
14822.0,0.889143,1,High
14823.0,0.602282,1,Medium
14824.0,0.271438,0,Low
14825.0,0.149661,0,Low
14826.0,0.835267,1,High
14828.0,0.166245,0,Low
14829.0,0.340536,0,Medium
14831.0,0.787729,1,High
14832.0,0.887265,1,High
14833.0,0.909681,1,High
14834.0,0.486995,0,Medium
14835.0,0.848318,1,High
14837.0,0.230614,0,Low
14838.0,0.666346,1,Medium
14839.0,0.628589,1,Medium
14840.0,0.726436,1,High
14841.0,0.129968,0,Low
14842.0,0.395314,0,Medium
14843.0,0.785568,1,High
14844.0,0.159971,0,Low
14845.0,0.855388,1,High
14846.0,0.786737,1,High
14847.0,0.554975,1,Medium
14848.0,0.779107,1,High
14849.0,0.055631,0,Low
14850.0,0.514666,1,Medium
14851.0,0.623047,1,Medium
14852.0,0.091017,0,Low
14853.0,0.537115,1,Medium
14854.0,0.157561,0,Low
14855.0,0.224856,0,Low
14857.0,0.318013,0,Medium
14858.0,0.886697,1,High
14859.0,0.543803,1,Medium
14861.0,0.484256,0,Medium
14862.0,0.478745,0,Medium
14865.0,0.756215,1,High
14866.0,0.15424,0,Low
14867.0,0.287805,0,Low
14868.0,0.233088,0,Low
14869.0,0.363449,0,Medium
14870.0,0.523107,1,Medium
14871.0,0.406545,0,Medium
14872.0,0.749003,1,High
14873.0,0.615761,1,Medium
14874.0,0.890755,1,High
14875.0,0.402312,0,Medium
14876.0,0.85895,1,High
14877.0,0.757476,1,High
14878.0,0.181461,0,Low
14879.0,0.897776,1,High
14880.0,0.574832,1,Medium
14882.0,0.492981,0,Medium
14883.0,0.551185,1,Medium
14884.0,0.914283,1,High
14885.0,0.428612,0,Medium
14886.0,0.763779,1,High
14888.0,0.64876,1,Medium
14889.0,0.843485,1,High
14890.0,0.592478,1,Medium
14891.0,0.424988,0,Medium
14892.0,0.887189,1,High
14893.0,0.801354,1,High
14894.0,0.691142,1,Medium
14895.0,0.053142,0,Low
14896.0,0.349873,0,Medium
14897.0,0.471775,0,Medium
14898.0,0.156276,0,Low
14899.0,0.71638,1,High
14900.0,0.901999,1,High
14901.0,0.329906,0,Medium
14902.0,0.623277,1,Medium
14903.0,0.347325,0,Medium
14904.0,0.657204,1,Medium
14905.0,0.359848,0,Medium
14906.0,0.899118,1,High
14907.0,0.150697,0,Low
14908.0,0.879982,1,High
14909.0,0.659953,1,Medium
14911.0,0.064044,0,Low
14912.0,0.482941,0,Medium
14913.0,0.216072,0,Low
14915.0,0.377781,0,Medium
14916.0,0.282865,0,Low
14917.0,0.802582,1,High
14918.0,0.216341,0,Low
14919.0,0.856427,1,High
14920.0,0.45872,0,Medium
14921.0,0.515426,1,Medium
14922.0,0.652677,1,Medium
14924.0,0.634227,1,Medium
14926.0,0.74934,1,High
14927.0,0.776106,1,High
14928.0,0.865332,1,High
14929.0,0.681917,1,Medium
14930.0,0.340567,0,Medium
14931.0,0.568171,1,Medium
14932.0,0.712455,1,High
14933.0,0.706003,1,High
14934.0,0.53496,1,Medium
14935.0,0.608533,1,Medium
14936.0,0.192408,0,Low
14937.0,0.463338,0,Medium
14938.0,0.820916,1,High
14940.0,0.66565,1,Medium
14941.0,0.915949,1,High
14942.0,0.612779,1,Medium
14943.0,0.919267,1,High
14944.0,0.083666,0,Low
14945.0,0.83594,1,High
14947.0,0.45414,0,Medium
14948.0,0.429442,0,Medium
14949.0,0.807903,1,High
14952.0,0.210321,0,Low
14953.0,0.636627,1,Medium
14954.0,0.895511,1,High
14955.0,0.911317,1,High
14956.0,0.702926,1,High
14957.0,0.714557,1,High
14958.0,0.467337,0,Medium
14959.0,0.454419,0,Medium
14960.0,0.769675,1,High
14961.0,0.061747,0,Low
14962.0,0.723215,1,High
14963.0,0.295815,0,Low
14964.0,0.750489,1,High
14965.0,0.47318,0,Medium
14966.0,0.567492,1,Medium
14967.0,0.661629,1,Medium
14968.0,0.815597,1,High
14969.0,0.809735,1,High
14970.0,0.22827,0,Low
14972.0,0.639512,1,Medium
14973.0,0.476982,0,Medium
14975.0,0.788093,1,High
14976.0,0.47465,0,Medium
14977.0,0.904266,1,High
14978.0,0.431849,0,Medium
14979.0,0.845047,1,High
14980.0,0.895511,1,High
14981.0,0.712183,1,High
14982.0,0.863718,1,High
14983.0,0.906035,1,High
14984.0,0.460294,0,Medium
14985.0,0.610232,1,Medium
14986.0,0.66711,1,Medium
14987.0,0.526395,1,Medium
14988.0,0.367994,0,Medium
14989.0,0.866568,1,High
14990.0,0.845147,1,High
14991.0,0.784364,1,High
14992.0,0.784732,1,High
14993.0,0.899266,1,High
14994.0,0.647569,1,Medium
14995.0,0.83286,1,High
14996.0,0.793956,1,High
14997.0,0.57181,1,Medium
14998.0,0.52171,1,Medium
14999.0,0.907097,1,High
15001.0,0.802974,1,High
15002.0,0.208384,0,Low
15003.0,0.772442,1,High
15004.0,0.477218,0,Medium
15005.0,0.05014,0,Low
15006.0,0.763411,1,High
15007.0,0.707647,1,High
15008.0,0.76804,1,High
15011.0,0.766026,1,High
15012.0,0.660522,1,Medium
15013.0,0.707886,1,High
15014.0,0.719409,1,High
15015.0,0.651444,1,Medium
15016.0,0.583609,1,Medium
15018.0,0.704978,1,High
15019.0,0.763777,1,High
15020.0,0.768329,1,High
15021.0,0.301327,0,Medium
15022.0,0.857941,1,High
15023.0,0.087466,0,Low
15024.0,0.196872,0,Low
15025.0,0.769585,1,High
15026.0,0.582629,1,Medium
15027.0,0.212501,0,Low
15028.0,0.620524,1,Medium
15029.0,0.863105,1,High
15030.0,0.421074,0,Medium
15031.0,0.172117,0,Low
15032.0,0.410296,0,Medium
15033.0,0.323493,0,Medium
15034.0,0.362697,0,Medium
15036.0,0.593711,1,Medium
15037.0,0.759506,1,High
15038.0,0.424938,0,Medium
15039.0,0.051261,0,Low
15040.0,0.893997,1,High
15041.0,0.594485,1,Medium
15042.0,0.653347,1,Medium
15043.0,0.681884,1,Medium
15044.0,0.076972,0,Low
15045.0,0.509884,1,Medium
15046.0,0.074533,0,Low
15047.0,0.774207,1,High
15048.0,0.47318,0,Medium
15049.0,0.837803,1,High
15050.0,0.650638,1,Medium
15051.0,0.257185,0,Low
15052.0,0.80531,1,High
15053.0,0.470345,0,Medium
15055.0,0.793106,1,High
15056.0,0.903583,1,High
15057.0,0.489083,0,Medium
15058.0,0.201844,0,Low
15059.0,0.142718,0,Low
15061.0,0.072749,0,Low
15062.0,0.368149,0,Medium
15063.0,0.736859,1,High
15064.0,0.633972,1,Medium
15065.0,0.380109,0,Medium
15067.0,0.550899,1,Medium
15068.0,0.612577,1,Medium
15069.0,0.566736,1,Medium
15070.0,0.633317,1,Medium
15071.0,0.521307,1,Medium
15072.0,0.88021,1,High
15073.0,0.296817,0,Low
15074.0,0.440151,0,Medium
15076.0,0.44595,0,Medium
15077.0,0.801215,1,High
15078.0,0.051158,0,Low
15079.0,0.291407,0,Low
15080.0,0.739449,1,High
15081.0,0.316398,0,Medium
15082.0,0.920307,1,High
15083.0,0.869732,1,High
15084.0,0.672074,1,Medium
15085.0,0.866072,1,High
15086.0,0.870661,1,High
15087.0,0.72849,1,High
15089.0,0.366901,0,Medium
15090.0,0.778435,1,High
15091.0,0.805183,1,High
15092.0,0.572096,1,Medium
15093.0,0.072162,0,Low
15094.0,0.796555,1,High
15095.0,0.216634,0,Low
15097.0,0.792126,1,High
15098.0,0.618309,1,Medium
15100.0,0.545023,1,Medium
15101.0,0.61051,1,Medium
15102.0,0.780569,1,High
15104.0,0.47531,0,Medium
15105.0,0.498339,0,Medium
15106.0,0.413081,0,Medium
15107.0,0.676109,1,Medium
15108.0,0.451135,0,Medium
15109.0,0.647862,1,Medium
15110.0,0.489804,0,Medium
15111.0,0.654398,1,Medium
15112.0,0.885565,1,High
15114.0,0.232289,0,Low
15115.0,0.869874,1,High
15116.0,0.496629,0,Medium
15117.0,0.415224,0,Medium
15118.0,0.471108,0,Medium
15119.0,0.771074,1,High
15120.0,0.507974,1,Medium
15121.0,0.765516,1,High
15122.0,0.213639,0,Low
15123.0,0.432999,0,Medium
15124.0,0.611682,1,Medium
15125.0,0.100558,0,Low
15126.0,0.821503,1,High
15127.0,0.83521,1,High
15128.0,0.382812,0,Medium
15129.0,0.095335,0,Low
15130.0,0.611253,1,Medium
15131.0,0.884645,1,High
15132.0,0.410001,0,Medium
15133.0,0.403359,0,Medium
15134.0,0.424558,0,Medium
15135.0,0.722986,1,High
15136.0,0.444472,0,Medium
15137.0,0.768752,1,High
15138.0,0.741066,1,High
15139.0,0.805264,1,High
15140.0,0.280488,0,Low
15141.0,0.733076,1,High
15142.0,0.586957,1,Medium
15143.0,0.624282,1,Medium
15144.0,0.065926,0,Low
15145.0,0.601945,1,Medium
15146.0,0.430576,0,Medium
15147.0,0.675047,1,Medium
15149.0,0.479416,0,Medium
15150.0,0.177321,0,Low
15151.0,0.666051,1,Medium
15152.0,0.275475,0,Low
15154.0,0.804429,1,High
15155.0,0.778712,1,High
15157.0,0.406847,0,Medium
15158.0,0.808041,1,High
15159.0,0.104957,0,Low
15160.0,0.668982,1,Medium
15161.0,0.837552,1,High
15162.0,0.888185,1,High
15163.0,0.729644,1,High
15164.0,0.361362,0,Medium
15165.0,0.736512,1,High
15166.0,0.880538,1,High
15167.0,0.542426,1,Medium
15169.0,0.655741,1,Medium
15170.0,0.897701,1,High
15171.0,0.753787,1,High
15172.0,0.39608,0,Medium
15173.0,0.559322,1,Medium
15174.0,0.658609,1,Medium
15176.0,0.830804,1,High
15177.0,0.737445,1,High
15178.0,0.885431,1,High
15179.0,0.327095,0,Medium
15180.0,0.603411,1,Medium
15181.0,0.49133,0,Medium
15182.0,0.239218,0,Low
15183.0,0.777022,1,High
15184.0,0.554394,1,Medium
15186.0,0.478152,0,Medium
15187.0,0.323219,0,Medium
15188.0,0.860935,1,High
15189.0,0.092026,0,Low
15190.0,0.701863,1,High
15191.0,0.773034,1,High
15192.0,0.425171,0,Medium
15194.0,0.080701,0,Low
15196.0,0.761194,1,High
15197.0,0.487702,0,Medium
15198.0,0.582784,1,Medium
15199.0,0.258697,0,Low
15200.0,0.808022,1,High
15201.0,0.378309,0,Medium
15202.0,0.8037,1,High
15203.0,0.103695,0,Low
15204.0,0.7789,1,High
15205.0,0.472305,0,Medium
15206.0,0.486785,0,Medium
15207.0,0.639588,1,Medium
15208.0,0.534769,1,Medium
15209.0,0.897076,1,High
15210.0,0.546338,1,Medium
15211.0,0.729231,1,High
15212.0,0.724023,1,High
15213.0,0.771171,1,High
15214.0,0.491444,0,Medium
15215.0,0.457765,0,Medium
15216.0,0.847846,1,High
15217.0,0.845714,1,High
15218.0,0.086612,0,Low
15219.0,0.598641,1,Medium
15220.0,0.33471,0,Medium
15221.0,0.666854,1,Medium
15222.0,0.477132,0,Medium
15223.0,0.547528,1,Medium
15224.0,0.610427,1,Medium
15225.0,0.753439,1,High
15226.0,0.844197,1,High
15227.0,0.387126,0,Medium
15228.0,0.336519,0,Medium
15229.0,0.898286,1,High
15230.0,0.677534,1,Medium
15231.0,0.863521,1,High
15232.0,0.414234,0,Medium
15233.0,0.90115,1,High
15234.0,0.781152,1,High
15235.0,0.412169,0,Medium
15236.0,0.776309,1,High
15237.0,0.452872,0,Medium
15238.0,0.4499,0,Medium
15240.0,0.196196,0,Low
15241.0,0.19881,0,Low
15242.0,0.777875,1,High
15243.0,0.706902,1,High
15244.0,0.665522,1,Medium
15245.0,0.235384,0,Low
15246.0,0.597028,1,Medium
15247.0,0.521002,1,Medium
15248.0,0.632053,1,Medium
15249.0,0.090827,0,Low
15250.0,0.928982,1,High
15251.0,0.071409,0,Low
15252.0,0.473338,0,Medium
15253.0,0.472668,0,Medium
15254.0,0.518705,1,Medium
15255.0,0.479788,0,Medium
15256.0,0.676472,1,Medium
15257.0,0.693873,1,Medium
15258.0,0.532478,1,Medium
15259.0,0.76221,1,High
15260.0,0.063673,0,Low
15261.0,0.396137,0,Medium
15262.0,0.741169,1,High
15263.0,0.571159,1,Medium
15264.0,0.810614,1,High
15265.0,0.405338,0,Medium
15266.0,0.661051,1,Medium
15267.0,0.412906,0,Medium
15268.0,0.758746,1,High
15269.0,0.650329,1,Medium
15270.0,0.091668,0,Low
15271.0,0.169764,0,Low
15272.0,0.664071,1,Medium
15273.0,0.862375,1,High
15276.0,0.693996,1,Medium
15277.0,0.773907,1,High
15278.0,0.784589,1,High
15279.0,0.560657,1,Medium
15280.0,0.599363,1,Medium
15281.0,0.121163,0,Low
15282.0,0.832564,1,High
15283.0,0.807929,1,High
15284.0,0.898939,1,High
15285.0,0.859653,1,High
15287.0,0.699736,1,Medium
15288.0,0.230446,0,Low
15289.0,0.453153,0,Medium
15290.0,0.089014,0,Low
15291.0,0.051643,0,Low
15292.0,0.756954,1,High
15293.0,0.867186,1,High
15294.0,0.781887,1,High
15295.0,0.870631,1,High
15296.0,0.122534,0,Low
15298.0,0.071658,0,Low
15299.0,0.191732,0,Low
15301.0,0.124282,0,Low
15302.0,0.86198,1,High
15303.0,0.639253,1,Medium
15304.0,0.514584,1,Medium
15305.0,0.917198,1,High
15306.0,0.239407,0,Low
15307.0,0.603837,1,Medium
15308.0,0.768422,1,High
15309.0,0.752635,1,High
15310.0,0.819443,1,High
15311.0,0.058936,0,Low
15312.0,0.19176,0,Low
15313.0,0.644256,1,Medium
15314.0,0.447009,0,Medium
15315.0,0.481535,0,Medium
15316.0,0.826398,1,High
15317.0,0.915352,1,High
15319.0,0.76639,1,High
15321.0,0.417527,0,Medium
15322.0,0.767838,1,High
15323.0,0.854599,1,High
15324.0,0.908451,1,High
15325.0,0.345702,0,Medium
15326.0,0.505903,1,Medium
15328.0,0.863929,1,High
15329.0,0.216242,0,Low
15331.0,0.7614,1,High
15332.0,0.581513,1,Medium
15333.0,0.612074,1,Medium
15334.0,0.556013,1,Medium
15336.0,0.807349,1,High
15337.0,0.78557,1,High
15338.0,0.861557,1,High
15339.0,0.493928,0,Medium
15340.0,0.913844,1,High
15341.0,0.779817,1,High
15342.0,0.503353,1,Medium
15346.0,0.68297,1,Medium
15347.0,0.590589,1,Medium
15349.0,0.514147,1,Medium
15350.0,0.674978,1,Medium
15351.0,0.582622,1,Medium
15352.0,0.910429,1,High
15353.0,0.406763,0,Medium
15354.0,0.853067,1,High
15356.0,0.203767,0,Low
15358.0,0.06652,0,Low
15359.0,0.839631,1,High
15361.0,0.603954,1,Medium
15362.0,0.663955,1,Medium
15363.0,0.671588,1,Medium
15364.0,0.4722,0,Medium
15365.0,0.251007,0,Low
15366.0,0.50391,1,Medium
15367.0,0.343893,0,Medium
15368.0,0.77432,1,High
15369.0,0.698266,1,Medium
15370.0,0.319909,0,Medium
15371.0,0.92462,1,High
15372.0,0.199494,0,Low
15373.0,0.233557,0,Low
15374.0,0.557243,1,Medium
15375.0,0.92826,1,High
15376.0,0.448261,0,Medium
15377.0,0.694456,1,Medium
15378.0,0.845928,1,High
15379.0,0.231776,0,Low
15380.0,0.304301,0,Medium
15381.0,0.420461,0,Medium
15382.0,0.144805,0,Low
15384.0,0.462926,0,Medium
15385.0,0.692061,1,Medium
15386.0,0.595279,1,Medium
15387.0,0.78445,1,High
15388.0,0.825473,1,High
15389.0,0.361295,0,Medium
15390.0,0.65796,1,Medium
15391.0,0.854988,1,High
15392.0,0.574314,1,Medium
15393.0,0.58914,1,Medium
15394.0,0.246573,0,Low
15395.0,0.872374,1,High
15396.0,0.567966,1,Medium
15397.0,0.872611,1,High
15400.0,0.400397,0,Medium
15401.0,0.774976,1,High
15402.0,0.38888,0,Medium
15403.0,0.81108,1,High
15404.0,0.75694,1,High
15405.0,0.584147,1,Medium
15406.0,0.59746,1,Medium
15407.0,0.493864,0,Medium
15408.0,0.762355,1,High
15409.0,0.913646,1,High
15410.0,0.219225,0,Low
15411.0,0.452705,0,Medium
15412.0,0.682137,1,Medium
15413.0,0.781963,1,High
15414.0,0.884473,1,High
15415.0,0.702557,1,High
15416.0,0.304184,0,Medium
15418.0,0.743982,1,High
15420.0,0.673602,1,Medium
15421.0,0.289032,0,Low
15422.0,0.485115,0,Medium
15423.0,0.870285,1,High
15424.0,0.551059,1,Medium
15425.0,0.591161,1,Medium
15426.0,0.442554,0,Medium
15428.0,0.658432,1,Medium
15430.0,0.794504,1,High
15431.0,0.896052,1,High
15432.0,0.884331,1,High
15433.0,0.547792,1,Medium
15434.0,0.278839,0,Low
15436.0,0.708046,1,High
15437.0,0.722256,1,High
15438.0,0.618977,1,Medium
15439.0,0.65926,1,Medium
15440.0,0.452685,0,Medium
15441.0,0.657001,1,Medium
15442.0,0.723686,1,High
15443.0,0.240093,0,Low
15445.0,0.719677,1,High
15446.0,0.741676,1,High
15447.0,0.724577,1,High
15448.0,0.646545,1,Medium
15449.0,0.491588,0,Medium
15451.0,0.789276,1,High
15452.0,0.539769,1,Medium
15453.0,0.442521,0,Medium
15454.0,0.749898,1,High
15455.0,0.902006,1,High
15456.0,0.367439,0,Medium
15457.0,0.756664,1,High
15458.0,0.768733,1,High
15459.0,0.808774,1,High
15460.0,0.772686,1,High
15461.0,0.813756,1,High
15462.0,0.470803,0,Medium
15464.0,0.704327,1,High
15465.0,0.112388,0,Low
15466.0,0.615769,1,Medium
15467.0,0.486451,0,Medium
15468.0,0.673082,1,Medium
15469.0,0.523505,1,Medium
15470.0,0.904602,1,High
15471.0,0.646712,1,Medium
15472.0,0.484705,0,Medium
15473.0,0.77995,1,High
15474.0,0.914844,1,High
15476.0,0.578223,1,Medium
15477.0,0.863682,1,High
15478.0,0.779411,1,High
15479.0,0.89936,1,High
15480.0,0.381103,0,Medium
15481.0,0.692578,1,Medium
15482.0,0.204908,0,Low
15483.0,0.414132,0,Medium
15484.0,0.763143,1,High
15485.0,0.483468,0,Medium
15486.0,0.904178,1,High
15487.0,0.869537,1,High
15488.0,0.598529,1,Medium
15489.0,0.39532,0,Medium
15490.0,0.816084,1,High
15491.0,0.273989,0,Low
15493.0,0.286797,0,Low
15494.0,0.371576,0,Medium
15495.0,0.773469,1,High
15496.0,0.896815,1,High
15497.0,0.465695,0,Medium
15498.0,0.06991,0,Low
15499.0,0.916563,1,High
15501.0,0.769821,1,High
15502.0,0.190927,0,Low
15503.0,0.753643,1,High
15504.0,0.840421,1,High
15505.0,0.37021,0,Medium
15506.0,0.413788,0,Medium
15507.0,0.581195,1,Medium
15508.0,0.492892,0,Medium
15509.0,0.858666,1,High
15510.0,0.81475,1,High
15512.0,0.599315,1,Medium
15513.0,0.059664,0,Low
15514.0,0.297555,0,Low
15515.0,0.833929,1,High
15517.0,0.743135,1,High
15518.0,0.118766,0,Low
15519.0,0.769503,1,High
15521.0,0.081127,0,Low
15523.0,0.560711,1,Medium
15524.0,0.894301,1,High
15525.0,0.636002,1,Medium
15527.0,0.141753,0,Low
15528.0,0.750613,1,High
15529.0,0.18818,0,Low
15530.0,0.413679,0,Medium
15532.0,0.237988,0,Low
15534.0,0.912506,1,High
15535.0,0.462912,0,Medium
15536.0,0.777166,1,High
15537.0,0.73056,1,High
15538.0,0.771995,1,High
15540.0,0.774146,1,High
15541.0,0.651813,1,Medium
15542.0,0.759577,1,High
15543.0,0.734599,1,High
15544.0,0.089974,0,Low
15545.0,0.771944,1,High
15546.0,0.82121,1,High
15547.0,0.071076,0,Low
15548.0,0.913911,1,High
15549.0,0.326739,0,Medium
15550.0,0.274436,0,Low
15551.0,0.625052,1,Medium
15552.0,0.705275,1,High
15554.0,0.792697,1,High
15555.0,0.052886,0,Low
15558.0,0.88589,1,High
15559.0,0.824144,1,High
15560.0,0.861932,1,High
15561.0,0.338912,0,Medium
15562.0,0.620544,1,Medium
15563.0,0.38502,0,Medium
15564.0,0.828191,1,High
15566.0,0.751034,1,High
15569.0,0.201661,0,Low
15570.0,0.105756,0,Low
15571.0,0.474053,0,Medium
15572.0,0.277608,0,Low
15573.0,0.728642,1,High
15574.0,0.34377,0,Medium
15575.0,0.901945,1,High
15577.0,0.587567,1,Medium
15578.0,0.711554,1,High
15579.0,0.600635,1,Medium
15580.0,0.530754,1,Medium
15581.0,0.093205,0,Low
15582.0,0.454909,0,Medium
15583.0,0.864615,1,High
15584.0,0.527485,1,Medium
15585.0,0.588688,1,Medium
15586.0,0.777507,1,High
15587.0,0.452427,0,Medium
15588.0,0.832783,1,High
15589.0,0.660047,1,Medium
15590.0,0.580478,1,Medium
15591.0,0.881897,1,High
15594.0,0.459822,0,Medium
15595.0,0.852137,1,High
15596.0,0.245688,0,Low
15597.0,0.862548,1,High
15598.0,0.782007,1,High
15599.0,0.461902,0,Medium
15600.0,0.673773,1,Medium
15601.0,0.072647,0,Low
15602.0,0.22318,0,Low
15603.0,0.899905,1,High
15605.0,0.500085,1,Medium
15606.0,0.154976,0,Low
15607.0,0.4474,0,Medium
15608.0,0.436094,0,Medium
15609.0,0.627678,1,Medium
15611.0,0.311301,0,Medium
15613.0,0.810867,1,High
15614.0,0.665681,1,Medium
15615.0,0.051764,0,Low
15616.0,0.783375,1,High
15617.0,0.626375,1,Medium
15618.0,0.451751,0,Medium
15620.0,0.520554,1,Medium
15622.0,0.16355,0,Low
15623.0,0.320755,0,Medium
15624.0,0.471554,0,Medium
15625.0,0.211123,0,Low
15626.0,0.597288,1,Medium
15627.0,0.754396,1,High
15628.0,0.109185,0,Low
15629.0,0.681387,1,Medium
15630.0,0.562992,1,Medium
15631.0,0.788594,1,High
15632.0,0.290685,0,Low
15633.0,0.732283,1,High
15634.0,0.771725,1,High
15635.0,0.880912,1,High
15636.0,0.615852,1,Medium
15637.0,0.633508,1,Medium
15638.0,0.523504,1,Medium
15639.0,0.514532,1,Medium
15640.0,0.078247,0,Low
15641.0,0.113435,0,Low
15642.0,0.898938,1,High
15643.0,0.54186,1,Medium
15644.0,0.461583,0,Medium
15645.0,0.769866,1,High
15646.0,0.409955,0,Medium
15647.0,0.836212,1,High
15648.0,0.561295,1,Medium
15649.0,0.642174,1,Medium
15650.0,0.802752,1,High
15651.0,0.57485,1,Medium
15652.0,0.425778,0,Medium
15653.0,0.424725,0,Medium
15655.0,0.705592,1,High
15656.0,0.510821,1,Medium
15658.0,0.348038,0,Medium
15659.0,0.761521,1,High
15660.0,0.236779,0,Low
15661.0,0.571973,1,Medium
15662.0,0.861905,1,High
15663.0,0.532539,1,Medium
15664.0,0.673849,1,Medium
15665.0,0.377721,0,Medium
15666.0,0.747704,1,High
15668.0,0.852025,1,High
15669.0,0.467521,0,Medium
15670.0,0.745789,1,High
15671.0,0.327493,0,Medium
15672.0,0.924331,1,High
15673.0,0.21069,0,Low
15674.0,0.247738,0,Low
15675.0,0.492708,0,Medium
15676.0,0.689382,1,Medium
15677.0,0.665604,1,Medium
15678.0,0.62803,1,Medium
15679.0,0.496262,0,Medium
15680.0,0.466323,0,Medium
15681.0,0.251193,0,Low
15682.0,0.854802,1,High
15683.0,0.547891,1,Medium
15684.0,0.848965,1,High
15685.0,0.89593,1,High
15686.0,0.884705,1,High
15687.0,0.367429,0,Medium
15688.0,0.827947,1,High
15689.0,0.522147,1,Medium
15690.0,0.511872,1,Medium
15691.0,0.625423,1,Medium
15693.0,0.902634,1,High
15694.0,0.16147,0,Low
15695.0,0.609559,1,Medium
15696.0,0.348689,0,Medium
15697.0,0.868923,1,High
15698.0,0.928967,1,High
15700.0,0.538851,1,Medium
15701.0,0.433242,0,Medium
15702.0,0.858661,1,High
15703.0,0.794132,1,High
15704.0,0.304248,0,Medium
15705.0,0.73287,1,High
15706.0,0.472452,0,Medium
15708.0,0.235932,0,Low
15709.0,0.732025,1,High
15710.0,0.692358,1,Medium
15711.0,0.840912,1,High
15712.0,0.213332,0,Low
15713.0,0.489312,0,Medium
15714.0,0.737846,1,High
15715.0,0.802961,1,High
15716.0,0.207888,0,Low
15717.0,0.65871,1,Medium
15718.0,0.853178,1,High
15719.0,0.059691,0,Low
15720.0,0.905915,1,High
15722.0,0.216478,0,Low
15723.0,0.62858,1,Medium
15724.0,0.609573,1,Medium
15726.0,0.775906,1,High
15727.0,0.085867,0,Low
15728.0,0.732079,1,High
15729.0,0.707328,1,High
15730.0,0.398665,0,Medium
15731.0,0.900021,1,High
15732.0,0.374835,0,Medium
15733.0,0.836065,1,High
15734.0,0.522501,1,Medium
15735.0,0.784586,1,High
15736.0,0.683162,1,Medium
15737.0,0.411065,0,Medium
15738.0,0.050327,0,Low
15741.0,0.831873,1,High
15742.0,0.912797,1,High
15743.0,0.452462,0,Medium
15745.0,0.747402,1,High
15746.0,0.54289,1,Medium
15747.0,0.311515,0,Medium
15748.0,0.751048,1,High
15749.0,0.577044,1,Medium
15750.0,0.106572,0,Low
15751.0,0.758297,1,High
15752.0,0.217554,0,Low
15753.0,0.864079,1,High
15754.0,0.383268,0,Medium
15755.0,0.088266,0,Low
15756.0,0.510208,1,Medium
15757.0,0.424859,0,Medium
15759.0,0.584914,1,Medium
15760.0,0.874905,1,High
15761.0,0.855599,1,High
15764.0,0.224318,0,Low
15765.0,0.847062,1,High
15766.0,0.766162,1,High
15768.0,0.075104,0,Low
15769.0,0.058495,0,Low
15770.0,0.88516,1,High
15771.0,0.774354,1,High
15772.0,0.77746,1,High
15773.0,0.829281,1,High
15774.0,0.665857,1,Medium
15775.0,0.771699,1,High
15776.0,0.488616,0,Medium
15777.0,0.523383,1,Medium
15778.0,0.783789,1,High
15779.0,0.860434,1,High
15780.0,0.529436,1,Medium
15781.0,0.502541,1,Medium
15782.0,0.709073,1,High
15784.0,0.747709,1,High
15785.0,0.097665,0,Low
15786.0,0.394946,0,Medium
15788.0,0.854881,1,High
15789.0,0.520634,1,Medium
15791.0,0.428398,0,Medium
15792.0,0.675047,1,Medium
15793.0,0.412869,0,Medium
15794.0,0.799976,1,High
15795.0,0.345019,0,Medium
15796.0,0.168932,0,Low
15797.0,0.342389,0,Medium
15798.0,0.766551,1,High
15799.0,0.447668,0,Medium
15800.0,0.399547,0,Medium
15801.0,0.572042,1,Medium
15802.0,0.597862,1,Medium
15803.0,0.657123,1,Medium
15804.0,0.305837,0,Medium
15805.0,0.063932,0,Low
15806.0,0.491834,0,Medium
15807.0,0.637397,1,Medium
15808.0,0.569343,1,Medium
15809.0,0.390162,0,Medium
15810.0,0.275061,0,Low
15811.0,0.273686,0,Low
15812.0,0.135188,0,Low
15813.0,0.525904,1,Medium
15814.0,0.62453,1,Medium
15815.0,0.367619,0,Medium
15816.0,0.895093,1,High
15817.0,0.659101,1,Medium
15818.0,0.857889,1,High
15819.0,0.181438,0,Low
15820.0,0.769395,1,High
15822.0,0.515938,1,Medium
15823.0,0.59437,1,Medium
15824.0,0.728098,1,High
15825.0,0.574662,1,Medium
15826.0,0.447753,0,Medium
15827.0,0.151945,0,Low
15828.0,0.725029,1,High
15829.0,0.414566,0,Medium
15831.0,0.418085,0,Medium
15832.0,0.680657,1,Medium
15833.0,0.914094,1,High
15834.0,0.279276,0,Low
15835.0,0.475133,0,Medium
15837.0,0.826883,1,High
15838.0,0.066559,0,Low
15839.0,0.506634,1,Medium
15840.0,0.603333,1,Medium
15841.0,0.379709,0,Medium
15842.0,0.699171,1,Medium
15843.0,0.852499,1,High
15845.0,0.244142,0,Low
15846.0,0.869401,1,High
15847.0,0.583139,1,Medium
15848.0,0.906718,1,High
15850.0,0.435986,0,Medium
15851.0,0.904836,1,High
15852.0,0.670745,1,Medium
15854.0,0.144312,0,Low
15855.0,0.39719,0,Medium
15856.0,0.052428,0,Low
15857.0,0.781057,1,High
15858.0,0.378815,0,Medium
15859.0,0.789382,1,High
15860.0,0.196467,0,Low
15861.0,0.318132,0,Medium
15862.0,0.165144,0,Low
15863.0,0.586753,1,Medium
15864.0,0.398271,0,Medium
15865.0,0.503783,1,Medium
15866.0,0.471896,0,Medium
15867.0,0.067527,0,Low
15868.0,0.918375,1,High
15869.0,0.721869,1,High
15870.0,0.697718,1,Medium
15871.0,0.900475,1,High
15872.0,0.735537,1,High
15873.0,0.808102,1,High
15874.0,0.128874,0,Low
15875.0,0.916354,1,High
15876.0,0.64613,1,Medium
15878.0,0.832242,1,High
15879.0,0.635955,1,Medium
15880.0,0.684057,1,Medium
15881.0,0.744137,1,High
15882.0,0.355663,0,Medium
15884.0,0.770184,1,High
15885.0,0.352625,0,Medium
15886.0,0.656712,1,Medium
15887.0,0.662683,1,Medium
15888.0,0.764919,1,High
15889.0,0.359124,0,Medium
15890.0,0.731724,1,High
15891.0,0.673794,1,Medium
15892.0,0.9151,1,High
15893.0,0.834353,1,High
15894.0,0.710515,1,High
15895.0,0.593095,1,Medium
15897.0,0.644313,1,Medium
15898.0,0.345336,0,Medium
15899.0,0.859291,1,High
15900.0,0.639128,1,Medium
15901.0,0.585203,1,Medium
15902.0,0.829669,1,High
15903.0,0.392652,0,Medium
15905.0,0.908277,1,High
15906.0,0.380843,0,Medium
15907.0,0.536905,1,Medium
15908.0,0.807092,1,High
15909.0,0.685024,1,Medium
15910.0,0.21808,0,Low
15911.0,0.744491,1,High
15912.0,0.422015,0,Medium
15913.0,0.89284,1,High
15914.0,0.789338,1,High
15915.0,0.738391,1,High
15916.0,0.246399,0,Low
15917.0,0.633838,1,Medium
15918.0,0.575007,1,Medium
15919.0,0.703971,1,High
15920.0,0.517475,1,Medium
15921.0,0.526487,1,Medium
15922.0,0.731428,1,High
15923.0,0.774146,1,High
15924.0,0.904267,1,High
15925.0,0.689192,1,Medium
15926.0,0.898022,1,High
15927.0,0.914289,1,High
15928.0,0.857742,1,High
15929.0,0.821513,1,High
15931.0,0.78471,1,High
15932.0,0.306889,0,Medium
15934.0,0.672907,1,Medium
15935.0,0.730052,1,High
15936.0,0.765655,1,High
15938.0,0.477823,0,Medium
15939.0,0.11739,0,Low
15940.0,0.898006,1,High
15941.0,0.893474,1,High
15942.0,0.497372,0,Medium
15943.0,0.863121,1,High
15944.0,0.55407,1,Medium
15945.0,0.615806,1,Medium
15946.0,0.787763,1,High
15948.0,0.742599,1,High
15950.0,0.191934,0,Low
15951.0,0.678868,1,Medium
15952.0,0.544476,1,Medium
15953.0,0.263933,0,Low
15954.0,0.890874,1,High
15955.0,0.09549,0,Low
15956.0,0.782802,1,High
15957.0,0.73698,1,High
15958.0,0.746878,1,High
15959.0,0.795283,1,High
15960.0,0.773266,1,High
15961.0,0.760964,1,High
15962.0,0.779244,1,High
15964.0,0.866983,1,High
15965.0,0.378369,0,Medium
15966.0,0.776641,1,High
15967.0,0.403127,0,Medium
15968.0,0.780227,1,High
15969.0,0.534013,1,Medium
15970.0,0.669881,1,Medium
15971.0,0.14297,0,Low
15972.0,0.727182,1,High
15973.0,0.689959,1,Medium
15974.0,0.282418,0,Low
15976.0,0.381159,0,Medium
15978.0,0.652181,1,Medium
15979.0,0.841104,1,High
15980.0,0.467586,0,Medium
15981.0,0.1072,0,Low
15982.0,0.86512,1,High
15983.0,0.466708,0,Medium
15984.0,0.060985,0,Low
15985.0,0.273482,0,Low
15986.0,0.819362,1,High
15987.0,0.267453,0,Low
15988.0,0.766164,1,High
15989.0,0.752125,1,High
15990.0,0.458246,0,Medium
15991.0,0.893584,1,High
15992.0,0.648412,1,Medium
15994.0,0.701618,1,High
15995.0,0.688093,1,Medium
15996.0,0.338323,0,Medium
15998.0,0.101465,0,Low
15999.0,0.896354,1,High
16001.0,0.718123,1,High
16002.0,0.917569,1,High
16003.0,0.240313,0,Low
16004.0,0.704781,1,High
16005.0,0.271211,0,Low
16006.0,0.613806,1,Medium
16007.0,0.346208,0,Medium
16008.0,0.223884,0,Low
16009.0,0.528278,1,Medium
16010.0,0.466762,0,Medium
16011.0,0.092063,0,Low
16012.0,0.388824,0,Medium
16013.0,0.052904,0,Low
16014.0,0.479738,0,Medium
16016.0,0.313686,0,Medium
16017.0,0.643781,1,Medium
16018.0,0.539521,1,Medium
16019.0,0.079396,0,Low
16021.0,0.708054,1,High
16022.0,0.712139,1,High
16023.0,0.56263,1,Medium
16024.0,0.788362,1,High
16027.0,0.304043,0,Medium
16028.0,0.920726,1,High
16029.0,0.055143,0,Low
16030.0,0.782849,1,High
16031.0,0.464144,0,Medium
16032.0,0.713298,1,High
16033.0,0.11585,0,Low
16034.0,0.49847,0,Medium
16035.0,0.886148,1,High
16036.0,0.546072,1,Medium
16037.0,0.50189,1,Medium
16038.0,0.557327,1,Medium
16039.0,0.674881,1,Medium
16040.0,0.401467,0,Medium
16041.0,0.431727,0,Medium
16042.0,0.359738,0,Medium
16043.0,0.326641,0,Medium
16044.0,0.791431,1,High
16045.0,0.260487,0,Low
16046.0,0.862714,1,High
16047.0,0.912853,1,High
16048.0,0.639762,1,Medium
16049.0,0.619788,1,Medium
16050.0,0.59218,1,Medium
16051.0,0.915944,1,High
16053.0,0.374074,0,Medium
16054.0,0.469996,0,Medium
16055.0,0.830781,1,High
16057.0,0.216825,0,Low
16058.0,0.901287,1,High
16059.0,0.229756,0,Low
16060.0,0.700251,1,High
16061.0,0.88946,1,High
16062.0,0.27132,0,Low
16063.0,0.765768,1,High
16064.0,0.916422,1,High
16065.0,0.529817,1,Medium
16066.0,0.470991,0,Medium
16067.0,0.805003,1,High
16068.0,0.911817,1,High
16069.0,0.771826,1,High
16071.0,0.731803,1,High
16072.0,0.56935,1,Medium
16073.0,0.85218,1,High
16074.0,0.81363,1,High
16075.0,0.79439,1,High
16076.0,0.324145,0,Medium
16077.0,0.840972,1,High
16078.0,0.734537,1,High
16080.0,0.6434,1,Medium
16081.0,0.332902,0,Medium
16082.0,0.91952,1,High
16083.0,0.362346,0,Medium
16084.0,0.777918,1,High
16085.0,0.404579,0,Medium
16086.0,0.23562,0,Low
16087.0,0.553751,1,Medium
16088.0,0.800037,1,High
16089.0,0.756386,1,High
16090.0,0.888923,1,High
16091.0,0.523177,1,Medium
16092.0,0.381115,0,Medium
16093.0,0.609212,1,Medium
16094.0,0.352815,0,Medium
16095.0,0.785826,1,High
16096.0,0.562939,1,Medium
16097.0,0.827093,1,High
16098.0,0.158507,0,Low
16099.0,0.38412,0,Medium
16100.0,0.772813,1,High
16101.0,0.641976,1,Medium
16102.0,0.373649,0,Medium
16103.0,0.1393,0,Low
16104.0,0.596279,1,Medium
16105.0,0.475452,0,Medium
16107.0,0.450215,0,Medium
16108.0,0.659619,1,Medium
16109.0,0.550424,1,Medium
16110.0,0.609089,1,Medium
16111.0,0.755802,1,High
16112.0,0.609478,1,Medium
16113.0,0.692148,1,Medium
16114.0,0.732108,1,High
16115.0,0.303433,0,Medium
16116.0,0.623125,1,Medium
16117.0,0.559132,1,Medium
16118.0,0.845921,1,High
16119.0,0.593833,1,Medium
16120.0,0.656678,1,Medium
16121.0,0.538982,1,Medium
16122.0,0.383483,0,Medium
16124.0,0.589702,1,Medium
16125.0,0.499622,0,Medium
16126.0,0.073122,0,Low
16127.0,0.896373,1,High
16128.0,0.242868,0,Low
16129.0,0.634101,1,Medium
16130.0,0.703754,1,High
16131.0,0.128253,0,Low
16132.0,0.792567,1,High
16133.0,0.085834,0,Low
16134.0,0.566036,1,Medium
16135.0,0.637404,1,Medium
16136.0,0.722954,1,High
16137.0,0.851805,1,High
16138.0,0.608263,1,Medium
16139.0,0.469939,0,Medium
16140.0,0.620737,1,Medium
16141.0,0.786728,1,High
16142.0,0.690395,1,Medium
16143.0,0.178924,0,Low
16144.0,0.848159,1,High
16145.0,0.098245,0,Low
16146.0,0.479239,0,Medium
16147.0,0.390945,0,Medium
16148.0,0.739358,1,High
16149.0,0.48689,0,Medium
16150.0,0.237845,0,Low
16152.0,0.680079,1,Medium
16153.0,0.163296,0,Low
16155.0,0.6324,1,Medium
16156.0,0.114577,0,Low
16158.0,0.802774,1,High
16159.0,0.594086,1,Medium
16161.0,0.085883,0,Low
16162.0,0.882838,1,High
16163.0,0.441337,0,Medium
16165.0,0.911112,1,High
16166.0,0.762682,1,High
16167.0,0.603316,1,Medium
16168.0,0.056636,0,Low
16170.0,0.084521,0,Low
16172.0,0.341179,0,Medium
16173.0,0.469979,0,Medium
16174.0,0.318934,0,Medium
16175.0,0.378902,0,Medium
16176.0,0.633179,1,Medium
16177.0,0.635117,1,Medium
16178.0,0.517396,1,Medium
16180.0,0.116861,0,Low
16182.0,0.17604,0,Low
16183.0,0.68615,1,Medium
16184.0,0.396742,0,Medium
16185.0,0.673998,1,Medium
16186.0,0.062175,0,Low
16187.0,0.156445,0,Low
16188.0,0.412408,0,Medium
16190.0,0.483552,0,Medium
16191.0,0.38932,0,Medium
16192.0,0.85605,1,High
16193.0,0.605863,1,Medium
16194.0,0.77359,1,High
16195.0,0.866002,1,High
16196.0,0.90163,1,High
16197.0,0.674809,1,Medium
16198.0,0.753554,1,High
16199.0,0.690579,1,Medium
16200.0,0.151619,0,Low
16201.0,0.520703,1,Medium
16202.0,0.402374,0,Medium
16203.0,0.445778,0,Medium
16204.0,0.646628,1,Medium
16205.0,0.434104,0,Medium
16206.0,0.195604,0,Low
16208.0,0.398331,0,Medium
16209.0,0.250371,0,Low
16210.0,0.058426,0,Low
16211.0,0.677628,1,Medium
16212.0,0.615029,1,Medium
16214.0,0.390884,0,Medium
16216.0,0.739512,1,High
16217.0,0.72352,1,High
16218.0,0.159394,0,Low
16219.0,0.910334,1,High
16221.0,0.460789,0,Medium
16222.0,0.684656,1,Medium
16223.0,0.651933,1,Medium
16224.0,0.393402,0,Medium
16225.0,0.189804,0,Low
16226.0,0.555914,1,Medium
16227.0,0.594616,1,Medium
16228.0,0.65387,1,Medium
16229.0,0.371468,0,Medium
16230.0,0.534387,1,Medium
16231.0,0.640465,1,Medium
16232.0,0.30702,0,Medium
16233.0,0.502136,1,Medium
16234.0,0.856318,1,High
16235.0,0.329593,0,Medium
16237.0,0.854063,1,High
16238.0,0.894109,1,High
16239.0,0.373427,0,Medium
16241.0,0.173292,0,Low
16242.0,0.202033,0,Low
16244.0,0.478008,0,Medium
16245.0,0.453946,0,Medium
16246.0,0.75702,1,High
16247.0,0.676387,1,Medium
16249.0,0.360542,0,Medium
16250.0,0.59386,1,Medium
16251.0,0.904354,1,High
16252.0,0.774085,1,High
16253.0,0.377818,0,Medium
16254.0,0.647146,1,Medium
16255.0,0.1057,0,Low
16256.0,0.566837,1,Medium
16257.0,0.702463,1,High
16258.0,0.108601,0,Low
16259.0,0.758226,1,High
16261.0,0.463219,0,Medium
16262.0,0.685868,1,Medium
16263.0,0.785702,1,High
16264.0,0.682687,1,Medium
16265.0,0.187605,0,Low
16266.0,0.297698,0,Low
16267.0,0.889776,1,High
16269.0,0.712129,1,High
16270.0,0.695737,1,Medium
16271.0,0.252029,0,Low
16272.0,0.483017,0,Medium
16273.0,0.877931,1,High
16274.0,0.7125,1,High
16275.0,0.478382,0,Medium
16276.0,0.447009,0,Medium
16277.0,0.906631,1,High
16278.0,0.532285,1,Medium
16279.0,0.238681,0,Low
16280.0,0.866963,1,High
16281.0,0.665147,1,Medium
16282.0,0.620997,1,Medium
16283.0,0.304134,0,Medium
16284.0,0.767635,1,High
16285.0,0.918407,1,High
16286.0,0.831681,1,High
16287.0,0.43315,0,Medium
16288.0,0.890185,1,High
16289.0,0.869231,1,High
16290.0,0.76387,1,High
16291.0,0.904697,1,High
16292.0,0.429102,0,Medium
16293.0,0.190263,0,Low
16294.0,0.899252,1,High
16296.0,0.768558,1,High
16297.0,0.767113,1,High
16298.0,0.56165,1,Medium
16299.0,0.854761,1,High
16300.0,0.6679,1,Medium
16301.0,0.911482,1,High
16302.0,0.487574,0,Medium
16303.0,0.251503,0,Low
16304.0,0.862557,1,High
16305.0,0.511866,1,Medium
16306.0,0.449936,0,Medium
16307.0,0.676037,1,Medium
16308.0,0.250119,0,Low
16309.0,0.458092,0,Medium
16310.0,0.736047,1,High
16312.0,0.866456,1,High
16314.0,0.64283,1,Medium
16315.0,0.748595,1,High
16316.0,0.170637,0,Low
16317.0,0.398486,0,Medium
16319.0,0.780686,1,High
16320.0,0.26689,0,Low
16321.0,0.648037,1,Medium
16323.0,0.649499,1,Medium
16324.0,0.475326,0,Medium
16325.0,0.177973,0,Low
16326.0,0.189128,0,Low
16327.0,0.146422,0,Low
16328.0,0.857393,1,High
16329.0,0.647173,1,Medium
16330.0,0.55548,1,Medium
16331.0,0.645512,1,Medium
16332.0,0.415878,0,Medium
16333.0,0.123032,0,Low
16334.0,0.839322,1,High
16335.0,0.733101,1,High
16336.0,0.642606,1,Medium
16338.0,0.584437,1,Medium
16339.0,0.851595,1,High
16340.0,0.498946,0,Medium
16341.0,0.410259,0,Medium
16342.0,0.461623,0,Medium
16343.0,0.777927,1,High
16344.0,0.482311,0,Medium
16345.0,0.758827,1,High
16346.0,0.773379,1,High
16347.0,0.50009,1,Medium
16348.0,0.380094,0,Medium
16349.0,0.891144,1,High
16350.0,0.520813,1,Medium
16351.0,0.46234,0,Medium
16353.0,0.076362,0,Low
16354.0,0.61268,1,Medium
16355.0,0.781155,1,High
16356.0,0.652698,1,Medium
16357.0,0.518063,1,Medium
16358.0,0.417224,0,Medium
16359.0,0.190431,0,Low
16362.0,0.492118,0,Medium
16364.0,0.495676,0,Medium
16365.0,0.194765,0,Low
16366.0,0.760364,1,High
16367.0,0.643336,1,Medium
16368.0,0.854309,1,High
16369.0,0.404009,0,Medium
16370.0,0.438013,0,Medium
16371.0,0.837731,1,High
16372.0,0.661048,1,Medium
16373.0,0.771253,1,High
16374.0,0.579537,1,Medium
16375.0,0.892565,1,High
16377.0,0.595975,1,Medium
16378.0,0.722312,1,High
16381.0,0.78392,1,High
16382.0,0.759095,1,High
16383.0,0.399645,0,Medium
16384.0,0.571568,1,Medium
16385.0,0.499244,0,Medium
16386.0,0.616636,1,Medium
16387.0,0.619039,1,Medium
16388.0,0.918307,1,High
16389.0,0.553716,1,Medium
16390.0,0.817512,1,High
16391.0,0.633662,1,Medium
16392.0,0.599809,1,Medium
16393.0,0.103822,0,Low
16394.0,0.418258,0,Medium
16395.0,0.182523,0,Low
16396.0,0.89065,1,High
16397.0,0.914901,1,High
16398.0,0.41434,0,Medium
16399.0,0.636921,1,Medium
16400.0,0.251817,0,Low
16401.0,0.125082,0,Low
16402.0,0.683283,1,Medium
16403.0,0.830347,1,High
16405.0,0.843482,1,High
16406.0,0.743743,1,High
16407.0,0.201979,0,Low
16408.0,0.863374,1,High
16409.0,0.147826,0,Low
16410.0,0.849323,1,High
16411.0,0.630465,1,Medium
16412.0,0.696928,1,Medium
16413.0,0.771787,1,High
16414.0,0.650421,1,Medium
16415.0,0.772005,1,High
16416.0,0.533323,1,Medium
16417.0,0.895279,1,High
16418.0,0.458249,0,Medium
16419.0,0.342779,0,Medium
16420.0,0.8675,1,High
16421.0,0.712931,1,High
16422.0,0.060482,0,Low
16424.0,0.584054,1,Medium
16425.0,0.774381,1,High
16426.0,0.436694,0,Medium
16427.0,0.752445,1,High
16428.0,0.653429,1,Medium
16429.0,0.56309,1,Medium
16430.0,0.649383,1,Medium
16431.0,0.501301,1,Medium
16433.0,0.755955,1,High
16434.0,0.288516,0,Low
16435.0,0.782099,1,High
16436.0,0.864306,1,High
16437.0,0.767723,1,High
16439.0,0.890189,1,High
16440.0,0.607277,1,Medium
16441.0,0.588314,1,Medium
16442.0,0.558251,1,Medium
16443.0,0.886983,1,High
16444.0,0.153103,0,Low
16445.0,0.754667,1,High
16446.0,0.643491,1,Medium
16447.0,0.525012,1,Medium
16448.0,0.619816,1,Medium
16449.0,0.530366,1,Medium
16450.0,0.526371,1,Medium
16451.0,0.733908,1,High
16452.0,0.858835,1,High
16453.0,0.862233,1,High
16454.0,0.816357,1,High
16455.0,0.15791,0,Low
16456.0,0.118568,0,Low
16457.0,0.728821,1,High
16458.0,0.132154,0,Low
16459.0,0.926454,1,High
16461.0,0.515278,1,Medium
16462.0,0.589074,1,Medium
16463.0,0.640637,1,Medium
16464.0,0.519362,1,Medium
16465.0,0.663065,1,Medium
16466.0,0.170224,0,Low
16467.0,0.705019,1,High
16468.0,0.750946,1,High
16469.0,0.645944,1,Medium
16470.0,0.233386,0,Low
16471.0,0.572435,1,Medium
16472.0,0.739642,1,High
16473.0,0.564881,1,Medium
16474.0,0.507829,1,Medium
16475.0,0.480096,0,Medium
16476.0,0.790369,1,High
16477.0,0.191667,0,Low
16481.0,0.840169,1,High
16483.0,0.734847,1,High
16484.0,0.570246,1,Medium
16485.0,0.634494,1,Medium
16486.0,0.897102,1,High
16487.0,0.872551,1,High
16488.0,0.412688,0,Medium
16489.0,0.785658,1,High
16490.0,0.785773,1,High
16491.0,0.69766,1,Medium
16492.0,0.839222,1,High
16493.0,0.367289,0,Medium
16494.0,0.660722,1,Medium
16495.0,0.760467,1,High
16496.0,0.34803,0,Medium
16497.0,0.198796,0,Low
16498.0,0.741468,1,High
16499.0,0.523296,1,Medium
16500.0,0.656577,1,Medium
16501.0,0.699079,1,Medium
16502.0,0.856146,1,High
16503.0,0.222327,0,Low
16507.0,0.894563,1,High
16508.0,0.865967,1,High
16509.0,0.815865,1,High
16510.0,0.509969,1,Medium
16511.0,0.42807,0,Medium
16515.0,0.242666,0,Low
16517.0,0.815092,1,High
16518.0,0.602039,1,Medium
16519.0,0.697146,1,Medium
16520.0,0.343382,0,Medium
16521.0,0.651668,1,Medium
16522.0,0.783895,1,High
16523.0,0.086828,0,Low
16524.0,0.762018,1,High
16525.0,0.051196,0,Low
16526.0,0.593154,1,Medium
16527.0,0.70791,1,High
16529.0,0.421761,0,Medium
16530.0,0.924471,1,High
16531.0,0.271437,0,Low
16532.0,0.4231,0,Medium
16534.0,0.811794,1,High
16535.0,0.712522,1,High
16536.0,0.462702,0,Medium
16537.0,0.910358,1,High
16538.0,0.854077,1,High
16539.0,0.371793,0,Medium
16540.0,0.778806,1,High
16541.0,0.85388,1,High
16542.0,0.826347,1,High
16543.0,0.83991,1,High
16544.0,0.85142,1,High
16545.0,0.539563,1,Medium
16546.0,0.548413,1,Medium
16547.0,0.900959,1,High
16548.0,0.900726,1,High
16549.0,0.098374,0,Low
16550.0,0.080697,0,Low
16551.0,0.31581,0,Medium
16552.0,0.666638,1,Medium
16553.0,0.126523,0,Low
16554.0,0.380233,0,Medium
16555.0,0.378482,0,Medium
16556.0,0.076131,0,Low
16557.0,0.592679,1,Medium
16558.0,0.051391,0,Low
16559.0,0.861139,1,High
16560.0,0.424299,0,Medium
16562.0,0.843664,1,High
16563.0,0.585187,1,Medium
16564.0,0.919325,1,High
16565.0,0.664453,1,Medium
16566.0,0.517134,1,Medium
16567.0,0.455445,0,Medium
16568.0,0.713708,1,High
16569.0,0.759903,1,High
16570.0,0.113804,0,Low
16571.0,0.189118,0,Low
16572.0,0.458873,0,Medium
16573.0,0.766064,1,High
16574.0,0.672756,1,Medium
16576.0,0.710919,1,High
16577.0,0.870711,1,High
16578.0,0.898023,1,High
16579.0,0.779823,1,High
16581.0,0.695409,1,Medium
16582.0,0.47169,0,Medium
16583.0,0.716684,1,High
16584.0,0.511076,1,Medium
16585.0,0.858571,1,High
16586.0,0.629017,1,Medium
16587.0,0.782654,1,High
16588.0,0.594086,1,Medium
16589.0,0.527688,1,Medium
16590.0,0.716055,1,High
16592.0,0.089252,0,Low
16593.0,0.460143,0,Medium
16595.0,0.586676,1,Medium
16596.0,0.700394,1,High
16598.0,0.829621,1,High
16599.0,0.835137,1,High
16600.0,0.39308,0,Medium
16601.0,0.747414,1,High
16602.0,0.772966,1,High
16603.0,0.450347,0,Medium
16604.0,0.850848,1,High
16605.0,0.912994,1,High
16606.0,0.773654,1,High
16607.0,0.122227,0,Low
16608.0,0.76378,1,High
16609.0,0.306296,0,Medium
16610.0,0.861139,1,High
16611.0,0.406651,0,Medium
16612.0,0.263173,0,Low
16614.0,0.540298,1,Medium
16615.0,0.853263,1,High
16616.0,0.55881,1,Medium
16617.0,0.81427,1,High
16618.0,0.385568,0,Medium
16619.0,0.533775,1,Medium
16620.0,0.471808,0,Medium
16621.0,0.47928,0,Medium
16622.0,0.886622,1,High
16623.0,0.59319,1,Medium
16624.0,0.642154,1,Medium
16625.0,0.505369,1,Medium
16626.0,0.288175,0,Low
16628.0,0.397033,0,Medium
16629.0,0.467211,0,Medium
16630.0,0.871305,1,High
16631.0,0.739216,1,High
16632.0,0.84369,1,High
16633.0,0.443726,0,Medium
16634.0,0.423593,0,Medium
16635.0,0.749121,1,High
16636.0,0.674851,1,Medium
16637.0,0.466292,0,Medium
16638.0,0.195738,0,Low
16639.0,0.498479,0,Medium
16640.0,0.833205,1,High
16641.0,0.544683,1,Medium
16642.0,0.513647,1,Medium
16643.0,0.639452,1,Medium
16644.0,0.450852,0,Medium
16645.0,0.893119,1,High
16646.0,0.697135,1,Medium
16647.0,0.557771,1,Medium
16648.0,0.771302,1,High
16649.0,0.873547,1,High
16650.0,0.622177,1,Medium
16651.0,0.910276,1,High
16652.0,0.097054,0,Low
16654.0,0.362006,0,Medium
16655.0,0.166917,0,Low
16656.0,0.057236,0,Low
16657.0,0.423986,0,Medium
16658.0,0.673465,1,Medium
16659.0,0.741138,1,High
16660.0,0.468235,0,Medium
16661.0,0.757173,1,High
16662.0,0.861205,1,High
16663.0,0.889623,1,High
16664.0,0.9088,1,High
16665.0,0.853214,1,High
16666.0,0.908144,1,High
16667.0,0.784401,1,High
16668.0,0.364547,0,Medium
16670.0,0.074981,0,Low
16671.0,0.469423,0,Medium
16672.0,0.150663,0,Low
16673.0,0.895411,1,High
16674.0,0.570003,1,Medium
16675.0,0.727985,1,High
16676.0,0.379494,0,Medium
16677.0,0.674425,1,Medium
16678.0,0.253,0,Low
16679.0,0.677731,1,Medium
16680.0,0.77532,1,High
16681.0,0.414189,0,Medium
16682.0,0.392616,0,Medium
16683.0,0.846408,1,High
16684.0,0.074368,0,Low
16686.0,0.083287,0,Low
16687.0,0.836148,1,High
16690.0,0.629927,1,Medium
16691.0,0.830557,1,High
16692.0,0.518384,1,Medium
16693.0,0.594736,1,Medium
16694.0,0.913994,1,High
16695.0,0.879013,1,High
16696.0,0.445953,0,Medium
16697.0,0.846434,1,High
16698.0,0.567635,1,Medium
16699.0,0.579284,1,Medium
16700.0,0.077997,0,Low
16701.0,0.078117,0,Low
16702.0,0.643518,1,Medium
16704.0,0.74894,1,High
16705.0,0.059608,0,Low
16706.0,0.466075,0,Medium
16707.0,0.641605,1,Medium
16709.0,0.167145,0,Low
16710.0,0.092602,0,Low
16711.0,0.350299,0,Medium
16712.0,0.206963,0,Low
16713.0,0.067027,0,Low
16714.0,0.5248,1,Medium
16715.0,0.825118,1,High
16716.0,0.548356,1,Medium
16717.0,0.162903,0,Low
16718.0,0.550231,1,Medium
16719.0,0.16994,0,Low
16720.0,0.688755,1,Medium
16721.0,0.759844,1,High
16722.0,0.072588,0,Low
16723.0,0.499788,0,Medium
16724.0,0.85035,1,High
16725.0,0.508906,1,Medium
16726.0,0.33884,0,Medium
16727.0,0.577802,1,Medium
16728.0,0.50344,1,Medium
16729.0,0.15434,0,Low
16730.0,0.543653,1,Medium
16731.0,0.899084,1,High
16732.0,0.610828,1,Medium
16733.0,0.854223,1,High
16734.0,0.476021,0,Medium
16735.0,0.098401,0,Low
16736.0,0.726436,1,High
16737.0,0.834577,1,High
16738.0,0.876722,1,High
16739.0,0.55152,1,Medium
16740.0,0.771542,1,High
16741.0,0.918195,1,High
16742.0,0.635889,1,Medium
16743.0,0.125344,0,Low
16744.0,0.471643,0,Medium
16745.0,0.119066,0,Low
16746.0,0.05774,0,Low
16748.0,0.33195,0,Medium
16749.0,0.818526,1,High
16750.0,0.445639,0,Medium
16752.0,0.781114,1,High
16754.0,0.602257,1,Medium
16755.0,0.261108,0,Low
16756.0,0.437841,0,Medium
16757.0,0.772066,1,High
16760.0,0.784504,1,High
16761.0,0.47655,0,Medium
16762.0,0.505206,1,Medium
16763.0,0.581295,1,Medium
16764.0,0.441844,0,Medium
16765.0,0.697726,1,Medium
16766.0,0.679703,1,Medium
16767.0,0.134401,0,Low
16768.0,0.352519,0,Medium
16769.0,0.627467,1,Medium
16770.0,0.417249,0,Medium
16771.0,0.392779,0,Medium
16772.0,0.629357,1,Medium
16773.0,0.776792,1,High
16774.0,0.350104,0,Medium
16775.0,0.193852,0,Low
16776.0,0.777719,1,High
16777.0,0.587817,1,Medium
16778.0,0.85469,1,High
16779.0,0.05483,0,Low
16780.0,0.491498,0,Medium
16781.0,0.710778,1,High
16782.0,0.083306,0,Low
16783.0,0.787023,1,High
16784.0,0.613635,1,Medium
16785.0,0.735739,1,High
16786.0,0.893908,1,High
16787.0,0.628161,1,Medium
16788.0,0.430293,0,Medium
16791.0,0.161446,0,Low
16792.0,0.618891,1,Medium
16794.0,0.307315,0,Medium
16795.0,0.578185,1,Medium
16797.0,0.53905,1,Medium
16798.0,0.794147,1,High
16799.0,0.752672,1,High
16801.0,0.483337,0,Medium
16802.0,0.760413,1,High
16804.0,0.838475,1,High
16805.0,0.441934,0,Medium
16806.0,0.446316,0,Medium
16807.0,0.35924,0,Medium
16808.0,0.4775,0,Medium
16809.0,0.351592,0,Medium
16810.0,0.557461,1,Medium
16812.0,0.588001,1,Medium
16813.0,0.3029,0,Medium
16814.0,0.083086,0,Low
16815.0,0.799483,1,High
16816.0,0.516201,1,Medium
16817.0,0.237593,0,Low
16818.0,0.213446,0,Low
16819.0,0.873386,1,High
16820.0,0.469457,0,Medium
16821.0,0.865473,1,High
16822.0,0.898166,1,High
16823.0,0.384053,0,Medium
16824.0,0.534705,1,Medium
16825.0,0.410184,0,Medium
16827.0,0.76903,1,High
16828.0,0.615252,1,Medium
16829.0,0.534728,1,Medium
16830.0,0.660142,1,Medium
16831.0,0.916263,1,High
16832.0,0.644628,1,Medium
16833.0,0.461176,0,Medium
16834.0,0.598933,1,Medium
16835.0,0.449823,0,Medium
16836.0,0.50955,1,Medium
16837.0,0.275399,0,Low
16838.0,0.537072,1,Medium
16839.0,0.070987,0,Low
16840.0,0.898026,1,High
16841.0,0.148086,0,Low
16842.0,0.418575,0,Medium
16843.0,0.056445,0,Low
16844.0,0.789732,1,High
16845.0,0.861165,1,High
16846.0,0.736256,1,High
16847.0,0.844689,1,High
16848.0,0.648481,1,Medium
16849.0,0.737083,1,High
16850.0,0.782969,1,High
16852.0,0.729836,1,High
16854.0,0.637305,1,Medium
16856.0,0.765427,1,High
16857.0,0.789017,1,High
16858.0,0.477247,0,Medium
16859.0,0.349063,0,Medium
16860.0,0.72997,1,High
16861.0,0.485872,0,Medium
16862.0,0.734641,1,High
16863.0,0.630033,1,Medium
16864.0,0.762698,1,High
16865.0,0.840654,1,High
16866.0,0.627508,1,Medium
16867.0,0.929011,1,High
16868.0,0.74515,1,High
16869.0,0.549434,1,Medium
16870.0,0.809781,1,High
16871.0,0.394258,0,Medium
16872.0,0.395771,0,Medium
16873.0,0.124588,0,Low
16874.0,0.804359,1,High
16875.0,0.190982,0,Low
16876.0,0.840402,1,High
16877.0,0.592051,1,Medium
16880.0,0.323327,0,Medium
16882.0,0.729824,1,High
16883.0,0.369624,0,Medium
16884.0,0.790842,1,High
16885.0,0.762828,1,High
16886.0,0.877615,1,High
16887.0,0.718918,1,High
16888.0,0.734102,1,High
16889.0,0.31749,0,Medium
16890.0,0.850085,1,High
16891.0,0.35359,0,Medium
16892.0,0.592164,1,Medium
16893.0,0.763214,1,High
16894.0,0.777315,1,High
16895.0,0.683775,1,Medium
16896.0,0.904309,1,High
16897.0,0.789914,1,High
16898.0,0.473881,0,Medium
16899.0,0.418667,0,Medium
16901.0,0.885086,1,High
16902.0,0.512293,1,Medium
16903.0,0.63199,1,Medium
16904.0,0.148879,0,Low
16905.0,0.337777,0,Medium
16906.0,0.446742,0,Medium
16907.0,0.35862,0,Medium
16908.0,0.892841,1,High
16910.0,0.515045,1,Medium
16911.0,0.863858,1,High
16912.0,0.20053,0,Low
16913.0,0.715905,1,High
16915.0,0.373823,0,Medium
16916.0,0.614109,1,Medium
16917.0,0.594857,1,Medium
16918.0,0.161385,0,Low
16919.0,0.174893,0,Low
16920.0,0.820784,1,High
16921.0,0.760061,1,High
16922.0,0.797686,1,High
16923.0,0.064782,0,Low
16925.0,0.896366,1,High
16926.0,0.66268,1,Medium
16927.0,0.430633,0,Medium
16928.0,0.135399,0,Low
16929.0,0.475261,0,Medium
16931.0,0.155781,0,Low
16932.0,0.754668,1,High
16933.0,0.364506,0,Medium
16934.0,0.638307,1,Medium
16935.0,0.694755,1,Medium
16936.0,0.773817,1,High
16937.0,0.85497,1,High
16938.0,0.184141,0,Low
16939.0,0.815145,1,High
16940.0,0.206945,0,Low
16941.0,0.901812,1,High
16942.0,0.343587,0,Medium
16943.0,0.536998,1,Medium
16944.0,0.910125,1,High
16945.0,0.060119,0,Low
16946.0,0.632329,1,Medium
16947.0,0.538999,1,Medium
16948.0,0.388009,0,Medium
16949.0,0.471232,0,Medium
16950.0,0.223636,0,Low
16951.0,0.41486,0,Medium
16952.0,0.498752,0,Medium
16954.0,0.092684,0,Low
16955.0,0.406675,0,Medium
16957.0,0.722312,1,High
16958.0,0.719699,1,High
16960.0,0.40983,0,Medium
16961.0,0.523673,1,Medium
16962.0,0.778295,1,High
16963.0,0.744794,1,High
16964.0,0.880104,1,High
16965.0,0.747535,1,High
16966.0,0.374856,0,Medium
16967.0,0.634974,1,Medium
16968.0,0.474458,0,Medium
16969.0,0.403432,0,Medium
16970.0,0.924194,1,High
16972.0,0.712801,1,High
16973.0,0.857477,1,High
16974.0,0.8634,1,High
16975.0,0.68859,1,Medium
16976.0,0.781455,1,High
16977.0,0.718275,1,High
16978.0,0.856675,1,High
16979.0,0.373511,0,Medium
16980.0,0.556072,1,Medium
16983.0,0.217654,0,Low
16984.0,0.174443,0,Low
16985.0,0.12505,0,Low
16986.0,0.636353,1,Medium
16987.0,0.381852,0,Medium
16988.0,0.77277,1,High
16989.0,0.413354,0,Medium
16990.0,0.694629,1,Medium
16991.0,0.701085,1,High
16992.0,0.199152,0,Low
16993.0,0.814874,1,High
16996.0,0.28981,0,Low
16997.0,0.603298,1,Medium
16998.0,0.582466,1,Medium
17000.0,0.752635,1,High
17001.0,0.098833,0,Low
17002.0,0.415387,0,Medium
17003.0,0.63302,1,Medium
17004.0,0.405404,0,Medium
17005.0,0.753255,1,High
17006.0,0.661144,1,Medium
17007.0,0.463949,0,Medium
17008.0,0.899311,1,High
17009.0,0.840063,1,High
17011.0,0.803654,1,High
17012.0,0.858115,1,High
17015.0,0.548739,1,Medium
17016.0,0.799403,1,High
17017.0,0.085493,0,Low
17018.0,0.574056,1,Medium
17019.0,0.338643,0,Medium
17020.0,0.785499,1,High
17021.0,0.679487,1,Medium
17022.0,0.858536,1,High
17023.0,0.647522,1,Medium
17024.0,0.561208,1,Medium
17025.0,0.596732,1,Medium
17026.0,0.624857,1,Medium
17027.0,0.406963,0,Medium
17028.0,0.781485,1,High
17029.0,0.346419,0,Medium
17031.0,0.370604,0,Medium
17032.0,0.736797,1,High
17033.0,0.547118,1,Medium
17034.0,0.590333,1,Medium
17035.0,0.58302,1,Medium
17036.0,0.859932,1,High
17038.0,0.693654,1,Medium
17039.0,0.835952,1,High
17040.0,0.555966,1,Medium
17041.0,0.418792,0,Medium
17042.0,0.37757,0,Medium
17043.0,0.391661,0,Medium
17044.0,0.511657,1,Medium
17045.0,0.48348,0,Medium
17046.0,0.419093,0,Medium
17047.0,0.418351,0,Medium
17048.0,0.382652,0,Medium
17049.0,0.127023,0,Low
17050.0,0.18377,0,Low
17051.0,0.535413,1,Medium
17053.0,0.479105,0,Medium
17054.0,0.376539,0,Medium
17055.0,0.802794,1,High
17056.0,0.898615,1,High
17057.0,0.856381,1,High
17058.0,0.521608,1,Medium
17059.0,0.210847,0,Low
17060.0,0.762718,1,High
17061.0,0.216244,0,Low
17062.0,0.567755,1,Medium
17063.0,0.200936,0,Low
17064.0,0.544915,1,Medium
17065.0,0.890929,1,High
17066.0,0.869733,1,High
17067.0,0.797,1,High
17068.0,0.084413,0,Low
17069.0,0.17929,0,Low
17070.0,0.512102,1,Medium
17071.0,0.211783,0,Low
17072.0,0.85635,1,High
17073.0,0.477745,0,Medium
17074.0,0.879488,1,High
17075.0,0.362487,0,Medium
17076.0,0.579453,1,Medium
17077.0,0.88096,1,High
17080.0,0.627489,1,Medium
17081.0,0.625126,1,Medium
17082.0,0.522491,1,Medium
17083.0,0.217025,0,Low
17084.0,0.671405,1,Medium
17085.0,0.082279,0,Low
17087.0,0.859379,1,High
17088.0,0.488597,0,Medium
17089.0,0.859794,1,High
17090.0,0.283007,0,Low
17091.0,0.079696,0,Low
17092.0,0.173634,0,Low
17093.0,0.865739,1,High
17094.0,0.765732,1,High
17095.0,0.429505,0,Medium
17096.0,0.236865,0,Low
17097.0,0.388226,0,Medium
17098.0,0.69217,1,Medium
17099.0,0.784409,1,High
17101.0,0.505227,1,Medium
17102.0,0.882681,1,High
17103.0,0.83569,1,High
17104.0,0.760919,1,High
17105.0,0.450446,0,Medium
17106.0,0.750752,1,High
17107.0,0.187252,0,Low
17108.0,0.913128,1,High
17109.0,0.572259,1,Medium
17110.0,0.543891,1,Medium
17111.0,0.772923,1,High
17112.0,0.856706,1,High
17113.0,0.732448,1,High
17114.0,0.495125,0,Medium
17115.0,0.348487,0,Medium
17116.0,0.826876,1,High
17117.0,0.84267,1,High
17118.0,0.833584,1,High
17120.0,0.747149,1,High
17121.0,0.779441,1,High
17122.0,0.514296,1,Medium
17123.0,0.5096,1,Medium
17124.0,0.630601,1,Medium
17126.0,0.24959,0,Low
17127.0,0.692923,1,Medium
17128.0,0.854405,1,High
17129.0,0.898938,1,High
17132.0,0.734508,1,High
17133.0,0.20504,0,Low
17134.0,0.48208,0,Medium
17135.0,0.50431,1,Medium
17136.0,0.867736,1,High
17137.0,0.653408,1,Medium
17138.0,0.447415,0,Medium
17139.0,0.08753,0,Low
17140.0,0.713939,1,High
17141.0,0.634736,1,Medium
17142.0,0.597964,1,Medium
17143.0,0.719804,1,High
17145.0,0.798774,1,High
17146.0,0.19362,0,Low
17147.0,0.326798,0,Medium
17149.0,0.847135,1,High
17150.0,0.588191,1,Medium
17151.0,0.890653,1,High
17152.0,0.497407,0,Medium
17155.0,0.452035,0,Medium
17156.0,0.771535,1,High
17157.0,0.166828,0,Low
17158.0,0.524338,1,Medium
17159.0,0.540401,1,Medium
17160.0,0.075062,0,Low
17161.0,0.721744,1,High
17162.0,0.2642,0,Low
17163.0,0.688456,1,Medium
17164.0,0.411004,0,Medium
17165.0,0.453344,0,Medium
17166.0,0.723278,1,High
17167.0,0.635534,1,Medium
17168.0,0.837247,1,High
17169.0,0.582551,1,Medium
17170.0,0.849686,1,High
17171.0,0.728711,1,High
17172.0,0.622809,1,Medium
17173.0,0.474801,0,Medium
17174.0,0.86215,1,High
17175.0,0.42449,0,Medium
17176.0,0.552315,1,Medium
17177.0,0.897309,1,High
17178.0,0.860629,1,High
17179.0,0.41886,0,Medium
17180.0,0.346718,0,Medium
17181.0,0.674674,1,Medium
17182.0,0.766471,1,High
17183.0,0.470504,0,Medium
17184.0,0.855973,1,High
17185.0,0.873563,1,High
17187.0,0.610515,1,Medium
17188.0,0.195489,0,Low
17189.0,0.458742,0,Medium
17190.0,0.372864,0,Medium
17191.0,0.126949,0,Low
17192.0,0.920028,1,High
17193.0,0.50543,1,Medium
17194.0,0.607546,1,Medium
17195.0,0.805475,1,High
17196.0,0.789736,1,High
17198.0,0.670248,1,Medium
17199.0,0.876617,1,High
17200.0,0.72013,1,High
17201.0,0.747468,1,High
17202.0,0.862264,1,High
17203.0,0.607995,1,Medium
17204.0,0.213542,0,Low
17205.0,0.620342,1,Medium
17207.0,0.859343,1,High
17208.0,0.839762,1,High
17209.0,0.752176,1,High
17210.0,0.77373,1,High
17211.0,0.216939,0,Low
17212.0,0.55698,1,Medium
17213.0,0.186954,0,Low
17214.0,0.611377,1,Medium
17215.0,0.877806,1,High
17216.0,0.921261,1,High
17217.0,0.713275,1,High
17218.0,0.272737,0,Low
17219.0,0.831976,1,High
17220.0,0.150606,0,Low
17221.0,0.739081,1,High
17222.0,0.693546,1,Medium
17223.0,0.688409,1,Medium
17224.0,0.906797,1,High
17225.0,0.905129,1,High
17226.0,0.588955,1,Medium
17227.0,0.310701,0,Medium
17228.0,0.310381,0,Medium
17229.0,0.465656,0,Medium
17230.0,0.372677,0,Medium
17231.0,0.095711,0,Low
17233.0,0.750709,1,High
17234.0,0.729235,1,High
17235.0,0.525345,1,Medium
17236.0,0.353333,0,Medium
17237.0,0.677381,1,Medium
17238.0,0.094869,0,Low
17239.0,0.629959,1,Medium
17240.0,0.900544,1,High
17241.0,0.477227,0,Medium
17242.0,0.366662,0,Medium
17243.0,0.052789,0,Low
17244.0,0.570517,1,Medium
17245.0,0.628889,1,Medium
17246.0,0.808096,1,High
17248.0,0.547584,1,Medium
17249.0,0.89631,1,High
17250.0,0.82698,1,High
17251.0,0.636795,1,Medium
17252.0,0.465783,0,Medium
17254.0,0.748866,1,High
17255.0,0.596071,1,Medium
17256.0,0.577356,1,Medium
17257.0,0.834597,1,High
17258.0,0.75326,1,High
17259.0,0.406149,0,Medium
17260.0,0.861657,1,High
17261.0,0.857087,1,High
17262.0,0.369025,0,Medium
17263.0,0.770481,1,High
17264.0,0.774271,1,High
17265.0,0.472346,0,Medium
17266.0,0.528779,1,Medium
17267.0,0.486967,0,Medium
17268.0,0.315829,0,Medium
17269.0,0.72594,1,High
17270.0,0.72751,1,High
17271.0,0.864579,1,High
17272.0,0.395998,0,Medium
17273.0,0.830977,1,High
17274.0,0.744258,1,High
17275.0,0.861272,1,High
17276.0,0.752976,1,High
17277.0,0.637628,1,Medium
17278.0,0.718476,1,High
17280.0,0.856529,1,High
17281.0,0.686241,1,Medium
17282.0,0.383513,0,Medium
17283.0,0.823293,1,High
17284.0,0.251908,0,Low
17285.0,0.861521,1,High
17286.0,0.779267,1,High
17287.0,0.145047,0,Low
17288.0,0.281717,0,Low
17289.0,0.372467,0,Medium
17290.0,0.549976,1,Medium
17291.0,0.790593,1,High
17292.0,0.844157,1,High
17293.0,0.156044,0,Low
17294.0,0.818475,1,High
17296.0,0.861362,1,High
17298.0,0.439476,0,Medium
17299.0,0.488037,0,Medium
17300.0,0.696821,1,Medium
17301.0,0.913342,1,High
17302.0,0.457051,0,Medium
17303.0,0.772003,1,High
17304.0,0.904083,1,High
17305.0,0.838875,1,High
17306.0,0.107467,0,Low
17307.0,0.521529,1,Medium
17308.0,0.62155,1,Medium
17309.0,0.559986,1,Medium
17310.0,0.674752,1,Medium
17311.0,0.526,1,Medium
17312.0,0.464071,0,Medium
17314.0,0.114153,0,Low
17315.0,0.100297,0,Low
17316.0,0.861704,1,High
17318.0,0.917183,1,High
17319.0,0.903247,1,High
17320.0,0.341649,0,Medium
17321.0,0.629866,1,Medium
17322.0,0.59825,1,Medium
17323.0,0.327704,0,Medium
17324.0,0.387759,0,Medium
17325.0,0.598686,1,Medium
17326.0,0.758375,1,High
17327.0,0.840443,1,High
17328.0,0.91463,1,High
17329.0,0.596637,1,Medium
17330.0,0.78812,1,High
17331.0,0.60219,1,Medium
17332.0,0.744937,1,High
17334.0,0.613741,1,Medium
17335.0,0.715038,1,High
17336.0,0.915871,1,High
17337.0,0.385058,0,Medium
17338.0,0.097543,0,Low
17339.0,0.547833,1,Medium
17340.0,0.096883,0,Low
17341.0,0.395944,0,Medium
17342.0,0.630603,1,Medium
17343.0,0.57351,1,Medium
17344.0,0.856959,1,High
17345.0,0.321686,0,Medium
17346.0,0.12019,0,Low
17348.0,0.487733,0,Medium
17349.0,0.466901,0,Medium
17350.0,0.605439,1,Medium
17351.0,0.347249,0,Medium
17352.0,0.902855,1,High
17353.0,0.450888,0,Medium
17354.0,0.665902,1,Medium
17355.0,0.775484,1,High
17356.0,0.536896,1,Medium
17358.0,0.602955,1,Medium
17359.0,0.909192,1,High
17360.0,0.477135,0,Medium
17361.0,0.520498,1,Medium
17362.0,0.574714,1,Medium
17363.0,0.643573,1,Medium
17364.0,0.07561,0,Low
17365.0,0.145076,0,Low
17366.0,0.720723,1,High
17367.0,0.809584,1,High
17368.0,0.173252,0,Low
17369.0,0.778838,1,High
17370.0,0.459188,0,Medium
17371.0,0.726647,1,High
17372.0,0.158561,0,Low
17373.0,0.449815,0,Medium
17374.0,0.602579,1,Medium
17375.0,0.50124,1,Medium
17376.0,0.739973,1,High
17377.0,0.067033,0,Low
17378.0,0.890178,1,High
17380.0,0.728392,1,High
17381.0,0.095849,0,Low
17382.0,0.73193,1,High
17383.0,0.842038,1,High
17384.0,0.697646,1,Medium
17386.0,0.340509,0,Medium
17388.0,0.199647,0,Low
17389.0,0.051851,0,Low
17390.0,0.853774,1,High
17391.0,0.502687,1,Medium
17392.0,0.607231,1,Medium
17393.0,0.771192,1,High
17394.0,0.7422,1,High
17395.0,0.907605,1,High
17396.0,0.181061,0,Low
17397.0,0.715551,1,High
17398.0,0.469177,0,Medium
17400.0,0.260939,0,Low
17401.0,0.894597,1,High
17402.0,0.137976,0,Low
17403.0,0.843778,1,High
17404.0,0.095351,0,Low
17405.0,0.518687,1,Medium
17406.0,0.485762,0,Medium
17407.0,0.707642,1,High
17408.0,0.594857,1,Medium
17409.0,0.15184,0,Low
17410.0,0.449317,0,Medium
17411.0,0.605892,1,Medium
17412.0,0.19989,0,Low
17413.0,0.704638,1,High
17414.0,0.384429,0,Medium
17416.0,0.072838,0,Low
17417.0,0.91377,1,High
17418.0,0.701265,1,High
17419.0,0.14212,0,Low
17420.0,0.45786,0,Medium
17421.0,0.600145,1,Medium
17422.0,0.18155,0,Low
17423.0,0.53449,1,Medium
17426.0,0.117225,0,Low
17428.0,0.058639,0,Low
17429.0,0.342493,0,Medium
17430.0,0.616865,1,Medium
17431.0,0.777142,1,High
17432.0,0.490009,0,Medium
17433.0,0.771302,1,High
17435.0,0.78557,1,High
17436.0,0.606569,1,Medium
17437.0,0.8467,1,High
17438.0,0.570051,1,Medium
17439.0,0.842709,1,High
17440.0,0.634629,1,Medium
17441.0,0.855777,1,High
17442.0,0.103117,0,Low
17443.0,0.660788,1,Medium
17444.0,0.413256,0,Medium
17446.0,0.685042,1,Medium
17448.0,0.782035,1,High
17449.0,0.187109,0,Low
17450.0,0.11181,0,Low
17451.0,0.478089,0,Medium
17454.0,0.356573,0,Medium
17455.0,0.721397,1,High
17456.0,0.635974,1,Medium
17457.0,0.141174,0,Low
17458.0,0.770956,1,High
17460.0,0.281654,0,Low
17462.0,0.729429,1,High
17463.0,0.408254,0,Medium
17464.0,0.532498,1,Medium
17465.0,0.635958,1,Medium
17467.0,0.866774,1,High
17468.0,0.888418,1,High
17469.0,0.128977,0,Low
17470.0,0.210582,0,Low
17471.0,0.836946,1,High
17472.0,0.537383,1,Medium
17473.0,0.711806,1,High
17474.0,0.838456,1,High
17476.0,0.715062,1,High
17477.0,0.814822,1,High
17478.0,0.684003,1,Medium
17479.0,0.853508,1,High
17480.0,0.781798,1,High
17481.0,0.465785,0,Medium
17482.0,0.800248,1,High
17483.0,0.474545,0,Medium
17484.0,0.832327,1,High
17486.0,0.765741,1,High
17487.0,0.906518,1,High
17488.0,0.87094,1,High
17489.0,0.664113,1,Medium
17490.0,0.529212,1,Medium
17491.0,0.132396,0,Low
17492.0,0.606677,1,Medium
17493.0,0.875452,1,High
17494.0,0.91449,1,High
17495.0,0.77379,1,High
17496.0,0.585589,1,Medium
17497.0,0.759205,1,High
17499.0,0.591775,1,Medium
17501.0,0.72761,1,High
17504.0,0.231876,0,Low
17505.0,0.381314,0,Medium
17507.0,0.622591,1,Medium
17508.0,0.422288,0,Medium
17510.0,0.77433,1,High
17511.0,0.054847,0,Low
17512.0,0.085287,0,Low
17513.0,0.713255,1,High
17514.0,0.568701,1,Medium
17515.0,0.373899,0,Medium
17516.0,0.415133,0,Medium
17517.0,0.827997,1,High
17518.0,0.759433,1,High
17519.0,0.097848,0,Low
17521.0,0.498528,0,Medium
17522.0,0.387999,0,Medium
17524.0,0.637986,1,Medium
17525.0,0.664718,1,Medium
17526.0,0.414217,0,Medium
17527.0,0.47944,0,Medium
17529.0,0.800318,1,High
17530.0,0.317723,0,Medium
17531.0,0.576197,1,Medium
17532.0,0.898693,1,High
17533.0,0.890334,1,High
17534.0,0.659027,1,Medium
17535.0,0.816376,1,High
17536.0,0.592604,1,Medium
17537.0,0.683892,1,Medium
17539.0,0.771755,1,High
17540.0,0.602892,1,Medium
17541.0,0.904691,1,High
17542.0,0.689316,1,Medium
17543.0,0.911445,1,High
17544.0,0.663684,1,Medium
17545.0,0.628714,1,Medium
17547.0,0.693944,1,Medium
17548.0,0.567555,1,Medium
17550.0,0.296947,0,Low
17551.0,0.773946,1,High
17552.0,0.449111,0,Medium
17553.0,0.438283,0,Medium
17554.0,0.39555,0,Medium
17555.0,0.617538,1,Medium
17556.0,0.6102,1,Medium
17557.0,0.877153,1,High
17558.0,0.809752,1,High
17559.0,0.882049,1,High
17560.0,0.343294,0,Medium
17561.0,0.668198,1,Medium
17562.0,0.427998,0,Medium
17563.0,0.846039,1,High
17565.0,0.910375,1,High
17567.0,0.239234,0,Low
17568.0,0.856618,1,High
17569.0,0.78215,1,High
17570.0,0.880144,1,High
17571.0,0.482396,0,Medium
17572.0,0.481297,0,Medium
17573.0,0.525647,1,Medium
17574.0,0.839283,1,High
17575.0,0.917985,1,High
17576.0,0.061356,0,Low
17577.0,0.86072,1,High
17578.0,0.585335,1,Medium
17579.0,0.527503,1,Medium
17580.0,0.673104,1,Medium
17581.0,0.05634,0,Low
17582.0,0.55819,1,Medium
17583.0,0.911497,1,High
17584.0,0.367859,0,Medium
17585.0,0.299714,0,Low
17586.0,0.916253,1,High
17587.0,0.917567,1,High
17588.0,0.296742,0,Low
17589.0,0.111421,0,Low
17591.0,0.323353,0,Medium
17592.0,0.8925,1,High
17593.0,0.119312,0,Low
17594.0,0.535108,1,Medium
17596.0,0.126562,0,Low
17597.0,0.42266,0,Medium
17598.0,0.780209,1,High
17599.0,0.911706,1,High
17601.0,0.698074,1,Medium
17602.0,0.177177,0,Low
17603.0,0.755659,1,High
17604.0,0.570938,1,Medium
17605.0,0.913858,1,High
17606.0,0.915326,1,High
17607.0,0.782699,1,High
17608.0,0.730619,1,High
17609.0,0.502578,1,Medium
17610.0,0.712071,1,High
17611.0,0.075913,0,Low
17612.0,0.088112,0,Low
17613.0,0.221049,0,Low
17615.0,0.504882,1,Medium
17616.0,0.496011,0,Medium
17617.0,0.84896,1,High
17618.0,0.361439,0,Medium
17619.0,0.77079,1,High
17621.0,0.532956,1,Medium
17622.0,0.801825,1,High
17623.0,0.615349,1,Medium
17624.0,0.546044,1,Medium
17625.0,0.254307,0,Low
17626.0,0.860599,1,High
17627.0,0.800609,1,High
17629.0,0.285314,0,Low
17630.0,0.538752,1,Medium
17631.0,0.426674,0,Medium
17633.0,0.412418,0,Medium
17634.0,0.334695,0,Medium
17635.0,0.673013,1,Medium
17637.0,0.475749,0,Medium
17638.0,0.774784,1,High
17639.0,0.654525,1,Medium
17640.0,0.555368,1,Medium
17642.0,0.425252,0,Medium
17643.0,0.703063,1,High
17644.0,0.12602,0,Low
17646.0,0.348866,0,Medium
17647.0,0.867438,1,High
17648.0,0.391335,0,Medium
17649.0,0.449901,0,Medium
17651.0,0.20561,0,Low
17652.0,0.285386,0,Low
17653.0,0.405232,0,Medium
17654.0,0.842433,1,High
17655.0,0.266289,0,Low
17656.0,0.435333,0,Medium
17657.0,0.864048,1,High
17658.0,0.642951,1,Medium
17659.0,0.213057,0,Low
17660.0,0.573497,1,Medium
17662.0,0.858592,1,High
17663.0,0.170755,0,Low
17664.0,0.504554,1,Medium
17665.0,0.789216,1,High
17666.0,0.767194,1,High
17667.0,0.242742,0,Low
17669.0,0.213356,0,Low
17670.0,0.745719,1,High
17671.0,0.39654,0,Medium
17672.0,0.466973,0,Medium
17673.0,0.174787,0,Low
17674.0,0.657328,1,Medium
17675.0,0.051964,0,Low
17676.0,0.306343,0,Medium
17677.0,0.057262,0,Low
17678.0,0.628096,1,Medium
17679.0,0.701968,1,High
17680.0,0.763106,1,High
17681.0,0.756503,1,High
17682.0,0.205237,0,Low
17683.0,0.60214,1,Medium
17685.0,0.3606,0,Medium
17686.0,0.209137,0,Low
17687.0,0.781092,1,High
17688.0,0.775785,1,High
17689.0,0.759477,1,High
17690.0,0.106522,0,Low
17691.0,0.612634,1,Medium
17692.0,0.203244,0,Low
17693.0,0.538088,1,Medium
17694.0,0.493816,0,Medium
17695.0,0.419725,0,Medium
17696.0,0.065265,0,Low
17697.0,0.761108,1,High
17698.0,0.809767,1,High
17699.0,0.827496,1,High
17700.0,0.118173,0,Low
17701.0,0.761912,1,High
17702.0,0.314899,0,Medium
17703.0,0.433895,0,Medium
17704.0,0.534853,1,Medium
17705.0,0.358345,0,Medium
17706.0,0.063025,0,Low
17707.0,0.545193,1,Medium
17708.0,0.487555,0,Medium
17709.0,0.578049,1,Medium
17710.0,0.777406,1,High
17711.0,0.75941,1,High
17713.0,0.608977,1,Medium
17714.0,0.617631,1,Medium
17715.0,0.561381,1,Medium
17716.0,0.061974,0,Low
17717.0,0.752018,1,High
17718.0,0.705263,1,High
17719.0,0.202959,0,Low
17720.0,0.242939,0,Low
17721.0,0.865087,1,High
17722.0,0.322801,0,Medium
17723.0,0.279805,0,Low
17724.0,0.564004,1,Medium
17725.0,0.239228,0,Low
17726.0,0.64509,1,Medium
17728.0,0.637209,1,Medium
17729.0,0.844642,1,High
17730.0,0.102393,0,Low
17731.0,0.462802,0,Medium
17732.0,0.54128,1,Medium
17733.0,0.773942,1,High
17734.0,0.431588,0,Medium
17735.0,0.09694,0,Low
17736.0,0.472567,0,Medium
17738.0,0.17627,0,Low
17739.0,0.204678,0,Low
17740.0,0.765766,1,High
17741.0,0.83431,1,High
17742.0,0.296633,0,Low
17743.0,0.785489,1,High
17744.0,0.489261,0,Medium
17745.0,0.788844,1,High
17746.0,0.560329,1,Medium
17747.0,0.645279,1,Medium
17748.0,0.85384,1,High
17749.0,0.531493,1,Medium
17750.0,0.327553,0,Medium
17751.0,0.838944,1,High
17752.0,0.862873,1,High
17753.0,0.824764,1,High
17754.0,0.136348,0,Low
17756.0,0.626992,1,Medium
17757.0,0.076669,0,Low
17758.0,0.255465,0,Low
17759.0,0.523645,1,Medium
17760.0,0.596228,1,Medium
17762.0,0.860798,1,High
17763.0,0.710668,1,High
17764.0,0.508029,1,Medium
17765.0,0.555109,1,Medium
17766.0,0.77463,1,High
17767.0,0.846367,1,High
17768.0,0.417831,0,Medium
17769.0,0.183094,0,Low
17770.0,0.47791,0,Medium
17771.0,0.76007,1,High
17772.0,0.796362,1,High
17773.0,0.781576,1,High
17774.0,0.211355,0,Low
17775.0,0.873159,1,High
17776.0,0.750871,1,High
17777.0,0.516901,1,Medium
17778.0,0.868063,1,High
17779.0,0.500338,1,Medium
17780.0,0.870277,1,High
17781.0,0.711786,1,High
17782.0,0.656702,1,Medium
17783.0,0.714153,1,High
17784.0,0.913349,1,High
17785.0,0.768937,1,High
17786.0,0.853661,1,High
17787.0,0.371115,0,Medium
17788.0,0.581287,1,Medium
17789.0,0.730693,1,High
17790.0,0.266562,0,Low
17792.0,0.844507,1,High
17794.0,0.899965,1,High
17795.0,0.569223,1,Medium
17796.0,0.596994,1,Medium
17797.0,0.387622,0,Medium
17798.0,0.896074,1,High
17799.0,0.081493,0,Low
17800.0,0.40534,0,Medium
17801.0,0.663343,1,Medium
17802.0,0.206273,0,Low
17803.0,0.83576,1,High
17804.0,0.738975,1,High
17805.0,0.804019,1,High
17807.0,0.737188,1,High
17808.0,0.874994,1,High
17809.0,0.1481,0,Low
17810.0,0.862791,1,High
17811.0,0.110481,0,Low
17812.0,0.599289,1,Medium
17814.0,0.630164,1,Medium
17815.0,0.689842,1,Medium
17816.0,0.62656,1,Medium
17817.0,0.606936,1,Medium
17818.0,0.897891,1,High
17819.0,0.208673,0,Low
17820.0,0.831917,1,High
17821.0,0.784877,1,High
17822.0,0.615036,1,Medium
17823.0,0.745122,1,High
17825.0,0.743194,1,High
17826.0,0.85228,1,High
17827.0,0.436502,0,Medium
17828.0,0.444961,0,Medium
17829.0,0.524119,1,Medium
17830.0,0.740533,1,High
17833.0,0.870899,1,High
17834.0,0.640639,1,Medium
17837.0,0.488362,0,Medium
17838.0,0.453163,0,Medium
17840.0,0.835928,1,High
17841.0,0.057258,0,Low
17842.0,0.867118,1,High
17843.0,0.757577,1,High
17844.0,0.663614,1,Medium
17845.0,0.797514,1,High
17847.0,0.851255,1,High
17848.0,0.171656,0,Low
17849.0,0.636114,1,Medium
17850.0,0.614025,1,Medium
17851.0,0.616055,1,Medium
17852.0,0.63731,1,Medium
17853.0,0.657668,1,Medium
17854.0,0.472764,0,Medium
17855.0,0.739824,1,High
17856.0,0.603331,1,Medium
17857.0,0.084269,0,Low
17858.0,0.071292,0,Low
17859.0,0.82728,1,High
17860.0,0.583416,1,Medium
17861.0,0.093805,0,Low
17862.0,0.628891,1,Medium
17863.0,0.146073,0,Low
17864.0,0.558086,1,Medium
17865.0,0.054401,0,Low
17866.0,0.521554,1,Medium
17867.0,0.356626,0,Medium
17868.0,0.787835,1,High
17869.0,0.428167,0,Medium
17870.0,0.310999,0,Medium
17871.0,0.463547,0,Medium
17872.0,0.774482,1,High
17873.0,0.118581,0,Low
17874.0,0.595093,1,Medium
17875.0,0.900919,1,High
17876.0,0.626613,1,Medium
17877.0,0.617827,1,Medium
17878.0,0.661259,1,Medium
17879.0,0.749461,1,High
17880.0,0.630793,1,Medium
17881.0,0.854643,1,High
17882.0,0.775043,1,High
17883.0,0.63796,1,Medium
17884.0,0.489443,0,Medium
17886.0,0.486919,0,Medium
17887.0,0.606999,1,Medium
17888.0,0.310653,0,Medium
17889.0,0.600581,1,Medium
17890.0,0.635396,1,Medium
17891.0,0.586102,1,Medium
17892.0,0.623412,1,Medium
17893.0,0.80261,1,High
17894.0,0.228467,0,Low
17897.0,0.277265,0,Low
17898.0,0.638498,1,Medium
17899.0,0.632652,1,Medium
17900.0,0.742673,1,High
17901.0,0.861693,1,High
17902.0,0.843599,1,High
17903.0,0.781437,1,High
17905.0,0.235318,0,Low
17906.0,0.88672,1,High
17907.0,0.830616,1,High
17908.0,0.551135,1,Medium
17909.0,0.905483,1,High
17910.0,0.866802,1,High
17912.0,0.780805,1,High
17913.0,0.415182,0,Medium
17915.0,0.861538,1,High
17916.0,0.860954,1,High
17917.0,0.716213,1,High
17918.0,0.807783,1,High
17919.0,0.695317,1,Medium
17920.0,0.052896,0,Low
17921.0,0.252855,0,Low
17922.0,0.9136,1,High
17923.0,0.662535,1,Medium
17924.0,0.675236,1,Medium
17925.0,0.75415,1,High
17926.0,0.467902,0,Medium
17927.0,0.859733,1,High
17928.0,0.71819,1,High
17929.0,0.276376,0,Low
17930.0,0.176014,0,Low
17931.0,0.170039,0,Low
17932.0,0.51352,1,Medium
17933.0,0.916201,1,High
17934.0,0.784555,1,High
17935.0,0.48955,0,Medium
17937.0,0.321997,0,Medium
17938.0,0.852596,1,High
17939.0,0.730438,1,High
17940.0,0.079211,0,Low
17941.0,0.46189,0,Medium
17944.0,0.893581,1,High
17945.0,0.855637,1,High
17946.0,0.811371,1,High
17948.0,0.524253,1,Medium
17949.0,0.055143,0,Low
17950.0,0.551864,1,Medium
17951.0,0.639128,1,Medium
17952.0,0.620406,1,Medium
17953.0,0.891293,1,High
17954.0,0.104701,0,Low
17955.0,0.47829,0,Medium
17956.0,0.872779,1,High
17958.0,0.56339,1,Medium
17959.0,0.907446,1,High
17960.0,0.671111,1,Medium
17961.0,0.188655,0,Low
17962.0,0.472123,0,Medium
17963.0,0.72232,1,High
17964.0,0.706006,1,High
17965.0,0.060286,0,Low
17966.0,0.282706,0,Low
17967.0,0.766616,1,High
17968.0,0.622515,1,Medium
17969.0,0.33098,0,Medium
17970.0,0.576576,1,Medium
17971.0,0.911852,1,High
17972.0,0.840118,1,High
17974.0,0.499038,0,Medium
17975.0,0.159436,0,Low
17976.0,0.731453,1,High
17977.0,0.69212,1,Medium
17978.0,0.574721,1,Medium
17979.0,0.50704,1,Medium
17980.0,0.435306,0,Medium
17981.0,0.779558,1,High
17982.0,0.899381,1,High
17983.0,0.833688,1,High
17984.0,0.41105,0,Medium
17987.0,0.437882,0,Medium
17988.0,0.426812,0,Medium
17989.0,0.759374,1,High
17990.0,0.448276,0,Medium
17991.0,0.691833,1,Medium
17992.0,0.772331,1,High
17993.0,0.866207,1,High
17994.0,0.252896,0,Low
17995.0,0.658574,1,Medium
17996.0,0.641828,1,Medium
17997.0,0.306842,0,Medium
17998.0,0.619401,1,Medium
17999.0,0.723728,1,High
18000.0,0.899712,1,High
18001.0,0.682513,1,Medium
18002.0,0.757007,1,High
18003.0,0.778516,1,High
18004.0,0.858265,1,High
18006.0,0.666784,1,Medium
18007.0,0.772832,1,High
18008.0,0.163671,0,Low
18009.0,0.439903,0,Medium
18010.0,0.840644,1,High
18011.0,0.715146,1,High
18012.0,0.912323,1,High
18013.0,0.657399,1,Medium
18016.0,0.475605,0,Medium
18017.0,0.513756,1,Medium
18018.0,0.55679,1,Medium
18020.0,0.910044,1,High
18021.0,0.858448,1,High
18022.0,0.600419,1,Medium
18024.0,0.534859,1,Medium
18025.0,0.595458,1,Medium
18026.0,0.821002,1,High
18027.0,0.570635,1,Medium
18028.0,0.865925,1,High
18029.0,0.854538,1,High
18031.0,0.73817,1,High
18032.0,0.896244,1,High
18034.0,0.740166,1,High
18035.0,0.666484,1,Medium
18036.0,0.329283,0,Medium
18037.0,0.537793,1,Medium
18038.0,0.900143,1,High
18039.0,0.628296,1,Medium
18040.0,0.756866,1,High
18041.0,0.071319,0,Low
18042.0,0.893067,1,High
18043.0,0.50596,1,Medium
18044.0,0.19898,0,Low
18046.0,0.915012,1,High
18047.0,0.772476,1,High
18048.0,0.623809,1,Medium
18049.0,0.675878,1,Medium
18050.0,0.762121,1,High
18051.0,0.748771,1,High
18052.0,0.842488,1,High
18053.0,0.854938,1,High
18054.0,0.836332,1,High
18055.0,0.17556,0,Low
18056.0,0.656125,1,Medium
18057.0,0.606554,1,Medium
18058.0,0.754058,1,High
18060.0,0.65665,1,Medium
18061.0,0.072231,0,Low
18062.0,0.397293,0,Medium
18063.0,0.81542,1,High
18064.0,0.178576,0,Low
18065.0,0.184816,0,Low
18066.0,0.677233,1,Medium
18068.0,0.867384,1,High
18069.0,0.216207,0,Low
18070.0,0.885708,1,High
18071.0,0.44893,0,Medium
18072.0,0.62655,1,Medium
18073.0,0.211365,0,Low
18074.0,0.671992,1,Medium
18075.0,0.133868,0,Low
18076.0,0.832473,1,High
18077.0,0.116663,0,Low
18078.0,0.567606,1,Medium
18079.0,0.373785,0,Medium
18080.0,0.696226,1,Medium
18081.0,0.502623,1,Medium
18083.0,0.745813,1,High
18084.0,0.63264,1,Medium
18085.0,0.638743,1,Medium
18086.0,0.835741,1,High
18087.0,0.074414,0,Low
18089.0,0.795991,1,High
18090.0,0.773197,1,High
18091.0,0.835333,1,High
18092.0,0.087857,0,Low
18093.0,0.217082,0,Low
18094.0,0.137296,0,Low
18095.0,0.530109,1,Medium
18096.0,0.655046,1,Medium
18097.0,0.16411,0,Low
18098.0,0.743432,1,High
18099.0,0.552848,1,Medium
18100.0,0.804879,1,High
18101.0,0.528455,1,Medium
18102.0,0.058259,0,Low
18103.0,0.908192,1,High
18106.0,0.568929,1,Medium
18107.0,0.86605,1,High
18108.0,0.641233,1,Medium
18109.0,0.098621,0,Low
18110.0,0.746352,1,High
18111.0,0.848609,1,High
18112.0,0.537752,1,Medium
18113.0,0.831496,1,High
18114.0,0.801239,1,High
18115.0,0.900161,1,High
18116.0,0.406729,0,Medium
18118.0,0.139308,0,Low
18119.0,0.782969,1,High
18120.0,0.776779,1,High
18121.0,0.468196,0,Medium
18122.0,0.59533,1,Medium
18123.0,0.898295,1,High
18124.0,0.898271,1,High
18125.0,0.432729,0,Medium
18127.0,0.484334,0,Medium
18128.0,0.835401,1,High
18129.0,0.842492,1,High
18131.0,0.844967,1,High
18132.0,0.851352,1,High
18133.0,0.548993,1,Medium
18134.0,0.852947,1,High
18135.0,0.590395,1,Medium
18136.0,0.405887,0,Medium
18137.0,0.8952,1,High
18138.0,0.843852,1,High
18140.0,0.780821,1,High
18141.0,0.663006,1,Medium
18142.0,0.454855,0,Medium
18143.0,0.448201,0,Medium
18144.0,0.12971,0,Low
18145.0,0.216088,0,Low
18146.0,0.615964,1,Medium
18147.0,0.572246,1,Medium
18148.0,0.915888,1,High
18149.0,0.417772,0,Medium
18150.0,0.487331,0,Medium
18151.0,0.414411,0,Medium
18152.0,0.889881,1,High
18153.0,0.866885,1,High
18154.0,0.63167,1,Medium
18155.0,0.579675,1,Medium
18156.0,0.779142,1,High
18157.0,0.86535,1,High
18159.0,0.754203,1,High
18160.0,0.533009,1,Medium
18161.0,0.445004,0,Medium
18162.0,0.843453,1,High
18163.0,0.787822,1,High
18165.0,0.619019,1,Medium
18166.0,0.905329,1,High
18167.0,0.460594,0,Medium
18168.0,0.190263,0,Low
18170.0,0.296737,0,Low
18171.0,0.316012,0,Medium
18172.0,0.05204,0,Low
18173.0,0.407788,0,Medium
18174.0,0.920517,1,High
18175.0,0.91739,1,High
18176.0,0.745881,1,High
18177.0,0.354236,0,Medium
18178.0,0.151152,0,Low
18179.0,0.418991,0,Medium
18180.0,0.450173,0,Medium
18181.0,0.614378,1,Medium
18182.0,0.824985,1,High
18183.0,0.59914,1,Medium
18185.0,0.756157,1,High
18186.0,0.845183,1,High
18187.0,0.798735,1,High
18188.0,0.536811,1,Medium
18189.0,0.633086,1,Medium
18190.0,0.51441,1,Medium
18191.0,0.644471,1,Medium
18193.0,0.440365,0,Medium
18194.0,0.618163,1,Medium
18195.0,0.875452,1,High
18196.0,0.480828,0,Medium
18197.0,0.858595,1,High
18198.0,0.134856,0,Low
18199.0,0.870423,1,High
18200.0,0.54594,1,Medium
18201.0,0.846479,1,High
18202.0,0.490799,0,Medium
18203.0,0.555614,1,Medium
18204.0,0.369587,0,Medium
18206.0,0.85508,1,High
18207.0,0.794805,1,High
18208.0,0.88787,1,High
18210.0,0.719837,1,High
18211.0,0.459714,0,Medium
18212.0,0.714805,1,High
18213.0,0.747674,1,High
18214.0,0.767777,1,High
18215.0,0.638087,1,Medium
18217.0,0.836927,1,High
18218.0,0.502181,1,Medium
18219.0,0.175261,0,Low
18220.0,0.415348,0,Medium
18221.0,0.413191,0,Medium
18222.0,0.470145,0,Medium
18223.0,0.056967,0,Low
18224.0,0.842885,1,High
18225.0,0.066404,0,Low
18226.0,0.092949,0,Low
18227.0,0.704476,1,High
18229.0,0.101519,0,Low
18230.0,0.269566,0,Low
18231.0,0.18788,0,Low
18232.0,0.49448,0,Medium
18233.0,0.822119,1,High
18234.0,0.915366,1,High
18235.0,0.402093,0,Medium
18236.0,0.336145,0,Medium
18237.0,0.428956,0,Medium
18238.0,0.849256,1,High
18239.0,0.422766,0,Medium
18241.0,0.223317,0,Low
18242.0,0.384868,0,Medium
18243.0,0.755026,1,High
18244.0,0.665282,1,Medium
18245.0,0.108034,0,Low
18246.0,0.703402,1,High
18247.0,0.672351,1,Medium
18248.0,0.448489,0,Medium
18250.0,0.782738,1,High
18251.0,0.604729,1,Medium
18252.0,0.427842,0,Medium
18253.0,0.86575,1,High
18254.0,0.857631,1,High
18255.0,0.790124,1,High
18256.0,0.840735,1,High
18257.0,0.218294,0,Low
18258.0,0.743943,1,High
18259.0,0.504486,1,Medium
18260.0,0.123158,0,Low
18261.0,0.475406,0,Medium
18262.0,0.521595,1,Medium
18263.0,0.435984,0,Medium
18264.0,0.788079,1,High
18265.0,0.518625,1,Medium
18266.0,0.785838,1,High
18267.0,0.864169,1,High
18268.0,0.396469,0,Medium
18269.0,0.782659,1,High
18270.0,0.711141,1,High
18271.0,0.757709,1,High
18272.0,0.249655,0,Low
18273.0,0.509772,1,Medium
18275.0,0.740781,1,High
18276.0,0.553706,1,Medium
18277.0,0.63998,1,Medium
18278.0,0.809666,1,High
18279.0,0.814704,1,High
18280.0,0.683032,1,Medium
18281.0,0.686064,1,Medium
18282.0,0.571946,1,Medium
18283.0,0.317358,0,Medium
18284.0,0.725939,1,High
18285.0,0.863266,1,High
18286.0,0.789559,1,High
18287.0,0.354419,0,Medium
