StockCode,Description,LatestUnitPrice,TotalCustomers,TotalPurchases,TotalQuantity
85123A,CREAM HANGING HEART T-LIGHT HOLDER,2.95,1490,4895,93697
22423,REGENCY CAKESTAND 3 TIER,12.75,1314,3317,24899
22138,BAKING SET 9 PIECE RETROSPOT,4.95,1137,1742,9052
21212,PACK OF 72 RETROSPOT CAKE CASES,0.55,1115,2508,91263
84879,ASSORTED COLOUR BIRD ORNAMENT,1.69,1010,2652,79913
85099B,JUMBO BAG RED RETROSPOT,2.08,978,3260,94983
22139,RETROSPOT TEA SET CERAMIC 11 PC,4.95,941,1838,10107
22086,PAPER CHAIN KIT 50'S CHRISTMAS,2.95,896,1691,29477
47566,PARTY BUNTING,4.95,894,2077,23607
22469,HEART OF WICKER SMALL,1.65,886,1779,27182
22457,NATURAL SLATE HEART CHALKBOARD,2.95,874,1637,14508
20725,LUNCH BAG RED RETROSPOT,1.45,845,2579,38314
22470,HEART OF WICKER LARGE,2.95,827,1743,17866
84991,60 TEATIME FAIRY CAKE CASES,0.55,822,1765,53495
21034,REX CASH+CARRY JUMBO SHOPPER,0.95,800,1857,4120
21080,SET/20 RED RETROSPOT PAPER NAPKINS,0.85,798,1671,30214
21790,VINTAGE SNAP CARDS,0.85,793,1480,25765
22382,LUNCH BAG SPACEBOY DESIGN,1.65,790,1919,19679
21977,PACK OF 60 PINK PAISLEY CAKE CASES,0.55,767,1578,55270
21733,RED HANGING HEART T-LIGHT HOLDER,2.95,744,1631,17643
22111,SCOTTIE DOG HOT WATER BOTTLE,4.95,717,1457,9487
20727,LUNCH BAG  BLACK SKULL.,1.65,705,1997,25820
20728,LUNCH BAG CARS BLUE,1.65,702,1797,23575
22910,PAPER CHAIN KIT VINTAGE CHRISTMAS,2.95,701,1233,17294
22666,RECIPE BOX PANTRY YELLOW DESIGN,2.55,701,1277,9807
21232,STRAWBERRY CERAMIC TRINKET POT,1.25,689,1893,35764
22077,6 RIBBONS RUSTIC CHARM,1.95,685,1361,16284
22149,FELTCRAFT 6 FLOWER FRIENDS,1.85,684,1189,12373
21754,HOME BUILDING BLOCK WORD,6.25,682,1831,7468
22384,LUNCH BAG PINK POLKADOT,1.65,681,1845,20494
48138,DOORMAT UNION FLAG,7.08,678,1511,9974
22383,LUNCH BAG SUKI DESIGN,1.65,664,2004,24262
84836,ZINC METAL HEART DECORATION,1.25,662,1244,19715
21755,LOVE BUILDING BLOCK WORD,6.25,661,1485,5492
22411,JUMBO SHOPPER VINTAGE RED PAISLEY,1.79,658,1680,24690
21485,RETROSPOT HEART HOT WATER BOTTLE,4.95,657,1225,7562
20914,SET/5 RED RETROSPOT LID GLASS BOWLS,2.95,647,1790,18524
21791,VINTAGE HEADS AND TAILS CARD GAME,1.25,641,1050,17143
84946,ANTIQUE SILVER T-LIGHT GLASS,1.25,641,1323,32481
22720,SET OF 3 CAKE TINS PANTRY DESIGN,4.25,640,1146,7020
22112,CHOCOLATE HOT WATER BOTTLE,4.95,631,1447,10326
22090,PAPER BUNTING RETROSPOT,2.95,631,1265,15333
82494L,WOODEN FRAME ANTIQUE WHITE,2.95,631,1773,14707
22114,HOT WATER BOTTLE TEA AND SYMPATHY,4.25,626,1298,9325
20685,DOORMAT RED RETROSPOT,7.08,626,1478,9545
22551,PLASTERS IN TIN SPACEBOY,1.65,616,1156,14951
84970S,HANGING HEART ZINC T-LIGHT HOLDER,0.85,616,1141,25767
84992,72 SWEETHEART FAIRY CAKE CASES,0.55,614,1176,34541
22585,PACK OF 6 BIRDY GIFT TAGS,1.25,612,950,17551
22487,WHITE WOOD GARDEN PLANT LADDER,9.95,611,808,1529
22197,POPCORN HOLDER,0.85,601,1752,77971
82482,WOODEN PICTURE FRAME WHITE FINISH,2.95,601,1658,15919
22386,JUMBO BAG PINK POLKADOT,1.79,601,1767,37711
84378,SET OF 3 HEART COOKIE CUTTERS,1.45,601,944,11135
22617,BAKING SET SPACEBOY DESIGN,4.95,600,883,4303
21843,RED RETROSPOT CAKE STAND,10.95,599,1279,5891
21181,PLEASE ONE PERSON METAL SIGN,1.85,598,1549,24513
21889,WOODEN BOX OF DOMINOES,1.25,595,869,12193
22178,VICTORIAN GLASS HANGING T-LIGHT,1.95,593,1442,37851
22367,CHILDRENS APRON SPACEBOY DESIGN,1.95,593,1003,7779
22556,PLASTERS IN TIN CIRCUS PARADE,1.65,591,1100,13317
22083,PAPER CHAIN KIT RETROSPOT,2.95,589,1075,13116
22554,PLASTERS IN TIN WOODLAND ANIMALS,1.65,587,1097,13071
20726,LUNCH BAG WOODLAND,1.65,585,1585,21115
22960,JAM MAKING SET WITH JARS,4.25,583,903,8702
21621,VINTAGE UNION JACK BUNTING,8.5,583,1121,6542
22147,FELTCRAFT BUTTERFLY HEARTS,1.45,582,1026,12930
22557,PLASTERS IN TIN VINTAGE PAISLEY,1.65,580,991,10067
22624,IVORY KITCHEN SCALES,8.5,579,1065,3014
22909,SET OF 20 VINTAGE CHRISTMAS NAPKINS,0.85,578,889,15872
23298,SPOTTY BUNTING,4.95,573,1009,7785
22952,60 CAKE CASES VINTAGE CHRISTMAS,0.55,570,904,30764
20972,PINK CREAM FELT CRAFT TRINKET BOX,1.25,568,1224,20301
22865,HAND WARMER OWL DESIGN,2.1,566,1058,14623
22961,JAM MAKING SET PRINTED,1.45,558,903,16617
22561,WOODEN SCHOOL COLOURING SET,1.65,556,838,11292
21175,GIN AND TONIC DIET METAL SIGN,2.08,553,1422,20432
85099F,JUMBO BAG STRAWBERRY,2.08,549,1514,36098
21931,JUMBO STORAGE BAG SUKI,1.79,546,1714,26239
21975,PACK OF 60 DINOSAUR CAKE CASES,0.55,543,1133,31105
22558,CLOTHES PEGS RETROSPOT PACK 24,1.65,541,1017,13869
22189,CREAM HEART CARD HOLDER,3.39,536,1129,18113
22866,HAND WARMER SCOTTY DOG DESIGN,2.1,530,939,12554
21213,PACK OF 72 SKULL CAKE CASES,0.55,528,1156,38927
47591D,PINK FAIRY CAKE CHILDRENS APRON,1.95,526,1034,9285
84978,HANGING HEART JAR T-LIGHT HOLDER,1.25,525,1087,19216
48187,DOORMAT NEW ENGLAND,8.25,525,1151,7205
20724,RED RETROSPOT CHARLOTTE BAG,0.85,524,1495,25999
84755,COLOUR GLASS T-LIGHT HOLDER HANGING,0.65,524,1100,39643
22699,ROSES REGENCY TEACUP AND SAUCER,2.95,524,1070,12374
22867,HAND WARMER BIRD DESIGN,2.1,521,907,12458
22555,PLASTERS IN TIN STRONGMAN,1.65,521,867,11625
22417,PACK OF 60 SPACEBOY CAKE CASES,0.55,521,911,21049
22577,WOODEN HEART CHRISTMAS SCANDINAVIAN,0.29,517,727,13136
48194,DOORMAT HEARTS,8.25,516,1138,7556
22082,RIBBON REEL STRIPES DESIGN,1.65,512,819,7119
72741,GRAND CHOCOLATECANDLE,1.45,510,823,19727
21210,SET OF 72 RETROSPOT PAPER  DOILIES,1.45,508,931,14858
22553,PLASTERS IN TIN SKULLS,1.65,507,905,7632
22621,TRADITIONAL KNITTING NANCY,1.65,507,719,8401
85099C,JUMBO  BAG BAROQUE BLACK WHITE,1.79,506,1449,29447
23203,JUMBO BAG VINTAGE DOILY,2.08,505,1080,19516
22150,3 STRIPEY MICE FELTCRAFT,1.65,505,829,7767
21929,JUMBO BAG PINK VINTAGE PAISLEY,1.79,504,1228,24431
21231,SWEETHEART CERAMIC TRINKET BOX,1.25,500,1171,18775
84029E,RED WOOLLY HOTTIE WHITE HEART.,4.25,500,956,10299
21985,PACK OF 12 HEARTS DESIGN TISSUES,0.39,493,734,24938
84380,SET OF 3 BUTTERFLY COOKIE CUTTERS,1.45,490,814,9673
20971,PINK BLUE FELT CRAFT TRINKET BOX,1.06,490,1003,20859
22113,GREY HEART HOT WATER BOTTLE,4.25,488,913,5909
85152,HAND OVER THE CHOCOLATE   SIGN,1.85,486,1300,16404
22694,WICKER STAR,2.1,484,720,4621
22578,WOODEN STAR CHRISTMAS SCANDINAVIAN,0.29,484,664,12369
21891,TRADITIONAL WOODEN SKIPPING ROPE,1.45,483,664,11833
84077,WORLD WAR 2 GLIDERS ASSTD DESIGNS,0.29,482,920,109169
22595,GINGHAM HEART DECORATION,0.85,481,640,12520
22697,GREEN REGENCY TEACUP AND SAUCER,2.95,480,946,8919
21166,COOK WITH WINE METAL SIGN,2.08,475,1225,19833
23355,HOT WATER BOTTLE KEEP CALM,4.95,474,719,5338
21524,DOORMAT SPOTTY HOME SWEET HOME,8.25,474,1000,5130
22633,HAND WARMER UNION JACK,2.1,473,790,9340
22727,ALARM CLOCK BAKELIKE RED,3.75,473,1144,8856
21156,RETROSPOT CHILDRENS APRON,1.65,472,797,9120
22759,SET OF 3 NOTEBOOKS IN PARCEL,1.65,472,634,8978
23245,SET OF 3 REGENCY CAKE TINS,4.95,472,718,5856
22969,HOMEMADE JAM SCENTED CANDLES,1.45,472,577,14588
20750,RED RETROSPOT MINI CASES,7.95,471,867,3694
85066,CREAM SWEETHEART MINI CHEST,12.75,471,809,2997
23209,LUNCH BAG VINTAGE DOILY,1.65,469,1006,13004
21915,RED  HARMONICA IN BOX,1.25,467,884,37097
21121,SET/10 RED POLKADOT PARTY CANDLES,1.25,466,788,15465
22084,PAPER CHAIN KIT EMPIRE,2.95,464,704,8482
84970L,SINGLE HEART ZINC T-LIGHT HOLDER,1.25,463,821,16657
21535,RED RETROSPOT SMALL MILK JUG,2.55,461,956,6615
22427,ENAMEL FLOWER JUG CREAM,5.45,460,702,3072
20975,12 PENCILS SMALL TUBE RED RETROSPOT,0.65,460,763,18017
22629,SPACEBOY LUNCH BOX,1.95,456,1108,20661
21498,RED RETROSPOT WRAP,0.42,454,799,27147
22499,WOODEN UNION JACK BUNTING,5.95,452,632,3177
22835,HOT WATER BOTTLE I AM SO POORLY,4.95,451,815,4827
82484,WOOD BLACK BOARD ANT WHITE FINISH,4.8,451,1048,10893
21928,JUMBO BAG SCANDINAVIAN BLUE PAISLEY,2.08,450,1172,23618
23084,RABBIT NIGHT LIGHT,2.08,450,801,27202
22620,4 TRADITIONAL SPINNING TOPS,1.45,449,654,7696
21136,PAINTED METAL PEARS ASSORTED,1.69,449,714,10410
21892,TRADITIONAL WOODEN CATCH CUP GAME,1.25,447,601,7389
21912,VINTAGE SNAKES & LADDERS,3.75,447,615,3435
22413,METAL SIGN TAKE IT OR LEAVE IT,2.95,446,766,6876
21914,BLUE HARMONICA IN BOX,1.25,446,815,12159
71459,HANGING JAM JAR T-LIGHT HOLDERS,0.85,445,884,32244
22507,MEMO BOARD RETROSPOT  DESIGN,4.95,445,737,5436
22907,PACK OF 20 NAPKINS PANTRY DESIGN,0.85,445,675,8190
21888,BINGO SET,3.75,444,626,3269
22734,SET OF 6 RIBBONS VINTAGE CHRISTMAS,2.89,444,599,8858
82580,BATHROOM METAL SIGN,0.55,443,927,12722
21122,SET/10 PINK POLKADOT PARTY CANDLES,1.25,441,739,12632
22652,TRAVEL SEWING KIT,1.65,440,716,9583
22625,RED KITCHEN SCALES,8.5,440,781,2455
21481,FAWN BLUE HOT WATER BOTTLE,3.75,439,834,7832
22326,ROUND SNACK BOXES SET OF4 WOODLAND,2.95,439,1147,14921
M,Manual,0.42,438,620,9803
22632,HAND WARMER RED RETROSPOT,2.1,438,721,11025
85014B,RED RETROSPOT UMBRELLA,5.95,437,794,6055
85049E,SCANDINAVIAN REDS RIBBONS,1.25,434,681,6112
84997B,CHILDRENS CUTLERY RETROSPOT RED,4.15,433,932,9034
22993,SET OF 4 PANTRY JELLY MOULDS,1.25,431,866,11792
84997D,CHILDRENS CUTLERY POLKADOT PINK,4.15,431,992,10385
22029,SPACEBOY BIRTHDAY CARD,0.42,429,861,17291
20718,RED RETROSPOT SHOPPER BAG,1.25,428,866,12336
47590B,PINK HAPPY BIRTHDAY BUNTING,5.45,428,810,5691
22296,HEART IVORY TRELLIS LARGE,1.65,428,739,9666
22662,LUNCH BAG DOLLY GIRL DESIGN,1.65,426,872,9827
20749,ASSORTED COLOUR MINI CASES,6.35,426,726,3060
22488,NATURAL SLATE RECTANGLE CHALKBOARD,1.65,426,653,6496
84997C,CHILDRENS CUTLERY POLKADOT BLUE,4.15,426,883,8598
21533,RETROSPOT LARGE MILK JUG,4.95,425,845,3273
22630,DOLLY GIRL LUNCH BOX,1.95,423,998,17623
22356,CHARLOTTE BAG PINK POLKADOT,0.85,423,1108,16711
21770,OPEN CLOSED METAL SIGN,4.95,423,580,2901
21217,RED RETROSPOT ROUND CAKE TINS,8.95,423,768,2727
22379,RECYCLING BAG RETROSPOT,2.1,423,1013,14507
22273,FELTCRAFT DOLL MOLLY,2.95,423,701,7253
22966,GINGERBREAD MAN COOKIE CUTTER,1.25,422,610,8220
22619,SET OF 6 SOLDIER SKITTLES,3.75,421,577,3917
22776,SWEETHEART 3 TIER CAKE STAND,9.95,420,595,1611
21172,PARTY METAL SIGN,1.45,420,804,7517
22560,TRADITIONAL MODELLING CLAY,1.25,420,655,14773
22607,WOODEN ROUNDERS GARDEN SET,9.95,419,643,2427
21429,RED GINGHAM ROSE JEWELLERY BOX,1.95,418,764,6131
22584,PACK OF 6 PANETTONE GIFT BOXES,2.55,417,512,5082
22489,PACK OF 12 TRADITIONAL CRAYONS,0.42,417,609,17244
35970,ZINC FOLKART SLEIGH BELLS,1.69,415,545,7898
21731,RED TOADSTOOL LED NIGHT LIGHT,1.65,415,1043,27867
22294,HEART FILIGREE DOVE  SMALL,1.25,414,707,16698
22385,JUMBO BAG SPACEBOY DESIGN,2.08,412,971,16545
21479,WHITE SKULL HOT WATER BOTTLE,4.25,410,738,4930
22748,POPPY'S PLAYHOUSE KITCHEN,2.1,410,616,3604
21980,PACK OF 12 RED RETROSPOT TISSUES,0.39,406,569,31276
22667,RECIPE BOX RETROSPOT,2.55,406,820,4960
84987,SET OF 36 TEATIME PAPER DOILIES,1.45,406,642,7843
21124,SET/10 BLUE POLKADOT PARTY CANDLES,1.25,406,599,10026
23301,GARDENERS KNEELING PAD KEEP CALM,1.65,405,756,7740
POST,POSTAGE,18.0,405,1803,5333
21976,PACK OF 60 MUSHROOM CAKE CASES,0.55,404,713,14289
22646,CERAMIC STRAWBERRY CAKE MONEY BANK,0.39,404,697,8890
22726,ALARM CLOCK BAKELIKE GREEN,3.75,404,1041,6980
22549,PICTURE DOMINOES,1.45,403,540,6367
22698,PINK REGENCY TEACUP AND SAUCER,2.95,402,755,7591
21174,POTTERING IN THE SHED METAL SIGN,2.08,402,855,9338
23206,LUNCH BAG APPLE DESIGN,1.65,401,866,11565
22328,ROUND SNACK BOXES SET OF 4 FRUITS,2.95,401,990,14108
22271,FELTCRAFT DOLL ROSIE,2.95,400,691,4836
22508,DOORSTOP RETROSPOT HEART,3.75,400,577,2741
22467,GUMBALL COAT RACK,2.55,398,928,11852
22079,RIBBON REEL HEARTS DESIGN,1.65,397,542,4783
22505,MEMO BOARD COTTAGE DESIGN,4.95,397,655,3648
22464,HANGING METAL HEART LANTERN,0.79,397,645,7541
21936,RED RETROSPOT PICNIC BAG,2.95,396,783,7403
23201,JUMBO BAG ALPHABET,1.79,396,752,12540
21559,STRAWBERRY LUNCH BOX WITH CUTLERY,2.55,396,951,7909
22722,SET OF 6 SPICE TINS PANTRY DESIGN,3.95,394,654,5378
22355,CHARLOTTE BAG SUKI DESIGN,0.85,393,1191,19811
22144,CHRISTMAS CRAFT LITTLE FRIENDS,2.1,392,535,4475
22940,FELTCRAFT CHRISTMAS FAIRY,4.25,392,547,3446
23344,JUMBO BAG 50'S CHRISTMAS,1.79,391,586,8954
22297,HEART IVORY TRELLIS SMALL,1.25,391,646,13182
22568,FELTCRAFT CUSHION OWL,3.75,389,771,5511
84375,SET OF 20 KIDS COOKIE CUTTERS,2.1,389,626,7585
20712,JUMBO BAG WOODLAND ANIMALS,2.08,387,915,15929
85049A,TRADITIONAL CHRISTMAS RIBBONS,1.25,387,562,5975
21930,JUMBO STORAGE BAG SKULLS,2.08,386,997,12544
84029G,KNITTED UNION FLAG HOT WATER BOTTLE,4.25,386,758,6073
82600,N0 SINGING METAL SIGN,1.85,385,1005,12609
22456,NATURAL SLATE CHALKBOARD LARGE,4.95,385,595,4048
22219,LOVEBIRD HANGING DECORATION WHITE,0.85,384,726,8515
22749,FELTCRAFT PRINCESS CHARLOTTE DOLL,3.75,383,621,3516
22173,METAL 4 HOOK HANGER FRENCH CHATEAU,3.29,383,714,4644
21908,CHOCOLATE THIS WAY METAL SIGN,2.1,382,801,9570
21907,I'M ON HOLIDAY METAL SIGN,2.1,381,694,5090
22295,HEART FILIGREE DOVE LARGE,1.65,381,620,8482
84988,SET OF 72 PINK HEART PAPER DOILIES,1.45,379,618,7680
23284,DOORMAT KEEP CALM AND COME IN,7.08,378,648,5342
23321,SMALL WHITE HEART OF WICKER,1.65,378,582,4283
22605,WOODEN CROQUET GARDEN SET,14.95,377,548,1724
23207,LUNCH BAG ALPHABET DESIGN,1.65,377,647,7554
23202,JUMBO BAG VINTAGE LEAF,2.08,377,772,10716
22745,POPPY'S PLAYHOUSE BEDROOM,2.1,377,556,3439
21868,POTTING SHED TEA MUG,3.29,377,719,8934
48184,DOORMAT ENGLISH ROSE,8.25,374,755,4652
22158,3 HEARTS HANGING DECORATION RUSTIC,2.95,374,646,8439
20676,RED RETROSPOT BOWL,1.25,372,720,9598
82581,TOILET METAL SIGN,0.55,371,728,8228
20713,JUMBO BAG OWLS,1.79,371,920,19832
20974,12 PENCILS SMALL TUBE SKULL,0.65,370,684,12961
85150,LADIES & GENTLEMEN METAL SIGN,2.55,369,889,8224
21918,SET 12 KIDS COLOUR  CHALK STICKS,0.42,369,585,14255
21314,SMALL GLASS HEART TRINKET POT,1.85,369,711,10603
21484,CHICK GREY HOT WATER BOTTLE,4.25,367,676,4274
23307,SET OF 60 PANTRY DESIGN CAKE CASES,0.55,366,504,11675
22352,LUNCH BOX WITH CUTLERY RETROSPOT,2.55,366,836,6780
20719,WOODLAND CHARLOTTE BAG,0.85,365,1062,19288
82486,3 DRAWER ANTIQUE WHITE WOOD CABINET,8.95,365,1188,4787
22429,ENAMEL MEASURING JUG CREAM,4.25,364,526,2201
21155,RED RETROSPOT PEG BAG,2.55,364,724,5872
20754,RETROSPOT RED WASHING UP GLOVES,2.1,363,679,4866
22492,MINI PAINT SET VINTAGE,0.65,363,635,44809
22750,FELTCRAFT PRINCESS LOLA DOLL,3.75,362,597,3146
85014A,BLACK/BLUE POLKADOT UMBRELLA,5.95,361,640,4606
22151,PLACE SETTING WHITE HEART,0.42,361,645,27416
21900,"KEY FOB , SHED",0.65,361,654,8176
82483,WOOD 2 DRAWER CABINET WHITE FINISH,6.95,361,1053,4998
22569,FELTCRAFT CUSHION BUTTERFLY,3.75,360,679,5554
20983,12 PENCILS TALL TUBE RED RETROSPOT,0.85,359,546,6108
21114,LAVENDER SCENTED FABRIC HEART,1.25,359,460,5707
21411,GINGHAM HEART  DOORSTOP RED,1.95,358,507,1978
21523,DOORMAT FANCY FONT HOME SWEET HOME,7.08,357,893,6669
22728,ALARM CLOCK BAKELIKE PINK,3.75,357,772,5979
21164,HOME SWEET HOME METAL SIGN,2.95,356,630,5912
20723,STRAWBERRY CHARLOTTE BAG,0.85,356,988,14654
21974,SET OF 36 PAISLEY FLOWER DOILIES,1.45,355,557,6655
47590A,BLUE HAPPY BIRTHDAY BUNTING,5.45,355,633,4757
22534,MAGIC DRAWING SLATE SPACEBOY,0.42,353,467,12522
22030,SWALLOWS GREETING CARD,0.42,353,601,12664
21527,RED RETROSPOT TRADITIONAL TEAPOT,7.95,352,729,3310
23300,GARDENERS KNEELING PAD CUP OF TEA,1.45,351,635,6303
22804,PINK HANGING HEART T-LIGHT HOLDER,2.95,351,587,5021
22570,FELTCRAFT CUSHION RABBIT,3.39,351,677,5585
47566B,TEA TIME PARTY BUNTING,4.95,350,655,5646
23322,LARGE WHITE HEART OF WICKER,2.95,350,511,2908
22381,TOY TIDY PINK POLKADOT,4.13,349,791,8838
84692,BOX OF 24 COCKTAIL PARASOLS,0.42,348,721,17637
22579,WOODEN TREE CHRISTMAS SCANDINAVIAN,1.63,347,460,6789
15056N,EDWARDIAN PARASOL NATURAL,5.95,347,863,11027
22622,BOX OF VINTAGE ALPHABET BLOCKS,11.95,346,511,3119
22501,PICNIC BASKET WICKER LARGE,9.95,346,497,2070
82552,WASHROOM METAL SIGN,2.46,346,654,6836
22951,60 CAKE CASES DOLLY GIRL DESIGN,0.55,345,517,10877
23199,JUMBO BAG APPLES,1.79,344,718,13887
84945,MULTI COLOUR SILVER T-LIGHT HOLDER,0.85,344,585,22134
22274,FELTCRAFT DOLL EMILY,2.95,344,578,3728
22348,TEA BAG PLATE RED RETROSPOT,0.85,344,690,11984
22766,PHOTO FRAME CORNICE,2.95,343,580,4343
21078,SET/20 STRAWBERRY PAPER NAPKINS,0.85,342,537,6566
22645,CERAMIC HEART FAIRY CAKE MONEY BANK,0.39,341,556,4915
22142,CHRISTMAS CRAFT WHITE FAIRY,1.45,336,429,4198
22080,RIBBON REEL POLKADOTS,1.65,336,438,3841
21890,S/6 WOODEN SKITTLES IN COTTON BAG,3.25,335,411,3344
22502,PICNIC BASKET WICKER SMALL,2.0,335,568,3128
21982,PACK OF 12 SUKI TISSUES,0.39,335,521,32050
22191,IVORY DINER WALL CLOCK,8.5,335,592,1969
22027,TEA PARTY BIRTHDAY CARD,0.42,335,636,10964
22623,BOX OF VINTAGE JIGSAW BLOCKS,5.95,334,500,2235
22333,RETROSPOT PARTY BAG + STICKER SET,1.65,333,597,9938
22418,10 COLOUR SPACEBOY PEN,0.85,332,473,12308
84949,SILVER HANGING T-LIGHT HOLDER,1.45,330,612,11965
21497,FANCY FONTS BIRTHDAY WRAP,0.42,330,483,17575
22739,RIBBON REEL CHRISTMAS SOCK BAUBLE,1.65,329,426,3775
22637,PIGGY BANK RETROSPOT,2.55,329,496,4408
21622,VINTAGE UNION JACK CUSHION COVER,4.95,329,550,3563
21094,SET/6 RED SPOTTY PAPER PLATES,0.85,328,692,18278
21756,BATH BUILDING BLOCK WORD,5.45,327,519,1599
21035,SET/2 RED RETROSPOT TEA TOWELS,3.25,327,619,5612
21154,RED RETROSPOT OVEN GLOVE,1.25,327,593,7170
84520B,PACK 20 ENGLISH ROSE PAPER NAPKINS,0.85,327,528,6667
20711,JUMBO BAG TOYS,2.08,326,671,11469
22665,RECIPE BOX BLUE SKETCHBOOK DESIGN,2.95,326,507,2586
22195,LARGE HEART MEASURING SPOONS,1.65,325,520,4719
21380,WOODEN HAPPY BIRTHDAY GARLAND,2.95,325,540,4902
22635,CHILDS BREAKFAST SET DOLLY GIRL,9.95,325,450,1630
21108,FAIRY CAKE FLANNEL ASSORTED COLOUR,0.79,325,408,12622
21531,RED RETROSPOT SUGAR JAM BOWL,2.55,324,612,3952
21238,RED RETROSPOT CUP,0.85,324,700,8752
22212,FOUR HOOK  WHITE LOVEBIRDS,2.1,323,608,3781
23293,SET OF 12 FAIRY CAKE BAKING CASES,0.83,323,465,8243
23240,SET OF 4 KNICK KNACK TINS DOILY,4.15,323,485,4103
82583,HOT BATHS METAL SIGN,2.1,323,820,11978
21877,HOME SWEET HOME MUG,1.65,323,650,13987
21430,SET/3 RED GINGHAM ROSE STORAGE BOX,3.75,323,578,4298
22752,SET 7 BABUSHKA NESTING BOXES,3.95,323,577,3579
22627,MINT KITCHEN SCALES,8.5,322,558,1512
22634,CHILDS BREAKFAST SET SPACEBOY,9.95,322,464,1665
82578,KITCHEN METAL SIGN,0.55,322,544,5436
21165,BEWARE OF THE CAT METAL SIGN,1.69,321,779,9154
15056BL,EDWARDIAN PARASOL BLACK,5.95,321,788,9488
22588,CARD HOLDER GINGHAM HEART,2.89,320,400,2691
21385,IVORY HANGING DECORATION  HEART,0.85,320,505,10301
22616,PACK OF 12 LONDON TISSUES,0.39,319,633,38084
22746,POPPY'S PLAYHOUSE LIVINGROOM,2.1,319,460,2651
84406B,CREAM CUPID HEARTS COAT HANGER,4.15,318,724,6934
48185,DOORMAT FAIRY CAKE,8.25,317,736,6430
20982,12 PENCILS TALL TUBE SKULLS,0.85,316,487,4678
23356,LOVE HOT WATER BOTTLE,5.95,316,449,2352
22941,CHRISTMAS LIGHTS 10 REINDEER,8.5,315,406,2568
21932,SCANDINAVIAN PAISLEY PICNIC BAG,1.65,315,494,3533
21901,"KEY FOB , BACK DOOR",0.65,315,575,6151
22087,PAPER BUNTING WHITE LACE,2.95,314,663,7806
21218,RED SPOTTY BISCUIT TIN,3.75,313,588,4737
22141,CHRISTMAS CRAFT TREE TOP ANGEL,2.1,313,434,3141
21899,GARAGE KEY FOB,0.65,313,523,6637
21592,RETROSPOT CIGAR BOX MATCHES,0.39,312,466,5976
22636,CHILDS BREAKFAST SET CIRCUS PARADE,8.5,312,460,1611
84947,ANTIQUE SILVER TEA GLASS ENGRAVED,1.25,312,559,15343
21623,VINTAGE UNION JACK MEMOBOARD,9.95,311,499,7158
21086,SET/6 RED SPOTTY PAPER CUPS,0.65,311,621,16070
20979,36 PENCILS TUBE RED RETROSPOT,1.25,310,518,7804
22424,ENAMEL BREAD BIN CREAM,12.75,310,559,1328
21506,"FANCY FONT BIRTHDAY CARD,",0.42,310,544,10838
22596,CHRISTMAS STAR WISH LIST CHALKBOARD,0.39,309,402,6120
85048,15CM CHRISTMAS GLASS BALL 20 LIGHTS,7.95,309,432,2586
20973,12 PENCIL SMALL TUBE WOODLAND,0.65,309,514,9255
48188,DOORMAT WELCOME PUPPIES,8.25,309,597,4777
84050,PINK HEART SHAPE EGG FRYING PAN,1.25,308,557,10206
21326,AGED GLASS SILVER T-LIGHT HOLDER,0.55,307,532,17578
82551,LAUNDRY 15C METAL SIGN,1.45,306,550,5388
22851,SET 20 NAPKINS FAIRY CAKES DESIGN,0.85,306,451,5033
22602,RETROSPOT WOODEN HEART DECORATION,0.85,305,405,6313
23208,LUNCH BAG VINTAGE LEAF DESIGN,1.65,305,597,6225
22644,CERAMIC CHERRY CAKE MONEY BANK,0.39,304,465,4800
79321,CHILLI LIGHTS,5.75,304,922,15735
22196,SMALL HEART MEASURING SPOONS,0.85,304,565,5906
21916,SET 12 RETRO WHITE CHALK STICKS,0.42,304,537,10549
15036,ASSORTED COLOURS SILK FAN,0.83,303,634,41078
47559B,TEA TIME OVEN GLOVE,1.25,303,609,5076
22435,SET OF 9 HEART SHAPED BALLOONS,1.25,303,445,4828
85049C,ROMANTIC PINKS RIBBONS,1.25,303,459,2982
21260,FIRST AID TIN,3.25,303,442,3449
22121,NOEL WOODEN BLOCK LETTERS,5.95,303,386,1462
21499,BLUE POLKADOT WRAP,0.42,302,458,15425
71477,COLOURED GLASS STAR T-LIGHT HOLDER,3.95,302,686,15489
72760B,VINTAGE CREAM 3 BASKET CAKE STAND,9.95,301,444,1671
21500,PINK POLKADOT WRAP,0.42,301,489,16050
21259,VICTORIAN SEWING BOX SMALL,5.95,300,553,2283
22834,HAND WARMER BABUSHKA DESIGN,2.1,300,484,7213
84347,ROTATING SILVER ANGELS T-LIGHT HLDR,2.55,300,525,29498
23319,BOX OF 6 MINI 50'S CRACKERS,2.49,300,365,3539
22654,DELUXE SEWING KIT,5.95,300,440,2150
22737,RIBBON REEL CHRISTMAS PRESENT,1.65,300,381,3120
22380,TOY TIDY SPACEBOY,0.79,300,549,4682
21871,SAVE THE PLANET MUG,1.65,299,600,11277
22130,PARTY CONE CHRISTMAS DECORATION,0.85,298,358,7118
22185,SLATE TILE NATURAL HANGING,0.79,298,375,3809
22668,PINK BABY BUNTING,2.95,296,381,3301
20682,RED RETROSPOT CHILDRENS UMBRELLA,3.25,296,478,2938
22358,KINGS CHOICE TEA CADDY,2.95,295,384,2315
22441,GROW YOUR OWN BASIL IN ENAMEL MUG,2.1,295,390,2593
22659,LUNCH BOX I LOVE LONDON,1.95,294,764,16047
21933,PINK VINTAGE PAISLEY PICNIC BAG,1.65,294,469,3815
22571,ROCKING HORSE RED CHRISTMAS,0.85,294,379,5532
22692,DOORMAT WELCOME TO OUR HOME,8.25,293,460,1937
71053,WHITE MOROCCAN METAL LANTERN,3.75,293,595,4570
22548,HEADS AND TAILS SPORTING FUN,1.25,293,375,3370
22563,HAPPY STENCIL CRAFT,1.25,293,481,5926
21703,BAG 125g SWIRLY MARBLES,0.42,293,452,14501
22188,BLACK HEART CARD HOLDER,2.31,292,487,12382
22045,SPACEBOY GIFT WRAP,0.42,290,469,14542
21539,RED RETROSPOT BUTTER DISH,4.95,290,585,2636
20981,12 PENCILS TALL TUBE WOODLAND,0.85,290,427,4492
22089,PAPER BUNTING VINTAGE PAISLEY,2.95,290,421,3205
16161P,WRAP ENGLISH ROSE,0.42,289,440,13298
22730,ALARM CLOCK BAKELIKE IVORY,3.75,289,616,3615
21242,RED RETROSPOT PLATE,1.45,289,519,6512
84032B,CHARLIE + LOLA RED HOT WATER BOTTLE,0.79,288,405,2868
85049G,CHOCOLATE BOX RIBBONS,1.25,288,459,3830
21240,BLUE POLKADOT CUP,0.85,287,568,6832
21704,BAG 250g SWIRLY MARBLES,0.85,287,464,16938
22567,20 DOLLY PEGS RETROSPOT,1.45,287,431,5593
21937,STRAWBERRY   PICNIC BAG,2.95,286,499,3820
23343,JUMBO BAG VINTAGE CHRISTMAS,1.79,286,385,4908
22371,AIRLINE BAG VINTAGE TOKYO 78,3.95,285,505,1553
20969,RED FLORAL FELTCRAFT SHOULDER BAG,3.75,285,518,3138
22530,MAGIC DRAWING SLATE DOLLY GIRL,0.42,285,375,9824
23503,PLAYING CARDS KEEP CALM & CARRY ON,1.25,284,327,3435
22528,GARDENERS KNEELING PAD,1.25,284,449,5369
20717,STRAWBERRY SHOPPER BAG,1.25,283,500,5371
21981,PACK OF 12 WOODLAND TISSUES,0.39,282,386,26115
23493,VINTAGE DOILY TRAVEL SEWING KIT,1.95,282,349,3522
20675,BLUE POLKADOT BOWL,1.25,281,533,5923
84832,ZINC WILLIE WINKIE  CANDLE STICK,0.85,281,442,6237
21624,VINTAGE UNION JACK DOORSTOP,5.95,281,350,1725
22840,ROUND CAKE TIN VINTAGE RED,7.95,281,377,1318
21390,FILIGRIS HEART WITH BUTTERFLY,1.25,280,482,10710
22485,SET OF 2 WOODEN MARKET CRATES,10.95,280,341,1003
21955,DOORMAT UNION JACK GUNS AND ROSES,7.08,279,576,3744
22170,PICTURE FRAME WOOD TRIPLE PORTRAIT,6.75,279,510,2344
21169,YOU'RE CONFUSING ME METAL SIGN,1.69,278,621,8719
21672,WHITE SPOT RED CERAMIC DRAWER KNOB,1.45,278,625,10377
22690,DOORMAT HOME SWEET HOME BLUE,8.25,278,401,2505
20970,PINK FLORAL FELTCRAFT SHOULDER BAG,3.75,278,504,2449
22600,CHRISTMAS RETROSPOT STAR WOOD,0.85,278,345,4665
84997A,CHILDRENS CUTLERY POLKADOT GREEN,4.15,278,544,5172
22169,FAMILY ALBUM WHITE PICTURE FRAME,8.5,276,570,2140
22131,FOOD CONTAINER SET 3 LOVE HEART,1.95,276,496,5032
23243,SET OF TEA COFFEE SUGAR TINS PANTRY,4.95,275,385,4663
22550,HOLIDAY FUN LUDO,3.75,275,346,1943
22580,ADVENT CALENDAR GINGHAM SACK,11.63,275,388,1818
21986,PACK OF 12 PINK POLKADOT TISSUES,0.39,275,376,13154
22738,RIBBON REEL SNOWY VILLAGE,1.65,274,352,4169
22906,12 MESSAGE CARDS WITH ENVELOPES,1.65,274,346,3043
22398,MAGNETS PACK OF 4 SWALLOWS,0.39,273,394,4278
22301,COFFEE MUG CAT + BIRD DESIGN,2.55,273,466,4863
20679,EDWARDIAN PARASOL RED,5.95,271,622,6134
23108,SET OF 10 LED DOLLY LIGHTS,5.39,271,351,2194
16156S,WRAP PINK FAIRY CAKES,0.42,271,417,16686
22631,CIRCUS PARADE LUNCH BOX,1.95,271,469,5923
22855,FINE WICKER HEART,1.25,271,345,4819
22037,ROBOT BIRTHDAY CARD,0.42,270,474,6883
22465,HANGING METAL STAR LANTERN,0.79,270,386,4483
22812,PACK 3 BOXES CHRISTMAS PANETTONE,1.95,270,351,4459
23318,BOX OF 6 MINI VINTAGE CRACKERS,2.49,270,329,3647
22751,FELTCRAFT PRINCESS OLIVIA DOLL,3.75,269,414,2259
23263,SET OF 3 WOODEN HEART DECORATIONS,1.25,269,389,3747
21216,"SET 3 RETROSPOT TEA,COFFEE,SUGAR",4.25,269,522,3543
22431,WATERING CAN BLUE ELEPHANT,1.95,269,498,3214
22904,CALENDAR PAPER CUT DESIGN,2.95,269,398,3241
22171,3 HOOK PHOTO SHELF ANTIQUE WHITE,8.5,269,544,3055
21098,CHRISTMAS TOILET ROLL,1.25,269,412,6681
22606,WOODEN SKITTLES GARDEN SET,15.95,269,337,1030
23439,HAND WARMER RED LOVE HEART,2.1,268,371,3762
20677,PINK POLKADOT BOWL,1.25,268,545,7015
22663,JUMBO BAG DOLLY GIRL DESIGN,2.08,268,526,5389
21507,ELEPHANT BIRTHDAY CARD,0.42,267,470,8066
21558,SKULL LUNCH BOX WITH CUTLERY,2.55,267,532,3917
22432,WATERING CAN PINK BUNNY,1.95,266,430,3411
21115,ROSE CARAVAN DOORSTOP,1.95,266,356,1173
22088,PAPER BUNTING COLOURED LACE,2.95,266,478,4047
21239,PINK  POLKADOT CUP,0.85,266,551,6549
22303,COFFEE MUG APPLES DESIGN,2.55,266,480,5323
22908,PACK OF 20 NAPKINS RED APPLES,0.85,266,410,5479
22193,RED DINER WALL CLOCK,8.5,265,555,1863
21671,RED SPOT CERAMIC DRAWER KNOB,1.25,265,568,9027
22491,PACK OF 12 COLOURED PENCILS,0.85,264,360,7446
22983,CARD BILLBOARD FONT,0.42,264,409,6604
21989,PACK OF 20 SKULL PAPER NAPKINS,0.85,264,468,8102
21591,COSY HOUR CIGAR BOX MATCHES,1.25,264,356,3470
21509,COWBOYS AND INDIANS BIRTHDAY CARD,0.42,264,498,8575
20751,FUNKY WASHING UP GLOVES ASSORTED,2.1,264,408,2834
22847,BREAD BIN DINER STYLE IVORY,16.95,264,445,1127
85049D,BRIGHT BLUES RIBBONS,1.25,263,372,2331
21673,WHITE SPOT BLUE CERAMIC DRAWER KNOB,1.45,263,563,9390
22669,RED BABY BUNTING,2.95,263,334,2195
21669,BLUE STRIPE CERAMIC DRAWER KNOB,1.45,262,639,10073
35961,FOLKART ZINC HEART CHRISTMAS DEC,0.85,262,397,10734
23200,JUMBO BAG PEARS,2.08,262,470,6733
22329,ROUND CONTAINER SET OF 5 RETROSPOT,1.65,261,421,4801
20828,GLITTER BUTTERFLY CLIPS,2.55,261,499,4275
22898,CHILDRENS APRON APPLES DESIGN,1.95,261,374,3004
21561,DINOSAUR LUNCH BOX WITH CUTLERY,2.55,260,441,2882
22192,BLUE DINER WALL CLOCK,8.5,260,511,1391
23320,GIANT 50'S CHRISTMAS CRACKER,1.25,260,310,2635
21670,BLUE SPOT CERAMIC DRAWER KNOB,1.45,260,580,8204
22156,HEART DECORATION WITH PEARLS,0.85,259,414,5882
22357,KINGS CHOICE BISCUIT TIN,4.25,259,316,1891
23198,PANTRY MAGNETIC  SHOPPING LIST,1.25,259,374,3067
22809,SET OF 6 T-LIGHTS SANTA,2.95,259,327,2543
22437,SET OF 9 BLACK SKULL BALLOONS,0.85,258,358,6380
82582,AREA PATROLLED METAL SIGN,2.1,258,696,7495
22816,CARD MOTORBIKE SANTA,0.42,258,299,6416
21328,BALLOONS  WRITING SET,1.65,257,374,1686
22601,CHRISTMAS RETROSPOT ANGEL WOOD,0.85,257,330,5053
22521,CHILDS GARDEN TROWEL PINK,0.85,257,324,2209
22327,ROUND SNACK BOXES SET OF 4 SKULLS,2.95,256,464,2661
84596B,SMALL DOLLY MIX DESIGN ORANGE BOWL,0.42,256,509,5562
22950,36 DOILIES VINTAGE CHRISTMAS,1.45,256,307,8216
21984,PACK OF 12 PINK PAISLEY TISSUES,0.39,256,350,25295
22520,CHILDS GARDEN TROWEL BLUE,0.85,256,327,2186
37503,TEA TIME CAKE STAND IN GIFT BOX,10.75,256,465,2388
21715,GIRLS VINTAGE TIN SEASIDE BUCKET,2.55,255,317,3239
21668,RED STRIPE CERAMIC DRAWER KNOB,1.45,255,614,9496
23313,VINTAGE CHRISTMAS BUNTING,4.95,254,359,2755
84030E,ENGLISH ROSE HOT WATER BOTTLE,4.25,254,408,2135
22300,COFFEE MUG DOG + BALL DESIGN,2.55,254,411,4025
21584,RETROSPOT SMALL TUBE MATCHES,1.65,253,347,3869
22574,HEART WOODEN CHRISTMAS DECORATION,0.85,253,309,4952
21329,DINOSAURS  WRITING SET,1.65,253,369,1644
20978,36 PENCILS TUBE SKULLS,1.25,253,396,3834
22055,MINI CAKE STAND  HANGING STRAWBERY,0.39,252,476,4511
22900,SET 2 TEA TOWELS I LOVE LONDON,3.25,252,507,5651
21844,RED RETROSPOT MUG,2.95,252,422,5244
22818,CARD CHRISTMAS VILLAGE,0.42,252,288,5898
22366,DOORMAT AIRMAIL,8.25,252,434,2390
22236,CAKE STAND 3 TIER MAGIC GARDEN,12.75,251,391,1088
21135,VICTORIAN  METAL POSTCARD SPRING,1.69,251,380,5860
48129,DOORMAT TOPIARY,8.25,251,488,3089
22531,MAGIC DRAWING SLATE CIRCUS PARADE,0.42,251,336,7851
22959,WRAP CHRISTMAS VILLAGE,0.42,251,281,9738
22562,MONSTERS STENCIL CRAFT,1.25,251,362,3973
22583,PACK OF 6 HANDBAG GIFT BOXES,2.55,250,284,1789
21967,PACK OF 12 SKULL TISSUES,0.39,250,371,15702
21902,"KEY FOB , FRONT  DOOR",0.65,250,408,5320
23295,SET OF 12 MINI LOAF BAKING CASES,0.83,250,359,5963
22168,ORGANISER WOOD ANTIQUE WHITE,8.5,250,304,660
22522,CHILDS GARDEN FORK BLUE,0.85,249,307,2192
22899,CHILDREN'S APRON DOLLY GIRL,2.1,249,354,2724
22444,GROW YOUR OWN PLANT IN A CAN,1.25,249,328,9203
21340,CLASSIC METAL BIRDCAGE PLANT HOLDER,12.75,249,383,1727
22065,CHRISTMAS PUDDING TRINKET POT,0.39,249,333,8380
84270,ASSTD DESIGN BUBBLE GUM RING,0.21,249,385,22470
23173,REGENCY TEAPOT ROSES,9.95,248,354,2666
22523,CHILDS GARDEN FORK PINK,0.85,248,313,2131
84792,ENCHANTED BIRD COATHANGER 5 HOOK,4.65,248,437,2229
22593,CHRISTMAS GINGHAM STAR,0.85,247,311,5421
21917,SET 12 KIDS  WHITE CHALK STICKS,0.42,246,381,7955
22078,RIBBON REEL LACE DESIGN,2.1,246,385,3859
22661,CHARLOTTE BAG DOLLY GIRL DESIGN,0.85,246,536,8143
23311,VINTAGE CHRISTMAS STOCKING,2.55,246,281,2199
22215,CAKE STAND WHITE TWO TIER LACE,2.95,245,319,1042
22119,PEACE WOODEN BLOCK LETTERS,1.95,244,330,924
22493,PAINT YOUR OWN CANVAS SET,1.65,244,352,4578
22716,CARD CIRCUS PARADE,0.42,244,341,5128
22945,CHRISTMAS METAL TAGS ASSORTED,1.8,244,278,7555
48111,DOORMAT 3 SMILEY CATS,7.08,244,572,4106
22115,METAL SIGN EMPIRE TEA,0.79,244,350,2726
22536,MAGIC DRAWING SLATE PURDEY,0.42,243,327,10090
22768,FAMILY PHOTO FRAME CORNICE,9.95,243,320,1150
23296,SET OF 6 TEA TIME BAKING CASES,1.25,243,319,4879
21870,I CAN ONLY PLEASE ONE PERSON MUG,1.25,243,539,6225
22755,SMALL PURPLE BABUSHKA NOTEBOOK,0.21,243,395,3589
22335,HEART DECORATION PAINTED ZINC,0.65,242,336,8096
22241,GARLAND WOODEN HAPPY EASTER,1.25,242,335,3836
21992,VINTAGE PAISLEY STATIONERY SET,1.25,242,308,2088
23351,ROLL WRAP 50'S CHRISTMAS,1.25,242,271,3058
20977,36 PENCILS TUBE WOODLAND,1.25,242,357,3572
22747,POPPY'S PLAYHOUSE BATHROOM,2.1,241,327,1915
22989,SET 2 PANTRY DESIGN TEA TOWELS,3.25,241,311,2697
35400,WOODEN BOX ADVENT CALENDAR,8.95,241,331,1247
21577,SAVE THE PLANET COTTON TOTE BAG,2.25,241,330,2237
21716,BOYS VINTAGE TIN SEASIDE BUCKET,2.55,241,306,3365
22198,LARGE POPCORN HOLDER,1.65,240,478,7078
46000S,POLYESTER FILLER PAD 40x40cm,1.45,240,369,3466
21876,POTTERING MUG,1.65,239,403,5349
22938,CUPCAKE LACE PAPER SET 6,1.95,237,251,3690
22754,SMALL RED BABUSHKA NOTEBOOK,0.21,237,379,3710
22208,WOOD STAMP SET THANK YOU,0.83,237,311,2111
22729,ALARM CLOCK BAKELIKE ORANGE,3.75,236,500,2887
22603,CHRISTMAS RETROSPOT TREE WOOD,0.85,236,301,4014
21745,GAOLERS KEYS DECORATIVE GARDEN,3.75,236,460,2707
23354,6 GIFT TAGS 50'S CHRISTMAS,0.83,235,261,3346
22573,STAR WOODEN CHRISTMAS DECORATION,0.85,235,290,4666
22186,RED STAR CARD HOLDER,2.95,234,284,1930
22784,LANTERN CREAM GAZEBO,4.95,234,323,1517
85206A,CREAM FELT EASTER EGG BASKET,1.65,234,283,2179
21935,SUKI  SHOULDER BAG,1.65,234,452,5048
21381,MINI WOODEN HAPPY BIRTHDAY GARLAND,1.69,234,376,4935
21746,SMALL RED RETROSPOT WINDMILL,1.25,234,381,5640
22224,WHITE LOVEBIRD LANTERN,2.95,234,304,2130
23583,LUNCH BAG PAISLEY PARK,1.65,233,298,3315
22332,SKULLS PARTY BAG + STICKER SET,1.65,233,334,4085
23256,CHILDRENS CUTLERY SPACEBOY,4.15,232,324,2018
22736,RIBBON REEL MAKING SNOWMEN,1.65,232,298,2425
22594,CHRISTMAS GINGHAM TREE,0.85,232,290,4530
21713,CITRONELLA CANDLE FLOWERPOT,2.1,232,325,2613
22895,SET OF 2 TEA TOWELS APPLE AND PEARS,3.25,232,354,2793
23247,BISCUIT TIN 50'S CHRISTMAS,2.89,231,271,2060
21407,BROWN CHECK CAT DOORSTOP,4.25,231,329,1143
23103,JINGLE BELL HEART DECORATION,1.65,231,316,3939
21179,NO JUNK MAIL METAL SIGN,0.39,231,359,4074
22430,ENAMEL WATERING CAN CREAM,4.95,230,303,1302
21903,MAN FLU METAL SIGN,1.85,230,346,3368
21714,CITRONELLA CANDLE GARDEN POT,1.25,230,322,3396
22187,GREEN CHRISTMAS TREE CARD HOLDER,1.95,230,290,2022
23581,JUMBO BAG PAISLEY PARK,1.79,230,302,4373
22844,VINTAGE CREAM DOG FOOD CONTAINER,8.5,229,366,1056
21544,SKULLS  WATER TRANSFER TATTOOS,0.85,229,366,5804
21452,TOADSTOOL MONEY BOX,2.95,228,328,1833
22964,3 PIECE SPACEBOY COOKIE CUTTER SET,2.1,228,321,2725
21428,SET3 BOOK BOX GREEN GINGHAM FLOWER,4.25,228,363,2805
22073,RED RETROSPOT STORAGE JAR,3.75,227,360,1981
22795,SWEETHEART RECIPE BOOK STAND,6.75,227,402,1519
22672,FRENCH BATHROOM SIGN BLUE METAL,1.65,227,298,2739
84536A,ENGLISH ROSE NOTEBOOK A7 SIZE,0.42,227,413,4578
84032A,CHARLIE+LOLA PINK HOT WATER BOTTLE,0.79,227,346,2329
23353,6 GIFT TAGS VINTAGE CHRISTMAS,0.83,227,253,3735
22180,RETROSPOT LAMP,9.95,226,358,946
22349,DOG BOWL CHASING BALL DESIGN,3.75,226,318,2399
22374,AIRLINE BAG VINTAGE JET SET RED,4.25,226,341,909
22791,T-LIGHT GLASS FLUTED ANTIQUE,1.25,226,332,9153
22331,WOODLAND PARTY BAG + STICKER SET,1.65,225,345,3529
21878,PACK OF 6 SANDCASTLE FLAGS ASSORTED,0.85,225,290,5392
22582,PACK OF 6 SWEETIE GIFT BOXES,2.55,225,252,2477
22537,MAGIC DRAWING SLATE DINOSAUR,0.42,225,285,5745
22979,PANTRY WASHING UP BRUSH,1.45,225,304,3920
85227,SET OF 6 3D KIT CARDS FOR KIDS,0.85,225,289,3215
21363,HOME SMALL WOOD LETTERS,4.95,224,331,942
23192,BUNDLE OF 3 ALPHABET EXERCISE BOOKS,1.65,224,312,3286
48173C,DOORMAT BLACK FLOCK,8.25,224,460,4059
85049B,LUSH GREENS RIBBONS,1.25,224,317,2102
23170,REGENCY TEA PLATE ROSES,1.65,224,328,6575
22483,RED GINGHAM TEDDY BEAR,2.55,223,302,1830
21718,RED METAL BEACH SPADE,1.25,223,308,3706
20992,JAZZ HEARTS PURSE NOTEBOOK,0.39,222,377,6098
22813,PACK 3 BOXES BIRD PANETTONE,1.95,222,290,3869
22614,PACK OF 12 SPACEBOY TISSUES,0.39,222,298,5577
21787,RAIN PONCHO RETROSPOT,0.85,221,350,14752
22837,HOT WATER BOTTLE BABUSHKA,4.65,221,368,3658
84839,SWEETHEART KEY CABINET,6.75,219,351,1493
22061,LARGE CAKE STAND  HANGING STRAWBERY,2.95,219,443,2104
22841,ROUND CAKE TIN VINTAGE GREEN,7.95,219,286,761
21875,KINGS CHOICE MUG,1.06,218,326,6714
22670,FRENCH WC SIGN BLUE METAL,1.25,218,315,4339
22992,REVOLVER WOODEN RULER,1.95,217,285,4917
22725,ALARM CLOCK BAKELIKE CHOCOLATE,3.75,217,419,2330
22998,TRAVEL CARD WALLET KEEP CALM,0.42,217,437,11769
22110,BIRD HOUSE HOT WATER BOTTLE,2.55,217,323,1936
23077,DOUGHNUT LIP GLOSS,1.25,217,308,9662
22070,SMALL RED RETROSPOT MUG IN BOX,3.75,217,275,1761
22733,3D TRADITIONAL CHRISTMAS STICKERS,1.25,216,253,3352
21488,RED WHITE SCARF  HOT WATER BOTTLE,3.95,216,301,2165
22439,6 ROCKET BALLOONS,0.65,216,307,3782
84596F,SMALL MARSHMALLOWS PINK BOWL,0.42,216,410,4193
21508,VINTAGE KID DOLLY CARD,0.42,215,409,6556
22943,CHRISTMAS LIGHTS 10 VINTAGE BAUBLES,10.79,215,286,2461
17003,BROCADE RING PURSE,0.39,215,387,71129
23294,SET OF 6 SNACK LOAF BAKING CASES,0.83,214,291,4292
21906,PHARMACIE FIRST AID TIN,6.75,214,311,1663
23349,ROLL WRAP VINTAGE CHRISTMAS,1.25,214,246,2857
22810,SET OF 6 T-LIGHTS SNOWMEN,2.95,213,280,2182
22064,PINK DOUGHNUT TRINKET POT,0.39,213,479,6304
22276,WASH BAG VINTAGE ROSE PAISLEY,2.55,213,303,1829
21355,TOAST ITS - I LOVE YOU,1.25,213,278,3411
21327,SKULLS WRITING SET,1.65,212,333,1535
22302,COFFEE MUG PEARS  DESIGN,2.55,212,352,4815
21874,GIN AND TONIC MUG,1.45,211,455,6257
22433,WATERING CAN GREEN DINOSAUR,1.95,211,352,2713
22047,EMPIRE GIFT WRAP,0.42,211,260,8275
22498,WOODEN REGATTA BUNTING,5.95,211,294,997
22572,ROCKING HORSE GREEN CHRISTMAS,0.85,211,264,3304
21829,DINOSAUR KEYRINGS ASSORTED,0.21,211,300,14396
47504K,ENGLISH ROSE GARDEN SECATEURS,0.79,210,263,2598
23323,WHITE WICKER STAR,2.1,210,270,1426
21243,PINK POLKADOT PLATE,1.69,210,395,5211
21833,CAMOUFLAGE LED TORCH,1.69,210,337,6237
21987,PACK OF 6 SKULL PAPER CUPS,0.65,209,347,6341
22148,EASTER CRAFT 4 CHICKS,1.95,209,243,3004
23308,SET OF 60 VINTAGE LEAF CAKE CASES,0.55,209,305,5967
16237,SLEEPING CAT ERASERS,0.21,209,340,10254
22360,GLASS JAR ENGLISH CONFECTIONERY,2.95,209,303,2309
47556B,TEA TIME TEA TOWELS,2.1,209,408,5142
22712,CARD DOLLY GIRL,0.42,209,345,7153
21988,PACK OF 6 SKULL PAPER PLATES,0.85,209,350,7667
22564,ALPHABET STENCIL CRAFT,1.25,208,312,4580
72351B,SET/6 PINK  BUTTERFLY T-LIGHTS,2.1,208,426,5712
22581,WOOD STOCKING CHRISTMAS SCANDISPOT,0.29,208,263,3062
21993,FLORAL FOLK STATIONERY SET,1.25,208,282,2067
21983,PACK OF 12 BLUE PAISLEY TISSUES,0.39,208,263,6148
85232B,SET OF 3 BABUSHKA STACKING TINS,4.95,208,441,2936
22988,SOLDIERS EGG CUP,1.25,207,349,9389
22704,WRAP RED APPLES,0.42,207,293,8825
21244,BLUE POLKADOT PLATE,1.69,207,363,4783
22575,METAL MERRY CHRISTMAS WREATH,1.95,207,299,2888
23188,VINTAGE  2 METRE FOLDING RULER,1.65,207,282,3098
22592,CARDHOLDER HOLLY WREATH METAL,3.75,207,251,1833
21587,COSY HOUR GIANT TUBE MATCHES,2.55,207,255,2193
22272,FELTCRAFT DOLL MARIA,2.95,207,276,1367
20829,GLITTER HANGING BUTTERFLY STRING,2.1,207,404,4728
23332,IVORY WICKER HEART LARGE,1.65,207,267,1996
21257,VICTORIAN SEWING BOX MEDIUM,7.95,206,360,1294
37495,FAIRY CAKE BIRTHDAY CANDLE SET,3.75,206,288,1521
85049F,BABY BOOM RIBBONS,1.25,206,295,2104
23175,REGENCY MILK JUG PINK,3.25,206,272,3066
22460,EMBOSSED GLASS TEALIGHT HOLDER,1.25,206,289,4314
46000M,POLYESTER FILLER PAD 45x45cm,1.55,205,342,2505
23350,ROLL WRAP VINTAGE SPOT,1.25,205,246,2593
22109,FULL ENGLISH BREAKFAST PLATE,3.75,205,389,2939
22753,SMALL YELLOW BABUSHKA NOTEBOOK,0.21,205,331,2217
37449,CERAMIC CAKE STAND + HANGING CAKES,9.95,205,410,2311
23082,SET 6 PAPER TABLE LANTERN HEARTS,3.75,205,263,2265
23254,CHILDRENS CUTLERY DOLLY GIRL,4.15,204,276,1664
22318,FIVE HEART HANGING DECORATION,2.95,204,286,1501
21832,CHOCOLATE CALCULATOR,1.65,204,281,3053
21922,UNION STRIPE WITH FRINGE  HAMMOCK,7.95,204,330,1286
22535,MAGIC DRAWING SLATE BUNNIES,0.42,204,257,4297
22222,CAKE PLATE LOVEBIRD WHITE,4.95,203,297,1229
23570,TRADITIONAL PICK UP STICKS GAME,1.25,203,231,1846
22434,BALLOON PUMP WITH 10 BALLOONS,1.95,203,262,2561
23236,STORAGE TIN VINTAGE DOILY,2.89,203,284,2459
22696,WICKER WREATH LARGE,1.95,203,245,1421
21590,KINGS CHOICE CIGAR BOX MATCHES,1.25,203,280,3446
16161U,WRAP SUKI AND FRIENDS,0.42,203,317,10051
22028,PENNY FARTHING BIRTHDAY CARD,0.42,203,365,6143
23169,CLASSIC GLASS COOKIE JAR,4.15,203,262,1453
23076,ICE CREAM SUNDAE LIP GLOSS,1.25,202,248,7920
47599A,PINK PARTY BAGS,2.1,202,325,5956
22771,CLEAR DRAWER KNOB ACRYLIC EDWARDIAN,1.25,201,383,6833
22796,PHOTO FRAME 3 CLASSIC HANGING,9.95,201,293,785
22075,6 RIBBONS ELEGANT CHRISTMAS,0.39,201,256,3092
23234,BISCUIT TIN VINTAGE CHRISTMAS,2.89,201,232,1635
79029,GLASS HONEYPOT WASP CATCHER,1.95,201,292,2863
22179,SET 10 NIGHT OWL LIGHTS,5.95,201,401,1847
85061W,WHITE JEWELLED HEART DECORATION,0.85,201,330,5990
23205,CHARLOTTE BAG VINTAGE ALPHABET,0.85,201,345,5152
23266,SET OF 3 WOODEN STOCKING DECORATION,1.25,201,274,1975
21495,SKULLS AND CROSSBONES WRAP,0.42,201,375,12465
21911,GARDEN METAL SIGN,1.65,200,256,2393
84510A,SET OF 4 ENGLISH ROSE COASTERS,1.25,200,307,2196
21042,RED RETROSPOT APRON,5.95,200,336,1432
22071,SMALL WHITE RETROSPOT MUG IN BOX,3.75,200,236,1525
22072,RED RETROSPOT TEA CUP AND SAUCER,1.25,200,402,2248
22353,LUNCH BOX WITH CUTLERY FAIRY CAKES,2.55,200,371,2806
22494,EMERGENCY FIRST AID TIN,1.25,200,294,2590
22626,BLACK KITCHEN SCALES,8.5,200,305,831
22377,BOTTLE BAG RETROSPOT,2.1,200,288,3214
22649,STRAWBERRY FAIRY CAKE TEAPOT,4.95,200,414,2250
23204,CHARLOTTE BAG APPLES DESIGN,0.85,199,425,7039
22743,MAKE YOUR OWN FLOWERPOWER CARD KIT,0.79,199,263,1335
21534,DAIRY MAID LARGE MILK JUG,4.95,199,295,871
85175,CACTI T-LIGHT CANDLES,0.42,199,409,15654
21811,HANGING HEART WITH BELL,0.39,199,270,5869
22466,FAIRY TALE COTTAGE NIGHT LIGHT,1.95,199,308,5652
37448,CERAMIC CAKE DESIGN SPOTTED MUG,1.49,198,433,4485
23126,FELTCRAFT GIRL AMELIE KIT,4.95,198,271,1089
22980,PANTRY SCRUBBING BRUSH,1.65,198,242,2289
21137,BLACK RECORD COVER FRAME,3.39,198,539,19629
22480,RED TEA TOWEL CLASSIC DESIGN,1.25,197,245,2327
21818,GLITTER HEART DECORATION,0.39,197,261,4342
22076,6 RIBBONS EMPIRE,0.39,197,240,2123
22693,GROW A FLYTRAP OR SUNFLOWER IN TIN,1.06,197,281,17266
22767,TRIPLE PHOTO FRAME CORNICE,9.95,197,279,994
84580,MOUSE TOY WITH PINK T-SHIRT,4.13,197,312,883
22468,BABUSHKA LIGHTS STRING OF 10,6.75,196,335,1668
22544,MINI JIGSAW SPACEBOY,0.19,196,261,9364
22283,6 EGG HOUSE PAINTED WOOD,7.95,196,297,939
20674,GREEN POLKADOT BOWL,1.25,196,360,3143
22744,MAKE YOUR OWN MONSOON CARD KIT,0.79,196,254,1433
22120,WELCOME  WOODEN BLOCK LETTERS,9.95,196,316,978
23171,REGENCY TEA PLATE GREEN,1.65,195,270,5966
22732,3D VINTAGE CHRISTMAS STICKERS,1.25,195,243,3543
22425,ENAMEL COLANDER CREAM,4.95,195,261,816
22227,HANGING HEART MIRROR DECORATION,0.65,195,381,5332
23328,SET 6 SCHOOL MILK BOTTLES IN CRATE,3.75,195,281,2067
22118,JOY WOODEN BLOCK LETTERS,1.25,195,243,785
79000,MOROCCAN TEA GLASS,0.85,195,333,11609
23571,TRADITIONAL NAUGHTS & CROSSES,1.65,195,216,2036
84884A,ANT WHITE WIRE HEART SPIRAL,1.95,195,269,1666
22587,FELTCRAFT HAIRBAND RED AND BLUE,0.85,194,245,2067
85040A,S/4 PINK FLOWER CANDLES IN BOWL,1.65,193,314,1928
22443,GROW YOUR OWN HERBS SET OF 3,7.95,193,238,666
22365,DOORMAT RESPECTABLE HOUSE,8.25,193,348,2246
22566,FELTCRAFT HAIRBAND PINK AND PURPLE,0.85,192,250,2807
22639,SET OF 4 NAPKIN CHARMS HEARTS,0.79,192,248,1624
22845,VINTAGE CREAM CAT FOOD CONTAINER,6.35,192,295,895
22315,200 RED + WHITE BENDY STRAWS,1.25,191,296,1993
22576,SWALLOW WOODEN CHRISTMAS DECORATION,0.85,191,243,3121
21041,RED RETROSPOT OVEN GLOVE DOUBLE,2.95,191,330,2274
21588,RETROSPOT GIANT TUBE MATCHES,2.55,191,284,3398
85038,6 CHOCOLATE LOVE HEART T-LIGHTS,1.85,191,282,2621
22419,LIPSTICK PEN RED,0.42,191,287,5768
22220,CAKE STAND LOVEBIRD 2 TIER WHITE,2.95,190,244,713
23174,REGENCY SUGAR BOWL GREEN,4.15,190,268,2956
21866,UNION JACK FLAG LUGGAGE TAG,1.25,190,294,1696
22897,OVEN MITT APPLES DESIGN,1.45,190,248,1901
23231,WRAP  VINTAGE DOILY,0.42,190,257,7225
22207,FRYING PAN UNION FLAG,4.25,189,324,2920
22846,BREAD BIN DINER STYLE RED,16.95,189,311,804
22525,CHILDRENS GARDEN GLOVES PINK,1.25,189,240,1757
22361,GLASS JAR DAISY FRESH COTTON WOOL,2.95,189,264,1541
22956,36 FOIL HEART CAKE CASES,0.79,189,225,2557
22524,CHILDRENS GARDEN GLOVES BLUE,1.25,188,232,1748
85199S,SMALL HANGING IVORY/RED WOOD BIRD,0.42,188,291,5447
20752,BLUE POLKADOT WASHING UP GLOVES,2.1,188,270,1345
23232,WRAP VINTAGE LEAF DESIGN,0.42,188,238,8626
22896,PEG BAG APPLES DESIGN,2.55,187,291,1983
21896,POTTING SHED TWINE,2.1,187,226,2315
21186,WHITE DOVE HONEYCOMB PAPER GARLAND,1.65,187,274,5022
22714,CARD BIRTHDAY COWBOY,0.42,187,253,5133
22965,3 TRADITIONAl BISCUIT CUTTERS  SET,2.1,187,228,1824
20967,GREY FLORAL FELTCRAFT SHOULDER BAG,3.75,187,272,1110
22440,BALLOON WATER BOMB PACK OF 35,0.42,187,258,8449
15056P,EDWARDIAN PARASOL PINK,5.95,186,321,2492
23582,VINTAGE DOILY JUMBO BAG RED,2.08,186,234,4447
23229,VINTAGE DONKEY TAIL GAME,3.75,186,219,1804
21258,VICTORIAN SEWING BOX LARGE,12.75,186,344,1369
21700,BIG DOUGHNUT FRIDGE MAGNETS,0.85,186,325,5852
22242,5 HOOK HANGER MAGIC TOADSTOOL,1.65,186,305,4735
48116,DOORMAT MULTICOLOUR STRIPE,8.25,186,385,3316
85184C,SET 4 VALENTINE DECOUPAGE HEART BOX,2.95,186,255,2119
21625,VINTAGE UNION JACK APRON,6.95,186,245,865
82599,FANNY'S REST STOPMETAL SIGN,2.1,185,354,2352
85053,FRENCH ENAMEL CANDLEHOLDER,2.1,185,277,1854
84880,WHITE WIRE EGG HOLDER,7.5,185,327,1745
22991,GIRAFFE WOODEN RULER,1.95,185,234,3710
22066,LOVE HEART TRINKET POT,0.39,185,254,3429
37370,RETRO COFFEE MUGS ASSORTED,1.65,184,344,7283
22838,3 TIER CAKE TIN RED AND CREAM,14.95,184,228,883
22586,FELTCRAFT HAIRBAND PINK AND BLUE,0.85,184,235,2009
22091,EMPIRE TISSUE BOX,0.39,184,242,3056
21158,MOODY GIRL DOOR HANGER,0.39,184,260,2531
20681,PINK POLKADOT CHILDRENS UMBRELLA,3.25,184,274,1327
21491,SET OF THREE VINTAGE GIFT WRAPS,1.95,184,222,2846
23367,SET 12 COLOUR PENCILS SPACEBOY,0.65,184,231,2785
21578,WOODLAND DESIGN  COTTON TOTE BAG,2.25,184,276,1926
23241,TREASURE TIN GYMKHANA DESIGN,2.08,183,284,2024
22059,CERAMIC STRAWBERRY DESIGN MUG,0.39,183,365,4943
22842,BISCUIT TIN VINTAGE RED,6.75,183,219,824
22962,JAM JAR WITH PINK LID,0.85,183,257,4395
22721,SET OF 3 CAKE TINS SKETCHBOOK,1.95,183,246,910
22426,ENAMEL WASH BOWL CREAM,3.75,182,273,1195
23306,SET OF 36 PANTRY PAPER DOILIES,1.45,182,209,2692
22968,ROSE COTTAGE KEEPSAKE BOX,8.5,182,243,1093
22674,FRENCH TOILET SIGN BLUE METAL,1.25,182,243,2288
22689,DOORMAT MERRY CHRISTMAS RED,16.63,182,211,1006
23191,BUNDLE OF 3 RETRO NOTE BOOKS,1.65,182,245,2176
21519,GIN & TONIC DIET GREETING CARD,0.42,181,436,7125
20668,DISCO BALL CHRISTMAS DECORATION,0.12,181,309,21496
22094,RED RETROSPOT TISSUE BOX,0.39,181,232,3435
85231B,CINAMMON SET OF 9 T-LIGHTS,0.85,181,286,1951
21361,LOVE LARGE WOOD LETTERS,12.75,181,250,548
22243,5 HOOK HANGER RED MAGIC TOADSTOOL,1.65,181,321,7611
21679,SKULLS  STICKERS,0.85,181,268,4771
22618,COOKING SET RETROSPOT,9.95,180,224,720
22399,MAGNETS PACK OF 4 CHILDHOOD MEMORY,1.25,180,255,4048
23144,ZINC T-LIGHT HOLDER STARS SMALL,0.83,180,237,4894
21563,RED HEART SHAPE LOVE BUCKET,0.79,180,302,2714
23265,SET OF 3 WOODEN TREE DECORATIONS,1.25,180,246,1680
22970,LONDON BUS COFFEE MUG,2.55,180,276,4246
84971S,SMALL HEART FLOWERS HOOK,0.39,180,325,6342
22334,DINOSAUR PARTY BAG + STICKER SET,1.65,180,246,2214
23100,SILVER BELLS TABLE DECORATION,1.25,180,213,2093
84509A,SET OF 4 ENGLISH ROSE PLACEMATS,3.75,180,270,1186
20996,JAZZ HEARTS ADDRESS BOOK,0.19,179,270,6137
23333,IVORY WICKER HEART MEDIUM,1.25,179,216,2030
47568,ENGLISH ROSE DESIGN PEG BAG,2.1,179,320,2267
47567B,TEA TIME KITCHEN APRON,12.46,179,320,2160
22210,WOOD STAMP SET BEST WISHES,0.83,179,226,1491
22957,SET 3 PAPER VINTAGE CHICK PAPER EGG,2.95,179,196,1749
22675,FRENCH KITCHEN SIGN BLUE METAL,1.25,179,226,2149
22093,MOTORING TISSUE BOX,0.39,179,247,2344
10135,COLOURING PENCILS BROWN TUBE,1.25,178,249,3920
21819,GLITTER CHRISTMAS STAR,0.39,178,231,3870
23230,WRAP ALPHABET DESIGN,0.42,178,232,7950
23309,SET OF 60 I LOVE LONDON CAKE CASES,0.55,178,294,7727
22174,PHOTO CUBE,1.65,178,303,4185
23109,PACK OF SIX LED TEA LIGHTS,2.89,178,228,2325
20984,12 PENCILS TALL TUBE POSY,0.29,178,225,5861
23264,SET OF 3 WOODEN SLEIGH DECORATIONS,1.25,177,249,1845
22023,EMPIRE BIRTHDAY CARD,0.42,177,311,4944
20961,STRAWBERRY BATH SPONGE,1.25,177,314,3275
85178,VICTORIAN SEWING KIT,2.46,177,254,5439
22942,CHRISTMAS LIGHTS 10 SANTAS,2.95,176,217,1224
22478,BIRDHOUSE GARDEN MARKER,1.25,176,216,2546
23101,SILVER STARS TABLE DECORATION,0.83,175,190,1948
15060B,FAIRY CAKE DESIGN UMBRELLA,2.95,174,274,1156
23177,TREASURE ISLAND BOOK BOX,1.95,174,214,2431
21537,RED RETROSPOT PUDDING BOWL,4.25,174,226,1012
79323W,WHITE CHERRY LIGHTS,5.45,174,313,2948
72351A,SET/6 TURQUOISE BUTTERFLY T-LIGHTS,2.1,174,352,3679
22801,ANTIQUE GLASS PEDESTAL BOWL,3.39,173,226,1197
21110,LARGE CAKE TOWEL PINK SPOTS,6.75,173,229,1260
21313,GLASS HEART T-LIGHT HOLDER,0.85,173,258,5971
22436,12 COLOURED PARTY BALLOONS,0.65,173,255,4227
22405,MONEY BOX POCKET MONEY DESIGN,0.39,173,192,1627
22798,ANTIQUE GLASS DRESSING TABLE POT,2.95,173,258,2279
22565,FELTCRAFT HAIRBANDS PINK AND WHITE,1.63,173,220,1938
85062,PEARL CRYSTAL PUMPKIN T-LIGHT HLDR,1.65,172,278,3804
21586,KINGS CHOICE GIANT TUBE MATCHES,2.1,172,236,2648
85064,CREAM SWEETHEART LETTER RACK,5.45,172,239,1727
22421,LIPSTICK PEN FUSCHIA,0.42,172,239,3805
21162,TOXIC AREA  DOOR HANGER,0.39,172,239,2329
22628,PICNIC BOXES SET OF 3 RETROSPOT,4.95,172,250,1519
21810,CHRISTMAS HANGING STAR WITH BELL,0.39,171,241,6421
23275,SET OF 3 HANGING OWLS OLLIE BEAK,1.25,171,270,3642
22723,SET OF 6 HERB TINS SKETCHBOOK,1.25,170,235,1059
47599B,BLUE PARTY BAGS,2.1,170,262,3517
22024,RAINY LADIES BIRTHDAY CARD,0.42,170,292,5239
21913,VINTAGE SEASIDE JIGSAW PUZZLES,3.75,170,204,1010
22589,CARDHOLDER GINGHAM STAR,4.96,170,197,1280
22963,JAM JAR WITH GREEN LID,0.85,170,222,3721
23147,SINGLE ANTIQUE ROSE HOOK IVORY,1.45,170,250,1845
21990,MODERN FLORAL STATIONERY SET,1.25,170,233,1804
23196,VINTAGE LEAF MAGNETIC NOTEPAD,1.45,170,233,1760
22081,RIBBON REEL FLORA + FAUNA,1.65,170,212,1468
22350,ILLUSTRATED CAT BOWL,2.55,169,251,2603
84279P,CHERRY BLOSSOM  DECORATIVE FLASK,3.75,169,241,1065
22244,3 HOOK HANGER MAGIC GARDEN,1.95,169,281,4606
21463,MIRRORED DISCO BALL,5.95,169,280,1347
22854,CREAM SWEETHEART EGG HOLDER,4.95,169,216,1104
21777,RECIPE BOX WITH METAL HEART,7.95,169,312,1073
21126,SET OF 6 GIRLS CELEBRATION CANDLES,1.25,169,209,2214
21383,PACK OF 12 STICKY BUNNIES,0.65,169,190,1895
21872,GLAMOROUS  MUG,1.25,169,285,5061
37446,MINI CAKE STAND WITH HANGING CAKES,1.45,168,311,3615
22099,CARAVAN SQUARE TISSUE BOX,0.39,168,214,2046
22275,WEEKEND BAG VINTAGE ROSE PAISLEY,7.65,168,280,975
20963,APPLE BATH SPONGE,1.25,168,293,3203
23312,VINTAGE CHRISTMAS GIFT SACK,4.15,168,193,1365
23329,DECORATIVE WICKER HEART LARGE,1.65,168,215,1712
22378,WALL TIDY RETROSPOT,4.13,167,288,3069
21431,GREEN GINGHAM FLOWER JEWELLERY BOX,1.65,167,225,1417
23165,LARGE CERAMIC TOP STORAGE JAR,1.45,167,220,2954
22597,MUSICAL ZINC HEART DECORATION,0.29,167,205,4214
20665,RED RETROSPOT PURSE,2.95,167,222,1187
21107,CREAM SLICE FLANNEL PINK SPOT,2.55,167,228,2310
21272,SALLE DE BAIN HOOK,1.25,167,230,2208
21207,SKULL AND CROSSBONES  GARLAND,1.65,167,212,3495
21864,UNION JACK FLAG PASSPORT COVER,2.1,166,259,1569
21658,GLASS  BEURRE DISH,3.95,166,345,2037
22245,"HOOK, 1 HANGER ,MAGIC GARDEN",0.85,166,273,4451
22203,MILK PAN RED RETROSPOT,1.25,166,270,1237
22231,JIGSAW TREE WITH BIRDHOUSE,0.59,166,220,1981
22412,METAL SIGN NEIGHBOURHOOD WITCH,2.1,166,308,2298
22613,PACK OF 20 SPACEBOY NAPKINS,0.85,166,226,2975
22731,3D CHRISTMAS STAMPS STICKERS,1.25,165,203,2795
21471,STRAWBERRY RAFFIA FOOD COVER,3.75,165,229,1238
22285,HANGING HEN ON NEST DECORATION,1.65,165,212,2663
23393,HOME SWEET HOME CUSHION COVER,3.75,165,201,769
22495,SET OF 2 ROUND TINS CAMEMBERT,0.79,165,189,893
22155,STAR DECORATION RUSTIC,0.42,165,221,5865
10002,INFLATABLE POLITICAL GLOBE,0.85,164,297,8624
22278,OVERNIGHT BAG VINTAGE ROSE PAISLEY,4.95,164,239,835
23504,PLAYING CARDS JUBILEE UNION JACK,1.25,164,190,1668
72807C,SET/3 VANILLA SCENTED CANDLE IN BOX,3.81,164,238,1865
21116,OWL DOORSTOP,8.29,164,246,972
21934,SKULL SHOULDER BAG,1.65,164,345,3284
22971,QUEENS GUARD COFFEE MUG,2.55,164,233,2365
22364,GLASS JAR DIGESTIVE BISCUITS,2.95,164,224,1902
22740,POLKADOT PEN,0.85,163,205,12887
21033,JUMBO BAG CHARLIE AND LOLA TOYS,2.08,163,293,3449
22154,ANGEL DECORATION 3 BUTTONS,0.42,163,227,7617
20886,BOX OF 9 PEBBLE CANDLES,1.95,163,244,1694
22372,AIRLINE BAG VINTAGE WORLD CHAMPION,4.25,163,228,534
21071,VINTAGE BILLBOARD DRINK ME MUG,1.25,163,314,4175
22533,MAGIC DRAWING SLATE BAKE A CAKE,0.42,162,198,4606
20985,HEART CALCULATOR,1.25,162,216,2154
21125,SET 6 FOOTBALL CELEBRATION CANDLES,1.25,162,199,2090
85065,CREAM SWEETHEART TRAYS,9.95,162,232,586
22604,SET OF 4 NAPKIN CHARMS CUTLERY,2.55,162,221,1952
22986,WRAP GINGHAM ROSE,0.42,162,203,5841
23215,JINGLE BELL HEART ANTIQUE SILVER,2.08,162,197,3547
22892,SET OF SALT AND PEPPER TOADSTOOLS,1.25,162,274,3519
22098,BOUDOIR SQUARE TISSUE BOX,0.39,161,231,2789
22021,BLUE FELT EASTER EGG BASKET,1.65,161,208,1331
21472,LADYBIRD + BEE RAFFIA FOOD COVER,3.75,161,235,1009
22175,PINK OWL SOFT TOY,2.95,161,296,1770
51014A,"FEATHER PEN,HOT PINK",0.39,161,247,6120
22757,LARGE RED BABUSHKA NOTEBOOK,0.39,161,223,2542
22211,WOOD STAMP SET FLOWERS,0.83,161,202,1288
23083,SET 6 PAPER TABLE LANTERN STARS,3.75,161,209,1860
22781,GUMBALL MAGAZINE RACK,14.96,160,225,788
22497,SET OF 2 TINS VINTAGE BATHROOM,4.25,160,205,848
23172,REGENCY TEA PLATE PINK,1.65,160,224,3688
21470,FLOWER VINE RAFFIA FOOD COVER,3.75,160,266,1028
23091,ZINC HERB GARDEN CONTAINER,6.25,160,192,570
79067,CORONA MEXICAN TRAY,3.75,160,275,1492
22400,MAGNETS PACK OF 4 HOME SWEET HOME,0.39,159,224,2463
22209,WOOD STAMP SET HAPPY BIRTHDAY,0.83,159,193,1281
23176,ABC TREASURE BOOK BOX,2.25,159,186,2090
23534,WALL ART STOP FOR TEA,5.95,159,194,1207
23389,SPACEBOY MINI BACKPACK,4.15,159,205,1050
23078,ICE CREAM PEN LIP GLOSS,1.25,159,213,6607
23330,DECORATIVE WICKER HEART MEDIUM,1.25,158,195,1761
22199,FRYING PAN RED RETROSPOT,1.25,158,273,1691
21504,SKULLS GREETING CARD,0.42,158,284,4946
22402,MAGNETS PACK OF 4 VINTAGE COLLAGE,0.39,158,239,3415
22097,SWALLOW SQUARE TISSUE BOX,0.39,158,211,2056
21059,PARTY INVITES DINOSAURS,0.85,158,198,1575
21163,DO NOT TOUCH MY STUFF DOOR HANGER,0.39,158,212,2760
47580,TEA TIME DES TEA COSY,2.55,158,263,1562
35471D,SET OF 3 BIRD LIGHT PINK FEATHER,0.39,158,205,1981
22610,PENS ASSORTED FUNNY FACE,0.19,157,223,12242
22354,RETROSPOT PADDED SEAT CUSHION,3.75,157,237,2110
22284,HEN HOUSE DECORATION,1.65,157,233,2383
23110,PARISIENNE KEY CABINET,5.75,157,219,664
22653,BUTTON BOX,1.95,156,231,2242
22161,HEART DECORATION RUSTIC HANGING,0.19,156,219,5417
84950,ASSORTED COLOUR T-LIGHT HOLDER,0.65,156,221,7554
21742,LARGE ROUND WICKER PLATTER,5.95,156,189,433
22415,WHITE TISSUE REAM,7.95,156,204,326
21249,WOODLAND  HEIGHT CHART STICKERS,2.95,156,189,1578
22449,SILK PURSE BABUSHKA PINK,3.35,155,234,1224
22500,SET OF 2 TINS JARDIN DE PROVENCE,1.25,155,177,566
21730,GLASS STAR FROSTED T-LIGHT HOLDER,4.95,155,259,1209
22996,TRAVEL CARD WALLET VINTAGE TICKET,0.42,155,292,4552
22477,WATERING CAN GARDEN MARKER,1.25,155,183,2268
85049H,URBAN BLACK RIBBONS,0.83,154,210,1636
23118,PARISIENNE JEWELLERY DRAWER,6.65,154,225,765
22132,RED LOVE HEART SHAPE CUP,0.85,154,238,3050
22152,PLACE SETTING WHITE STAR,0.42,154,219,6239
22482,BLUE TEA TOWEL CLASSIC DESIGN,1.25,154,201,2286
10133,COLOURING PENCILS BROWN TUBE,0.42,153,203,3351
22526,WHEELBARROW FOR CHILDREN,12.75,153,187,519
20658,RED RETROSPOT LUGGAGE TAG,1.25,153,223,1365
21749,LARGE RED RETROSPOT WINDMILL,2.1,153,215,5454
22145,CHRISTMAS CRAFT HEART STOCKING,2.1,153,169,1294
22978,PANTRY ROLLING PIN,3.75,153,197,2407
22496,SET OF 2 ROUND TINS DUTCH CHEESE,0.79,153,174,703
23569,TRADTIONAL ALPHABET STAMP SET,4.95,152,174,933
22217,T-LIGHT HOLDER HANGING LACE,0.39,152,172,2192
22926,IVORY GIANT GARDEN THERMOMETER,5.95,152,201,728
21432,SET OF 3 CASES WOODLAND DESIGN,5.95,152,227,928
48189,DOORMAT FRIENDSHIP,7.95,152,207,1227
22946,WOODEN ADVENT CALENDAR CREAM,16.95,152,208,876
22035,VINTAGE CARAVAN GREETING CARD,0.83,152,244,3954
21830,ASSORTED CREEPY CRAWLIES,0.83,151,225,7844
22695,WICKER WREATH SMALL,0.59,151,184,1415
23352,ROLL WRAP 50'S RED CHRISTMAS,1.25,151,162,1596
84078A,SET/4 WHITE RETRO STORAGE CUBES,39.95,151,234,1007
22758,LARGE PURPLE BABUSHKA NOTEBOOK,0.39,151,221,2323
20702,PINK PADDED MOBILE,4.25,151,237,779
23012,GLASS APOTHECARY BOTTLE PERFUME,3.95,151,198,1017
22514,CHILDS GARDEN SPADE BLUE,2.1,151,193,1034
23146,TRIPLE HOOK ANTIQUE IVORY ROSE,3.29,151,211,781
23238,SET OF 4 KNICK KNACK TINS LONDON,4.15,150,233,1788
23497,CLASSIC CHROME BICYCLE BELL,1.45,150,172,2514
21642,ASSORTED TUTTI FRUTTI PEN,0.29,150,184,4225
22650,CERAMIC PIRATE CHEST MONEY BANK,1.45,150,221,1751
21781,MA CAMPAGNE CUTLERY BOX,14.95,150,314,611
21333,CLASSIC WHITE FRAME,2.95,150,197,1031
21389,IVORY HANGING DECORATION  BIRD,0.85,149,194,2156
21068,VINTAGE BILLBOARD LOVE/HATE MUG,1.25,149,257,4227
21447,12 IVORY ROSE PEG PLACE SETTINGS,1.25,149,228,2399
22800,ANTIQUE TALL SWIRLGLASS TRINKET POT,3.75,149,189,1081
21058,PARTY INVITES WOODLAND,0.85,148,207,2241
22711,WRAP CIRCUS PARADE,0.42,148,178,5327
22713,CARD I LOVE LONDON,0.42,148,240,5793
22025,RING OF ROSES BIRTHDAY CARD,0.42,148,203,3853
22228,BUNNY WOODEN PAINTED WITH BIRD,0.39,148,175,1479
23080,RED METAL BOX TOP SECRET,8.25,148,221,1003
22890,NOVELTY BISCUITS CAKE STAND 3 TIER,9.95,148,230,804
22591,CARDHOLDER GINGHAM CHRISTMAS TREE,6.63,148,174,1296
22445,PENCIL CASE LIFE IS BEAUTIFUL,2.95,147,212,1207
23052,RECYCLED ACAPULCO MAT TURQUOISE,8.25,147,221,571
22277,COSMETIC BAG VINTAGE ROSE PAISLEY,2.1,147,189,1341
22972,CHILDREN'S SPACEBOY MUG,1.65,147,191,1900
21466,RED FLOWER CROCHET FOOD COVER,3.75,147,240,833
22046,TEA PARTY  WRAPPING PAPER,0.42,147,207,6350
21494,ROTATING LEAVES T-LIGHT HOLDER,1.25,147,241,2889
37500,TEA TIME TEAPOT IN GIFT BOX,4.95,147,216,827
21159,MOODY BOY  DOOR HANGER,0.39,146,214,2073
23310,BUBBLEGUM RING ASSORTED,0.42,146,213,11891
84828,JUNGLE POPSICLES ICE LOLLY MOULDS,1.25,146,233,2304
21245,GREEN POLKADOT PLATE,1.45,146,254,2456
47503A,ASS FLORAL PRINT MULTI SCREWDRIVER,0.42,146,191,2871
23127,FELTCRAFT GIRL NICOLE KIT,4.95,146,182,714
23283,DOORMAT VINTAGE LEAF,8.25,146,209,967
23399,HOME SWEET HOME HANGING HEART,0.85,146,176,1823
22292,HANGING CHICK  YELLOW DECORATION,1.45,145,181,2652
23494,VINTAGE DOILY DELUXE SEWING KIT,5.95,145,176,726
21528,DAIRY MAID TRADITIONAL TEAPOT,6.95,145,215,841
23190,BUNDLE OF 3 SCHOOL EXERCISE BOOKS,1.65,145,179,1678
22406,MONEY BOX KINGS CHOICE DESIGN,0.39,145,174,2451
22476,EMPIRE UNION JACK TV DINNER TRAY,1.95,145,188,1234
22376,AIRLINE BAG VINTAGE JET SET WHITE,4.25,145,191,461
21467,CHERRY CROCHET FOOD COVER,3.75,145,212,957
22474,SPACEBOY TV DINNER TRAY,1.95,144,189,905
21677,HEARTS  STICKERS,0.85,144,197,2016
85132C,CHARLIE AND LOLA FIGURES TINS,1.95,144,191,1921
22862,LOVE HEART NAPKIN BOX,4.25,143,184,729
23480,MINI LIGHTS WOODLAND MUSHROOMS,3.75,143,173,1719
22338,STAR DECORATION PAINTED ZINC,0.19,143,180,5565
16169E,WRAP 50'S  CHRISTMAS,0.42,143,149,4563
21063,PARTY INVITES JAZZ HEARTS,1.63,143,198,1399
22218,CAKE STAND LACE WHITE,4.25,143,183,1116
23148,MINIATURE ANTIQUE ROSE HOOK IVORY,0.83,143,234,2118
22128,PARTY CONES CANDY ASSORTED,1.25,143,186,3957
72802C,VANILLA SCENT CANDLE JEWELLED BOX,4.25,143,234,2180
22519,CHILDS GARDEN BRUSH PINK,2.1,142,203,1334
22063,CERAMIC BOWL WITH STRAWBERRY DESIGN,0.79,142,258,2185
21705,BAG 500g SWIRLY MARBLES,0.39,142,183,2420
21609,SET 12 LAVENDER  BOTANICAL T-LIGHTS,2.95,142,207,1503
22839,3 TIER CAKE TIN GREEN AND CREAM,14.95,142,188,500
22509,SEWING BOX RETROSPOT DESIGN,3.95,142,172,379
21171,BATHROOM METAL SIGN,1.45,142,226,1824
22117,METAL SIGN HER DINNER IS SERVED,2.95,142,196,1727
23194,GYMKHANA TREASURE BOOK BOX,2.25,142,170,1754
85042,ANTIQUE LILY FAIRY LIGHTS,4.95,142,281,2669
22518,CHILDS GARDEN BRUSH BLUE,2.1,141,201,1320
23154,SET OF 4 JAM JAR MAGNETS,1.85,141,214,2472
37447,CERAMIC CAKE DESIGN SPOTTED PLATE,1.49,141,264,2725
23395,BELLE JARDINIERE CUSHION COVER,3.75,141,175,696
22291,HANGING CHICK CREAM DECORATION,1.45,141,209,3120
22251,BIRDHOUSE DECORATION MAGIC GARDEN,1.25,141,184,1621
21788,KIDS RAIN MAC BLUE,0.85,141,174,3242
22085,PAPER CHAIN KIT SKULLS,2.95,141,192,2490
21039,RED RETROSPOT SHOPPING BAG,2.55,141,200,1287
84535B,FAIRY CAKES NOTEBOOK A6 SIZE,0.65,141,248,2588
22319,HAIRCLIPS FORTIES FABRIC ASSORTED,0.19,141,163,3005
70006,LOVE HEART POCKET WARMER,0.79,141,171,4212
21224,SET/4 SKULL BADGES,1.25,140,207,2000
23168,CLASSIC CAFE SUGAR DISPENSER,1.04,140,220,2850
22026,BANQUET BIRTHDAY  CARD,0.42,140,261,3916
23182,TOILET SIGN OCCUPIED OR VACANT,0.83,140,254,3414
84279B,CHERRY BLOSSOM DECORATIVE FLASK,3.75,140,188,780
23302,KNEELING MAT HOUSEWORK  DESIGN,0.79,140,187,1481
84212,"ASSORTED FLOWER COLOUR ""LEIS""",0.65,140,258,24672
22442,GROW YOUR OWN FLOWERS SET OF 3,1.95,140,164,869
22671,FRENCH LAUNDRY SIGN BLUE METAL,1.65,140,190,1649
23130,MISTLETOE HEART WREATH GREEN,4.15,139,167,918
22515,CHILDS GARDEN SPADE PINK,2.1,139,166,997
21620,SET OF 4 ROSE BOTANICAL CANDLES,1.25,139,179,1017
21211,SET OF 72 SKULL PAPER  DOILIES,1.45,139,184,2338
22822,CREAM WALL PLANTER HEART SHAPED,5.95,139,168,588
72800E,4 IVORY DINNER CANDLES SILVER FLOCK,0.79,139,226,1334
85231G,ORANGE SCENTED SET/9 T-LIGHTS,0.85,139,208,1421
23397,FOOT STOOL HOME SWEET HOME,9.95,139,176,434
21735,TWO DOOR CURIO CABINET,12.75,139,202,799
85206B,PINK FELT EASTER EGG BASKET,1.65,138,162,1479
22917,HERB MARKER ROSEMARY,0.65,138,198,1941
22789,T-LIGHT HOLDER SWEETHEART HANGING,1.95,138,180,1237
21619,4 VANILLA BOTANICAL CANDLES,1.25,138,168,1059
23166,MEDIUM CERAMIC TOP STORAGE JAR,1.04,138,195,77916
22539,MINI JIGSAW DOLLY GIRL,0.19,138,169,5588
21789,KIDS RAIN MAC PINK,0.85,138,177,2782
23129,HEART SHAPED HOLLY WREATH,8.29,138,165,942
37450,CERAMIC CAKE BOWL + HANGING CAKES,2.95,138,313,2363
22920,HERB MARKER BASIL,0.65,138,195,3411
85047,WHITE BEADED GARLAND STRING 20LIGHT,6.35,137,201,996
20966,SANDWICH BATH SPONGE,1.25,137,232,2690
21824,PAINTED METAL STAR WITH HOLLY BELLS,0.39,137,159,2324
22403,MAGNETS PACK OF 4 VINTAGE LABELS,0.39,137,161,1620
21826,EIGHT PIECE DINOSAUR SET,1.25,136,188,1705
82567,"AIRLINE LOUNGE,METAL SIGN",2.1,136,290,911
21823,PAINTED METAL HEART WITH HOLLY BELL,0.39,136,166,2283
23382,BOX OF 6 CHRISTMAS CAKE DECORATIONS,3.75,136,163,1712
21626,VINTAGE UNION JACK PENNANT,1.95,136,159,1431
85199L,LARGE HANGING IVORY & RED WOOD BIRD,0.65,136,188,3392
22919,HERB MARKER MINT,0.65,136,197,1737
22153,ANGEL DECORATION STARS ON DRESS,0.42,136,191,5586
22410,MONEY BOX HOUSEKEEPING DESIGN,0.39,136,170,1331
22336,DOVE DECORATION PAINTED ZINC,0.19,136,150,4495
22916,HERB MARKER THYME,0.65,135,193,1899
22375,AIRLINE BAG VINTAGE JET SET BROWN,4.25,135,194,489
22843,BISCUIT TIN VINTAGE GREEN,6.75,135,162,582
22262,FELT EGG COSY CHICKEN,0.85,135,185,1752
22918,HERB MARKER PARSLEY,0.65,135,194,1860
22611,VINTAGE UNION JACK SHOPPING BAG,4.95,135,185,897
23013,GLASS APOTHECARY BOTTLE TONIC,3.95,135,180,866
23535,WALL ART BICYCLE SAFETY,5.95,135,162,1128
21706,FOLDING UMBRELLA RED/WHITE POLKADOT,4.95,134,184,1217
23396,LE JARDIN BOTANIQUE CUSHION COVER,3.75,134,164,616
23112,PARISIENNE CURIO CABINET,6.65,134,183,472
72008,FROSTED BOX 9 WHITE T-LIGHT CANDLES,0.42,134,193,3700
21564,PINK  HEART SHAPE LOVE BUCKET,0.79,134,254,1912
22451,SILK PURSE BABUSHKA RED,3.35,134,197,1291
23368,SET 12 COLOUR PENCILS DOLLY GIRL,0.65,134,178,2155
85015,SET OF 12  VINTAGE POSTCARD SET,0.65,133,144,2717
22362,GLASS JAR PEACOCK BATH SALTS,2.95,133,177,679
40016,CHINESE DRAGON PAPER LANTERNS,8.29,133,196,15559
22735,RIBBON REEL SOCKS AND MITTENS,3.29,133,159,1371
22742,MAKE YOUR OWN PLAYTIME CARD KIT,0.79,132,161,972
35832,WOOLLY HAT SOCK GLOVE ADVENT STRING,2.95,132,162,1689
79323P,PINK CHERRY LIGHTS,6.75,132,229,2234
21448,12 DAISY PEGS IN WOOD BOX,1.65,132,178,909
23242,TREASURE TIN BUFFALO BILL,2.08,132,187,1436
85040B,SET/4 BLUE FLOWER CANDLES IN BOWL,1.65,132,232,2442
21905,MORE BUTTER METAL SIGN,0.79,132,195,1529
22741,FUNKY DIVA PEN,0.85,132,196,10345
21556,CERAMIC STRAWBERRY MONEY BOX,2.55,132,174,1386
21883,STARS GIFT TAPE,0.65,132,165,2102
22481,BLACK TEA TOWEL CLASSIC DESIGN,0.39,132,166,1143
21109,LARGE CAKE TOWEL CHOCOLATE SPOTS,1.95,131,162,1063
21744,SNOWFLAKE PORTABLE TABLE LIGHT,2.95,131,154,737
84536B,FAIRY CAKES NOTEBOOK A7 SIZE,0.83,131,224,2882
21462,"NURSERY A,B,C PAINTED LETTERS",1.95,131,157,408
22472,TV DINNER TRAY DOLLY GIRL,1.95,131,203,1059
23237,SET OF 4 KNICK KNACK TINS LEAF,4.15,131,169,1044
21786,POLKADOT RAIN HAT,0.42,131,216,7148
22955,36 FOIL STAR CAKE CASES,0.79,131,156,1445
21358,TOAST ITS - HAPPY BIRTHDAY,1.25,130,158,1043
22794,SWEETHEART WIRE MAGAZINE RACK,7.95,130,183,372
85034C,3 ROSE MORRIS BOXED CANDLES,1.25,130,158,1246
22925,BLUE GIANT GARDEN THERMOMETER,5.95,130,171,481
22320,BIRDS MOBILE VINTAGE DESIGN,5.95,130,169,582
22532,MAGIC DRAWING SLATE LEAP FROG,0.42,130,156,2892
22673,FRENCH GARDEN SIGN BLUE METAL,1.25,130,168,1308
21067,VINTAGE RED TEATIME MUG,1.25,130,180,4525
85068,CREAM SWEETHEART SHELF + HOOKS,5.37,130,173,923
21469,POLKA DOT RAFFIA FOOD COVER,3.75,130,176,1099
23233,WRAP POPPIES  DESIGN,0.42,130,158,5175
22949,SET OF 36 DOLLY GIRL PAPER DOILIES,1.45,130,143,1986
21090,SET/6 COLLAGE PAPER PLATES,0.39,129,159,2297
22479,DAISY GARDEN MARKER,1.25,129,154,1847
22096,PINK PAISLEY SQUARE TISSUE BOX,0.39,129,163,1657
47570B,TEA TIME TABLE CLOTH,8.49,129,188,934
21241,GREEN POLKADOT CUP,0.85,129,215,2143
47505,MINATURE COLOURED GARDENING SET,3.5,129,160,717
23184,BULL DOG BOTTLE OPENER,4.95,129,197,778
84754,S/15 SILVER GLASS BAUBLES IN BAG,1.25,129,161,2077
22325,MOBILE VINTAGE HEARTS,4.95,129,155,441
21865,PINK UNION JACK  PASSPORT COVER,2.1,129,207,775
23434,3 RAFFIA RIBBONS 50'S CHRISTMAS,0.79,129,134,1792
85035C,ROSE 3 WICK MORRIS BOX CANDLE,1.25,129,168,1324
23167,SMALL CERAMIC TOP STORAGE JAR,0.69,129,177,5666
22974,CHILDRENS DOLLY GIRL MUG,1.65,128,163,1653
23102,SILVER HEARTS TABLE DECORATION,0.83,128,139,1245
23145,ZINC T-LIGHT HOLDER STAR LARGE,0.95,128,150,2054
22127,PARTY CONES CARNIVAL ASSORTED,1.25,128,146,3475
22341,LOVE GARLAND PAINTED ZINC,3.29,128,139,3345
22792,FLUTED ANTIQUE CANDLE HOLDER,0.72,128,171,3072
21143,ANTIQUE GLASS HEART DECORATION,1.95,128,152,2147
22074,6 RIBBONS SHIMMERING PINKS,0.39,127,152,1750
21486,PINK HEART DOTS HOT WATER BOTTLE,3.75,127,168,851
23378,PACK OF 12 50'S CHRISTMAS TISSUES,0.39,127,144,3419
84012,MAGIC SHEEP WOOL GROWING FROM PAPER,0.85,127,155,1783
21464,DISCO BALL ROTATOR BATTERY OPERATED,4.25,127,214,555
15039,SANDALWOOD FAN,0.85,127,180,4163
21215,IVORY PAPER CUP CAKE CASES,0.55,127,182,4136
85174,S/4 CACTI CANDLES,4.95,126,229,1353
22428,ENAMEL FIRE BUCKET CREAM,6.95,126,158,440
22249,DECORATION WHITE CHICK MAGIC GARDEN,0.85,126,142,1309
21616,4 PEAR BOTANICAL DINNER CANDLES,3.75,126,155,1093
23426,METAL SIGN DROP YOUR PANTS,2.89,126,171,1232
22261,FELT EGG COSY WHITE RABBIT,1.63,126,150,1761
84581,DOG TOY WITH PINK CROCHET SKIRT,3.75,125,177,445
22306,SILVER MUG BONE CHINA TREE OF LIFE,1.06,125,148,1666
23000,TRAVEL CARD WALLET TRANSPORT,0.42,125,205,3044
22715,CARD WEDDING DAY,0.42,125,168,2658
22894,TABLECLOTH RED APPLES DESIGN,9.95,125,173,549
23290,SPACEBOY CHILDRENS BOWL,1.25,125,174,2367
23489,VINTAGE BELLS GARLAND,2.89,125,137,876
22176,BLUE OWL SOFT TOY,2.95,125,217,1138
22095,LADS ONLY TISSUE BOX,0.39,125,188,3206
23239,SET OF 4 KNICK KNACK TINS POPPIES,1.65,125,155,823
21123,SET/10 IVORY POLKADOT PARTY CANDLES,1.25,125,189,2606
22807,SET OF 6 T-LIGHTS TOADSTOOLS,1.25,125,183,1232
22819,"BIRTHDAY CARD, RETRO SPOT",0.42,125,168,2592
23286,BLUE VINTAGE SPOT BEAKER,0.85,125,164,4901
21675,BUTTERFLIES STICKERS,1.63,124,160,1613
85183B,CHARLIE & LOLA WASTEPAPER BIN FLORA,1.25,124,154,1746
84691,PACK 20 DOLLY PEGS,0.72,124,179,2623
16235,RECYCLED PENCIL WITH RABBIT ERASER,0.21,124,160,5176
22459,CAST IRON HOOK GARDEN TROWEL,2.1,124,148,1348
22172,METAL SHELF WITH RAIL,8.5,124,156,339
22691,DOORMAT WELCOME SUNRISE,8.25,124,182,721
22756,LARGE YELLOW BABUSHKA NOTEBOOK,0.39,124,172,1138
22947,WOODEN ADVENT CALENDAR RED,7.95,124,162,779
15034,PAPER POCKET TRAVELING FAN,0.14,123,172,9928
85071B,RED CHARLIE+LOLA PERSONAL DOORSIGN,0.39,123,139,2399
21794,CLASSIC FRENCH STYLE BASKET NATURAL,3.95,123,152,678
21880,RED RETROSPOT TAPE,0.65,123,146,2017
72349B,SET/6 PURPLE BUTTERFLY T-LIGHTS,2.1,123,237,1948
21354,TOAST ITS - BEST MUM,1.05,123,169,2458
84849B,FAIRY SOAP SOAP HOLDER,1.69,123,226,1852
23297,SET 40 HEART SHAPE PETIT FOUR CASES,1.65,123,140,4260
21614,SET OF 12 ROSE BOTANICAL T-LIGHTS,2.95,123,178,1608
20703,BLUE PADDED SOFT MOBILE,4.25,122,165,463
23014,GLASS APOTHECARY BOTTLE ELIXIR,3.95,122,160,800
22937,BAKING MOULD CHOCOLATE CUPCAKES,2.55,122,136,991
21446,12 RED ROSE PEG PLACE SETTINGS,1.25,122,182,1170
22396,MAGNETS PACK OF 4 RETRO PHOTO,0.39,122,159,1850
21867,PINK UNION JACK  LUGGAGE TAG,1.25,122,200,1009
84849D,HOT BATHS SOAP HOLDER,1.69,122,227,1534
22416,SET OF 36 SPACEBOY PAPER DOILIES,1.45,122,154,1945
22967,SET 3 SONG BIRD PAPER EGGS ASSORTED,2.95,122,131,1161
84818,DANISH ROSE PHOTO FRAME,0.79,122,153,1693
21947,SET OF 6 HEART CHOPSTICKS,1.25,122,169,1404
21055,TOOL BOX SOFT TOY,8.95,122,176,333
84944,SET OF 6 KASHMIR FOLKART BAUBLES,1.65,122,149,932
21717,EASTER TIN BUCKET,2.55,122,143,1408
20716,PARTY FOOD SHOPPER BAG,1.25,121,169,1396
22458,CAST IRON HOOK GARDEN FORK,2.69,121,151,1493
23159,SET OF 5 PANCAKE DAY MAGNETS,2.08,121,195,2283
22921,HERB MARKER CHIVES,0.65,121,173,1716
22311,OFFICE MUG WARMER BLACK+SILVER,2.55,120,190,1955
21161,KEEP OUT BOYS DOOR HANGER,1.45,120,161,2307
22982,PANTRY PASTRY BRUSH,1.25,120,146,1045
22200,FRYING PAN PINK POLKADOT,1.25,120,230,1174
22473,TV DINNER TRAY VINTAGE PAISLEY,1.95,120,166,749
21894,POTTING SHED SEED ENVELOPES,1.25,120,151,1168
85232D,SET/3 DECOUPAGE STACKING TINS,4.95,120,175,653
22863,SOAP DISH BROCANTE,2.95,120,148,1117
22930,BAKING MOULD HEART MILK CHOCOLATE,2.55,120,145,1132
21541,DINOSAURS WATER TRANSFER TATTOOS,0.85,119,147,1782
22286,DECORATION WOBBLY RABBIT METAL,0.39,119,144,1846
21056,DOCTOR'S BAG SOFT TOY,16.63,119,179,539
21054,NURSE'S BAG SOFT TOY,8.95,119,163,361
72802B,OCEAN SCENT CANDLE IN JEWELLED BOX,1.0,119,189,1508
22422,TOOTHPASTE TUBE PEN,0.12,119,149,2099
21667,GLASS CAKE COVER AND PLATE,14.95,119,141,329
21100,CHARLIE AND LOLA CHARLOTTE BAG,1.65,119,159,2231
22717,CARD DOG AND BALL,0.42,118,152,2358
22559,SEASIDE FLYING DISC,2.46,118,136,1411
21809,CHRISTMAS HANGING TREE WITH BELL,0.39,118,148,2892
21364,PEACE SMALL WOOD LETTERS,6.75,118,144,447
22609,PENS ASSORTED SPACEBALL,1.63,118,152,6830
22321,BIRD DECORATION RED RETROSPOT,0.85,118,157,2297
11001,ASSTD DESIGN RACING CAR PEN,3.29,118,178,4325
21576,LETS GO SHOPPING COTTON TOTE BAG,2.25,118,144,611
22107,PIZZA PLATE IN BOX,1.25,118,185,865
21737,SET 3 WICKER LOG BASKETS,19.95,118,163,399
84596G,SMALL CHOCOLATES PINK BOWL,0.42,118,222,1972
23032,DRAWER KNOB CRACKLE GLAZE IVORY,1.65,117,182,2264
22990,COTTON APRON PANTRY DESIGN,1.95,117,140,607
21743,STAR PORTABLE TABLE LIGHT,2.95,117,139,1384
20686,DOLLY MIXTURE CHILDREN'S UMBRELLA,3.25,117,160,571
22268,DECORATION SITTING BUNNY,0.19,117,151,2353
22136,LOVE HEART SOCK HANGER,1.65,117,191,1888
21465,PINK FLOWER CROCHET FOOD COVER,3.75,117,157,698
22438,BALLOON ART MAKE YOUR OWN FLOWERS,0.39,117,129,1366
23390,DOLLY GIRL MINI BACKPACK,4.15,117,146,725
85036A,GARDENIA 1 WICK MORRIS BOXED CANDLE,1.25,117,155,624
22309,TEA COSY RED  STRIPE,2.55,117,169,1211
22914,BLUE COAT RACK PARIS FASHION,4.95,117,149,557
22359,GLASS JAR KINGS CHOICE,2.95,117,155,1242
23156,SET OF 5 MINI GROCERY MAGNETS,2.08,117,184,1638
21973,SET OF 36 MUSHROOM PAPER DOILIES,1.45,117,161,1620
21206,STRAWBERRY HONEYCOMB  GARLAND,1.65,117,190,2072
20956,PORCELAIN T-LIGHT HOLDERS ASSORTED,1.25,117,140,2160
22125,UNION JACK HOT WATER BOTTLE,5.95,117,157,613
22450,SILK PURSE BABUSHKA BLUE,3.35,117,166,839
20684,STRAWBERRY DREAM CHILDS UMBRELLA,3.25,117,157,562
84558A,3D DOG PICTURE PLAYING CARDS,2.95,116,169,1270
23197,SKETCHBOOK MAGNETIC SHOPPING LIST,1.45,116,183,1368
21682,LARGE MEDINA STAMPED METAL BOWL,4.95,116,141,568
21356,TOAST ITS - FAIRY FLOWER,0.83,116,177,1166
23255,CHILDRENS CUTLERY CIRCUS PARADE,4.15,116,143,963
23050,RECYCLED ACAPULCO MAT GREEN,8.25,116,176,459
15044A,PINK PAPER PARASOL,5.79,116,194,4900
22915,ASSORTED BOTTLE TOP  MAGNETS,0.19,116,141,3228
85176,SEWING SUSAN 21 NEEDLE SET,0.85,115,174,2418
23132,SMALL IVORY HEART WALL ORGANISER,5.75,115,141,1022
84459B,YELLOW METAL CHICKEN HEART,1.49,115,137,1341
22708,WRAP DOLLY GIRL,0.42,115,158,5350
23366,SET 12 COLOURING PENCILS DOILY,0.65,115,141,1923
23388,WOODLAND MINI BACKPACK,4.15,115,135,793
22454,MEASURING TAPE BABUSHKA RED,2.95,115,163,1452
21615,4 LAVENDER BOTANICAL DINNER CANDLES,3.75,115,134,1135
84975,HEART SHAPED MIRROR,1.69,115,167,1948
22475,SKULL DESIGN TV DINNER TRAY,1.95,115,200,698
23210,WHITE ROCKING HORSE HAND PAINTED,1.25,115,154,2803
22984,CARD GINGHAM ROSE,0.42,115,184,3266
22911,PAPER CHAIN KIT LONDON,2.95,115,143,832
22859,EASTER TIN BUNNY BOUQUET,1.65,115,132,1202
22705,WRAP GREEN PEARS,0.42,114,147,3850
84670,JAPANESE CROCHETED ANIMAL,0.42,114,168,5119
23506,MINI PLAYING CARDS SPACEBOY,0.42,114,127,2718
85216,ASSORTED CAKES FRIDGE MAGNETS,0.65,114,149,2808
22540,MINI JIGSAW CIRCUS PARADE,0.19,114,151,6183
72756,FAIRY CAKE CANDLES,1.49,114,127,4003
23287,RED VINTAGE SPOT BEAKER,0.85,114,146,1782
21807,WHITE CHRISTMAS STAR DECORATION,0.42,114,132,3204
22529,MAGIC DRAWING SLATE GO TO THE FAIR,0.42,114,138,2424
22599,CHRISTMAS MUSICAL ZINC STAR,0.29,114,131,2577
21408,SPOTTY PINK DUCK DOORSTOP,1.95,114,139,587
22293,HANGING CHICK GREEN DECORATION,1.45,114,154,1935
22718,CARD CAT AND TREE,0.42,114,170,2544
22122,SET OF 2 FANCY FONT TEA TOWELS,2.95,113,156,1055
23292,SPACEBOY CHILDRENS CUP,1.25,113,164,2082
21084,SET/6 COLLAGE PAPER CUPS,0.19,113,136,2486
21351,CINAMMON & ORANGE WREATH,6.75,113,135,1019
22975,SPACEBOY CHILDRENS EGG CUP,1.25,113,147,1222
21349,IVY HEART WREATH,6.75,113,127,500
85035A,GARDENIA 3 WICK MORRIS BOXED CANDLE,1.25,113,154,626
22642,SET OF 4 NAPKIN CHARMS STARS,0.79,113,130,970
21391,FRENCH LAVENDER SCENT HEART,0.75,113,132,1311
22057,CERAMIC PLATE STRAWBERRY DESIGN,0.39,113,173,2924
22710,WRAP I LOVE LONDON,0.42,112,168,7129
22060,LARGE CAKE STAND HANGING HEARTS,3.95,112,143,718
23128,FELTCRAFT BOY JEAN-PAUL KIT,4.95,112,129,436
35004C,SET OF 3 COLOURED  FLYING DUCKS,5.45,112,229,3100
20767,BLUE PAISLEY JOURNAL,2.55,112,148,757
22233,JIGSAW RABBIT AND BIRDHOUSE,0.59,112,127,885
21012,ANTIQUE ALL GLASS CANDLESTICK,2.1,112,141,1488
22452,MEASURING TAPE BABUSHKA PINK,2.95,112,165,977
84990,60 GOLD AND SILVER FAIRY CAKE CASES,0.55,112,161,4229
23340,VINTAGE CHRISTMAS CAKE FRILL,1.65,112,122,2465
21439,BASKET OF TOADSTOOLS,1.25,112,162,2148
22651,GENTLEMAN SHIRT REPAIR KIT,0.85,112,150,2973
22779,WOODEN OWLS LIGHT GARLAND,4.25,112,191,2019
72802A,ROSE SCENT CANDLE IN JEWELLED BOX,3.81,112,169,932
72807B,SET/3 OCEAN SCENT CANDLE JEWEL BOX,3.81,112,162,986
21820,GLITTER HEART GARLAND WITH BELLS,3.75,112,134,778
21542,WOODLAND WATER TRANSFER TATTOOS,0.85,112,145,1753
51014L,"FEATHER PEN,LIGHT PINK",0.83,111,164,3286
21613,S/12 VANILLA  BOTANICAL T-LIGHTS,2.95,111,135,624
22905,CALENDAR IN SEASON DESIGN,1.25,111,143,947
22420,LIPSTICK PEN BABY PINK,0.42,111,149,1819
23157,SET OF 6 NATIVITY MAGNETS,1.85,111,145,2543
85185B,PINK HORSE SOCK PUPPET KIT,2.95,111,145,575
23289,DOLLY GIRL CHILDRENS BOWL,1.25,111,141,1553
22815,CARD PSYCHEDELIC APPLES,0.42,111,165,2662
21077,SET/20 WOODLAND PAPER NAPKINS,0.85,111,167,2748
22068,BLACK PIRATE TREASURE CHEST,0.39,111,179,955
47591C,BLUE FAIRY CAKE CHILDRENS APRON,1.95,111,146,995
23007,SPACEBOY BABY GIFT SET,16.95,110,142,450
21792,CLASSIC FRENCH STYLE BASKET GREEN,3.95,110,132,481
21069,VINTAGE BILLBOARD TEA MUG,1.06,110,178,4952
23035,DRAWER KNOB CERAMIC IVORY,1.45,110,166,2089
22780,LIGHT GARLAND BUTTERFILES PINK,4.25,110,177,1844
22615,PACK OF 12 CIRCUS PARADE TISSUES,0.39,110,136,3790
18097C,WHITE TALL PORCELAIN T-LIGHT HOLDER,2.55,110,159,1588
21680,WOODLAND  STICKERS,0.85,110,149,2730
23299,FOOD COVER WITH BEADS SET 2,3.75,110,122,983
84840,SWEETHEART CARRY-ALL BASKET,8.5,110,126,265
85172,HYACINTH BULB T-LIGHT CANDLES,0.42,110,137,4386
85067,CREAM SWEETHEART WALL CABINET,18.95,110,154,480
22342,HOME GARLAND PAINTED ZINC,0.75,109,115,1633
22133,PINK LOVE HEART SHAPE CUP,0.85,109,171,2232
22939,ADULT APRON APPLE DELIGHT,4.25,109,152,675
22706,WRAP COWBOYS,0.42,109,123,4265
23193,BUFFALO BILL TREASURE BOOK BOX,2.25,109,137,1855
21991,BOHEMIAN COLLAGE STATIONERY SET,1.25,109,137,876
21201,TROPICAL  HONEYCOMB PAPER GARLAND,2.55,109,183,2644
21204,DAISIES  HONEYCOMB GARLAND,1.65,109,144,1478
84837,WHITE SWEETHEARTS CABINET 4 DRAWERS,12.75,109,133,241
21111,"SWISS ROLL TOWEL, CHOCOLATE  SPOTS",1.25,109,128,1229
51014C,"FEATHER PEN,COAL BLACK",0.39,108,175,3927
21741,COSY SLIPPER SHOES LARGE GREEN,2.95,108,132,654
23152,IVORY SWEETHEART WIRE LETTER RACK,3.75,108,149,545
22891,TEA FOR ONE POLKADOT,4.25,108,155,580
85059,FRENCH ENAMEL WATER BASIN,3.75,108,142,537
22999,TRAVEL CARD WALLET VINTAGE LEAF,0.42,108,185,2875
22279,POCKET BAG BLUE PAISLEY RED SPOT,1.25,108,121,1081
22221,CAKE STAND LOVEBIRD 2 TIER PINK,2.95,108,138,885
47591B,SCOTTIES CHILDRENS APRON,1.65,108,137,674
22067,CHOC TRUFFLE GOLD TRINKET POT,0.39,108,180,1813
17091J,VANILLA INCENSE IN TIN,0.38,108,161,4052
23374,RED SPOT PAPER GIFT BAG,0.82,108,122,2444
22409,MONEY BOX BISCUITS DESIGN,1.25,108,123,1670
23437,50'S CHRISTMAS GIFT BAG LARGE,1.25,108,111,1909
22852,DOG BOWL VINTAGE CREAM,4.25,108,142,528
23285,PINK VINTAGE SPOT BEAKER,0.85,108,132,4679
16236,KITTY PENCIL ERASERS,0.21,108,143,2425
22664,TOY TIDY DOLLY GIRL DESIGN,0.79,107,178,1312
21707,FOLDING UMBRELLA BLACKBLUE POLKADOT,4.95,107,132,957
22265,EASTER DECORATION NATURAL CHICK,0.65,107,134,1789
21828,EIGHT PIECE SNAKE  SET,1.25,107,146,1067
85054,FRENCH ENAMEL POT W LID,5.79,107,159,849
79323LP,LIGHT PINK CHERRY LIGHTS,6.75,107,159,1420
22269,EGG CUP NATURAL CHICKEN,0.39,107,149,1401
20764,ABSTRACT CIRCLES SKETCHBOOK,3.75,107,144,604
23365,SET 12 COLOUR PENCILS LOVE LONDON,0.65,107,128,1531
22778,GLASS CLOCHE SMALL,3.95,107,144,964
84559A,3D SHEET OF DOG STICKERS,1.63,107,151,1193
21070,VINTAGE BILLBOARD MUG,2.46,107,163,1927
79191C,RETRO PLASTIC ELEPHANT TRAY,0.85,107,131,1571
23288,GREEN VINTAGE SPOT BEAKER,0.85,107,134,4505
21214,SET OF 72 IVORY PAPER DOILIES,1.45,106,125,1885
22516,CHILDS GARDEN RAKE BLUE,2.1,106,126,799
37501,TEA TIME TEA SET IN GIFT BOX,6.95,106,146,442
22546,MINI JIGSAW PURDEY,0.19,106,135,4312
22517,CHILDS GARDEN RAKE PINK,2.1,106,125,779
23546,WRAP PAISLEY PARK,0.42,106,120,3275
22545,MINI JIGSAW BUNNIES,0.19,106,132,3382
23346,SPACEBOY BEAKER,1.25,106,138,2571
84763,ZINC FINISH 15CM PLANTER POTS,1.25,106,148,1585
85071A,BLUE CHARLIE+LOLA PERSONAL DOORSIGN,0.39,106,124,1846
82597,BOMBS AWAY METAL SIGN,2.1,106,163,1179
75049L,LARGE CIRCULAR MIRROR MOBILE,1.25,106,230,13590
23068,ALUMINIUM STAMPED HEART,2.49,106,130,805
22513,DOORSTOP FOOTBALL DESIGN,0.79,106,143,563
21248,DOOR HANGER  MUM + DADS ROOM,1.45,106,132,1015
21841,BABY MOUSE RED GINGHAM DRESS,4.25,106,123,431
15044D,RED PAPER PARASOL,2.95,105,188,1545
22676,FRENCH BLUE METAL DOOR SIGN 1,1.25,105,221,1692
23005,TRAVEL CARD WALLET I LOVE LONDON,0.42,105,175,4396
21357,TOAST ITS - DINOSAUR,1.25,105,164,1320
23342,MINT DINER WALL CLOCK,8.5,105,155,367
20846,ZINC HEART LATTICE T-LIGHT HOLDER,1.25,105,127,1322
22092,BLUE PAISLEY TISSUE BOX,0.39,105,133,934
20772,GARDEN PATH JOURNAL,2.55,105,130,929
23681,LUNCH BAG RED VINTAGE DOILY,1.65,105,118,1548
22772,PINK DRAWER KNOB ACRYLIC EDWARDIAN,1.25,105,214,3984
22052,VINTAGE CARAVAN GIFT WRAP,0.42,105,124,3521
21288,STRIPEY CHOCOLATE NESTING BOXES,2.95,105,130,860
21972,SET OF 36 DINOSAUR PAPER DOILIES,1.45,105,133,1001
23093,SMALL PARISIENNE HEART PHOTO FRAME,2.49,105,123,916
72799E,IVORY PILLAR CANDLE SILVER FLOCK,0.79,105,132,1162
23053,RECYCLED ACAPULCO MAT PINK,8.25,105,129,319
85183A,CHARLIE & LOLA WASTEPAPER BIN BLUE,1.25,104,132,1497
23376,PACK OF 12 VINTAGE CHRISTMAS TISSUE,0.39,104,113,2642
23404,HOME SWEET HOME BLACKBOARD,3.26,104,136,969
85063,CREAM SWEETHEART MAGAZINE RACK,16.95,104,150,277
22858,EASTER TIN KEEPSAKE,1.65,104,112,1089
21581,SKULLS  DESIGN  COTTON TOTE BAG,2.25,104,128,1039
16238,PARTY TIME PENCIL ERASERS,0.21,104,135,2291
21112,SWISS ROLL TOWEL PINK  SPOTS,2.95,104,128,2085
23291,DOLLY GIRL CHILDRENS CUP,1.25,104,144,1549
23252,VINTAGE RED ENAMEL TRIM JUG,3.75,104,125,590
21482,MUSHROOM BLUE HOT WATER BOTTLE,2.95,104,136,669
22817,CARD SUKI BIRTHDAY,0.42,104,169,2602
23212,HEART WREATH DECORATION WITH BELL,1.25,104,145,2179
21061,PARTY INVITES FOOTBALL,0.85,104,124,1340
22270,HAPPY EASTER HANGING DECORATION,3.75,104,129,638
18098C,PORCELAIN BUTTERFLY OIL BURNER,2.95,104,177,1156
21845,DAIRY MAID STRIPE MUG,0.79,104,144,2438
22312,OFFICE MUG WARMER POLKADOT,2.95,104,188,1037
23407,SET OF 2 TRAYS HOME SWEET HOME,9.95,103,118,250
79066K,RETRO MOD TRAY,0.85,103,173,1327
20669,RED HEART LUGGAGE TAG,1.25,103,132,648
21904,HOUSE WRECKING METAL SIGN,2.1,103,130,742
23049,RECYCLED ACAPULCO MAT RED,8.25,103,169,435
85032A,ROMANTIC IMAGES GIFT WRAP SET,0.65,103,118,1390
21765,HANGING METAL BIRD BATH,7.95,103,119,347
21812,GARLAND WITH HEARTS AND BELLS,4.95,103,124,629
22299,PIG KEYRING WITH LIGHT & SOUND,0.39,103,128,3844
21060,PARTY INVITES BALLOON GIRL,0.85,102,123,1220
21062,PARTY INVITES SPACEMAN,0.85,102,120,1034
22902,TOTE BAG I LOVE LONDON,2.1,102,140,1689
21817,GLITTER CHRISTMAS TREE,0.39,102,121,1756
21617,4 LILY  BOTANICAL DINNER CANDLES,1.25,102,142,798
22314,OFFICE MUG WARMER CHOC+BLUE,1.25,101,180,1058
22266,EASTER DECORATION HANGING BUNNY,0.19,101,123,2480
84509B,SET OF 4 FAIRY CAKE PLACEMATS,3.75,101,139,566
22814,CARD PARTY GAMES,0.42,101,135,2174
22849,BREAD BIN DINER STYLE MINT,16.95,101,151,396
22677,FRENCH BLUE METAL DOOR SIGN 2,1.25,101,189,1435
22985,WRAP BILLBOARD FONTS DESIGN,0.42,101,133,4740
21324,HANGING MEDINA LANTERN SMALL,2.95,101,126,954
21330,WOODLAND ANIMAL  WRITING SET,1.65,101,127,1361
22041,"RECORD FRAME 7"" SINGLE SIZE",2.55,101,319,7162
23089,GLASS BON BON JAR,1.65,101,134,2136
22997,TRAVEL CARD WALLET UNION JACK,0.42,101,181,2527
22229,BUNNY WOODEN PAINTED WITH FLOWER,0.39,101,114,860
22977,DOLLY GIRL CHILDRENS EGG CUP,2.46,101,116,1010
22927,GREEN GIANT GARDEN THERMOMETER,5.95,101,140,450
22831,WHITE BROCANTE SOAP DISH,2.95,101,118,755
22853,CAT BOWL VINTAGE CREAM,3.25,100,128,601
84969,BOX OF 6 ASSORTED COLOUR TEASPOONS,4.25,100,168,666
22194,BLACK DINER WALL CLOCK,8.5,100,142,357
23345,DOLLY GIRL BEAKER,1.25,100,133,2398
20766,GARDEN PATH SKETCHBOOK,3.75,100,123,481
15044C,PURPLE PAPER PARASOL,2.95,100,160,866
22050,PINK PAISLEY ROSE GIFT WRAP,0.42,100,115,3325
21925,UNION STRIPE CUSHION COVER,1.25,100,154,1194
21394,RED POLKADOT BEAKER,0.39,100,132,3961
85036C,ROSE 1 WICK MORRIS BOXED CANDLE,1.25,99,120,882
21246,RED RETROSPOT BIG BOWL,4.95,99,137,624
21397,BLUE POLKADOT EGG CUP,0.39,99,116,2024
23008,DOLLY GIRL BABY GIFT SET,16.95,99,120,421
22363,GLASS JAR MARMALADE,2.95,99,128,736
21640,ASSORTED TUTTI FRUTTI  FOB NOTEBOOK,0.85,99,135,2044
85114B,IVORY ENCHANTED FOREST PLACEMAT,1.65,99,157,1793
21530,DAIRY MAID TOASTRACK,0.79,99,130,921
21384,IVORY HANGING DECORATION  BUTTERFLY,0.85,99,113,1739
22250,DECORATION  BUTTERFLY  MAGIC GARDEN,0.85,98,109,1023
22797,CHEST OF DRAWERS GINGHAM HEART,16.95,98,125,228
82613D,METAL SIGN CUPCAKE SINGLE HOOK,1.25,98,126,854
22304,COFFEE MUG BLUE PAISLEY DESIGN,2.1,98,142,2376
85132A,CHARLIE + LOLA BISCUITS TINS,1.95,98,147,1192
23371,SET 36 COLOUR PENCILS SPACEBOY,1.25,98,133,1505
20768,GREEN FERN JOURNAL,2.55,98,117,706
21106,CREAM SLICE FLANNEL CHOCOLATE SPOT,2.55,98,120,708
22775,PURPLE DRAWERKNOB ACRYLIC EDWARDIAN,1.25,98,183,3240
84519B,CARROT CHARLIE+LOLA COASTER SET,1.25,98,156,801
35953,FOLKART STAR CHRISTMAS DECORATIONS,0.39,98,106,3361
21873,IF YOU CAN'T STAND THE HEAT MUG,1.25,98,150,2011
85017B,ENVELOPE 50 BLOSSOM IMAGES,0.42,98,118,1859
22687,DOORMAT CHRISTMAS VILLAGE,16.63,97,113,837
22680,FRENCH BLUE METAL DOOR SIGN 5,1.19,97,163,1267
85232A,SET/3 POLKADOT STACKING TINS,4.95,97,122,356
21688,SILVER PLATE CANDLE BOWL SMALL,2.95,97,108,904
15044B,BLUE PAPER PARASOL,2.95,97,148,1626
23119,PACK OF 6 LARGE FRUIT STRAWS,1.25,97,116,2156
84559B,3D SHEET OF CAT STICKERS,0.85,97,150,1167
23029,DRAWER KNOB CRACKLE GLAZE GREEN,1.65,97,138,1284
72817,SET OF 2 CHRISTMAS DECOUPAGE CANDLE,1.63,97,122,1252
37502,TEA TIME MUG IN GIFT BOX,2.95,97,148,810
22129,PARTY CONES CANDY DECORATION,2.46,97,106,2818
23541,WALL ART CLASSIC PUDDINGS,8.25,97,120,829
84519A,TOMATO CHARLIE+LOLA COASTER SET,1.25,96,158,1146
21683,MEDIUM MEDINA STAMPED METAL BOWL,2.95,96,132,935
84459A,PINK METAL CHICKEN HEART,1.49,96,107,1129
84509G,SET OF 4 FAIRY CAKE PLACEMATS,1.25,96,125,765
23158,SET OF 5 LUCKY CAT MAGNETS,2.08,96,187,2538
23090,VINTAGE GLASS T-LIGHT HOLDER,0.83,96,122,2130
23092,LARGE ANTIQUE WHITE PHOTO FRAME,7.9,96,125,509
21192,WHITE BELL HONEYCOMB PAPER,1.65,96,113,1889
21191,LARGE WHITE HONEYCOMB PAPER BELL,2.1,96,115,1244
23162,REGENCY TEA STRAINER,7.46,96,142,1362
20765,CHRYSANTHEMUM SKETCHBOOK,7.46,96,120,415
22230,JIGSAW TREE WITH WATERING CAN,0.29,96,123,1368
22232,JIGSAW TOADSTOOLS 3 PIECE,0.59,96,114,1019
23270,SET OF 2 CERAMIC PAINTED HEARTS,1.45,96,118,1166
22116,METAL SIGN HIS DINNER IS SERVED,0.79,96,127,745
22660,DOORMAT I LOVE LONDON,7.08,96,148,840
21648,ASSORTED TUTTI FRUTTI SMALL PURSE,1.25,96,120,2646
85217,ASSORTED ICE CREAM FRIDGE MAGNETS,0.65,96,136,2817
23163,REGENCY SUGAR TONGS,2.49,95,134,1714
23051,RECYCLED ACAPULCO MAT BLUE,8.25,95,133,335
21088,SET/6 FRUIT SALAD PAPER CUPS,0.19,95,104,16503
21291,SMALL POLKADOT CHOCOLATE GIFT BAG,0.85,95,126,2479
72807A,SET/3 ROSE CANDLE IN JEWELLED BOX,3.81,95,137,849
22254,FELT TOADSTOOL LARGE,1.25,95,112,1307
72586,SET OF 6 HALLOWEEN GHOST T-LIGHTS,0.42,95,108,2198
21768,WALL MOUNTED VINTAGE ORGANISER,14.95,95,123,460
85032B,BLOSSOM IMAGES GIFT WRAP SET,0.65,95,106,941
85226A,WHITE/BLUE PULL BACK RACING CAR,0.55,95,114,1661
22051,BLUE SCANDINAVIAN PAISLEY WRAP,0.42,95,116,3225
23508,MINI PLAYING CARDS DOLLY GIRL,0.42,95,106,2476
23348,CHILDRENS TOY COOKING UTENSIL SET,2.08,95,122,680
22049,WRAP CHRISTMAS SCREEN PRINT,0.19,95,112,3575
22931,BAKING MOULD HEART WHITE CHOCOLATE,2.55,95,110,881
84031A,CHARLIE+LOLA RED HOT WATER BOTTLE,1.25,95,133,734
23213,STAR WREATH DECORATION WITH BELL,1.25,95,121,1595
84989A,75 GREEN FAIRY CAKE CASES,0.55,95,121,2069
84985A,SET OF 72 GREEN PAPER DOILIES,1.45,95,119,589
22773,GREEN DRAWER KNOB ACRYLIC EDWARDIAN,1.25,95,171,2216
21806,WHITE CHRISTMAS HEART DECORATION,0.42,95,104,2600
22763,KEY CABINET MA CAMPAGNE,9.95,95,119,659
85034B,3 WHITE CHOC MORRIS BOXED CANDLES,1.25,95,111,1117
20770,ABSTRACT CIRCLE JOURNAL,2.55,94,113,906
23133,LARGE IVORY HEART WALL ORGANISER,7.05,94,134,759
21082,SET/20 FRUIT SALAD PAPER NAPKINS,0.17,94,117,7066
85214,TUB 24 PINK FLOWER PEGS,1.65,94,135,438
85203,HANGING WOOD AND FELT BUTTERFLY,0.42,94,111,1091
21529,RED RETROSPOT TOASTRACK,3.45,94,115,472
20986,BLUE CALCULATOR RULER,1.25,94,130,1014
23360,SET 8 CANDLES VINTAGE DOILY,1.95,94,107,1151
20761,BLUE PAISLEY SKETCHBOOK,3.75,93,116,423
23552,BICYCLE PUNCTURE REPAIR KIT,2.08,93,103,1731
85194L,HANGING SPRING FLOWER EGG LARGE,0.85,93,109,1715
22048,BIRTHDAY BANQUET GIFT WRAP,0.42,93,102,2840
21726,MULTI HEARTS  STICKERS,0.85,93,127,1073
21611,SET OF 12 LILY BOTANICAL T-LIGHTS,2.95,93,134,739
23505,PLAYING CARDS I LOVE LONDON,1.25,93,104,1065
22146,EASTER CRAFT IVY WREATH WITH CHICK,1.95,93,99,1347
22948,METAL DECORATION NAUGHTY CHILDREN,0.85,93,130,2052
21927,BLUE/CREAM STRIPE CUSHION COVER,1.25,93,171,1219
23031,DRAWER KNOB CRACKLE GLAZE PINK,1.65,93,138,1246
22162,HEART GARLAND RUSTIC PADDED,2.95,92,133,937
22167,OVAL WALL MIRROR DIAMANTE,9.95,92,166,528
22678,FRENCH BLUE METAL DOOR SIGN 3,1.25,92,172,1290
21804,WHITE CHRISTMAS GARLAND STARS TREES,3.75,92,106,563
85034A,3 GARDENIA MORRIS BOXED CANDLES,1.25,92,110,831
22414,DOORMAT NEIGHBOURHOOD WITCH,3.95,92,162,1126
22282,12 EGG HOUSE PAINTED WOOD,12.75,92,143,475
21348,PINK SPOTS CHOCOLATE NESTING BOXES,2.55,91,115,819
21251,DINOSAUR HEIGHT CHART STICKER SET,2.95,91,102,547
21153,RED SPOTTY TABLECLOTH,10.65,91,123,370
22267,EASTER DECORATION EGG BUNNY,0.39,91,105,1458
22202,MILK PAN PINK POLKADOT,3.75,91,156,964
23131,MISTLETOE HEART WREATH CREAM,4.15,91,108,894
20771,CHRYSANTHEMUM  JOURNAL,2.55,91,112,573
35971,ROSE FOLKART HEART DECORATIONS,1.25,91,122,1872
22471,TV DINNER TRAY AIR HOSTESS,1.95,91,122,565
23436,VINTAGE CHRISTMAS GIFT BAG LARGE,1.25,91,92,1929
22762,CUPBOARD 3 DRAWER MA CAMPAGNE,14.95,91,107,187
21949,SET OF 6 STRAWBERRY CHOPSTICKS,2.46,91,135,2371
23507,MINI PLAYING CARDS BUFFALO BILL,0.42,91,101,2841
21014,SWISS CHALET TREE DECORATION,0.29,91,107,1773
20931,BLUE POT PLANT CANDLE,1.25,91,102,611
21096,SET/6 FRUIT SALAD  PAPER PLATES,0.39,91,101,15781
21468,BUTTERFLY CROCHET FOOD COVER,3.75,91,118,622
21647,ASSORTED TUTTI FRUTTI LARGE PURSE,2.1,91,109,820
22343,PARTY PIZZA DISH RED RETROSPOT,0.19,90,132,2997
84352,SILVER CHRISTMAS TREE BAUBLE STAND,16.95,90,118,207
22177,5 HOOK BLACKBOARD ORGANISER,8.5,90,102,301
22511,RETROSPOT BABUSHKA DOORSTOP,0.79,90,101,397
22995,TRAVEL CARD WALLET SUKI,0.42,90,183,2236
21187,WHITE BELL HONEYCOMB PAPER GARLAND,1.65,90,108,1349
21926,RED/CREAM STRIPE CUSHION COVER,1.25,90,136,994
84596E,SMALL LICORICE DES PINK BOWL,0.42,90,124,888
23394,POSTE FRANCE CUSHION COVER,3.75,90,119,395
16225,RATTLE SNAKE EGGS,0.39,90,112,1423
23510,MINI PLAYING CARDS GYMKHANA,0.42,90,95,2298
23189,SET OF 12 FORK CANDLES,2.89,89,113,1215
23122,PARTY CHARMS 50 PIECES,0.83,89,94,2093
21738,COSY SLIPPER SHOES SMALL  RED,2.95,89,103,412
21827,EIGHT PIECE CREEPY CRAWLIE SET,1.25,89,119,818
22042,CHRISTMAS CARD SINGING ANGEL,0.42,89,96,1709
22805,BLUE DRAWER KNOB ACRYLIC EDWARDIAN,1.25,89,148,1955
22944,CHRISTMAS METAL POSTCARD WITH BELLS,1.25,89,102,4227
22994,TRAVEL CARD WALLET RETROSPOT,0.42,89,160,2107
21802,CHRISTMAS TREE HEART DECORATION,0.42,89,99,2579
85032D,YULETIDE IMAGES GIFT WRAP SET,0.65,89,90,1043
23096,PETIT TRAY CHIC,3.29,89,117,1007
22223,CAKE PLATE LOVEBIRD PINK,4.95,89,125,560
47593B,SCOTTIE DOGS BABY BIB,0.39,89,124,1833
21437,24 HANGING EASTER EGGS FLORAL TUB,3.75,88,99,655
23551,PACK OF 12 PAISLEY PARK TISSUES,0.39,88,95,1617
22190,LOCAL CAFE MUG,0.39,88,124,1168
23028,DRAWER KNOB CRACKLE GLAZE BLUE,1.65,88,114,1247
20762,GREEN FERN SKETCHBOOK,3.75,88,111,422
84993A,75 GREEN PETIT FOUR CASES,0.42,88,126,1368
23438,RED SPOT GIFT BAG LARGE,1.25,88,98,1796
22683,FRENCH BLUE METAL DOOR SIGN 8,1.19,88,137,1047
21445,12 PINK ROSE PEG PLACE SETTINGS,1.25,88,115,1478
23235,STORAGE TIN VINTAGE LEAF,1.25,88,96,729
22679,FRENCH BLUE METAL DOOR SIGN 4,1.25,88,156,1162
22973,CHILDREN'S CIRCUS PARADE MUG,1.45,88,120,1352
23006,TRAVEL CARD WALLET FLOWER MEADOW,0.42,88,130,1699
22157,ANGEL DECORATION WITH LACE PADDED,0.85,88,112,1748
23273,HEART T-LIGHT HOLDER WILLIE WINKIE,1.65,88,97,928
23244,ROUND STORAGE TIN VINTAGE LEAF,1.95,87,105,925
23280,FOLDING BUTTERFLY MIRROR HOT PINK,0.83,87,133,1995
85177,BASKET OF FLOWERS SEWING KIT,1.63,87,112,1778
21773,DECORATIVE ROSE BATHROOM BOTTLE,1.25,87,106,1278
23427,STOOL HOME SWEET HOME,12.5,87,106,228
23424,GINGHAM RECIPE BOOK BOX,4.95,87,103,413
23314,VINTAGE CHRISTMAS TABLECLOTH,12.5,87,104,393
22307,GOLD MUG BONE CHINA TREE OF LIFE,1.06,87,101,1213
22305,COFFEE MUG PINK PAISLEY DESIGN,2.55,87,126,2254
70007,HI TEC ALPINE HAND WARMER,0.79,87,104,1115
10125,MINI FUNKY DESIGN TAPES,0.85,87,120,2016
20832,RED FLOCK LOVE HEART PHOTO FRAME,0.72,86,103,1604
22247,BUNNY DECORATION MAGIC GARDEN,0.85,86,102,977
21199,PINK  HEART CONFETTI IN TUBE,1.65,86,93,1170
21205,MULTICOLOUR 3D BALLS GARLAND,2.55,86,109,608
20748,KENSINGTON COFFEE SET,12.75,86,114,363
23499,SET 12 VINTAGE DOILY CHALK,0.42,86,93,1247
23380,PACK OF 12 VINTAGE DOILY TISSUES,0.39,86,94,2159
23370,SET 36 COLOURING PENCILS DOILY,1.25,86,106,1359
21618,4 WILDFLOWER BOTANICAL CANDLES,1.25,86,98,599
21821,GLITTER STAR GARLAND WITH BELLS,3.39,86,107,666
23373,VINTAGE CHRISTMAS PAPER GIFT BAG,0.82,86,88,1563
22339,CHRISTMAS TREE PAINTED ZINC,0.19,86,102,3333
22043,CHRISTMAS CARD SCREEN PRINT,0.42,86,92,2136
21803,CHRISTMAS TREE STAR DECORATION,0.42,86,101,2717
21897,POTTING SHED CANDLE CITRONELLA,2.55,86,100,863
22163,HEART STRING MEMO HOLDER HANGING,0.79,86,104,971
84006,MAGIC TREE -PAPER FLOWERS,0.85,86,142,1745
82001S,SILVER RECORD COVER FRAME,3.75,86,196,2849
23221,REINDEER HEART DECORATION SILVER,0.83,85,110,1461
23002,TRAVEL CARD WALLET SKULLS,0.42,85,140,2078
22860,EASTER TIN CHICKS PINK DAISY,1.65,85,88,589
22799,SWEETHEART WIRE FRUIT BOWL,2.95,85,96,243
22181,SNOWSTORM PHOTO FRAME FRIDGE MAGNET,0.85,85,104,1512
20960,WATERMELON BATH SPONGE,1.25,85,141,1739
71038,WHITE HANGING BEADS CANDLE HOLDER,5.45,85,144,729
22252,BIRDCAGE DECORATION TEALIGHT HOLDER,1.25,85,112,975
22260,FELT EGG COSY BLUE RABBIT,0.85,85,108,1197
21203,BUTTERFLIES  HONEYCOMB GARLAND,1.65,85,106,1447
21645,ASSORTED TUTTI FRUTTI ROUND BOX,1.65,85,114,967
23375,50'S CHRISTMAS PAPER GIFT BAG,0.82,85,88,1327
85071C,"CHARLIE+LOLA""EXTREMELY BUSY"" SIGN",0.39,85,98,1203
23274,STAR T-LIGHT HOLDER WILLIE WINKIE,1.65,85,98,1142
85032C,CURIOUS IMAGES GIFT WRAP SET,0.65,85,100,801
21650,ASSORTED TUTTI FRUTTI BRACELET,0.19,84,101,2847
22682,FRENCH BLUE METAL DOOR SIGN 7,1.25,84,138,1096
21638,ASSORTED TUTTI FRUTTI NOTEBOOK,2.1,84,118,1003
21910,WAY OUT METAL SIGN,1.65,84,101,1035
22246,MAGIC GARDEN FELT GARLAND,1.95,84,105,893
22547,MINI JIGSAW DINOSAUR,0.19,84,109,1922
23155,KNICKERBOCKERGLORY MAGNET ASSORTED,0.83,84,111,2106
85039B,S/4 IVORY MINI ROSE CANDLE IN BOWL,1.65,84,110,1260
21011,GLITTER SNOW PEAR TREE DECORATION,1.45,84,101,1803
22913,RED COAT RACK PARIS FASHION,4.95,84,105,435
21693,SMALL HAMMERED SILVER CANDLEPOT,2.95,84,99,885
85194S,HANGING SPRING FLOWER EGG SMALL,0.19,84,95,1680
22612,TEA COSY VINTAGE UNION JACK,4.14,83,96,988
23511,EMBROIDERED RIBBON REEL EMILY,2.08,83,85,526
21294,ETCHED GLASS COASTER,0.39,83,116,2230
23079,TOADSTOOL BEDSIDE LIGHT,8.95,83,104,250
22317,FIVE CATS HANGING DECORATION,5.79,83,96,453
23334,IVORY WICKER HEART SMALL,0.63,83,95,2154
22281,EASTER TREE YELLOW BIRDS,5.95,83,98,426
16011,ANIMAL STICKERS,0.21,83,112,3906
22829,SWEETHEART WIRE WALL TIDY,9.95,83,104,234
22821,GIFT BAG PSYCHEDELIC APPLES,0.65,83,103,1348
21747,SMALL SKULL WINDMILL,1.25,83,128,1984
21739,COSY SLIPPER SHOES SMALL GREEN,2.95,83,100,381
23490,T-LIGHT HOLDER HANGING LOVE BIRD,3.75,83,95,539
22461,SAVOY ART DECO CLOCK,3.95,82,130,398
85212,MINI PAINTED GARDEN DECORATION,0.29,82,96,2803
22165,"DIAMANTE HEART SHAPED WALL MIRROR,",3.95,82,127,783
84819,DANISH ROSE ROUND SEWING BOX,0.79,82,94,913
84929,ASSTD FRUIT+FLOWERS FRIDGE MAGNETS,0.19,82,90,2952
22040,BOTANICAL ROSE GIFT WRAP,0.42,82,94,2815
21924,BLUE/CREAM STRIPE FRINGE HAMMOCK,7.95,82,112,304
21398,RED POLKADOT COFFEE  MUG,0.39,82,97,2236
22933,BAKING MOULD EASTER EGG MILK CHOC,2.95,82,91,888
22922,FRIDGE MAGNETS US DINER ASSORTED,0.85,82,99,2004
23211,RED ROCKING HORSE HAND PAINTED,1.25,82,116,2208
72818,CHRISTMAS DECOUPAGE CANDLE,1.63,82,106,2410
84569D,PACK 6 HEART/ICE-CREAM PATCHES,1.25,82,96,833
22598,CHRISTMAS MUSICAL ZINC TREE,0.29,82,93,1571
21869,POTTING SHED COFFEE MUG,1.25,82,103,1248
22785,SQUARECUSHION COVER PINK UNION JACK,1.25,82,95,370
22760,"TRAY, BREAKFAST IN BED",10.95,82,103,339
22685,FRENCH BLUE METAL DOOR SIGN 0,1.19,82,127,1029
85231L,LAVENDER SCENTED SET/9 T-LIGHTS,0.85,81,101,1022
21360,JOY LARGE WOOD LETTERS,3.95,81,92,436
22912,YELLOW COAT RACK PARIS FASHION,4.95,81,98,319
21043,APRON MODERN VINTAGE COTTON,1.95,81,89,603
23121,PACK OF 6 COCKTAIL PARASOL STRAWS,0.42,81,87,2465
22976,CIRCUS PARADE CHILDRENS EGG CUP,1.25,81,118,1183
21066,VINTAGE RED MUG,1.25,81,110,2265
21402,RED  EGG  SPOON,0.12,81,102,1589
21410,COUNTRY COTTAGE  DOORSTOP GREEN,4.25,81,101,261
23445,ICE CREAM BUBBLES,0.83,81,94,2667
47504H,ENGLISH ROSE SPIRIT LEVEL,0.79,81,105,992
48197,DOORMAT BIRD ON THE WIRE,7.49,81,137,785
21879,HEARTS GIFT TAPE,0.65,81,93,1376
22287,DECORATION WOBBLY CHICKEN,0.39,81,89,1291
23065,LARGE DECO JEWELLERY STAND,12.5,81,92,257
85200,BUNNY EGG BOX,1.25,81,94,1009
22684,FRENCH BLUE METAL DOOR SIGN 9,1.19,81,115,936
22340,NOEL GARLAND PAINTED ZINC,0.39,81,95,1370
23048,SET OF 10 LANTERNS FAIRY LIGHT STAR,4.15,81,85,564
23543,WALL ART KEEP CALM,4.15,81,94,1228
21725,SWEETIES  STICKERS,0.85,81,109,1062
23054,RECYCLED ACAPULCO MAT LAVENDER,8.25,81,109,268
21793,CLASSIC FRENCH STYLE BASKET BROWN,7.46,81,93,344
84789,ENCHANTED BIRD PLANT CAGE,2.95,81,112,434
21724,PANDA AND BUNNIES STICKER SHEET,0.85,81,126,955
21651,HANGING GLASS ETCHED TEALIGHT,1.65,81,107,1374
21692,SILVER LATTICE VANILLA CANDLE POT,3.75,81,104,510
21403,BLUE EGG  SPOON,0.12,80,108,2151
21710,FOLDING UMBRELLA PINKWHITE POLKADOT,4.95,80,87,697
23111,PARISIENNE SEWING BOX,12.5,80,124,296
21696,SMALL SILVER TRELLIS CANDLEPOT,2.95,80,95,782
84031B,CHARLIE LOLA BLUE HOT WATER BOTTLE,1.25,80,109,550
21015,DARK BIRD HOUSE TREE DECORATION,0.29,80,90,1433
22134,MINI LADLE LOVE HEART RED,0.36,80,126,1988
23403,LETTER HOLDER HOME SWEET HOME,3.75,80,110,596
72122,COFFEE SCENT PILLAR CANDLE,0.95,80,93,533
21579,LOLITA  DESIGN  COTTON TOTE BAG,2.25,80,91,973
23369,SET 36 COLOUR PENCILS LOVE LONDON,1.25,80,95,901
23251,VINTAGE RED ENAMEL TRIM MUG,1.04,80,102,1646
21923,RED/CREAM STRIPE FRINGE HAMMOCK,7.95,80,108,327
22033,BOTANICAL ROSE GREETING CARD,0.42,80,107,1564
23081,GREEN METAL BOX ARMY SUPPLIES,8.25,80,115,454
22264,FELT FARM ANIMAL WHITE BUNNY,0.85,80,88,1824
22044,CHRISTMAS CARD STACK OF PRESENTS,0.19,80,85,1969
21284,RETROSPOT CANDLE  SMALL,0.39,80,95,1494
23502,PLAYING CARDS VINTAGE DOILY,1.25,80,87,690
84341B,SMALL PINK MAGIC CHRISTMAS TREE,0.38,79,94,1720
23526,WALL ART DOG LICENCE,3.9,79,91,882
22681,FRENCH BLUE METAL DOOR SIGN 6,2.46,79,132,1075
23214,JINGLE BELL HEART ANTIQUE GOLD,2.08,79,92,777
21051,RIBBONS PURSE,2.1,79,93,667
23357,HOT WATER BOTTLE SEX BOMB,1.65,79,88,435
85169A,IVORY LOVE BIRD CANDLE,1.25,79,97,944
85202,HANGING WOOD AND FELT HEART,0.42,79,90,753
22280,POCKET BAG PINK PAISELY BROWN SPOT,1.25,79,87,586
37340,MULTICOLOUR SPRING FLOWER MUG,0.39,79,95,13093
23267,SET OF 4 SANTA PLACE SETTINGS,1.25,79,91,1158
22700,BLACK AND WHITE DOG BOWL,2.95,79,92,1386
21774,DECORATIVE CATS BATHROOM BOTTLE,1.25,79,108,1277
85114C,RED ENCHANTED FOREST PLACEMAT,1.65,79,127,1001
22448,PIN CUSHION BABUSHKA RED,1.25,79,104,734
21395,BLUE POLKADOT BEAKER,0.39,79,100,2944
35001W,HAND OPEN SHAPE DECO.WHITE,2.0,78,108,840
22256,FELT FARM ANIMAL CHICKEN,1.25,78,83,855
20773,BLUE PAISLEY NOTEBOOK,1.65,78,95,3321
21454,PAINTED PINK RABBIT,0.85,78,85,621
84596L,BISCUITS SMALL BOWL LIGHT BLUE,0.42,78,130,1267
21784,SHOE SHINE BOX,9.95,78,135,243
21382,SET/4 SPRING FLOWER DECORATION,0.75,78,114,1141
20777,CHRYSANTHEMUM NOTEBOOK,1.65,78,94,3532
22453,MEASURING TAPE BABUSHKA BLUE,2.95,78,109,753
84327A,PINK JUMPER LARRY THE LAMB,2.1,78,117,951
17091A,LAVENDER INCENSE IN TIN,0.38,78,110,2084
85071D,CHARLIE+LOLA MY ROOM DOOR SIGN,0.39,78,87,844
21352,EUCALYPTUS & PINECONE  WREATH,2.95,77,82,756
21805,WHITE CHRISTMAS TREE DECORATION,0.42,77,82,2124
23498,CLASSIC BICYCLE CLIPS,1.45,77,86,1591
22248,DECORATION  PINK CHICK MAGIC GARDEN,0.85,77,85,775
21836,GINGHAM OVEN GLOVE RED HEART,3.75,77,80,227
85008,SET OF 3 CONEY ISLAND OVAL BOXES,1.5,77,89,263
23531,WALL ART BIG LOVE,4.76,77,97,963
22688,DOORMAT PEACE ON EARTH BLUE,8.25,77,85,890
21219,SET/4 BADGES BALLOON GIRL,1.25,77,102,868
85231E,STRAWBERRY SCENTED SET/9 T-LIGHTS,0.85,77,93,816
23501,KEY RING BASEBALL BOOT UNION JACK,1.25,77,85,1772
22123,PING MICROWAVE APRON,0.79,77,91,562
22322,BIRD DECORATION GREEN POLKADOT,0.85,77,92,1072
22036,DINOSAUR BIRTHDAY CARD,0.42,77,110,1642
23400,SHELF WITH 4 HOOKS HOME SWEET HOME,6.25,76,95,448
21399,BLUE POLKADOT COFFEE MUG,0.39,76,95,2354
22953,BIRTHDAY PARTY CORDON BARRIER TAPE,1.25,76,99,795
21657,MILK BOTTLE WITH GLASS STOPPER,6.95,76,92,240
23433,HANGING QUILTED PATCHWORK APPLES,0.83,76,82,1215
23545,WRAP RED VINTAGE DOILY,0.42,76,83,2475
21813,GARLAND WITH STARS AND BELLS,4.95,76,87,505
21643,ASSORTED TUTTI FRUTTI MIRROR,1.06,76,103,1323
85186A,EASTER BUNNY GARLAND OF FLOWERS,0.42,76,81,1374
84676,BATH DUCK WATERING CAN,2.95,76,98,832
22201,FRYING PAN BLUE POLKADOT,1.25,76,106,412
23061,VINTAGE EMBOSSED HEART,1.25,76,88,964
23500,KEY RING BASEBALL BOOT ASSORTED,1.25,76,84,1585
21580,RABBIT  DESIGN  COTTON TOTE BAG,2.25,76,89,370
21612,SET 12 WILDFLOWER BOTANICAL T-LIGHT,2.95,76,97,676
35809A,ENAMEL PINK TEA CONTAINER,0.83,76,110,1038
20866,BLUE ROSE FABRIC MIRROR,1.25,76,87,967
15058A,BLUE POLKADOT GARDEN PARASOL,7.95,76,106,419
23372,SET 36 COLOUR PENCILS DOLLY GIRL,1.25,76,99,1296
21198,WHITE HEART CONFETTI IN TUBE,1.65,75,82,1191
35241,ENAMEL BLUE RIM BISCUIT BIN,4.25,75,94,273
22393,PAPERWEIGHT VINTAGE COLLAGE,0.39,75,89,802
22782,SET 3 WICKER STORAGE BASKETS,24.95,75,84,254
22608,PENS ASSORTED FUNKY JEWELED,0.19,75,98,5437
23316,RED REFECTORY CLOCK,9.95,75,95,236
22288,HANGING METAL RABBIT DECORATION,1.25,75,86,1267
22308,TEA COSY BLUE STRIPE,2.55,75,98,515
20692,FLORAL ELEPHANT SOFT TOY,4.25,75,116,883
22848,BREAD BIN DINER STYLE PINK,10.0,75,133,376
23341,PINK DINER WALL CLOCK,8.5,75,98,282
85035B,CHOCOLATE 3 WICK MORRIS BOX CANDLE,1.25,75,98,928
21653,GLASS ETCHED T-LIGHT HOLDER LARGE,2.1,75,100,1208
22774,RED DRAWER KNOB ACRYLIC EDWARDIAN,1.25,75,135,2651
21676,FLOWERS  STICKERS,0.85,75,98,1120
21064,BOOM BOX SPEAKER BOYS,1.25,75,103,745
85186C,BUNNY EGG GARLAND,0.42,75,79,1179
23461,SWEETHEART BIRD HOUSE,4.15,75,83,839
85187,S/12 MINI RABBIT EASTER,1.65,75,88,453
84218,BOX/12 CHICK & EGG IN BASKET,1.95,74,89,256
22389,PAPERWEIGHT SAVE THE PLANET,0.39,74,80,636
21636,MADRAS NOTEBOOK MEDIUM,0.75,74,88,1021
22313,OFFICE MUG WARMER PINK,1.25,74,106,989
20755,BLUE PAISLEY POCKET BOOK,0.85,74,86,5099
72598,SET/12 TAPER CANDLES,0.85,74,89,1059
23359,SET OF 12 T-LIGHTS VINTAGE DOILY,1.95,73,76,979
35095B,RED VICTORIAN FABRIC OVAL BOX,0.42,73,92,1831
85132B,CHARLIE AND LOLA TABLE TINS,1.95,73,100,895
21720,CAKE SHOP  STICKER SHEET,0.85,73,87,1037
21721,CANDY SHOP  STICKER SHEET,0.85,73,89,1043
21822,GLITTER CHRISTMAS TREE WITH BELLS,0.79,73,97,989
85025C,PINK HEART SHAPE PHOTO FRAME,1.45,73,92,649
22255,FELT TOADSTOOL  SMALL,0.85,73,87,1029
85014D,PINK/BROWN DOTS RUFFLED UMBRELLA,5.95,73,86,1913
21589,SWALLOW GIANT TUBE MATCHES,2.55,73,86,1115
21898,POTTING SHED ROSE CANDLE,3.15,73,88,762
23010,CIRCUS PARADE BABY GIFT SET,16.95,73,89,285
82613B,"METAL SIGN,CUPCAKE SINGLE HOOK",1.25,73,94,640
20652,BLUE POLKADOT LUGGAGE TAG,1.25,73,89,1222
23004,TRAVEL CARD WALLET PANTRY,0.42,73,123,1862
21708,FOLDING UMBRELLA CREAM POLKADOT,4.95,72,89,553
22543,MINI JIGSAW BAKE A CAKE,0.19,72,87,3249
21401,BLUE PUDDING SPOON,0.12,72,91,1394
21644,ASSORTED TUTTI FRUTTI HEART BOX,1.25,72,116,1025
21009,ETCHED GLASS STAR TREE DECORATION,1.25,72,79,897
21386,IVORY HANGING DECORATION  EGG,0.19,72,82,1145
22408,MONEY BOX CONFECTIONERY DESIGN,0.39,72,76,640
21610,SET 12 PEAR BOTANICAL T-LIGHTS,2.95,72,87,536
35810A,ENAMEL PINK COFFEE CONTAINER,0.83,72,104,1118
21440,12 MINI TOADSTOOL PEGS,1.25,72,88,474
72232,FENG SHUI PILLAR CANDLE,0.19,72,118,6402
20871,OPULENT VELVET SET/3 CANDLES,2.1,72,76,1205
22643,SET OF 4 NAPKIN CHARMS LEAVES,0.79,72,76,415
22100,SKULLS SQUARE TISSUE BOX,0.39,71,81,954
21948,SET OF 6 CAKE CHOPSTICKS,2.46,71,114,1999
21190,PINK HEARTS PAPER GARLAND,1.65,71,84,868
22832,BROCANTE SHELF WITH HOOKS,10.75,71,77,183
21557,SET OF 6 FUNKY BEAKERS,2.95,71,133,626
22034,ROBIN CHRISTMAS CARD,0.42,71,83,1572
22058,CERAMIC LOVE HEARTS DESIGN MUG,1.49,71,92,511
21785,RAIN PONCHO,0.65,71,78,1982
21839,MUMMY MOUSE RED GINGHAM RIBBON,5.45,71,81,201
21422,PORCELAIN ROSE SMALL,1.63,71,107,3099
84510B,SET OF 4 FAIRY CAKES COASTERS,1.25,71,96,1110
85136C,RED SHARK HELICOPTER,7.95,70,80,132
23485,BOTANICAL GARDENS WALL CLOCK,25.0,70,80,259
62018,SOMBRERO,1.95,70,123,9551
20856,DENIM PATCH PURSE PINK BUTTERFLY,1.65,70,88,335
84795C,OCEAN STRIPE HAMMOCK,7.95,70,105,294
23164,REGENCY CAKE SLICE,4.95,70,80,564
23392,SPACEBOY ROCKET LOLLY MAKERS,2.08,70,78,592
23470,CARD HOLDER LOVE BIRD LARGE,6.25,70,75,220
22707,WRAP MONSTER FUN,0.42,70,81,2150
21222,SET/4 BADGES BEETLES,1.25,70,84,536
21318,GLASS CHALICE BLUE SMALL,0.39,70,77,938
84817,DANISH ROSE DECORATIVE PLATE,0.39,70,77,1051
22686,FRENCH BLUE METAL DOOR SIGN No,1.25,70,116,1248
22923,FRIDGE MAGNETS LES ENFANTS ASSORTED,0.85,70,84,1581
22510,GINGHAM BABUSHKA DOORSTOP,0.79,70,82,317
85173,SET/6 FROG PRINCE T-LIGHT CANDLES,0.79,70,102,954
85036B,CHOCOLATE 1 WICK MORRIS BOX CANDLE,1.25,70,79,602
20671,BLUE TEATIME PRINT BOWL,1.25,70,106,742
22893,MINI CAKE STAND T-LIGHT HOLDER,0.42,70,93,2054
21808,"CHRISTMAS GARLAND STARS,TREES",1.25,70,79,816
21188,3D HEARTS  HONEYCOMB PAPER GARLAND,2.55,69,94,856
21719,LOVELY BONBON STICKER SHEET,0.85,69,92,858
21292,SMALL STRIPES CHOCOLATE GIFT BAG,0.19,69,82,2465
21547,CERAMIC BIRDHOUSE CRESTED TIT SMALL,2.95,69,90,692
23066,SMALL DECO JEWELLERY STAND,8.25,69,76,245
21262,WHITE GOOSE FEATHER CHRISTMAS TREE,2.95,69,81,467
21593,SWALLOW CIGAR BOX MATCHES,1.25,69,93,1391
21474,SWEETHEART CREAM STEEL FOLDIN BENCH,19.95,69,92,203
85204,HANGING WOOD AND FELT FLOWER,0.12,69,78,2156
40018F,CHERRY DESIGN PAPERLANTERNS,1.95,69,97,1065
84534B,FAIRY CAKE NOTEBOOK A5 SIZE,0.85,69,107,767
23377,PACK OF 12 DOLLY GIRL TISSUES,0.39,69,80,1203
23452,HEART MINI PORTRAIT FRAME,1.95,69,81,510
23559,WOODLAND BUNNIES LOLLY MAKERS,2.08,69,75,566
16216,LETTER SHAPE PENCIL SHARPENER,0.06,69,78,4135
22719,GUMBALL MONOCHROME COAT RACK,1.25,69,109,1253
21709,FOLDING UMBRELLA CHOCOLATE POLKADOT,4.95,69,79,644
22924,FRIDGE MAGNETS LA VIE EN ROSE,0.85,69,81,1452
79030G,TUMBLER NEW ENGLAND,0.39,69,93,1706
21801,CHRISTMAS TREE DECORATION WITH BELL,0.42,69,80,2056
23120,PACK OF 6 SMALL FRUIT STRAWS,0.42,69,79,1648
22258,FELT FARM ANIMAL RABBIT,1.25,69,71,1116
23271,CHRISTMAS TABLE SILVER CANDLE SPIKE,0.83,69,75,1622
23268,SET OF 2 CERAMIC CHRISTMAS REINDEER,1.45,68,78,1435
23536,WALL ART VILLAGE SHOW,5.95,68,74,613
17107D,FLOWER FAIRY 5 DRAWER LINERS,2.55,68,82,327
22062,CERAMIC BOWL WITH LOVE HEART DESIGN,0.83,68,93,719
20774,GREEN FERN NOTEBOOK,1.65,68,76,3428
22709,WRAP WEDDING DAY,0.42,68,76,2775
20802,SMALL GLASS SUNDAE DISH CLEAR,1.65,68,76,907
20867,PINK ROSE FABRIC MIRROR,1.25,68,75,881
84247E,PACK OF 12 CHRISTMAS FUN CARDS,2.95,68,69,312
16012,FOOD/DRINK SPONGE STICKERS,0.21,67,82,2949
85135B,BLUE DRAGONFLY HELICOPTER,7.95,67,76,114
23331,DECORATIVE WICKER HEART SMALL,0.63,67,81,1492
47594B,SCOTTIES DESIGN WASHBAG,1.95,67,83,315
23020,GLASS  SONGBIRD STORAGE JAR,12.5,67,72,176
79320,FLAMINGO LIGHTS,4.25,67,122,862
84674,FLYING PIG WATERING CAN,2.95,67,92,451
85188A,GREEN METAL SWINGING BUNNY,0.85,67,81,905
21287,SCENTED VELVET LOUNGE CANDLE,0.38,67,83,4104
22337,ANGEL DECORATION PAINTED ZINC,0.65,67,82,2189
23282,FOLDING BUTTERFLY MIRROR IVORY,2.46,67,102,753
20733,GOLD MINI TAPE MEASURE,0.85,67,101,1564
22820,GIFT BAG BIRTHDAY,0.65,67,76,1184
22777,GLASS CLOCHE LARGE,7.65,67,76,447
21441,BLUE BIRDHOUSE DECORATION,0.19,67,83,867
23153,ZINC SWEETHEART WIRE LETTER RACK,3.75,67,78,248
84578,ELEPHANT TOY WITH BLUE T-SHIRT,3.75,67,78,161
21442,GREEN BIRDHOUSE DECORATION,0.19,66,80,887
22702,BLACK AND WHITE CAT BOWL,2.1,66,82,1577
47585A,PINK FAIRY CAKE CUSHION COVER,3.75,66,83,915
21656,RIDGED GLASS POSY VASE,1.45,66,83,827
23187,FRENCH STYLE STORAGE JAR BONBONS,0.29,66,74,2338
20854,BLUE PATCH PURSE PINK HEART,1.65,66,83,377
84968A,SET OF 16 VINTAGE ROSE CUTLERY,12.75,66,116,355
84843,WHITE SOAP RACK WITH 2 BOTTLES,5.95,66,86,250
22204,MILK PAN BLUE POLKADOT,1.25,66,97,414
21723,ALPHABET HEARTS STICKER SHEET,0.85,66,93,837
21157,RED RETROSPOT WASHBAG,2.1,66,109,621
84791,GINGHAM HEART DECORATION,2.95,66,75,299
21209,MULTICOLOUR HONEYCOMB FAN,0.39,66,84,1355
20778,GARDEN PATH NOTEBOOK,1.65,66,80,3600
22069,BROWN  PIRATE TREASURE CHEST,0.39,66,89,642
22934,BAKING MOULD EASTER EGG WHITE CHOC,2.95,65,69,560
22701,PINK DOG BOWL,0.79,65,86,553
22344,PARTY PIZZA DISH PINK POLKADOT,0.19,65,84,1359
23406,HOME SWEET HOME KEY HOLDER,6.25,65,94,435
15058B,PINK POLKADOT GARDEN PARASOL,7.95,65,91,301
23094,LE GRAND TRAY CHIC SET,12.5,65,74,147
21220,SET/4 BADGES DOGS,1.25,65,82,537
23432,PRETTY HANGING QUILTED HEARTS,0.83,65,70,1274
21208,PASTEL COLOUR HONEYCOMB FAN,0.39,65,75,981
21473,SWEETHEART CREAM STEEL TABLE RECT,19.95,65,86,149
20654,FIRST CLASS LUGGAGE TAG,1.25,65,84,341
21695,SMALL SILVER FLOWER CANDLE POT,2.95,65,75,596
21690,SILVER  CANDLEPOT JARDIN,3.75,65,75,275
72816,SET/3 CHRISTMAS DECOUPAGE CANDLES,2.46,65,75,1295
47594A,CAROUSEL DESIGN WASHBAG,1.95,65,74,281
82605,OLD DOC RUSSEL METAL SIGN,2.1,65,87,220
21684,SMALL MEDINA STAMPED METAL BOWL,0.85,65,88,1704
84673B,BLUE FLY SWAT,1.63,65,79,423
22031,BOTANICAL LAVENDER BIRTHDAY CARD,0.42,65,80,975
35924,HANGING FAIRY CAKE DECORATION,2.1,65,100,2008
16045,POPART WOODEN PENCILS ASST,0.04,65,72,9300
82607A,GLASS BONBON JAR PARFUME AUX FLEURE,1.06,65,88,575
85131A,BEADED PEARL HEART WHITE ON STICK,1.25,64,77,1424
16008,SMALL FOLDING SCISSOR(POINTED EDGE),0.12,64,85,3143
21200,MULTICOLOUR HONEYCOMB PAPER GARLAND,1.65,64,75,1287
35004B,SET OF 3 BLACK FLYING DUCKS,5.45,64,120,1254
85136A,YELLOW SHARK HELICOPTER,7.95,64,67,98
23491,VINTAGE JINGLE BELLS HEART,8.25,64,76,226
23486,ANTIQUE HEART SHELF UNIT,16.65,64,68,267
21795,SET OF 3 BLUE STRIPE BASKET,6.86,64,76,436
22310,IVORY KNITTED MUG COSY,1.65,64,110,1520
85041,SET/4 PINK ORCHID CANDLES IN BOWL,1.08,64,79,1823
84968C,SET OF 16 VINTAGE PISTACHIO CUTLERY,12.75,64,97,360
23412,HEART MIRROR ANTIQUE WHITE,7.5,64,71,351
23085,ANTIQUE SILVER BAUBLE LAMP,10.4,64,72,374
22032,BOTANICAL LILY GREETING CARD,0.42,64,74,903
21652,GLASS ETCHED T-LIGHT HOLDER MEDIUM,1.95,64,72,874
17164B,ASS COL SMALL SAND GECKO P'WEIGHT,0.42,64,80,1596
23217,LAUREL HEART ANTIQUE SILVER,1.25,64,84,1290
23250,VINTAGE RED TRIM ENAMEL BOWL,1.25,64,89,1103
23123,COCKTAIL SWORDS 50 PIECES,0.83,64,68,900
22928,YELLOW GIANT GARDEN THERMOMETER,5.95,64,91,263
85197,SET OF 12 MINI BUNNIES IN A BUCKET,2.1,63,73,1671
82613A,"METAL SIGN,CUPCAKE SINGLE HOOK",1.25,63,81,489
23431,NATURAL HANGING QUILTED HEARTS,0.83,63,67,1432
23067,HANGING ENGRAVED METAL HEART,4.15,63,71,277
21278,VINTAGE KITCHEN PRINT PUDDINGS,2.55,63,70,2707
21775,DECORATIVE FLORE BATHROOM BOTTLE,1.25,63,79,512
85078,SCANDINAVIAN 3 HEARTS NAPKIN RING,1.63,63,84,2068
23444,Next Day Carriage,15.0,63,79,79
85130D,BEADED CRYSTAL HEART PINK LARGE,0.79,63,80,741
23315,IVORY REFECTORY CLOCK,9.95,63,76,202
23269,SET OF 2 CERAMIC CHRISTMAS TREES,1.45,63,76,755
22316,200 BENDY SKULL STRAWS,1.25,62,95,1240
23338,EGG FRYING PAN RED,2.08,62,91,405
22253,6 CROCHET STRAWBERRIES,1.06,62,69,942
22786,CUSHION COVER PINK UNION JACK,1.25,62,75,220
72799F,IVORY PILLAR CANDLE GOLD FLOCK,2.95,62,72,1074
23335,EGG FRYING PAN IVORY,2.08,62,81,359
22345,PARTY PIZZA DISH BLUE POLKADOT,0.19,62,82,1314
17165D,ASS COL LARGE SAND FROG P'WEIGHT,1.05,62,89,723
84247L,FAWN AND MUSHROOM GREETING CARD,0.42,62,82,1124
21311,SET/4 BIRD MIRROR MAGNETS,0.29,62,75,714
21010,ETCHED GLASS BIRD TREE DECORATION,1.25,62,66,812
21681,GIANT MEDINA STAMPED METAL BOWL,9.95,62,74,230
85055,FRENCH ENAMEL UTENSIL HOLDER,2.95,62,79,327
21825,PAINTED METAL TREE WITH HOLLY BELLS,1.45,62,67,726
35965,FOLKART HEART NAPKIN RINGS,0.79,62,82,378
47480,HANGING PHOTO CLIP ROPE LADDER,1.45,62,99,1655
23227,FILIGREE HEART BUTTERFLY WHITE,1.25,61,87,1592
20801,LARGE PINK GLASS SUNDAE DISH,0.79,61,69,904
21837,CROSS STITCH ALPHABET CUSHION COVER,5.95,61,70,217
20758,ABSTRACT CIRCLES POCKET BOOK,0.85,61,74,5394
21520,BOOZE & WOMEN GREETING CARD,0.42,61,68,926
35095A,BLUE VICTORIAN FABRIC OVAL BOX,0.42,61,78,1665
21884,CAKES AND BOWS GIFT  TAPE,0.65,61,68,1234
21895,POTTING SHED SOW 'N' GROW SET,4.25,61,70,530
21945,STRAWBERRIES  DESIGN FLANNEL,0.39,61,73,1542
21274,EMBOSSED HEART 3 DRAWER SHELF,10.95,61,89,161
85144,JARDIN ETCHED GLASS CHEESE DISH,1.95,61,70,291
21882,SKULLS TAPE,0.65,61,70,932
20878,SET/9 CHRISTMAS T-LIGHTS SCENTED,1.25,61,67,716
85039A,SET/4 RED MINI ROSE CANDLE IN BOWL,1.65,61,90,1119
23075,PARLOUR CERAMIC WALL HOOK,4.15,61,77,470
85098B,BLUE FLYING SINGING CANARY,3.75,61,84,328
23469,CARD HOLDER LOVE BIRD SMALL,4.15,61,63,320
72128,COLUMBIAN CANDLE ROUND,0.85,61,78,702
72803A,ROSE SCENT CANDLE JEWELLED DRAWER,4.25,61,91,724
22053,EMPIRE DESIGN ROSETTE,1.25,61,66,4520
23358,HOT STUFF HOT WATER BOTTLE,1.25,61,67,528
22446,PIN CUSHION BABUSHKA PINK,1.25,61,84,337
22184,CAKE STAND VICTORIAN FILIGREE LARGE,8.5,60,71,269
82615,PINK MARSHMALLOW SCARF KNITTING KIT,2.55,60,76,604
23530,WALL ART ONLY ONE PERSON,4.95,60,74,1043
85180A,RED HEARTS LIGHT CHAIN,9.13,60,66,553
21455,PAINTED YELLOW WOODEN DAISY,0.85,60,63,502
22857,ASSORTED EASTER GIFT TAGS,0.85,60,62,1240
16218,CARTOON  PENCIL SHARPENERS,0.06,60,70,4525
21421,PORCELAIN ROSE LARGE,1.25,60,88,1782
79323GR,GREEN CHERRY LIGHTS,6.75,60,76,524
21076,SET/20 COLLAGE PAPER NAPKIN,0.85,60,73,760
23181,BULL DOG BOTTLE TOP WALL CLOCK,7.5,60,69,185
22290,STANDING METAL RABBIT WITH EGG,2.1,60,68,675
85016,SET OF 6 VINTAGE NOTELETS KIT,0.65,60,70,1456
22647,CERAMIC LOVE HEART MONEY BANK,0.39,60,68,1050
20704,MR ROBOT SOFT TOY,1.95,60,64,345
23138,SINGLE WIRE HOOK IVORY HEART,1.45,60,75,875
85045,GREEN CHRISTMAS TREE STRING 20LIGHT,4.95,60,70,462
23107,WHITE HEARTS WIRE PLANT POT HOLDER,0.79,60,61,340
23550,WRAP ALPHABET POSTER,0.42,60,63,1850
23513,EMBROIDERED RIBBON REEL SUSIE,2.08,59,62,556
84569A,PACK 3 IRON ON DOG PATCHES,2.46,59,64,462
20615,BLUE POLKADOT PASSPORT COVER,0.75,59,78,462
23381,PACK OF 12 VINTAGE LEAF TISSUES,0.39,59,64,1487
85196,EASTER BUNNIES ON A STICK,0.55,59,66,1536
16048,TEATIME ROUND PENCIL SHARPENER,0.12,59,69,3414
23401,RUSTIC MIRROR WITH LACE HEART,4.15,59,70,443
72819,CUPID DESIGN SCENTED CANDLES,1.25,59,64,674
84912A,PINK ROSE WASHBAG,3.75,59,97,894
21814,HEART T-LIGHT HOLDER,1.45,59,71,659
20622,VIP PASSPORT COVER,2.1,59,82,527
20617,FIRST CLASS PASSPORT COVER,2.1,59,74,452
85129D,BEADED CRYSTAL HEART PINK SMALL,2.46,59,85,659
47589,CONGRATULATIONS BUNTING,5.45,59,70,150
85130A,BEADED PEARL HEART WHITE LARGE,1.65,59,74,708
21283,NATURAL BARK CANDLE SMALL,3.25,59,68,516
23391,I LOVE LONDON MINI BACKPACK,4.15,58,69,361
84356,POMPOM CURTAIN,1.95,58,94,661
23228,FILIGREE HEART BIRD WHITE,1.25,58,78,1397
23515,EMBROIDERED RIBBON REEL DAISY,2.08,58,59,558
17033,"BROCADE PURSE,SMALL ARCH BUTTON",0.29,58,68,3279
22183,CAKE STAND VICTORIAN FILIGREE MED,6.75,58,63,292
22182,CAKE STAND VICTORIAN FILIGREE SMALL,1.25,58,65,361
23161,REGENCY CAKE FORK,1.25,58,68,1608
21662,VINTAGE GLASS COFFEE CADDY,5.95,58,78,240
84199,GLOW IN DARK DOLPHINS,0.21,58,62,515
35958,FOLKART ZINC STAR CHRISTMAS DEC,0.85,58,69,1114
35954,SMALL FOLKART STAR CHRISTMAS DEC,0.19,58,66,2174
16258A,SWIRLY CIRCULAR RUBBERS IN BAG,0.19,58,74,1040
22640,SET OF 4 NAPKIN CHARMS 3 KEYS,0.79,58,69,302
21518,BANK ACCOUNT  GREETING  CARD,0.36,58,70,1028
22135,MINI LADLE LOVE HEART PINK,0.42,58,103,1197
84986B,SET OF 36 SILVER PAPER DOILIES,1.45,58,67,447
21532,DAIRY MAID SUGAR JAM BOWL,2.1,58,76,1374
22808,SET OF 6 T-LIGHTS EASTER CHICKS,1.25,58,61,401
23414,ZINC BOX SIGN HOME,9.95,58,62,139
22981,PANTRY APPLE CORER,1.45,58,72,436
21815,STAR  T-LIGHT HOLDER,1.45,58,64,667
16219,HOUSE SHAPE PENCIL SHARPENER,0.06,58,66,3206
21016,LIGHT BIRD HOUSE TREE DECORATION,0.85,58,65,806
82616C,MIDNIGHT GLAMOUR SCARF KNITTING KIT,1.25,57,78,543
23034,DRAWER KNOB CERAMIC BLACK,1.45,57,78,947
23547,WRAP FLOWER SHOP,0.42,57,62,1575
85093,CANDY SPOT EGG WARMER HARE,0.39,57,59,1045
85141,JARDIN ETCHED GLASS FRUITBOWL,3.95,57,69,189
22323,PINK POLKADOT KIDS BAG,1.95,57,73,572
22703,PINK CAT BOWL,0.59,57,74,312
21796,SET OF 3 RED STRIPE BASKETS,6.86,57,66,323
85135C,RED DRAGONFLY HELICOPTER,7.95,57,65,107
20857,BLUE ROSE PATCH PURSE PINK BUTTERFL,1.65,57,72,257
21478,SILVER SKULL HOT WATER BOTTLE,3.75,57,76,182
84993B,75 BLACK PETIT FOUR CASES,0.42,57,77,535
85018D,YULETIDE IMAGES S/6 PAPER BOXES,2.55,57,63,774
23483,HANGING  BUTTERFLY T-LIGHT HOLDER,1.25,57,66,1322
23186,FRENCH STYLE STORAGE JAR CAFE,0.29,57,70,1982
21503,TOYBOX  WRAP,0.42,57,64,1801
20950,SET/6  ANGEL T-LIGHTS WHITE/GOLD,0.42,57,65,652
23514,EMBROIDERED RIBBON REEL SALLY,2.08,57,62,458
21359,RELAX LARGE WOOD LETTERS,3.95,57,67,204
16016,LARGE CHINESE STYLE SCISSOR,0.85,57,105,2331
21374,MIRRORED WALL ART SKULLS,1.25,57,61,458
23249,VINTAGE RED ENAMEL TRIM PLATE,1.65,57,68,802
84673A,PINK FLY SWAT,0.65,57,70,459
79190B,RETRO PLASTIC POLKA TRAY,0.42,57,96,1404
82616B,FRAPPUCINO SCARF KNITTING KIT,1.25,57,75,539
37342,POLKADOT COFFEE CUP & SAUCER PINK,0.79,56,71,1471
21286,RETROSPOT CANDLE  LARGE,0.59,56,67,962
21317,GLASS SPHERE CANDLE STAND MEDIUM,5.45,56,64,331
82613C,"METAL SIGN,CUPCAKE SINGLE HOOK",1.25,56,71,527
84795B,SUNSET CHECK HAMMOCK,7.95,56,83,291
21285,RETROSPOT CANDLE  MEDIUM,0.39,56,73,974
23226,FILIGREE HEART DAISY WHITE,1.25,56,71,1199
22538,MINI JIGSAW GO TO THE FAIR,0.19,56,62,1410
23419,HOME SWEET HOME BOTTLE,2.08,56,61,438
84912B,GREEN ROSE WASHBAG,3.75,56,84,878
23281,FOLDING BUTTERFLY MIRROR RED,0.83,56,91,1270
22638,SET OF 4 NAPKIN CHARMS CROWNS,0.79,56,59,367
48195,DOOR MAT GREEN PAISLEY,7.49,56,73,255
23317,BLUE REFECTORY CLOCK,9.95,56,70,162
85107,CUT GLASS T-LIGHT HOLDER OCTAGON,1.69,56,64,1197
22390,PAPERWEIGHT CHILDHOOD MEMORIES,0.39,56,73,803
85208,SET/12 FUNKY FELT FLOWER PEG IN BAG,2.1,56,59,362
15058C,ICE CREAM DESIGN GARDEN PARASOL,7.95,56,71,413
16169M,WRAP DAISY CARPET,0.42,56,59,2060
16169K,WRAP FOLK ART,0.42,56,59,2075
21655,HANGING RIDGE GLASS T-LIGHT HOLDER,1.69,56,70,1308
21691,SILVER VANILLA FLOWER CANDLE POT,3.75,56,66,245
22504,CABIN BAG VINTAGE RETROSPOT,29.95,55,76,277
77101A,UNION FLAG WINDSOCK,1.25,55,69,1058
21221,SET/4 BADGES CUTE CREATURES,1.25,55,61,473
85118,HEART T-LIGHT HOLDER,1.25,55,62,2105
35981C,WHITE SNOW SCANDINAVIAN STOCKING,0.38,55,60,564
21661,VINTAGE GLASS TEA CADDY,5.95,55,78,220
21687,SILVER PLATE CANDLE BOWL LARGE,3.75,55,78,450
23542,WALL ART 70'S ALPHABET,6.67,55,70,484
85014C,BLUE/BROWN DOTS RUFFLED UMBRELLA,5.95,55,65,539
85025B,EAU DE NILE HEART SHAPE PHOTO FRAME,1.65,55,65,529
23220,REINDEER HEART DECORATION GOLD,0.83,55,77,930
22407,MONEY BOX FIRST AID DESIGN,0.39,55,65,428
37343,POLKADOT MUG PINK,0.39,55,73,980
20659,ECONOMY LUGGAGE TAG,1.25,55,89,292
20655,QUEEN OF SKIES LUGGAGE TAG,1.25,55,91,269
84659A,WHITE TRAVEL ALARM CLOCK,2.55,55,71,313
23418,LAVENDER TOILETTE BOTTLE,2.08,55,60,534
21548,CERAMIC BIRDHOUSE FINCH BLUE ROOF,2.95,55,77,650
21427,SKULLS STORAGE BOX SMALL,2.1,55,73,450
20941,FROG CANDLE,1.25,54,69,928
23405,HOME SWEET HOME 2 DRAWER CABINET,4.95,54,57,237
84247G,"DECOUPAGE,GREETING CARD,",0.42,54,87,1428
20657,TROPICAL LUGGAGE TAG,1.25,54,71,1694
84569B,PACK 3 FIRE ENGINE/CAR PATCHES,1.25,54,63,437
21400,RED PUDDING SPOON,0.12,54,63,1027
85226C,BLUE PULL BACK RACING CAR,0.55,54,66,954
20932,PINK POT PLANT CANDLE,1.25,54,56,306
20763,DAISY SKETCHBOOK,3.75,54,59,246
20990,SPRING FLOWER CHOPSTICKS SET/5,1.95,54,87,857
22512,DOORSTOP RACING CAR DESIGN,0.79,54,63,379
23398,HANGING HEART BONHEUR,0.85,53,57,591
21202,DOLLY HONEYCOMB GARLAND,1.65,53,56,817
84813,SET OF 4 DIAMOND NAPKIN RINGS,2.95,53,69,379
85189,HANGING BUTTERFLY  EGG,0.85,53,58,1121
84520D,PACK OF 20 FAIRY CAKE PAPER NAPKINS,0.85,53,61,621
21944,KITTENS DESIGN FLANNEL,0.39,53,75,1539
23408,PHOTO FRAME LINEN AND LACE SMALL,2.08,53,59,310
20839,FRENCH PAISLEY CUSHION COVER,0.85,53,60,513
72815,3 WICK CHRISTMAS BRIAR CANDLE,3.75,53,59,260
84795D,SEASIDE STRIPE HAMMOCK,7.95,53,73,179
21476,STEEL SWEETHEART ROUND TABLE CREAM,14.95,53,74,128
21654,RIDGED GLASS FINGER BOWL,0.39,53,62,1147
85159B,"WHITE TEA,COFFEE,SUGAR JARS",1.95,53,68,638
22324,BLUE POLKADOT KIDS BAG,4.13,53,67,555
85060,WOOD FAN WITH FLOWER DESIGN,1.25,53,74,1391
85084,HOLLY TOP CHRISTMAS STOCKING,0.85,53,62,607
90167,BEADED LOVE HEART JEWELLERY SET,0.85,53,75,2108
21189,WHITE HONEYCOMB PAPER GARLAND,1.65,53,61,543
21269,ANTIQUE CREAM CUTLERY SHELF,8.5,52,58,108
35962,SET/12 ZINC CHRISTMAS DECORATIONS,2.1,52,60,532
23088,ZINC HEART FLOWER T-LIGHT HOLDER,1.25,52,57,760
37413,ICON MUG REVOLUTIONARY,0.39,52,79,701
21289,LARGE STRIPES CHOCOLATE GIFT BAG,1.25,52,60,1291
21540,DAIRY MAID BUTTER DISH,4.25,52,73,1300
20998,ROSE DU SUD OVEN GLOVE,2.55,52,58,221
21545,CERAMIC BIRDHOUSE BUTTERFLY SMALL,1.85,52,64,679
23326,HANGING MINI COLOURED BOTTLES,0.63,52,55,3370
16169N,WRAP BLUE RUSSIAN FOLKART,0.42,52,56,2050
10120,DOGGY RUBBER,0.21,52,62,664
84968F,SET OF 16 VINTAGE SKY BLUE CUTLERY,12.75,52,65,157
84974,S/2 ZINC HEART DESIGN PLANTERS,9.95,52,57,92
84678,CLASSICAL ROSE SMALL VASE,2.55,52,64,598
21373,MIRRORED WALL ART SNOWFLAKES,0.75,52,57,629
84849A,HELLO SAILOR BLUE SOAP HOLDER,1.69,52,68,444
84507B,STRIPES DESIGN MONKEY DOLL,2.55,52,89,1319
72800B,4 PURPLE FLOCK DINNER CANDLES,0.79,52,77,977
21279,VINTAGE KITCHEN PRINT FRUITS,2.55,51,56,3471
72800F,4 IVORY DINNER CANDLES GOLD FLOCK,2.55,51,62,819
79071B,ENGLISH ROSE METAL WASTE BIN,2.95,51,60,148
79160,HEART SHAPE WIRELESS DOORBELL,2.1,51,137,835
84508A,CAMOUFLAGE DESIGN TEDDY,2.1,51,104,3807
21194,PINK  HONEYCOMB PAPER FAN,0.65,51,60,504
21264,WHITE GOOSE FEATHER TREE 60CM,1.95,51,57,354
35957,SMALLFOLKART BAUBLE CHRISTMAS DEC,0.19,51,62,3499
35923,CANDY HEART HANGING DECORATION,0.39,51,66,1454
22788,BROCANTE COAT RACK,9.95,51,68,466
21711,FOLDING UMBRELLA WHITE/RED POLKADOT,4.95,51,54,361
21694,SMALL REGAL  SILVER CANDLEPOT,2.95,51,61,564
22811,SET OF 6 T-LIGHTS CACTI,1.25,51,69,897
85124C,GREEN JUICY FRUIT PHOTO FRAME,2.55,51,97,419
85130C,BEADED CRYSTAL HEART BLUE  LARGE,0.79,51,61,675
85129A,"WHITE PEARL BEADED HEART, SMALL",1.25,51,62,429
16156N,"WRAP, FRIENDSHIP ON GREEN",0.42,51,55,1450
84968B,SET OF 16 VINTAGE IVORY CUTLERY,12.75,51,80,284
20976,12 PENCILS SMALL TUBE POSY,0.65,51,64,519
21365,MIRRORED WALL ART STARS,0.75,51,60,450
23223,CHRISTMAS TREE HANGING SILVER,0.83,51,67,747
22932,BAKING MOULD TOFFEE CUP CHOCOLATE,2.55,51,64,951
23509,MINI PLAYING CARDS FUN FAIR,0.42,51,54,1043
21458,2 PICTURE BOOK EGGS EASTER BUNNY,1.25,51,57,718
21424,WOODLAND STORAGE BOX LARGE,2.95,51,61,782
23347,I LOVE LONDON BEAKER,1.25,51,70,827
21846,PINK DIAMANTE PEN IN GIFT BOX,4.95,51,87,972
22143,CHRISTMAS CRAFT HEART DECORATIONS,2.1,51,53,422
35967,FOLK ART METAL STAR T-LIGHT HOLDER,0.39,50,59,810
20803,SMALL PINK GLASS SUNDAE DISH,0.39,50,61,1103
35964,FOLKART CLIP ON STARS,0.39,50,56,1008
20840,FRENCH FLORAL CUSHION COVER,0.85,50,60,813
23553,LANDMARK FRAME CAMDEN TOWN,10.95,50,62,558
22347,PIZZA SLICE DISH,1.06,50,76,2641
20776,ABSTRACT CIRCLES NOTEBOOK,1.65,50,53,3188
20734,SILVER MINI TAPE MEASURE,0.85,50,68,1379
72800D,4 BLUE DINNER CANDLES SILVER FLOCK,2.55,50,76,638
84821,DANISH ROSE DELUXE COASTER,0.19,50,67,1318
85111,SILVER GLITTER FLOWER VOTIVE HOLDER,0.29,50,63,2896
85130B,BEADED CRYSTAL HEART GREEN LARGE,0.79,50,59,875
84596J,MIXED NUTS LIGHT GREEN BOWL,0.42,50,68,678
21732,RED HANGING METAL STAR TLIGHT HLDR,3.75,50,56,931
84658,WHITE STITCHED CUSHION COVER,6.95,50,56,212
23517,EMBROIDERED RIBBON REEL REBECCA,2.89,50,51,312
20618,QUEEN OF THE SKIES PASSPORT COVER,2.1,50,74,195
84937,KASHMIR FOLKART TUMBLERS,2.1,50,83,2487
84051,ASS COLOUR GLOWING TIARAS,0.85,50,52,712
23178,JAM CLOCK MAGNET,1.25,50,55,312
23160,REGENCY TEA SPOON,1.25,50,60,1404
37482P,CUBIC MUG PINK POLKADOT,0.39,50,61,649
84568,GIRLS ALPHABET IRON ON PATCHES,0.21,49,72,34657
84510C,SET OF 4 POLKADOT COASTERS,1.25,49,67,226
23222,CHRISTMAS TREE HANGING GOLD,0.83,49,64,776
22770,MIRROR CORNICE,14.95,49,63,102
23379,PACK OF 12 RED APPLE TISSUES,0.39,49,50,1175
21666,RIDGED GLASS T-LIGHT HOLDER,0.65,49,68,1684
35968,FOLK ART METAL HEART T-LIGHT HOLDER,0.2,49,56,725
21195,PINK  HONEYCOMB PAPER BALL,1.69,49,55,628
72127,COLUMBIAN CANDLE ROUND,1.25,49,59,388
20757,RED DAISY POCKET BOOK,0.85,49,55,5329
23106,ZINC HEARTS PLANT POT HOLDER,0.79,49,50,283
23554,LANDMARK FRAME OXFORD STREET,12.5,49,54,421
23073,GEORGIAN TRINKET BOX,12.5,49,59,142
85230B,CINNAMON SCENTED VOTIVE CANDLE,0.29,49,66,2191
21881,CUTE CATS TAPE,1.63,49,65,1196
23337,EGG FRYING PAN MINT,2.08,49,60,169
79341,WILLOW BRANCH LIGHTS.,5.45,49,63,703
72800C,4 PINK DINNER CANDLE SILVER FLOCK,0.79,49,66,648
21282,NATURAL BARK CANDLE LARGE,4.25,49,59,350
22641,SET OF 4 NAPKIN CHARMS INSTRUMENT,0.79,49,53,269
21689,SILVER VANILLA  FLOWER CANDLE POT,3.75,49,55,339
84826,ASSTD DESIGN 3D PAPER STICKERS,0.19,48,50,1802
84562A,PINK/WHITE RIBBED MELAMINE JUG,7.95,48,63,145
84249D,FAIRY CAKE GREETINGS CARD,0.42,48,55,821
85188B,PINK METAL SWINGING BUNNY,0.85,48,51,670
85213,MINI  ZINC GARDEN DECORATIONS,0.29,48,49,1282
22216,T-LIGHT HOLDER WHITE LACE,0.29,48,57,1069
21306,SET/4 DAISY MIRROR MAGNETS,0.29,48,57,672
84596K,JELLY BABIES YELLOW SMALL BOWL,1.25,48,64,358
21026,SPACE OWL,1.25,48,55,403
23009,I LOVE LONDON BABY GIFT SET,16.95,48,61,209
75013B,"STRING OF 8 BUTTERFLIES,PINK",1.65,48,58,365
85230F,JASMINE VOTIVE CANDLE,0.29,48,61,2968
20769,DAISY JOURNAL,2.55,48,61,407
20707,CRAZY DAISY HEART DECORATION,2.46,48,63,1281
20747,PICCADILLY TEA SET,14.95,48,70,310
85184D,S/4 BLUE ROUND DECOUPAGE BOXES,0.42,48,52,8295
35648,VINTAGE BEAD PINK PURSE,0.83,48,68,881
85170D,SET/6 PINK BIRD T-LIGHT CANDLES,4.13,48,77,575
62096A,PINK/YELLOW FLOWERS HANDBAG,1.25,47,51,349
21562,HAWAIIAN GRASS SKIRT,1.25,47,63,664
21378,SMALL TALL CAMPHOR WOOD TOADSTOOL,0.39,47,57,523
84584,PINK GINGHAM CAT WITH SCARF,2.55,47,50,207
23402,HOME SWEET HOME 3 PEG HANGER,3.75,47,55,281
22824,3 TIER SWEETHEART GARDEN SHELF,35.95,47,48,63
17012C,ORIGAMI LAVENDER INCENSE/CANDL SET,0.85,47,56,778
23423,PANTRY 3 HOOK ROLLING PIN HANGER,3.75,47,51,202
21250,SET OF SKULL WALL STICKERS,2.95,47,53,396
21146,ANTIQUE GLASS RIDGED HANGING BALL,1.95,47,52,787
20760,GARDEN PATH POCKET BOOK,0.85,47,59,5489
20894,HANGING BAUBLE T-LIGHT HOLDER LARGE,2.95,47,60,241
47570,ENGLISH ROSE TABLE CLOTH,10.65,47,66,207
20705,MRS ROBOT SOFT TOY,1.95,47,49,269
22935,BAKING MOULD ROSE MILK CHOCOLATE,3.25,46,52,754
23225,CHERUB HEART DECORATION SILVER,1.63,46,69,1297
23099,FRENCH CARRIAGE LANTERN,6.65,46,54,132
20738,GREEN MINI TAPE MEASURE,0.72,46,65,1585
23041,PAPER LANTERN 9 POINT SNOW STAR,4.15,46,48,260
35001G,HAND OPEN SHAPE GOLD,1.25,46,60,645
23549,WRAP BIRD GARDEN,0.42,46,51,1300
23556,LANDMARK FRAME COVENT GARDEN,12.5,46,52,438
21255,"FRENCH BOTTLE , LAVENDER",1.65,46,55,422
35004G,SET OF 3 GOLD FLYING DUCKS,1.95,46,64,351
16259,PIECE OF CAMO STATIONERY SET,0.08,46,55,5473
84856L,LARGE TAHITI BEACH BAG,5.95,46,55,211
16169P,WRAP GREEN RUSSIAN FOLKART,0.42,46,48,1750
84685,BEACH HUT KEY CABINET,3.75,46,54,361
23512,EMBROIDERED RIBBON REEL ROSIE,2.08,46,49,485
84820,DANISH ROSE TRINKET TRAYS,0.79,46,49,319
79191B,RETRO PLASTIC POLKA TRAY,0.85,46,53,456
20619,TROPICAL PASSPORT COVER,4.13,46,68,374
21323,HANGING MEDINA LANTERN LARGE,2.8,46,54,708
85103,SILVER T-LIGHT SETTING,5.95,46,54,250
21849,SILVER DIAMANTE PEN IN GIFT BOX,4.95,46,59,480
20943,SET/6 GINGERBREAD STAR T-LIGHTS,1.25,46,48,335
85114A,BLACK ENCHANTED FOREST PLACEMAT,1.65,46,83,1305
16014,SMALL CHINESE STYLE SCISSOR,0.42,46,92,30369
23336,EGG FRYING PAN PINK,2.08,46,63,200
22391,PAPERWEIGHT HOME SWEET HOME,0.39,45,50,309
22289,HANGING METAL CHICKEN DECORATION,1.25,45,49,727
37475,SET/4 COLOURFUL MIXING BOWLS,9.95,45,51,95
C2,CARRIAGE,50.0,45,248,254
85170A,SET/6 IVORY BIRD T-LIGHT CANDLES,2.1,45,62,800
85124B,BLUE JUICY FRUIT PHOTO FRAME,2.55,45,84,344
21659,GLASS CAKE STAND,14.95,45,56,111
84968D,SET OF 16 VINTAGE RED CUTLERY,12.75,45,59,343
85017A,ENVELOPE 50 ROMANTIC IMAGES,0.85,45,53,925
22655,VINTAGE RED KITCHEN CABINET,125.0,45,52,76
22054,MINI CAKE STAND HANGING HEARTS,1.45,45,51,323
84569C,PACK 4 FLOWER/BUTTERFLY PATCHES,1.25,45,50,351
37464,ROBOT MUG IN DISPLAY BOX,1.25,45,46,276
47503H,ASS FLORAL PRINT SPIRIT LEVEL,0.79,45,48,150
23183,MOTHER'S KITCHEN SPOON REST,3.75,45,58,178
21275,ZINC TOP  2 DOOR WOODEN SHELF,16.95,45,48,244
72484,ROSES IN WHITE HEART CANDLE,1.25,45,54,1805
23555,LANDMARK FRAME NOTTING HILL,12.5,45,48,422
84509C,SET OF 4 POLKADOT PLACEMATS,3.75,45,54,203
21457,2 PICTURE BOOK EGGS EASTER DUCKS,1.25,45,48,664
17021,NAMASTE SWAGAT INCENSE,0.3,45,75,4430
21396,RED SPOTTY EGG CUP,1.25,45,58,909
72728,ROSE SCENT CANDLES IN GLASS,0.85,44,50,614
23566,EGG CUP MILKMAID HEIDI,1.04,44,46,786
21160,KEEP OUT GIRLS DOOR HANGER,1.45,44,49,764
21280,VINTAGE KITCHEN PRINT VEGETABLES,2.55,44,53,3316
21173,LOO ROLL  METAL SIGN,1.65,44,60,323
85230E,STRAWBRY SCENTED VOTIVE CANDLE,0.29,44,65,2421
51008,AFGHAN SLIPPER SOCK PAIR,3.45,44,72,2828
10134,COLOURING PENCILS BROWN TUBE,1.25,44,48,614
47574A,ENGLISH ROSE SCENTED HANGING FLOWER,0.75,44,60,445
21247,SET OF RED SALAD SERVERS,1.49,44,61,401
21319,GLASS CHALICE GREEN  SMALL,0.39,44,48,474
79163,BLACK CHAMPAGNE GLASS,0.39,44,56,1823
84927F,PSYCHEDELIC TILE HOOK,0.39,44,51,324
84901,BLACK FACE LAMB WITH PANTS,3.75,44,56,101
84931B,BLUE SCOTTIE DOG W FLOWER PATTERN,2.55,44,52,224
23253,16 PIECE CUTLERY SET PANTRY DESIGN,15.95,44,47,214
84535A,ENGLISH ROSE NOTEBOOK A6 SIZE,0.65,44,48,575
21426,WOODLAND STORAGE BOX SMALL,2.1,44,51,963
79190D,RETRO PLASTIC DAISY TRAY,0.42,44,73,591
23224,CHERUB HEART DECORATION GOLD,0.83,44,59,719
21065,BOOM BOX SPEAKER GIRLS,1.25,44,57,520
21664,RIDGED GLASS STORAGE JAR CREAM LID,3.75,44,54,237
85017C,ENVELOPE 50 CURIOUS IMAGES,0.42,44,56,941
85086A,CANDY SPOT HEART DECORATION,0.85,44,49,396
20934,SET/3 POT PLANT CANDLES,5.45,44,47,169
21740,COSY SLIPPER SHOES LARGE RED,2.95,44,48,167
22101,MIRROR MOSAIC VOTIVE HOLDER,2.1,44,49,1102
16046,TEATIME PEN CASE & PENS,0.85,44,45,9954
35991,SET/6 BLACK SNOWFLAKE T-LIGHTS,0.42,43,47,388
20775,DAISY NOTEBOOK,1.65,43,53,3515
16033,MINI HIGHLIGHTER PENS,0.12,43,49,15001
22103,MIRROR MOSAIC T-LIGHT HOLDER ROUND,0.39,43,50,1616
23087,ZINC  HEART T-LIGHT HOLDER,1.25,43,49,830
22214,CANDLE PLATE LACE WHITE,0.79,43,52,462
35810B,ENAMEL BLUE RIM COFFEE CONTAINER,0.83,43,50,308
35598D,PINK/WHITE CHRISTMAS TREE 60CM,0.65,43,52,1667
21379,CAMPHOR WOOD PORTOBELLO MUSHROOM,0.39,43,52,554
84016,FLAG OF ST GEORGE CAR FLAG,0.42,43,46,978
22038,BOTANICAL LAVENDER GIFT WRAP,0.42,43,45,1150
23339,EGG FRYING PAN BLUE,2.08,43,58,150
23026,DRAWER KNOB VINTAGE GLASS STAR,2.08,43,53,504
72801G,4 BURGUNDY WINE DINNER CANDLES,1.25,43,52,1320
17165B,ASS COL LARGE SAND GECKO P'WEIGHT,1.05,43,56,812
79164,BLACK WINE GLASS,0.39,43,67,3660
22346,PARTY PIZZA DISH GREEN POLKADOT,0.19,43,61,1145
22394,PAPERWEIGHT KINGS CHOICE,0.39,43,47,339
35972,DAISY FOLKART HEART DECORATION,1.25,43,51,389
85211,S/4 GROOVY CAT MAGNETS,0.79,43,51,280
23462,ROCOCO WALL MIRROR WHITE,19.95,43,44,77
21641,ASSORTED TUTTI FRUTTI KEYRING BALL,0.29,43,48,1541
17012B,ORIGAMI JASMINE INCENSE/CANDLE SET,0.85,43,48,617
85124A,PINK JUICY FRUIT PHOTO FRAME,2.55,43,70,339
84920,PINK FLOWER FABRIC PONY,3.75,43,54,152
21040,MODERN VINTAGE COTTON SHOPPING BAG,0.79,43,46,856
21750,LARGE SKULL WINDMILL,2.1,43,51,293
23558,LANDMARK FRAME LONDON BRIDGE,12.5,43,47,413
84750B,BLACK SMALL GLASS CAKE STAND,0.39,43,55,564
84687,BEACH HUT SHELF W 3 DRAWERS,5.95,43,52,293
21085,SET/6 WOODLAND PAPER CUPS,0.65,42,56,13713
82616A,BUBBLE GUM SCARF KNITTING KIT,2.95,42,46,306
79190A,RETRO PLASTIC 70'S TRAY,0.42,42,73,727
23411,TRELLIS COAT RACK,4.95,42,46,217
72814,SET OF 3 CHRISTMAS BRIAR CANDLES,3.75,42,49,262
20699,MOUSEY LONG LEGS SOFT TOY,2.55,42,45,210
35653,VINTAGE BEAD NOTEBOOK,2.95,42,56,188
23033,DRAWER KNOB CERAMIC RED,1.45,42,59,685
62096B,PURPLE/TURQ FLOWERS HANDBAG,1.25,42,46,209
37327,ASSTD MULTICOLOUR CIRCLES MUG,0.39,42,52,1542
23415,HOME SWEET HOME HOOK,0.39,42,45,326
47578A,ENGLISH ROSE SMALL SCENTED FLOWER,0.85,42,49,297
72789,BASKET/8 SCENTED LOVE TOKEN CANDLES,3.75,42,44,121
72131,COLUMBIAN CANDLE RECTANGLE,1.95,42,55,761
84750A,PINK SMALL GLASS CAKE STAND,1.95,42,49,447
84741C,CITRUS GARLAND FELT FLOWERS,1.95,42,47,181
84931A,PINK SCOTTIE DOG W FLOWER PATTERN,2.55,42,47,151
84854,GIRLY PINK TOOL SET,4.95,42,57,286
17084N,FAIRY DREAMS INCENSE,0.21,42,67,2416
21456,2 PICTURE BOOK EGGS EASTER CHICKS,1.25,42,51,718
20936,FORKED CACTUS CANDLE,1.25,42,55,317
23548,WRAP MAGIC FOREST,0.42,42,43,1075
16168M,FUNKY MONKEY GIFT BAG MEDIUM,0.42,42,53,1602
21769,VINTAGE POST OFFICE CABINET,52.77,42,48,134
16169C,WRAP BLUE REINDEER,0.42,42,43,1350
21634,ASSORTED MINI MADRAS NOTEBOOK,0.39,42,49,1718
21550,CERAMIC BIRDHOUSE CRESTED TIT LARGE,5.95,42,56,291
21536,DAIRY MAID  SMALL  MILK JUG,2.1,42,55,217
23524,WALL ART HORSE & PONY,3.75,42,51,465
22806,SET OF 6 T-LIGHTS WEDDING CAKE,1.25,42,44,422
46000R,POLYESTER FILLER PAD 45x30cm,1.45,42,59,245
85096,HILDA CANDY SPOT RABBIT,3.75,42,50,143
23460,SWEETHEART WALL TIDY,9.95,41,43,108
23473,WOODLAND SMALL RED FELT HEART,0.83,41,43,666
20893,HANGING BAUBLE T-LIGHT HOLDER SMALL,2.1,41,63,654
21253,SET OF PICTURE FRAME  STICKERS,0.79,41,51,233
35637A,IVORY STRING CURTAIN WITH POLE,1.95,41,45,541
23487,SWEET HEART CAKE CARRIER,9.95,41,42,78
35471A,SET OF 3 BIRD L.BLUE FEATHER,1.25,41,54,360
79072,TEATIME CAKE TIN WITH HANDLE,9.95,41,63,231
21942,SKULLS DESIGN FLANNEL,0.39,41,64,1322
21307,SET/4 BUTTERFLY MIRROR MAGNETS,0.29,41,54,730
84033,FLAG OF ST GEORGE,1.65,41,44,382
21415,CLAM SHELL SMALL,0.79,41,56,332
23454,THREE MINI HANGING FRAMES,4.15,41,46,166
23695,DOILY THANK YOU CARD,0.42,41,44,727
23219,LAUREL STAR ANTIQUE SILVER,1.25,41,49,404
84924A,WAKE UP COCKEREL CALENDAR SIGN,3.75,41,46,123
20855,PINK PATCH PURSE BLUE HEART,1.65,41,47,145
22447,PIN CUSHION BABUSHKA BLUE,1.25,41,48,181
90200D,PINK SWEETHEART BRACELET,4.25,41,55,205
84972L,GIANT PINK HEART MEMO HOLDER,3.95,41,44,112
84968E,SET OF 16 VINTAGE BLACK CUTLERY,12.75,41,62,315
17012D,ORIGAMI ROSE INCENSE/CANDLE SET,0.85,41,51,428
21417,COCKLE SHELL DISH,0.79,41,58,426
21425,SKULLS STORAGE BOX LARGE,2.95,41,58,450
84620,BLUE GINGHAM ROSE CUSHION COVER,5.95,41,46,113
85159A,"BLACK TEA,COFFEE,SUGAR JARS",1.95,41,48,458
20756,GREEN FERN POCKET BOOK,0.85,40,44,5685
16015,MEDIUM CHINESE STYLE SCISSOR,0.5,40,65,1573
23114,VINTAGE LEAF CHOPPING BOARD,4.95,40,41,144
47502,POLKADOT CUTLERY 24 PCS IN TRAY,9.95,40,58,617
84405A,S/3 PINK COL METAL BASKET W HANDLE,12.75,40,45,122
79302M,"ART LIGHTS,FUNK MONKEY",2.95,40,76,617
72801C,4 ROSE PINK DINNER CANDLES,1.25,40,47,705
20731,POSY CANDY BAG,1.25,40,46,4101
23025,DRAWER KNOB VINTAGE GLASS BALL,2.08,40,46,317
75131,METAL TUBE CHIME ON BAMBOO,1.69,40,62,1212
21637,ASSORTED SANSKRIT MINI NOTEBOOK,1.25,40,45,1274
85170C,SET/6 EAU DE NIL BIRD T-LIGHTS,2.1,40,48,432
51020B,STRIPY DESIGN SHOWER CAP,0.29,40,60,1087
85094,CANDY SPOT EGG WARMER RABBIT,0.19,40,42,611
85104,SILVER GLASS T-LIGHT SET,1.25,40,51,335
85106,CUT GLASS HEXAGON T-LIGHT HOLDER,2.55,40,44,1030
22164,STRING OF STARS CARD HOLDER,2.95,40,42,309
21144,PINK POODLE HANGING DECORATION,0.38,40,42,505
21134,VICTORIAN METAL POSTCARD CHRISTMAS,1.65,40,42,353
18007,ESSENTIAL BALM 3.5g TIN IN ENVELOPE,0.06,40,51,11361
84859A,SILVER DISCO HANDBAG,1.95,40,50,284
85135A,YELLOW DRAGONFLY HELICOPTER,7.95,40,50,78
84625A,PINK NEW BAROQUECANDLESTICK CANDLE,0.85,40,61,802
23598,PAPER BUNTING VINTAGE PARTY,2.95,40,42,421
23435,3 RAFFIA RIBBONS VINTAGE CHRISTMAS,0.79,40,44,679
84467,ENGLISH ROSE DESIGN QUILTED THROW,39.95,40,45,306
23453,OVAL  MINI PORTRAIT FRAME,1.95,40,46,323
84508B,STRIPES DESIGN TEDDY,2.55,40,65,168
85116,BLACK CANDELABRA T-LIGHT HOLDER,0.65,40,52,1365
21538,DAIRY MAID  PUDDING BOWL,3.75,40,44,1302
23518,EMBROIDERED RIBBON REEL RACHEL,2.89,40,41,358
84926E,FLOWERS TILE COASTER,0.29,40,48,1104
23527,WALL ART ANIMALS AND NATURE,3.75,40,43,416
21004,ROSE DU SUD CHILDRENS APRON,4.25,40,48,105
84976,RECTANGULAR SHAPED MIRROR,0.79,40,42,652
20868,SILVER FABRIC MIRROR,0.39,40,46,789
23117,POPPY FIELDS CHOPPING BOARD,4.95,39,39,85
85121C,RETRO LAUNDRY TUB PISTACHIO,8.5,39,42,85
23136,IVORY WIRE SWEETHEART LETTER TRAY,3.75,39,44,127
40001,WHITE BAMBOO RIBS LAMPSHADE,0.85,39,73,2157
20819,SILVER TEDDY BEAR,3.75,39,50,209
22802,FAUX FUR CHOCOLATE THROW,7.95,39,46,90
10123C,HEARTS WRAPPING TAPE,0.65,39,46,632
21038,SET/4 MODERN VINTAGE COTTON NAPKINS,0.79,39,49,160
85136B,BLUE SHARK HELICOPTER,7.95,39,39,49
84846A,SCENTED CANDLE IN DIGITALIS TIN,2.1,39,42,244
23516,EMBROIDERED RIBBON REEL SOPHIE,3.75,39,40,292
21027,NINJA RABBIT PINK,1.25,39,46,280
20782,CAMOUFLAGE EAR MUFF HEADPHONES,1.95,39,51,113
23113,PANTRY CHOPPING BOARD,4.95,39,43,1138
72529W,WHITE ADVENT CANDLE,2.12,39,39,443
22903,CALENDAR FAMILY FAVOURITES,1.25,39,54,705
72130,COLUMBIAN CANDLE ROUND,0.65,39,50,802
23058,CHRISTMAS HANGING SNOWFLAKE,0.79,39,44,486
20729,RED SPOTTY CANDY BAG,1.25,39,67,4626
84675,FROG KING WATERING CAN,2.95,39,44,187
85222,ASSORTED COLOUR SILK COSMETIC PURSE,2.1,39,41,1395
46000U,POLYESTER FILLER PAD 30CMx30CM,1.25,39,51,251
85169D,PINK LOVE BIRD CANDLE,1.25,39,45,374
79051A,SMOKEY GREY COLOUR GLASS,0.29,39,46,907
21350,GINGHAM HEART WREATH,2.95,39,41,226
23409,PHOTO FRAME LINEN AND LACE LARGE,3.75,39,41,208
21678,PAISLEY PATTERN  STICKERS,0.85,39,46,524
47563A,RETRO LONGBOARD IRONING BOARD COVER,1.25,39,62,226
84688,BEACH HUT DESIGN BLACKBOARD,4.25,39,47,388
23564,EGG CUP MILKMAID INGRID,1.25,39,42,587
21263,GREEN GOOSE FEATHER TREE 60CM,1.95,39,44,290
23525,WALL ART BUFFALO BILL,3.75,38,44,568
22783,SET 3 WICKER OVAL BASKETS W LIDS,12.48,38,44,488
23104,IVORY CAFE HANGING LAMP,12.5,38,44,116
20933,YELLOW POT PLANT CANDLE,2.95,38,42,493
17012F,ORIGAMI SANDLEWOOD INCENSE/CAND SET,0.85,38,47,493
23324,RUSTIC STRAWBERRY JAM POT LARGE,2.08,38,39,381
35911A,MULTICOLOUR RABBIT EGG WARMER,0.85,38,41,261
21133,PAINTED BIRD ASSORTED CHRISTMAS,1.69,38,41,423
21631,HIPPY CHIC DECORATIVE PARASOL,12.75,38,42,206
21698,MOCK LOBSTER FRIDGE MAGNET,0.39,38,48,453
85167B,BLACK GRAND BAROQUE PHOTO FRAME,1.25,38,52,717
47504G,ENGLISH ROSE TAPE MEASURE,1.25,38,47,257
23057,BEADED CHANDELIER T-LIGHT HOLDER,4.95,38,41,677
72267,PREMIUM CHURCH CANDLE,2.1,38,40,255
23451,SQUARE MINI PORTRAIT FRAME,1.95,38,44,269
23003,TRAVEL CARD WALLET VINTAGE ROSE,0.42,38,52,541
79323S,SILVER CHERRY LIGHTS,5.45,38,46,323
23115,RED APPLES CHOPPING BOARD,4.95,38,38,147
85088,CANDY SPOT HAND BAG,2.1,38,44,273
85185D,FROG SOCK PUPPET,2.95,38,45,172
21555,CERAMIC STRAWBERRY TRINKET TRAY,2.55,38,51,322
35598B,BLACK CHRISTMAS TREE 60CM,0.65,37,48,948
23562,SET OF 6 RIBBONS PERFECTLY PRETTY,2.89,37,37,245
85198,ASSORTED FARMYARD ANIMALS IN BUCKET,0.85,37,38,3836
84951A,SET OF 4 PISTACHIO LOVEBIRD COASTER,2.46,37,46,463
84971L,LARGE HEART FLOWERS HOOK,1.25,37,43,571
21000,ROSE DU SUD COSMETICS BAG,4.25,37,40,618
85019A,ROMANTIC IMAGES NOTEBOOK SET,1.25,37,41,643
47579,TEA TIME BREAKFAST BASKET,2.1,37,43,171
21261,GREEN GOOSE FEATHER CHRISTMAS TREE,2.95,37,43,245
84898F,YELLOW FLOWERS FELT HANDBAG KIT,2.1,37,47,161
21030,SPACE CADET RED,1.25,37,39,230
84910A,PINK PAISLEY CUSHION COVER,5.95,37,40,414
85129C,BEADED CRYSTAL HEART BLUE SMALL,2.46,37,48,399
79323G,GOLD  CHERRY LIGHTS,6.75,37,51,300
21367,MIRRORED WALL ART GENTS,4.96,37,45,198
47310M,SMALL POP BOX FUNKY MONKEY,1.25,37,81,574
35646,VINTAGE BEAD PINK EVENING BAG,1.25,37,51,537
46000P,POLYESTER FILLER PAD 65CMx65CM,4.25,37,48,214
84457,SET/3 RABBITS FLOWER SKIPPPING ROPE,0.85,37,40,254
40018E,TEA TIME PAPER LANTERNS,1.95,37,48,336
21943,CAKES AND RABBITS DESIGN FLANNEL,0.85,37,41,387
51020A,SUMMER FUN DESIGN SHOWER CAP,0.29,37,49,1304
21377,SMALL CAMPHOR WOOD FIELD  MUSHROOM,0.39,37,43,451
20661,BLUE POLKADOT PURSE,5.79,37,42,789
21549,CERAMIC BIRDHOUSE RED ROOF SMALL,2.95,36,44,539
47593A,CAROUSEL PONIES BABY BIB,0.29,36,42,190
85119,WATERING CAN SINGLE HOOK PISTACHIO,1.69,36,38,412
90200E,GREEN SWEETHEART BRACELET,4.25,36,53,173
21490,SET OF THREE 50'S GIFT WRAPS,1.95,36,37,600
21277,FRENCH STYLE EMBOSSED HEART CABINET,18.95,36,40,49
85113,POLKA DOT PISTACHIO PAIL,2.1,36,43,279
35969,FOLKART CROWN TABLE DECORATIONS,1.65,36,40,452
72780,BLACK SILOUETTE CANDLE PLATE,0.85,36,43,513
79144B,PAINTED LIGHTBULB STAR+ MOON,0.42,36,40,265
82011C,BATHROOM SCALES FOOTPRINTS IN SAND,2.95,36,42,97
21332,MOROCCAN BEATEN METAL MIRROR,3.95,36,42,262
84625D,WHITE NEWBAROQUE CANDLESTICK CANDLE,0.85,36,46,640
85020,ROUND PINK HEART MIRROR,2.1,36,44,234
22765,NEWSPAPER STAND,9.89,36,42,325
85027L,FRENCH CHATEAU LARGE PLATTER,1.95,36,40,191
23179,CLOCK MAGNET MUM'S KITCHEN,1.25,36,40,304
84708B,PINK JEWELLED PHOTO FRAME,4.95,36,45,126
16161M,WRAP  PINK FLOCK,0.42,36,39,1075
23691,WRAP KEEP CALM BIRTHDAY,0.42,36,38,1175
22861,EASTER TIN CHICKS IN GARDEN,1.65,36,38,292
20838,FRENCH LATTICE CUSHION COVER,0.85,36,39,391
84707A,SILVER JEWELLED MIRROR TRINKET TRAY,1.95,36,40,96
20830,SILVER PHOTO FRAME,2.1,36,46,302
85031A,ROMANTIC IMAGES SCRAP BOOK SET,1.25,36,38,386
85205B,PINK FELT EASTER RABBIT GARLAND,2.55,36,43,215
21007,ETCHED GLASS DROPLET DECORATION,1.45,36,39,1905
84715,SET OF 6 ICE CREAM SKITTLES,2.95,35,39,232
21376,LARGE  TALL CAMPHOR WOOD TOADSTOOL,1.25,35,38,176
85224,ASSORTED COLOUR SILK GLASSES CASE,2.1,35,47,1991
22102,MIRROR MOSAIC T-LIGHT HOLDER,1.65,35,41,1747
23479,WIRE EGG BASKET,7.85,35,40,110
85221,ASSORTED COLOUR SILK COIN PURSE,1.25,35,43,3551
47471,RAINBOW PEGS PHOTO CLIP STRING,0.65,35,41,387
35951,FOLKART BAUBLE CHRISTMAS DECORATION,0.38,35,40,1339
79323B,BLACK CHERRY LIGHTS,6.75,35,48,232
21635,MADRAS NOTEBOOK LARGE,1.25,35,39,400
21665,TRIANGULAR RIDGED GLASS POSY HOLDER,0.65,35,40,766
79030D,TUMBLER BAROQUE,0.39,35,41,893
20780,BLACK EAR MUFF HEADPHONES,5.49,35,58,191
85163A,WHITE BAROQUE WALL CLOCK,10.95,35,41,80
84469,ROSE DES PADDED FLOOR CUSHION,2.95,35,39,653
35015,JACOBS LADDER SMALL,0.06,35,38,2064
84531A,PINK KNITTED EGG COSY,0.39,35,38,187
35240,ENAMEL BLUE RIM OVAL TRAY SET/2,8.49,35,38,48
20980,36 PENCILS TUBE POSY,1.25,35,39,172
20935,ROUND CACTUS CANDLE,2.95,35,39,295
21480,PINK STRIPE HOT WATER BOTTLE,2.95,35,38,246
21477,STRING OF 20 ROSE LIGHTS,12.75,35,37,262
37508,NEW ENGLAND CERAMIC CAKE SERVER,2.55,35,44,90
47367B,PAIR PADDED HANGERS PINK CHECK,3.75,35,38,153
23425,STORAGE TIN HOME SWEET HOME,0.79,35,35,237
20759,CHRYSANTHEMUM POCKET BOOK,0.85,35,44,5739
23523,WALL ART TREASURE AHOY,3.75,35,38,357
20898,VINTAGE NOTEBOOK TRAVELOGUE,2.95,35,37,307
37461,FUNKY MONKEY MUG,1.25,35,66,711
20798,CLEAR MILKSHAKE GLASS,2.1,35,41,463
20863,BLUE PATCH PENCIL CASE PINK HEART,2.1,35,42,286
17091B,JASMINE TEA INCENSE IN TIN,1.25,35,43,270
84531B,BLUE KNITTED EGG COSY,0.39,35,38,194
20781,GOLD EAR MUFF HEADPHONES,1.95,34,41,84
22541,MINI JIGSAW LEAP FROG,0.83,34,40,1193
40003,WHITE BAMBOO RIBS LAMPSHADE,1.25,34,48,1130
22108,PING! MICROWAVE PLATE,1.25,34,49,197
85033S,SET/6 SILVER REINDEER T-LIGHTS,0.65,34,39,244
23413,DECORATIVE VINTAGE COFFEE  BOX,4.95,34,43,160
21281,VINTAGE KITCHEN PRINT SEAFOOD,2.55,34,37,3650
21816,CHRISTMAS TREE T-LIGHT HOLDER,1.45,34,41,409
84977,WIRE FLOWER T-LIGHT HOLDER,1.25,34,41,221
84989B,75 BLACK FAIRY CAKE CASES,0.55,34,46,986
23142,IVORY WIRE KITCHEN ORGANISER,10.4,34,36,116
23272,TREE T-LIGHT HOLDER WILLIE WINKIE,0.39,34,35,352
47597,NEW ENGLAND TEATOWELS,2.55,34,41,124
22263,FELT EGG COSY LADYBIRD,1.63,34,43,728
84815,SET OF 3 DANISH ROSE PLANTERS,4.25,34,36,909
21145,ANTIQUE GLASS PLACE SETTING,1.25,34,39,839
21185,HOME SWEET HOME  BLACKBOARD,6.35,34,36,120
21851,LILAC DIAMANTE PEN IN GIFT BOX,4.95,34,46,389
84795A,PASTEL STRIPE HAMMOCK,7.95,34,56,195
84663A,GRASS HOPPER WOODEN WALL CLOCK,0.79,34,39,347
72023F,RED ORGANIC CANDLE IN GLASS,1.25,34,38,613
20831,GOLD PHOTO FRAME,0.79,34,51,400
84773,RED ROSE AND LACE C/COVER,2.95,34,46,190
84466,TOP SECRET PEN SET,1.25,34,49,1213
21758,VINTAGE SHELLS PRINT,5.95,34,45,101
71279,PINK GLASS CANDLEHOLDER,2.95,34,52,261
84660A,WHITE STITCHED WALL CLOCK,0.79,34,42,851
71101E,STANDING FAIRY POLE SUPPORT,0.85,34,47,779
23060,HEART BEADED TRELLIS DECORATION,2.08,34,39,244
20730,STRAWBERRY CANDY BAG,1.25,34,41,1659
21393,BLUE POLKADOT PUDDING BOWL,0.39,34,38,5245
16169F,WRAP BLIZZARD,0.42,34,34,975
23327,HANGING CLEAR MINI BOTTLE,0.63,33,34,1710
21438,TUB 24 HANGING EASTER EGGS SPOTTY,3.75,33,33,365
22826,LOVE SEAT ANTIQUE WHITE METAL,85.0,33,41,58
21223,SET/4 BADGES WOODLAND ANIMAL,1.25,33,35,486
37492B,BLUE YELLOW FLOWER PIGGY BANK,4.65,33,43,488
37474,SET/4 2 TONE EGG SHAPE MIXING BOWLS,9.95,33,39,59
23150,IVORY SWEETHEART SOAP DISH,2.49,33,40,139
21459,YELLOW EASTER EGG HUNT START POST,1.95,33,37,250
84761,IVORY HANGING BIRD PLANTER,2.55,33,46,248
17109D,FLOWER FAIRY INCENSE BOUQUET,0.38,33,36,1256
84592,CROCHET ROSE PURSE WITH SUEDE BACK,2.95,33,38,165
23456,MEDIUM PARLOUR PICTURE FRAME,4.15,33,36,158
84686,BEACH HUT MIRROR,0.79,33,37,344
16156L,WRAP CAROUSEL,0.42,33,36,950
85024C,PINK SMALL JEWELLED PHOTOFRAME,1.65,33,42,100
84461,12 PINK HEN+CHICKS IN BASKET,2.55,33,34,90
84247N,PACK/12 BLUE FOLKART CARDS,2.95,33,39,98
23056,FLOWERS CHANDELIER T-LIGHT HOLDER,12.46,33,37,869
35160,BUDDHA INCENSE HOLDER ASSORTED,0.72,33,53,2176
21412,VINTAGE GOLD TINSEL REEL,0.42,33,42,235
23040,PAPER LANTERN 9 POINT SNOW STAR,5.75,33,36,246
23055,IVORY CHANDELIER T-LIGHT HOLDER,1.0,33,36,561
21728,METAL MEDINA LANTERN,8.0,33,36,296
72801D,4 SKY BLUE DINNER CANDLES,1.25,33,47,533
85179B,WHITE BITTY LIGHT CHAIN,4.65,33,39,241
21722,SWEET PUDDING STICKER SHEET,0.85,33,40,295
21371,MIRRORED WALL ART POPPIES,0.75,33,41,368
21316,SMALL CHUNKY GLASS ROMAN  BOWL,0.79,33,34,670
21147,JINGLE BELLS TREE DECORATION,2.46,33,46,340
85215,ASSORTED CHEESE FRIDGE MAGNETS,0.65,33,46,774
90062,CARNIVAL BRACELET,12.75,33,38,115
90200C,BLUE SWEETHEART BRACELET,4.25,32,40,134
90200A,PURPLE SWEETHEART BRACELET,4.25,32,43,122
85230G,ORANGE VOTIVE CANDLE,0.29,32,46,1728
23482,PEARLISED IVORY HEART LARGE,1.65,32,36,415
35833P,4 PINK FLOCK CHRISTMAS BALLS,1.25,32,43,164
21392,RED POLKADOT PUDDING BOWL,0.39,32,37,7529
21368,MIRRORED WALL ART LADIES,0.75,32,39,195
21633,SUNFLOWER DECORATIVE PARASOL,12.75,32,34,128
21842,PINK HEART CANDY BUTTON CALCULATOR,2.55,32,38,541
72799C,PINK PILLAR CANDLE SILVER FLOCK,0.79,32,39,452
35651,VINTAGE BEAD PINK SCARF,1.65,32,37,337
85023B,EAU DE NILE JEWELLED PHOTOFRAME,2.55,32,37,292
23455,SMALL PARLOUR PICTURE FRAME,2.89,32,34,206
22769,CHALKBOARD KITCHEN ORGANISER,24.95,32,35,168
84509F,SET OF 4 NEW ENGLAND PLACEMATS,3.75,32,43,2776
84251G,"GREETING CARD, OVERCROWDED POOL.",0.19,32,34,361
47591A,CAROUSEL CHILDRENS APRON,1.65,32,36,98
22825,DECORATIVE PLANT POT WITH FRIEZE,7.95,32,34,99
85125,SMALL ROUND CUT GLASS CANDLESTICK,4.95,32,43,271
84709B,PINK OVAL JEWELLED MIRROR,5.95,32,41,114
23074,EMBOSSED HEART TRINKET BOX,2.08,32,35,225
23216,LAUREL HEART ANTIQUE GOLD,1.25,32,40,518
84847,FLORAL BATHROOM SET,3.75,32,37,2317
21089,SET/6 GREEN SPRING PAPER CUPS,0.19,32,36,318
23539,WALL ART LOVES' SECRET,5.95,32,35,237
84800L,LARGE WHITE/PINK ROSE ART FLOWER,2.12,32,37,647
16054,POPART RECT PENCIL SHARPENER ASST,0.12,32,37,1205
21017,RED BIRD HOUSE TREE DECORATION,0.85,32,39,551
85006,SET 4 NURSERY DES ROUND BOXES,0.85,32,35,3047
21167,WHITE SAGE INCENSE,0.21,32,50,2108
20616,CHERRY BLOSSOM PASSPORT COVER,0.75,31,44,190
72750B,FLOWER FAIRY SET 3 CANDLES LAVENDER,1.95,31,38,495
23046,PAPER LANTERN 9 POINT DELUXE STAR,6.65,31,34,347
21627,ELEPHANT CARNIVAL POUFFE,14.95,31,54,134
85169B,BLACK LOVE BIRD CANDLE,1.25,31,45,333
23135,SMALL ZINC HEART WALL ORGANISER,3.32,31,42,1538
85230A,OPIUM SCENTED VOTIVE CANDLE,0.29,31,48,1992
22395,PAPERWEIGHT VINTAGE PAISLEY,0.39,31,33,214
21320,GLASS CHALICE GREEN  LARGE,0.79,31,36,358
47481,50CM METAL STRING WITH  7 CLIPS,0.85,31,35,317
22104,MIRROR MOSAIC CANDLE PLATE,1.45,31,41,1026
16161G,WRAP BAD HAIR DAY,0.1,31,33,975
84682,CLASSICAL ROSE DISH,1.25,31,38,283
21268,VINTAGE BLUE TINSEL REEL,0.42,31,38,385
21256,"FRENCH BOTTLE, BRASSERIE DES ARTIST",1.65,31,35,282
23086,ZINC  STAR T-LIGHT HOLDER,1.25,31,36,1194
35915B,BLUE KNITTED HEN,1.65,31,31,436
21091,SET/6 WOODLAND PAPER PLATES,0.85,31,34,13668
84600,NEW BAROQUE JEWELLERY BOX,7.95,31,39,94
21028,NINJA RABBIT BLACK,2.46,31,40,237
84951B,SET OF 4 BLACK LOVEBIRD COASTERS,0.79,31,40,366
85019B,BLOSSOM  IMAGES NOTEBOOK SET,1.25,31,36,704
84932C,SMALL ORIENTAL BLUE FOLDING STOOL,1.95,31,34,282
47592A,CAROUSEL CHILDRENS OVERALL,2.1,31,36,194
37441,ASSORTED WHITE EMBOSSED CHINA MUGS,2.1,31,39,680
22259,FELT FARM ANIMAL HEN,1.25,31,33,480
22166,WALL MIRROR RECTANGLE DIAMANTE PINK,2.95,31,41,309
47504E,ENGLISH ROSE SCISSORS,1.25,31,37,4372
47503J,SET/3 FLORAL GARDEN TOOLS IN BAG,7.95,31,42,281
17012A,ORIGAMI VANILLA INCENSE/CANDLE SET,0.85,30,34,644
23520,EMBROIDERED RIBBON REEL RUBY,3.75,30,30,166
22936,BAKING MOULD ROSE WHITE CHOCOLATE,3.25,30,33,267
84007,MAGIC GARDEN MOUNT FUJI,2.55,30,37,154
20869,GOLD FABRIC MIRROR,0.39,30,31,460
23458,DOLLY CABINET 3 DRAWERS,14.95,30,30,51
21018,BIRD BOX CHRISTMAS TREE DECORATION,0.85,30,37,229
21025,SPACE FROG,2.46,30,36,233
22656,VINTAGE BLUE KITCHEN CABINET,50.0,30,37,45
85127,SMALL SQUARE CUT GLASS CANDLESTICK,4.95,30,37,152
23528,WALL ART SPACEBOY,3.75,30,34,462
20753,RETRO PINK SPOT WASHING UP GLOVES,2.1,30,38,187
20735,BLACK MINI TAPE MEASURE,0.85,30,63,829
84598,BOYS ALPHABET IRON ON PATCHES,0.21,30,41,18241
23660,HENRIETTA HEN MUG,1.65,30,31,293
21632,VINTAGE PINK DECORATIVE PARASOL,3.95,30,32,103
20989,URBAN CHIC CHOPSTICKS SET/5,1.95,29,48,397
22106,MIRROR MOSAIC HURRICANE LAMP,6.75,29,36,427
84192,ASSORTED COLOUR METAL CAT,1.25,29,38,245
22503,CABIN BAG VINTAGE PAISLEY,29.95,29,35,112
84313C,ORANGE TV TRAY TABLE,1.95,29,47,497
23140,TRIPLE WIRE HOOK IVORY HEART,4.15,29,35,160
90057,DIAMANTE RING ASSORTED IN BOX.,1.25,29,34,1800
22124,SET OF 2 TEA TOWELS PING MICROWAVE,0.79,29,39,180
84660C,PINK STITCHED WALL CLOCK,0.79,29,55,689
85117,NIGHTINGALE COATHOOK WHITE,1.65,29,40,321
84712B,PINK JEWELLED PHOTO FRAME,7.95,29,36,67
84689,S/2 BEACH HUT TREASURE CHESTS,2.0,29,34,305
84925F,PSYCHEDELIC WALL THERMOMETER,0.79,29,31,713
84926A,WAKE UP COCKEREL TILE COASTER,0.29,29,42,655
84625C,BLUE NEW BAROQUE CANDLESTICK CANDLE,0.85,29,57,775
23472,NINE DRAWER OFFICE TIDY,14.95,29,30,55
85180B,PINK HEARTS LIGHT CHAIN,4.65,29,32,279
84823,DANISH ROSE FOLDING CHAIR,7.95,29,29,120
21130,COLOURFUL STANDING GNOME,3.45,29,39,707
23180,MUM'S KITCHEN CLOCK,1.65,29,36,104
84859C,PINK DISCO HANDBAG,1.95,29,37,302
20897,VINTAGE NOTEBOOK PARIS DAYS,2.55,29,37,304
71270,PHOTO CLIP LINE,1.25,29,54,328
21850,BLUE  DIAMANTE PEN IN GIFT BOX,4.95,29,43,327
17084R,ASSORTED INCENSE PACK,0.21,29,66,12137
85028S,FRENCH CHATEAU SMALL FRUITBOWL,1.95,29,32,429
21197,MULTICOLOUR  CONFETTI IN TUBE,1.65,29,31,425
23070,EDWARDIAN HEART PHOTO FRAME,4.15,29,33,147
84497,BUTTONS AND STRIPES NOTEBOOK,3.75,29,32,93
21293,MIRRORED DOVE WALL DECORATION,4.13,29,42,256
23422,PANTRY HOOK BALLOON WHISK,2.08,29,31,196
16212,FUNKY GIRLZ ASST MAGNETIC MEMO PAD,0.65,29,30,366
47503K,ASSORTED FLORAL SECATEURS,1.95,29,33,3143
22827,RUSTIC  SEVENTEEN DRAWER SIDEBOARD,165.0,29,35,49
21001,ROSE DU SUD WASHBAG,5.95,29,31,69
84926D,LA PALMIERA TILE COASTER,0.29,29,38,766
23134,LARGE ZINC HEART WALL ORGANISER,8.25,29,37,1064
22954,HEN PARTY CORDON BARRIER TAPE,1.25,28,37,205
21752,GLASS CAKE STAND MIRRORED BASE,14.95,28,30,69
21372,MIRRORED WALL ART TABLE LAMP,5.79,28,36,141
47422,ASSORTED MONKEY SUCTION CUP HOOK,0.42,28,61,1116
90161C,ANT COPPER LIME BOUDICCA BRACELET,4.95,28,34,99
37467,PIG MUG IN TWO COLOUR DESIGNS,0.39,28,28,212
84796B,BLUE SAVANNAH PICNIC HAMPER FOR 2,12.75,28,32,230
23576,SNACK TRAY RED VINTAGE DOILY,1.95,28,29,185
90200B,BLACK SWEETHEART BRACELET,4.25,28,45,144
84948,SILVER HANGING T-LIGHT HOLDER DOME,1.65,28,33,274
21032,SPACE CADET WHITE,1.25,28,32,180
47021G,SET/6 BEAD COASTERS GAUZE BAG GOLD,0.39,28,45,633
84231,EASTER BUNNY WITH BASKET ON BACK,0.65,28,34,204
37424,WHITE WITH BLACK CATS MUG,0.85,28,47,5155
79191D,RETRO PLASTIC DAISY TRAY,0.85,28,31,105
84902,PINK KNITTED COW STUFFED TOY,3.75,28,33,58
20696,FLORAL SOFT CAR TOY,3.75,28,34,123
35980C,REDWHITE STRIPE SCANDINAVIAN HEART,0.38,28,28,382
44234,ASSORTED CIRCULAR MOBILE,0.21,28,39,1187
84806B,WHITE CANDYSTUFT ARTIFICIAL FLOWER,0.39,28,30,433
17136A,BLUE STONES ON WIRE FOR CANDLE,0.08,28,34,795
23597,PAPER BUNTING PAISLEY PARK,2.95,28,28,248
85160B,BLACK BIRD GARDEN DESIGN MUG,0.39,28,30,6149
72803B,OCEAN SCENT CANDLE JEWELLED DRAWER,4.25,28,34,90
23565,EGG CUP MILKMAID HELGA,1.25,28,31,348
84637,KITCHEN FLOWER POTS WALL PLAQUE,5.95,28,33,487
85166B,BLACK METAL BAROQUE PHOTO FRAME,3.75,28,31,501
46775D,SUNSET COLOUR CHUNKY KNITTED THROW,16.95,28,32,52
90082D,DIAMANTE BOW BROOCH BLACK COLOUR,6.35,28,35,91
84916,HAND TOWEL PALE BLUE W FLOWERS,4.95,28,30,233
23185,FRENCH STYLE STORAGE JAR JAM,0.29,27,30,323
23325,RUSTIC STRAWBERRY JAM POT SMALL,1.65,27,30,444
84638,SMALL KITCHEN FLOWER POTS PLAQUE,6.95,27,31,356
21629,SQUARE FLOOR CUSHION VINTAGE RED,7.95,27,49,105
85145,JARDIN ETCHED GLASS LARGE BELL JAR,3.95,27,30,92
90214A,"LETTER ""A"" BLING KEY RING",0.29,27,45,127
85121B,RETRO LAUNDRY TUB PINK,8.5,27,27,60
84029C,BROWN FURRY HOT WATER BOTTLE,3.75,27,38,191
84748,FOLK FELT HANGING MULTICOL GARLAND,3.75,27,31,984
23218,LAUREL STAR ANTIQUE GOLD,1.25,27,33,372
20794,BLUE  TILE HOOK,2.55,27,30,190
81952V,ROUND PURPLE CLOCK WITH SUCKER,0.19,27,34,453
35607A,PINK FLUFFY CHRISTMAS DECORATION,0.19,27,28,547
23457,LARGE PARLOUR PICTURE FRAME,4.95,27,29,105
85039C,S/4 BLACK MINI ROSE CANDLE IN BOWL,1.63,27,39,418
84507C,BLUE CIRCLES DESIGN MONKEY DOLL,2.55,27,62,427
85169C,EAU DE NIL LOVE BIRD CANDLE,1.25,27,38,397
22039,BOTANICAL LILY GIFT WRAP,0.42,27,30,850
84913B,MINT GREEN ROSE TOWEL,4.65,27,30,108
90058B,CRYSTAL STUD EARRINGS ASSORTED COL,0.38,27,28,1117
84563B,BLUE & WHITE BREAKFAST TRAY,2.95,27,37,101
23533,WALL ART GARDEN HAVEN,1.95,27,31,210
85164B,BLACK BAROQUE CUCKOO CLOCK,12.75,27,41,113
23069,EDWARDIAN PHOTO FRAME,6.25,27,31,89
22761,CHEST 7 DRAWER MA CAMPAGNE,24.95,27,31,50
21388,IVORY HANGING DECORATION  CHICKEN,0.85,27,27,291
90214S,"LETTER ""S"" BLING KEY RING",0.29,26,35,115
23474,WOODLAND SMALL BLUE FELT HEART,0.83,26,27,297
37333,"RETRO ""TEA FOR ONE""",1.95,26,34,123
84799,SPRIG LAVENDER ARTIFICIAL FLOWER,1.25,26,29,668
85142,JARDIN ETCHED GLASS GINGER JAR,7.95,26,27,54
23471,SIX DRAWER OFFICE TIDY,9.95,26,26,65
35819B,"ACRYLIC HANGING JEWEL,BLUE",0.38,26,29,383
79192A,RETRO PLASTIC 70'S TRAY,1.25,26,30,106
40046A,RED DAISY PAPER LAMPSHADE,1.25,26,34,321
84865,NEW BAROQUE BLACK PHOTO ALBUM,2.95,26,37,69
23697,A PRETTY THANK YOU CARD,0.42,26,26,438
85030,FRENCH CHATEAU OVAL PLATTER,1.95,26,29,213
17181,CIRCLE OF FRIENDS CANDLE HOLDER,2.55,26,28,295
85090,CANDY SPOT APRON,4.65,26,35,82
85163B,BLACK BAROQUE WALL CLOCK,10.95,26,37,68
84563A,PINK & WHITE BREAKFAST TRAY,2.95,26,33,95
23019,SMALL APOTHECARY MEASURING JAR,8.25,26,28,81
85044,RED REINDEER STRING OF 20 LIGHTS,4.95,26,26,131
23027,DRAWER KNOB VINTAGE GLASS HEXAGON,2.08,26,27,287
20913,SET/5 BLUE SPOTTY LID GLASS BOWLS,2.95,26,30,295
84874B,BLUE TRAVEL FIRST AID KIT,1.65,26,28,79
17164D,ASS COL SMALL SAND FROG P'WEIGHT,0.42,26,27,1147
23529,WALL ART DOLLY GIRL,3.75,26,30,629
21265,PINK GOOSE FEATHER TREE 60CM,1.95,26,28,315
23420,PANTRY HOOK TEA STRAINER,2.08,26,28,160
35599B,BLACK CHRISTMAS TREE 120CM,1.95,26,38,249
84913A,SOFT PINK ROSE TOWEL,4.65,26,32,114
82587,TEXRIO TOMATOES CANDLE+CUP,1.25,26,32,123
21375,LARGE CAMPHOR WOOD FIELD MUSHROOM,1.25,26,28,96
20653,CHERRY BLOSSOM LUGGAGE TAG,2.46,26,31,1927
84251F,"GREETING CARD, RITA",0.19,26,31,312
72140E,BEST DAD CANDLE LETTERS,0.85,26,27,217
85129B,BEADED CRYSTAL HEART GREEN SMALL,2.46,26,36,230
84660B,BLACK STITCHED WALL CLOCK,0.79,26,44,729
84744,S/6 SEW ON CROCHET FLOWERS,1.25,26,29,166
84665,SQUARE CHERRY BLOSSOM CABINET,5.95,25,47,230
23047,PAPER LANTERN 5 POINT SEQUIN STAR,5.75,25,25,58
85131D,BEADED CRYSTAL HEART PINK ON STICK,1.25,25,32,504
72225C,LAVENDER SCENT CAKE CANDLE,0.29,25,35,1877
84086C,PINK/PURPLE RETRO RADIO,2.95,25,34,194
85097B,BLUE ROCKING SINGING CANARY,3.75,25,36,102
90214E,"LETTER ""E"" BLING KEY RING",0.29,25,33,95
23042,PAPER LANTERN 7 POINT SNOW STAR,6.65,25,25,99
84800M,MEDIUM WHITE/PINK ROSE ART FLOWER,1.69,25,26,249
21127,COLOURFUL FISHING GNOME,5.95,25,36,285
22856,ASSORTED EASTER DECORATIONS  BELLS,1.25,25,27,878
ADJUST,Adjustment by john on 26/01/2010 17,77.52,25,32,32
90160C,TURQ+RED BOUDICCA LARGE BRACELET,6.95,25,32,81
23428,IVORY RETRO KITCHEN WALL CLOCK,8.15,25,26,70
23484,HEART TRELLIS TRIPLE T-LIGHT HOLDER,2.89,25,25,174
23475,WOODLAND SMALL PINK FELT HEART,0.83,25,26,280
17096,ASSORTED LAQUERED INCENSE HOLDERS,0.17,25,35,6159
21413,PERIWINKLE T-LIGHT HOLDER,1.25,25,34,3138
35914,PINK CHICK EGG WARMER + EGG CUP,0.85,25,28,176
78124,MAGAZINE RACK GEBRA ASSORTED,1.25,25,26,725
84856S,SMALL TAHITI BEACH BAG,4.65,25,29,457
21552,CERAMIC BIRDHOUSE BLACK ROSE  LARGE,5.95,25,32,163
21946,PARTY TIME DESIGN FLANNEL,0.39,25,30,579
21132,SILVER STANDING GNOME,1.25,25,29,77
21228,"POCKET MIRROR ""GLAMOROUS""",1.25,25,29,95
21002,ROSE DU SUD DRAWSTRING BAG,4.25,25,26,110
20689,RETRO SISTERS EXPRESSO CUPS,5.95,25,27,401
44230,SQUARE MIRROR CURTAIN,7.95,25,44,207
47574B,ENGLISH ROSE SCENTED HANGING HEART,4.25,25,27,50
20997,ROSE DU SUD CUSHION COVER,4.95,25,28,81
23538,WALL ART VINTAGE HEART,4.95,25,27,327
21299,EDWARDIAN TOILET ROLL UNIT,3.95,25,29,161
85031B,BLOSSOM IMAGES SCRAP BOOK SET,4.95,25,26,409
20906,VINTAGE NOTEBOOK BEAUTY GIRL,2.95,25,28,79
23557,LANDMARK FRAME BAKER STREET,12.5,25,29,347
90199C,5 STRAND GLASS NECKLACE CRYSTAL,6.35,24,26,101
23421,PANTRY HOOK SPATULA,2.08,24,26,154
23021,GLASS BONNE JAM JAR,4.15,24,25,118
20695,FLORAL BLUE MONSTER,4.25,24,26,83
21276,TWO EMBOSSED HEART MINI DRAWERS,6.95,24,28,676
17090A,LAVENDER INCENSE 40 CONES IN TIN,1.25,24,26,215
21418,STARFISH SOAP DISH,0.79,24,35,162
21628,TRIANGULAR POUFFE VINTAGE,14.95,24,40,109
90147,CHUNKY SILVER NECKLACE PASTEL FLOWE,9.95,24,38,75
23568,EGG CUP HENRIETTA HEN CREAM,1.04,24,28,580
22869,NUMBER TILE COTTAGE GARDEN 1,1.95,24,27,133
84909A,PINK PAISLEY QUILT,12.75,24,29,208
84760S,SMALL HANGING GLASS+ZINC LANTERN,1.45,24,24,215
84926F,PSYCHEDELIC TILE COASTER,0.29,24,30,466
84925D,LA PALMIERA WALL THERMOMETER,2.55,24,26,453
21366,MIRRORED WALL ART PHOTO FRAMES,4.25,24,26,156
21303,FILIGREE WALL MIRROR  ANTIQUE WHITE,5.95,24,26,92
84762A,WHITE PICNIC BARBECUE BUCKET,10.75,24,24,54
84782A,PINK 3 TIER GLASS PLATE STAND,3.95,24,26,119
23044,PAPER LANTERN 9 POINT HOLLY STAR S,4.15,24,24,103
84766,SILVER ROCOCO CANDLE STICK,5.95,24,27,201
84725,FREESTYLE CANVAS ART PICTURE,0.75,24,28,134
35811A,ENAMEL PINK SUGAR CONTAINER,2.1,24,47,391
20865,PATCHWORK PENCIL CASE BUTTERFLY,1.69,24,30,247
72133,COLUMBIAN CANDLE RECTANGLE,1.25,24,27,106
90195A,PURPLE GEMSTONE BRACELET,2.95,24,26,56
84219,BOX/12 MOTHER & CHICK IN BASKET/BOW,2.55,24,26,99
47581B,FAIRY CAKE WICKER PICNIC BASKET,12.75,24,26,34
84876D,BLUE HEART COMPACT MIRROR,1.25,24,28,329
21270,ANTIQUE CREAM CUTLERY CUPBOARD,12.75,24,27,41
23492,VINTAGE JINGLE BELLS WREATH,8.25,24,26,74
21129,SILVER FISHING GNOME,5.95,24,42,108
85185C,COW  SOCK PUPPET,2.95,24,26,54
85179A,GREEN BITTY LIGHT CHAIN,1.25,24,26,143
84313B,BLUE TV TRAY TABLE,1.95,24,45,158
21553,CERAMIC BIRDHOUSE FINCH BLUE  LARGE,5.95,24,27,76
22137,BATHROOM SET LOVE HEART DESIGN,2.95,24,31,584
21095,SET/6 POSIES PAPER PLATES,0.85,24,27,242
23124,18PC WOODEN CUTLERY SET DISPOSABLE,1.25,23,24,503
90184B,AMETHYST CHUNKY BEAD BRACELET W STR,8.95,23,26,51
47420,ASSORTED COLOUR SUCTION CUP HOOK,0.19,23,29,369
21031,SPACE CADET BLACK,1.25,23,25,128
20621,ECONOMY PASSPORT COVER,2.1,23,29,200
21331,MOROCCAN BEATEN METAL DISH LARGE,12.75,23,24,104
85031C,CURIOUS IMAGES SCRAP BOOK SET,4.95,23,28,343
22764,"RUSTIC WOODEN CABINET, GLASS DOORS",24.95,23,24,181
15030,FAN BLACK FRAME,0.29,23,26,254
85146,JARDIN ETCHED GLASS SMALL BELL JAR,1.95,23,27,115
90214K,"LETTER ""K"" BLING KEY RING",0.29,23,45,111
23661,MILK MAIDS MUG,1.65,23,23,204
23481,PEARLISED IVORY HEART SMALL,1.25,23,27,217
21117,BLOND DOLL DOORSTOP,1.25,23,26,334
84526,GIANT BLACK SUNGLASSES,1.95,23,31,84
47421,ASSORTED COLOUR LIZARD SUCTION HOOK,0.42,23,72,1471
22105,MIRROR MOSAIC GOBLET CANDLE HOLDER,0.95,23,26,613
47586A,PINK FAIRY CAKE CUSHION COVER,2.55,23,28,203
82011B,BATHROOM SCALES RUBBER DUCKS,2.95,23,39,85
22056,CERAMIC PLATE LOVE HEART DESIGN,0.87,23,25,600
22257,FELT FARM ANIMAL SHEEP,1.25,23,25,323
35599D,PINK AND WHITE CHRISTMAS TREE 120CM,2.95,23,39,322
35833G,4 GOLD FLOCK CHRISTMAS BALLS,1.25,23,29,126
84796A,PINK HAWAIIAN PICNIC HAMPER FOR 2,12.75,23,25,150
10080,GROOVY CACTUS INFLATABLE,0.39,23,26,303
35921,EASTER BUNNY HANGING GARLAND,1.25,23,26,154
84824,DANISH ROSE UMBRELLA STAND,15.95,23,27,33
46118,FUNKY MONKEY CUSHION COVER,0.85,23,35,324
20662,FIRST CLASS HOLIDAY PURSE,5.79,23,25,697
46126A,ELVIS WALLHANGING / CURTAIN,1.25,23,34,297
23532,WALL ART WORK REST AND PLAY,1.95,23,26,205
17084P,DRAGONS BLOOD INCENSE,0.21,23,26,924
84472,PINK AND LILAC QUILTED THROW,45.95,23,25,33
84559D,3D SHEET OF SEA WORLD STICKERS,0.85,23,29,147
84510F,SET OF 4 NEW ENGLAND COASTERS,1.25,23,31,1094
23023,RIDGED BONNE JAM JAR T-LIGHT HOLDER,1.65,23,23,272
84609,TALL ROCOCO CANDLE HOLDER,8.5,23,27,129
35915C,PEACH KNITTED HEN,1.65,23,23,388
84452,METAL RABBIT LADDER EASTER,0.85,23,26,176
20694,FLORAL PINK MONSTER,3.75,23,25,113
20993,JAZZ HEARTS MEMO PAD,0.85,23,24,10945
23694,PAISLEY PARK CARD,0.42,23,24,348
84827,ASS DES PHONE SPONGE CRAFT STICKER,0.09,23,28,1091
84927E,FLOWERS TILE HOOK,0.39,22,24,489
85126,LARGE ROUND CUTGLASS CANDLESTICK,6.75,22,32,149
21736,GOLD SCROLL GLASS T-LIGHT HOLDER,0.39,22,22,190
84661A,WHITE SQUARE TABLE CLOCK,0.79,22,25,203
84927D,LA PALMIERA TILE HOOK,0.39,22,24,950
84927A,WAKE UP COCKEREL TILE HOOK,0.39,22,25,218
84247C,PACK/12 BLUE REINDEER CARD,2.95,22,22,73
84932A,SMALL GREEN PEONY FOLDING STOOL,8.5,22,24,262
23045,PAPER LANTERN 5 POINT STAR MOON,4.15,22,23,116
47518F,ICON PLACEMAT POP ART ELVIS,0.12,22,31,900
20666,ECONOMY HOLIDAY PURSE,2.95,22,22,871
85028L,FRENCH CHATEAU LARGE FRUIT BOWL,1.95,22,25,269
84858C,PINK RIVIERA HANDBAG,1.25,22,27,344
84870B,BLUE GEISHA GIRL,3.75,22,23,59
18094C,WHITE AND BLUE CERAMIC OIL BURNER,1.25,22,43,345
90098,NECKLACE+BRACELET PINK BUTTERFLY,2.55,22,23,61
84842,HELLO SAILOR BATHROOM SET,3.75,22,26,1496
21128,GOLD FISHING GNOME,1.95,22,28,98
35912B,WHITE/PINK CHICK DECORATION,1.25,22,26,285
84429A,MEDIUM PINK BUDDHA HEAD,2.95,22,27,93
84876B,GREEN HEART COMPACT MIRROR,1.25,22,27,329
84882,GREEN WIRE STANDING CANDLE HOLDER,3.75,22,27,57
84396,6 HOOK JEWELLERY STAND BLACK DRESS,1.95,22,28,516
21493,VINTAGE DESIGN GIFT TAGS,0.85,22,22,247
22803,IVORY EMBROIDERED QUILT,39.95,22,30,70
16020C,CLEAR STATIONERY BOX SET,0.85,22,24,82
79342B,BROWN FLOWER LIGHTS,6.75,22,24,109
16049,TEATIME GEL PENS ASST,0.12,22,25,3144
22486,PLASMATRONIC LAMP,3.95,22,25,87
20660,VIP LUGGAGE TAG,1.25,22,26,73
51012C,"FEATHER DUSTER, COAL BLACK",1.25,22,26,170
23575,SNACK TRAY PAISLEY PARK,1.95,22,22,164
84595E,LARGE TORTILLA DESIGN RED BOWL,1.65,22,27,350
84482,BUTTONS DESIGN JEWELLERY BOX,3.75,22,28,72
84508C,BLUE CIRCLES DESIGN TEDDY,2.55,22,36,101
23039,T-LIGHT HOLDER SILVER HEART HANDLE,1.95,22,22,192
72132,COLUMBIAN CUBE CANDLE,1.95,22,27,561
84619,BLUE GINGHAM ROSE QUILT,12.75,22,26,69
84797B,BLUE SAVANNAH PICNIC HAMPER FOR 4,4.95,22,24,310
37476,CONDIMENT TRAY 4 BOWLS AND 4 SPOONS,9.95,22,27,44
23579,SNACK TRAY I LOVE LONDON,1.95,22,24,151
84707B,PINK JEWELLED MIRROR TRINKET TRAY,1.95,22,22,48
90198B,VINTAGE ROSE BEAD BRACELET BLACK,4.25,22,32,87
90214C,"LETTER ""C"" BLING KEY RING",0.29,21,35,115
90198A,VINTAGE ROSE BEAD BRACELET RASPBERR,4.25,21,26,75
84661B,BLACK SQUARE TABLE CLOCK,0.79,21,26,207
90161B,ANT COPPER TURQ BOUDICCA BRACELET,4.95,21,26,89
21761,WOOD AND GLASS MEDICINE CABINET,29.95,21,24,67
35809B,ENAMEL BLUE RIM TEA CONTAINER,2.1,21,22,81
23072,MARIE ANTOINETTE TRINKET BOX SILVER,1.0,21,22,326
84802A,WHITE ANEMONE ARTIFICIAL FLOWER,1.69,21,21,195
84797A,PINK HAWAIIAN PICNIC HAMPER FOR 4,4.95,21,25,349
84597C,RETRO PINK BALL ASHTRAY,1.25,21,36,353
20804,GLASS CHICKEN BUTTER DISH,1.65,21,24,291
37489A,YELLOW/PINK FLOWER DESIGN BIG MUG,0.39,21,21,45
21779,MA CAMPAGNE MINI WOODEN CHEST,8.5,21,22,301
17038,PORCELAIN BUDAH INCENSE HOLDER,0.1,21,30,2624
21420,OYSTER TRINKET BOX,0.79,21,25,116
17090D,VANILLA INCENSE 40 CONES IN TIN,1.25,21,28,95
37506,NEW ENGLAND MILK JUG W GIFT BOX,5.95,21,22,30
84532B,FAIRY CAKES RECTANGLUAR BOXES,5.95,21,23,38
85087,CANDY SPOT CUSHION COVER,2.95,21,21,113
21663,VINTAGE GLASS SUGAR CADDY,5.95,21,25,69
21630,FLOOR CUSHION ELEPHANT CARNIVAL,8.95,21,47,107
71406C,BLACK ORANGE SQUEEZER,0.42,21,31,219
84388,WISE MAN STAR SHAPE EGG PAN,0.39,21,22,73
84881,BLUE WIRE SPIRAL CANDLE HOLDER,6.35,21,22,52
84870C,GREEN GEISHA GIRL,3.75,21,21,59
23417,BATHROOM HOOK,0.39,21,21,140
81950B,FLOWER BLUE CLOCK WITH SUCKER,0.29,21,23,197
47469,ASSORTED SHAPES PHOTO CLIP SILVER,0.65,21,27,1099
85205A,IVORY FELT EASTER RABBIT GARLAND,2.55,21,21,66
21344,MOROCCAN BEATEN METAL DISH,9.95,21,24,164
35838B,S/6 SILVER ORNAMENETAL CANDLE,0.85,21,22,97
23521,WALL ART CAT AND BIRD,1.25,21,22,388
16047,POP ART PEN CASE & PENS,0.85,21,23,10589
47503G,ASS FLORAL PRINT TAPE MEASURE,1.25,21,24,235
47503E,ASS FLORAL PRINT SCISSORS,1.25,21,22,6828
47343A,FUSCHIA FLOWER PURSE WITH BEADS,0.83,21,23,209
47013A,WINE BOTTLE DRESSING LT.BLUE,0.12,21,25,141
23495,SET OF 3 PANTRY WOODEN SPOONS,1.25,21,24,192
90184C,BLACK CHUNKY BEAD BRACELET W STRAP,8.95,21,26,50
82095,HEART BUTTONS JEWELLERY BOX,7.65,21,22,41
20672,PINK TEATIME PRINT BOWL,1.25,21,22,116
20851,ZINC HEART LATTICE TRAY OVAL,5.95,21,27,334
20862,PINK PATCH PENCIL CASE BLUE HEART,2.1,21,28,316
20892,SET/3 TALL GLASS CANDLE HOLDER PINK,12.75,21,23,88
23496,PANTRY KITCHEN THERMOMETER,1.25,21,22,88
21099,SET/6 STRAWBERRY PAPER CUPS,0.65,20,29,13382
23580,SNACK TRAY HAPPY FOREST,1.95,20,21,111
62094B,TURQ ICE CREAM BUM BAG,2.55,20,27,251
62086A,PINK RETRO BIG FLOWER BAG,1.95,20,22,110
85081,PADDED HOLLY CHRISTMAS DECORATION,0.42,20,20,103
35096B,RED VICTORIAN FABRIC HEART BOX,0.29,20,21,288
17039,INLAID WOOD INCENSE HOLDER,0.21,20,30,3641
35649,VINTAGE BEAD COSMETIC BAG,2.46,20,21,1776
84899F,YELLOW PURPLE DAISY FELT PURSE KIT,1.25,20,23,86
23537,WALL ART I LOVE LONDON,4.95,20,21,98
72801F,S/4 FESTIVE RED DINNER CANDLES,1.25,20,25,234
85160A,WHITE BIRD GARDEN DESIGN MUG,1.25,20,22,8800
17178,FLAT PALM T-LIGHT HOLDER,1.25,20,24,133
21460,GREEN EASTER EGG HUNT START POST,1.95,20,20,96
23466,TUSCAN VILLA DOVECOTE BIRD FEEDER,8.25,20,21,49
90094,NECKLACE+BRACELET SET FRUIT SALAD,2.55,20,21,36
23560,SET OF 6 RIBBONS COUNTRY STYLE,2.89,20,20,164
20818,GOLD TEDDY BEAR,1.25,20,22,79
85112,S/3 TEAR DROP CUT GLASS DECORATION,1.25,20,23,430
37489D,PINK/GREEN FLOWER DESIGN BIG MUG,0.39,20,20,47
37479B,CUBIC MUG FLOCK BLUE ON BROWN,0.39,20,24,1243
90175A,WHITE GLASS CHUNKY CHARM BRACELET,8.95,20,28,70
20864,DENIM PATCH PENCIL CASE BUTTERFLY,2.1,20,26,247
85131C,BEADED CRYSTAL HEART BLUE ON STICK,0.83,20,26,309
84671B,CROCHET BEAR WITH BLUE STRIPES,2.55,20,24,100
23017,APOTHECARY MEASURING JAR,12.5,20,21,64
17001,HEAVENS SCENT FRAGRANCE OILS ASSTD,0.29,20,23,1211
90214L,"LETTER ""L"" BLING KEY RING",0.29,20,29,114
35922,EASTER BUNNY WREATH,4.95,20,21,76
20670,VIP HOLIDAY PURSE,2.95,20,22,664
23064,CINDERELLA CHANDELIER,10.0,20,22,220
85026B,EAU DE NILE JEWELLED T-LIGHT HOLDER,0.85,20,20,174
35933,PINK STOCKING CHRISTMAS DECORATION,0.38,20,23,312
23522,WALL ART DOG AND BALL,1.25,20,21,341
35966,FOLKART CHRISTMAS TREE T-LIGHT HOLD,0.38,20,20,244
71403,"PINK/WHITE ""KEEP CLEAN"" BULLET BIN",2.95,20,27,130
23139,SINGLE WIRE HOOK PINK HEART,0.39,20,22,407
84247K,"FOLK ART GREETING CARD,pack/12",2.95,20,24,72
21847,GREEN  DIAMANTE PEN IN GIFT BOX,4.95,20,22,252
84919,BLUE CUSHION COVER WITH FLOWER,6.95,20,21,260
20783,HEART EAR MUFF HEADPHONES,5.49,20,34,131
84616,SILVER ROCCOCO CHANDELIER,29.95,19,22,69
17129F,BLUE GLASS GEMS IN BAG,1.63,19,41,940
BANK CHARGES,Bank Charges,15.0,19,30,32
21729,SMALL MARAKESH METAL  LANTERN,3.25,19,23,114
84762B,PINK PICNIC BARBECUE BUCKET,10.75,19,21,82
84631,FRUIT TREE AND BIRDS WALL PLAQUE,7.95,19,24,254
90160B,RED BOUDICCA LARGE BRACELET,6.95,19,23,60
23459,DOLLY CABINET 2 DRAWERS,12.5,19,19,33
84800S,SMALL WHITE/PINK ROSE ART FLOWER,1.25,19,19,394
85080,PADDED RED HEART DECORATION,0.42,19,22,114
21649,ASSORTED TUTTI FRUTTI PHOTO FRAME,2.55,19,23,413
84806A,PINK CANDYSTUFT ARTIFICIAL FLOWER,0.39,19,20,319
21087,SET/6 POSIES PAPER CUPS,0.19,19,20,220
84576,BLUE CAT BISCUIT BARREL PINK HEART,1.95,19,21,84
37492C,GREEN BLUE FLOWER PIGGY BANK,4.65,19,23,241
84905,PINK BUTTERFLY CUSHION COVER,4.95,19,20,151
84422,PINK/BLUE DISC/MIRROR STRING,0.39,19,25,749
23022,SMALL BONNE JAM JAR  T-LIGHT HOLDER,2.08,19,21,416
23429,RED RETRO KITCHEN WALL CLOCK,8.15,19,20,44
72801E,4 FESTIVE GREEN DINNER CANDLES,1.25,19,23,768
72800A,S/4 BLACK DINNER CANDLE SILVER FLOC,2.55,19,34,664
37330,BIG POLKADOT MUG,0.39,19,22,504
90114,SUMMER DAISIES BAG CHARM,2.55,19,19,84
84527,FLAMES SUNGLASSES PINK LENSES,1.95,19,19,73
84522,PINK PARTY SUNGLASSES,1.95,19,20,179
23018,LARGE APOTHECARY MEASURING JAR,12.5,19,20,50
46115B,GREEN POP ART MAO CUSHION COVER,0.19,19,22,292
46776A,WOVEN BUBBLE GUM CUSHION COVER,4.95,19,20,190
84228,HEN HOUSE WITH CHICK STANDING,0.42,19,23,322
84288B,SET/2 BLUE  NOODLE BASKETS,1.95,19,21,58
35979,SIX STRING SCANDINAVIAN HEART DECS,2.95,19,19,83
35603C,SET/16 WHITE SHINY & MATT BAUBLES,0.42,19,22,80
21312,LARGE CHUNKY GLASS ROMAN BOWL,6.75,19,20,294
35647,VINTAGE BEAD PINK SHADE,1.25,19,43,525
85170B,SET/6 BLACK BIRD T-LIGHT CANDLES,2.1,19,33,247
84251B,"GREETING CARD, STICKY GORDON",0.19,19,22,231
20903,VINTAGE KEEPSAKE BOX TRAVELOGUE,6.35,19,19,105
20952,PORCELAIN CHERUB BELL SMALL,0.42,19,20,322
85024B,EAU DE NILE JEWELLED PHOTOFRAME,1.65,19,20,218
79403,FROSTED WHITE BASE,0.85,19,23,197
79144C,PAINTED LIGHTBULB RAINBOW DESIGN,0.37,19,23,173
23016,GLASS TWIST BON BON JAR,7.85,19,19,69
82011A,"BATHROOM SCALES, TROPICAL BEACH",3.75,19,23,35
90214M,"LETTER ""M"" BLING KEY RING",0.29,19,29,81
20850,ZINC HEART LATTICE PLANTER BOWL,2.95,19,23,820
90195B,BLACK GEMSTONE BRACELET,2.95,19,20,55
90214J,"LETTER ""J"" BLING KEY RING",0.29,19,30,83
10124A,SPOTS ON RED BOOKCOVER TAPE,0.42,18,18,62
84751B,BLACK MEDIUM GLASS CAKE STAND,0.79,18,19,40
23043,PAPER LANTERN 9 POINT HOLLY STAR L,6.25,18,19,75
84762C,GREEN PICNIC BARBECUE BUCKET,10.75,18,18,78
84683,CLASSICAL ROSE CANDLESTAND,0.65,18,27,535
90161D,ANT COPPER PINK BOUDICCA BRACELET,4.95,18,24,74
90160D,PINK BOUDICCA LARGE BRACELET,6.95,18,21,69
90160A,PURPLE BOUDICCA LARGE BRACELET,6.95,18,20,44
22877,NUMBER TILE COTTAGE GARDEN 9,1.95,18,20,118
23476,WOODLAND LARGE RED FELT HEART,1.25,18,18,198
21131,GOLD STANDING GNOME,1.25,18,28,253
84809A,WHITE CHRYSANTHEMUMS ART FLOWER,2.1,18,18,271
72606A,BROWN ANTIQUE CUBE CANDLE,0.42,18,18,226
84782C,GREEN 3 TIER GLASS PLATE STAND,3.95,18,18,74
21444,BLUE CHALET BIRDFEEDER,3.75,18,20,273
35818P,"ACRYLIC JEWEL ICICLE, PINK",0.38,18,20,552
72051S,BAG OF SILVER STONES,0.42,18,19,147
84816,DANISH ROSE BEDSIDE CABINET,39.95,18,18,31
23416,CHAMBRE HOOK,0.39,18,18,123
23141,TRIPLE WIRE HOOK PINK HEART,0.79,18,18,68
23137,ZINC WIRE SWEETHEART LETTER TRAY,1.25,18,20,80
23151,ZINC SWEETHEART SOAP DISH,0.79,18,19,60
47013C,WINE BOTTLE DRESSING DARK BLUE,0.12,18,22,138
90014A,SILVER M.O.P. ORBIT NECKLACE,2.95,18,22,36
23519,EMBROIDERED RIBBON REEL CLAIRE,3.75,18,19,219
90203,SILVER CHARM NECKLACE 70CM,7.5,18,24,62
20736,PINK MINI TAPE MEASURE,0.85,18,18,287
84465,15 PINK FLUFFY CHICKS IN BOX,2.95,18,20,30
84869,CANDY BUTTON PHOTO ALBUM,1.95,18,21,295
90082B,DIAMANTE BOW BROOCH RED COLOUR,6.35,18,24,67
82585,SWEET VALENCIA CANDLE+CUP,1.25,18,21,132
16052,TEATIME PUSH DOWN RUBBER,0.19,18,21,810
82607E,GLASS BONBON JAR. D'AMANDES,1.25,18,25,101
84952C,MIRROR LOVE BIRD T-LIGHT HOLDER,3.75,18,24,381
35920,FOUR RABBIT EASTER DECORATIONS,1.25,18,20,1065
79030A,"TUMBLER, ENGLISH ROSE",1.65,18,20,151
85019C,CURIOUS  IMAGES NOTEBOOK SET,1.25,18,23,424
21443,OLIVE CHALET BIRDFEEDER,3.75,18,20,252
37494A,FAIRY CAKE CERAMIC BUTTER DISH,2.55,18,25,193
37492D,PURPLE GREEN FLOWER PIGGY BANK,1.65,18,24,359
35096A,BLUE VICTORIAN FABRIC HEART BOX,0.29,18,19,722
84249A,"GREETING CARD,SQUARE, DOUGHNUTS",0.83,18,20,238
35838A,S/6 MULTICOLOUR ORNAMENETAL CANDLE,0.85,18,18,172
35645,VINTAGE BEAD PINK JEWEL BOX,4.25,18,24,51
75149N,STRING CRYSTALS NATURAL,1.25,18,25,272
62095B,TURQOISE ICE CREAM SUNHAT,1.69,18,19,289
20836,FRENCH PAISLEY CUSHION COVER,0.83,18,22,224
90180A,BLACK+WHITE NECKLACE W TASSEL,2.95,18,19,36
22882,NUMBER TILE VINTAGE FONT 3,1.95,18,26,99
84306,S/3 PINK SQUARE PLANTERS ROSES,10.95,18,19,35
35594,WOODEN CHRISTMAS TREE 3 HANGING,0.42,18,21,144
72811,SMALL ZINC/GLASS CANDLEHOLDER,1.49,18,20,441
22823,CHEST NATURAL WOOD 20 DRAWERS,110.0,17,18,32
23149,ANTIQUE IVORY WIRE BOWL SMALL,2.49,17,19,97
23116,VEGETABLE GARDEN CHOPPING BOARD,4.95,17,17,72
21226,POCKET MIRROR WOODLAND,1.25,17,20,125
17013D,ORIGAMI ROSE INCENSE IN TUBE,0.42,17,21,1048
90129B,TURQUOISE GLASS TASSLE BAG CHARM,2.95,17,18,65
84684,BEACH HUT PHOTO FRAME,0.85,17,21,574
37479P,CUBIC MUG FLOCK PINK ON BROWN,0.39,17,22,139
22875,NUMBER TILE COTTAGE GARDEN 7,1.95,17,18,110
20847,ZINC HEART LATTICE CHARGER LARGE,3.75,17,20,71
16256B,FLOWER PENCIL/RUBBER+5 MINI PENCILS,0.42,17,20,493
23544,WALL ART MID CENTURY MODERN,3.95,17,20,164
17108D,FLOWER FAIRY SUMMER BOUQUET SACHET,0.42,17,23,355
16254,TRANSPARENT ACRYLIC TAPE DISPENSER,0.85,17,19,912
35913B,WHITE/PINK CHICK EASTER DECORATION,0.85,17,19,101
22873,NUMBER TILE COTTAGE GARDEN 5,1.95,17,18,107
84804B,BLUE DELPHINIUM ARTIFICIAL FLOWER,0.79,17,19,367
21780,MA CAMPAGNE 4 DRAWER WALL SHELF,5.0,17,17,125
85109,PINK BOUDOIR T-LIGHT HOLDER,0.85,17,18,4203
85110,BLACK SILVER FLOWER T-LIGHT HOLDER,0.07,17,19,11512
37489B,BLUE/YELLOW FLOWER DESIGN BIG MUG,0.39,17,17,39
35609A,PINK FEATHER CHRISTMAS DECORATION,0.19,17,18,427
84437A,S/6 PINK EASTER DECS IN BOX,0.85,17,17,105
22929,SCHOOL DESK AND CHAIR,65.0,17,17,23
90030B,RED KUKUI COCONUT SEED NECKLACE,1.0,17,19,122
35004P,SET OF 3 PINK FLYING DUCKS,5.45,17,21,84
23037,CANDLE HOLDER SILVER MADELINE,1.65,17,18,193
84875D,BLUE SQUARE COMPACT MIRROR,1.25,17,37,371
17084J,LOVE POTION MASALA INCENSE,0.21,17,19,479
21461,BLUE EASTER EGG HUNT START POST,1.95,17,19,78
90120B,BLUE MURANO TWIST BRACELET,4.25,17,21,77
84533B,FAIRY CAKES ROUND NESTING BOXES,5.95,17,19,52
84458,S/3 RABBIT FLOWER/EGG/CARROT ROPE,0.85,17,19,123
21554,CERAMIC BIRDHOUSE RED ROOF LARGE,5.95,17,19,164
77081,FLOWER WINDMILL,1.25,17,18,219
79026B,"S/4 ICON COASTER,ELVIS LIVES",0.39,17,22,52
47598,NEW ENGLAND EGG WARMER,0.55,17,23,120
21414,SCALLOP SHELL SOAP DISH,2.1,17,20,1614
84226,HEN HOUSE W FAMILY IN BARN & NEST,0.64,17,17,75
16207A,PINK STRAWBERRY HANDBAG,2.95,17,19,55
85168B,BLACK BAROQUE CARRIAGE CLOCK,8.29,17,23,38
20698,LITTLE PINK MONSTER SOFT TOY,2.55,17,18,43
20697,LITTLE GREEN MONSTER SOFT TOY,2.55,17,19,41
90040B,MURANO STYLE GLASS BRACELET BLACK,3.5,17,17,46
35271S,GOLD PRINT PAPER BAG,0.19,17,18,433
90002D,FLOWER BURST SILVER RING CRYSTAL,3.75,17,21,96
84932B,SMALL PINK PEONY FOLDING STOOL,8.5,17,17,189
84926C,FAIRY CAKES TILE COASTER,1.25,17,19,127
21335,LIBRARY LAMP,18.95,17,22,36
84664,CHERRY BLOSSOM BATHROOM CABINET,4.95,17,50,192
37423,WHITE WITH BLACK CATS PLATE,0.39,17,25,6091
90185C,BLACK DIAMANTE EXPANDABLE RING,4.25,17,19,54
20837,FRENCH FLORAL CUSHION COVER,0.83,17,18,165
85007,SET OF 3 VINTAGE TEA TIME BOXES,1.65,16,19,139
79161A,ST GEORGE SET OF 10 PARTY LIGHTS,2.95,16,16,51
84803A,PINK ALLIUM  ARTIFICIAL FLOWER,1.69,16,16,109
84802B,PURPLE ANEMONE ARTIFICIAL FLOWER,1.69,16,16,429
37444A,YELLOW BREAKFAST CUP AND SAUCER,0.39,16,26,2688
84932D,SMALL ORIENTAL RED FOLDING STOOL,1.95,16,19,237
72129,COLUMBIAN CANDLE ROUND,0.65,16,17,74
90129C,GREEN GLASS TASSLE BAG CHARM,2.95,16,17,50
22872,NUMBER TILE COTTAGE GARDEN 4,1.95,16,18,115
22870,NUMBER TILE COTTAGE GARDEN 2,1.95,16,19,126
90145,SILVER HOOP EARRINGS WITH FLOWER,5.95,16,23,50
16202A,PASTEL PINK PHOTO ALBUM,0.5,16,19,661
79337,BLUE FLOCK GLASS CANDLEHOLDER,0.38,16,19,1197
35937,CERISE+GOLD CHRISTMAS STOCKING DEC,0.38,16,17,188
84917,WHITE HAND TOWEL WITH BUTTERFLY,5.95,16,17,183
21196,ROUND WHITE CONFETTI IN TUBE,1.65,16,17,159
85033G,SET/6 GOLD REINDEER T-LIGHT CANDLES,0.65,16,17,201
21551,CERAMIC BIRDHOUSE BUTTERFLY LARGE,5.95,16,19,165
85185F,LION SOCK PUPPET,2.95,16,17,35
90010E,AMBER GLASS/SILVER BRACELET,8.95,16,18,32
90010B,BLACK/WHITE GLASS/SILVER BRACELET,8.95,16,17,45
16162L,THE KING GIFT BAG,0.65,16,17,8083
84875B,GREEN SQUARE COMPACT MIRROR,1.25,16,35,371
44235,ASSORTED COLOURED CIRCLE MOBILE,0.42,16,22,824
45008C,DECORATIVE NET CANOPY CREAM,8.95,16,20,68
90201C,RED ENAMEL FLOWER RING,2.95,16,19,89
90201A,PURPLE ENAMEL FLOWER RING,2.95,16,20,91
90082A,DIAMANTE BOW BROOCH GREEN COLOUR,6.35,16,20,47
90019A,SILVER M.O.P ORBIT BRACELET,4.95,16,17,32
47562,ENGLISH ROSE IRONING BOARD COVER,3.75,16,41,104
85161,ACRYLIC GEOMETRIC LAMP,18.95,16,20,27
46776B,WOVEN BERRIES CUSHION COVER,4.95,16,20,194
82607C,GLASS BONBON JAR. SUPERFINES,1.25,16,21,90
23410,CURIO CABINET LINEN AND LACE,8.15,16,18,36
90120D,WHITE MURANO TWIST BRACELET,4.25,16,20,102
90124A,PINK MURANO TWIST NECKLACE,9.95,16,16,26
21304,ARCHED GREY MIRROR,12.75,16,16,84
84499,BLACK FLOWER CANDLE PLATE,0.85,16,20,294
90099,NECKLACE+BRACELET SET BLUE HIBISCUS,2.55,16,17,29
23071,MARIE ANTOINETTE TRINKET BOX GOLD,1.0,16,17,317
23430,BLUE RETRO KITCHEN WALL CLOCK,8.15,16,17,35
84804A,CREAM DELPHINIUM ARTIFICIAL FLOWER,0.79,15,17,221
23465,TUSCAN VILLA BIRD FEEDER,8.25,15,15,28
90143,SILVER BRACELET W PASTEL FLOWER,7.5,15,18,56
84625B,BLCK NEW BAROQUE CANDLESTICK CANDLE,2.95,15,17,180
23125,6PC WOOD PLATE SET DISPOSABLE,1.25,15,16,405
20845,ZINC HEART LATTICE 2 WALL PLANTER,6.35,15,21,73
20849,ZINC HEART LATTICE DOUBLE PLANTER,3.75,15,20,670
90175C,BLUE GLASS CHUNKY CHARM BRACELET,8.95,15,17,36
84627,CANDY STRIPE ROSE C/COVER,5.95,15,19,51
PADS,PADS TO MATCH ALL CUSHIONS,0.001,15,17,17
90210B,CLEAR ACRYLIC FACETED BANGLE,1.0,15,17,98
84952B,BLACK LOVE BIRD T-LIGHT HOLDER,7.46,15,21,374
21370,MIRRORED WALL ART FOXY,1.65,15,16,50
85089,CANDY SPOT BUNNY,2.95,15,18,92
84918,CREAM CUSHION COVER WITH FLOWERS,6.95,15,17,113
79532,MOSAIC GLASS BALL CANDLEHOLDER,1.25,15,18,97
84915,HAND TOWEL PINK FLOWER AND DAISY,4.13,15,18,210
22874,NUMBER TILE COTTAGE GARDEN 6,1.95,15,17,114
21416,CLAM SHELL LARGE,3.75,15,17,748
23567,EGG CUP HENRIETTA HEN PINK,1.25,15,18,187
21369,MIRRORED WALL ART SPLODGES,1.25,15,17,128
90148,LONG SILVER NECKLACE PASTEL FLOWER,12.75,15,16,26
22330,72 ROUND PINK DOILIES,1.45,15,15,115
21341,KASBAH LANTERN WITH GLASS,4.65,15,15,56
20861,GOLD COSMETIC BAG PINK STAR,2.1,15,15,47
23015,CORDIAL GLASS JUG,8.25,15,15,37
90003D,CRYSTAL PAIR HEART HAIR SLIDES,3.75,15,15,35
21582,KINGS CHOICE SMALL TUBE MATCHES,1.65,15,16,117
47592B,SCOTTIE DOGS CHILDRENS OVERALL,2.1,15,18,47
90018A,SILVER M.O.P ORBIT DROP EARRINGS,4.25,15,16,35
90081A,LILY BROOCH AMETHYST COLOUR,4.95,15,23,50
84455,SET OF 3 RABBIT CARROTS EASTER,0.85,15,16,79
20795,LARGE BLUE PROVENCAL CERAMIC BALL,2.1,15,17,116
20940,SET/6 GARDEN GNOME T-LIGHT CANDLES,2.95,15,18,113
90093,CLEAR CRYSTAL STAR PHONE CHARM,0.19,15,18,200
35607B,BLACK FEATHER CHRISTMAS DECORATION,0.19,15,16,310
17011F,ORIGAMI SANDLEWOOD INCENSE+FLOWER,0.65,15,15,380
90214R,"LETTER ""R"" BLING KEY RING",0.29,15,19,53
21092,SET/6 STRAWBERRY PAPER PLATES,0.1,15,18,12806
90209C,PINK ENAMEL+GLASS HAIR COMB,2.1,15,24,330
21763,VINTAGE WOODEN BAR STOOL,20.0,15,17,43
21757,LIGHTHOUSE PRINTED METAL SIGN,4.95,15,31,69
72134,COLUMBIAN  CUBE CANDLE,0.85,15,20,320
84745B,BLUE HANGING GINGHAM EASTER HEN,0.42,15,17,85
84706F,RED PEONY TABLE CLOCK,2.95,15,16,33
90194,SILVER LARIAT BLACK STONE EARRINGS,4.25,14,14,25
37444B,BLUE BREAKFAST CUP AND SAUCER,2.95,14,17,1998
84706D,CHERRY BLOSSOM TABLE CLOCK,1.95,14,14,218
90185D,CRYSTAL DIAMANTE EXPANDABLE RING,4.25,14,16,51
90201B,BLACK ENAMEL FLOWER RING,2.95,14,18,107
84657,GREEN ROSE CUSHION COVER,5.95,14,19,246
84906,PINK BUTTERFLY CUSHION COVER,1.95,14,18,59
90214H,"LETTER ""H"" BLING KEY RING",0.29,14,23,50
72140F,HAPPY ANNIVERSARY CANDLE LETTERS,0.42,14,14,175
21734,SMALL MARAKESH LANTERN ON STICK,3.75,14,14,56
22884,NUMBER TILE VINTAGE FONT 5,1.95,14,19,86
10138,ASSORTED COLOUR JUMBO PEN,0.42,14,16,247
84877D,BLUE ROUND COMPACT MIRROR,1.25,14,15,107
84859B,BLUE DISCO HANDBAG,1.95,14,15,280
85162A,SILVER RETRODISC LAMPSHADE,1.95,14,19,605
35931,PINK STAR CHRISTMAS DECORATION,0.38,14,15,156
72799A,BLACK PILLAR CANDLE SILVER FLOCK,2.95,14,18,612
21298,EDWARDIAN 2 DRAWER WALL CABINET,12.75,14,14,52
23036,T-LIGHT HOLDER SILVER PETIT FOUR,1.25,14,15,183
84360,TABLE LAMP WHITE SHADE WOOD BASE,5.95,14,35,211
46776C,WOVEN FROST CUSHION COVER,4.95,14,17,102
90016B,GOLD/M.O.P PENDANT ORBIT NECKLACE,8.5,14,17,22
82553,POP'S GREASY SPOON METAL SIGN,1.65,14,20,86
22830,UTILTY CABINET WITH HOOKS,10.0,14,16,306
85195,HANGING HEART BASKET,2.1,14,16,145
90085,CRYSTAL STILETTO PHONE CHARM,0.85,14,17,297
84877A,PINK ROUND COMPACT MIRROR,1.25,14,14,46
90157,RIVIERA NECKLACE,4.95,14,16,45
84984D,ORIENTAL RED CUSHION COVER,4.65,14,15,152
20785,FUSCHIA RETRO BAR STOOL,39.95,14,17,44
85190,PINK FLOWER HANGING HEART,0.85,14,14,135
90000A,RASPBERRY ANT COPPER FLOWER NECKLAC,5.95,14,14,25
20901,VINTAGE KEEPSAKE BOX PINK FLOWER,6.35,14,16,34
85092,CANDY SPOT TEA COSY,1.25,14,14,374
84081,WHITE CERAMIC PARTY SET (5PCS),4.25,14,15,94
85091,CANDY SPOT BREAD BASKETS,4.95,14,14,337
84925A,WAKE UP COCKEREL WALL THERMOMETER,2.55,14,15,177
90122A,PINK CRYSTAL+GLASS BRACELET,4.95,14,14,36
21252,SET OF MEADOW  FLOWER STICKERS,2.95,14,16,161
16206B,RED PURSE WITH PINK HEART,1.25,14,16,96
35637C,PINK STRING CURTAIN WITH POLE,1.95,14,16,97
90002A,FLOWER BURST SILVER RING OPAL,3.75,14,14,39
90129A,PINK GLASS TASSLE BAG CHARM,2.95,14,15,35
79534,MULTICOLOUR GLASS PLATE,0.55,14,16,116
79406,FROSTED WHITE BASE,0.22,14,15,245
17084A,TRANQUILITY MASALA INCENSE,0.21,14,18,442
20823,GOLD WINE GOBLET,0.79,14,17,256
90122B,JADE CRYSTAL+GLASS BRACELET,4.95,14,14,34
90123A,PINK HEART OF GLASS BRACELET,5.95,14,18,36
21193,WHITE HONEYCOMB PAPER FAN,1.69,14,14,84
72812,LARGE ZINC GLASS CANDLEHOLDER,4.13,14,16,78
81952B,ROUND BLUE CLOCK WITH SUCKER,0.19,14,16,248
35265,COLOURFUL FLOWER FRUIT BOWL,1.95,14,15,21
20968,GREEN FLORAL FELTCRAFT SHOULDER BAG,3.75,14,14,37
72779,SET/6 BLACK ROSE T-LIGHT CANDLES,1.69,14,15,49
90120A,PINK MURANO TWIST BRACELET,4.25,14,21,68
44089C,LILAC GAUZE BUTTERFLY LAMPSHADE,0.42,14,18,68
37509,NEW ENGLAND MUG W GIFT BOX,2.55,14,14,31
84845C,CARNATION SQUARE HANDY TIN,1.25,14,14,42
84801A,PINK HYDRANGEA ART FLOWER,2.1,14,15,272
37444C,PINK BREAKFAST CUP AND SAUCER,0.39,14,17,1599
90162B,ANT SILVER LIME GREEN BOUDICCA RING,2.95,14,19,55
90161A,ANT COPPER RED BOUDICCA BRACELET,4.95,14,14,39
84801B,WHITE HYDRANGEA ART FLOWER,2.1,14,16,202
90129F,RED GLASS TASSLE BAG CHARM,2.95,14,14,36
85147,JARDIN ETCHED GLASS CANDLEHLDR LONG,4.95,14,16,61
84680,CLASSICAL ROSE URN,7.95,14,17,94
37422,WHITE WITH BLACK CATS BOWL,0.2,14,27,344
90186A,AMETHYST HOOP EARRING FLORAL LEAF,2.95,14,15,56
84753A,PINK EAU DE COLOGNE BOTTLE,0.85,14,15,85
84770,ROUND GEORGIAN SILVER MIRROR,9.95,14,16,135
90178A,AMBER CHUNKY GLASS+BEAD NECKLACE,11.95,14,15,24
46776F,WOVEN ROSE GARDEN CUSHION COVER,4.95,13,17,172
84984B,RED PEONY CUSHION COVER,4.65,13,16,322
90159,COTE D'AZURE NECKLACE,4.95,13,15,33
90014C,SILVER AND BLACK ORBIT NECKLACE,2.95,13,14,23
84877B,GREEN ROUND COMPACT MIRROR,1.25,13,15,227
90214P,"LETTER ""P"" BLING KEY RING",0.29,13,18,58
90081C,LILY BROOCH OLIVE COLOUR,4.95,13,13,27
90191,SILVER LARIAT 40CM,2.95,13,14,32
90214B,"LETTER ""B"" BLING KEY RING",0.29,13,16,48
72487,ROSES WHITE ROUND CANDLE,0.38,13,13,826
22885,NUMBER TILE VINTAGE FONT 6,1.95,13,17,93
35610B,BLACK CHRISTMAS FLOCK DROPLET,1.25,13,13,179
20896,VINTAGE NOTEBOOK PINK FLOWER,2.95,13,13,39
90087,CRYSTAL SEA HORSE PHONE CHARM,0.19,13,21,276
21336,GOLD WASHBAG,2.95,13,24,1789
84462,3 PINK HEN+CHICKS IN BASKET,1.25,13,13,99
84857C,PINK MONTE CARLO HANDBAG,1.95,13,14,193
79063C,"RETRO PILL BOX KEY CHAIN,THE KING",0.19,13,14,235
78033,FLAG OF ST GEORGE CHAIR,5.95,13,14,73
90214G,"LETTER ""G"" BLING KEY RING",0.29,13,21,69
72750A,FLOWER FAIRY SET OF 3 LILY CANDLES,1.95,13,16,383
21543,BUTTERFLY WATER TRANSFER TATTOOS,0.85,13,13,267
84745A,PINK HANGING GINGHAM EASTER HEN,0.42,13,15,74
84666,SQUARE CHERRY BLOSSOM CABINET,3.95,13,33,226
16258B,DAISY ERASERS IN BAG,0.19,13,13,1015
37410,BLACK AND WHITE PAISLEY FLOWER MUG,0.85,13,18,25685
22878,NUMBER TILE COTTAGE GARDEN No,2.1,13,16,98
90000D,COPPER/OLIVE GREEN FLOWER NECKLACE,5.95,13,13,25
90186B,CRYSTAL HOOP EARRING FLORAL LEAF,2.95,13,13,36
84952A,CLEAR LOVE BIRD T-LIGHT HOLDER,7.46,13,14,102
84711A,SILVER OVAL SHAPE TRINKET BOX,9.95,13,14,33
79336,LIGHT PINK FLOCK GLASS CANDLEHOLDER,0.38,13,16,832
84615,PINK ROUND BUTTERFLY MIRROR,1.95,13,18,235
47341B,BLUE TABLE RUN FLOWER,1.25,13,14,48
22868,NUMBER TILE COTTAGE GARDEN 0,1.95,13,14,112
72821,CUPID SCENTED CANDLE IN GLASS,1.65,13,14,61
84251C,"GREETING CARD, TWO SISTERS.",0.19,13,14,132
84575A,PINK DOG CANNISTER,1.95,13,13,24
23561,SET OF 6 RIBBONS PARTY,2.89,13,13,167
17109B,FLOWER FAIRY INCENSE LAVENDER,0.38,13,16,4541
17109C,FLOWER FAIRY INCENSE ROSE,0.38,13,15,3124
84595B,LARGE TRIFLE DESIGN L BLUE BOWL,3.75,13,15,229
20663,QUEEN OF THE SKIES HOLIDAY PURSE,5.79,13,15,1037
16239,BALLERINA HEART DECORATION.,1.25,13,13,338
84227,HEN HOUSE W CHICK IN NEST,0.42,13,13,112
21893,POTTING SHED SEED TIN,4.25,13,13,164
84921,CREAM AND PINK FLOWERS PONY,3.75,13,14,31
16202B,PASTEL BLUE PHOTO ALBUM,0.5,13,18,1034
20793,BLUE TILED TRAY,6.75,13,15,273
84555A,YELLOW VW BEETLE CERAMIC MONEY BOX,2.95,13,15,46
90112,PINK DOLLY HAIR CLIPS,1.05,13,15,70
90014B,GOLD M.O.P. ORBIT NECKLACE,2.95,13,15,20
17012E,ORIGAMI OPIUM INCENSE/CANDLE SET,0.5,12,12,264
18096C,WHITE ROUND PORCELAIN TLIGHT HOLDER,2.55,12,13,112
35004S,SET OF 3 SILVER FLYING DUCKS,6.35,12,16,136
90086,CRYSTAL FROG PHONE CHARM,0.19,12,19,190
90090,PINK CRYSTAL HEART PHONE CHARM,0.85,12,17,258
47504F,ENGLISH ROSE TORCH,0.25,12,13,527
90032,IVORY SHELL HEART NECKLACE,3.13,12,21,45
90185B,AMETHYST DIAMANTE EXPANDABLE RING,4.25,12,13,45
84661C,PINK SQUARE TABLE CLOCK,0.79,12,12,137
85131B,BEADED CRYSTAL HEART GREEN ON STICK,0.83,12,24,331
21760,FRENCH STYLE WALL DRESSER,50.0,12,12,15
90210A,GREY ACRYLIC FACETED BANGLE,2.95,12,12,79
90199B,5 STRAND GLASS NECKLACE AMETHYST,6.35,12,12,17
84907,PINK YELLOW PATCH CUSHION COVER,7.65,12,14,365
84893,ANT WHITE IRON BASKET,4.95,12,15,34
90201D,GREEN ENAMEL FLOWER RING,2.95,12,16,83
72799D,BLUE PILLAR CANDLE SILVER FLOCK,2.95,12,13,65
21639,ASSORTED TUTTI FRUTTI KEYRING,0.85,12,13,249
72755C,FLOWER FAIRY OIL BURNER SET ROSE,1.25,12,13,588
90108,BLUE BLOSSOM HAIR CLIP,1.05,12,13,101
84510E,SET OF 4 GREEN CAROUSEL COASTERS,0.21,12,13,128
90120C,GREEN MURANO TWIST BRACELET,4.25,12,17,61
84456,SET OF 3 RABBIT EGG EASTER,0.85,12,12,33
16202E,BLACK PHOTO ALBUM,0.5,12,13,81
90058A,CRYSTAL STUD EARRINGS CLEAR DISPLAY,0.38,12,13,576
72755D,FLOWER FAIRY OIL BURNER SET SUMMER,1.25,12,13,533
35910A,MULTICOLOUR EASTER RABBIT,1.95,12,12,52
20957,PORCELAIN HANGING BELL SMALL,1.45,12,12,67
20701,PINK CAT FLORAL CUSHION COVER,3.75,12,13,282
85168A,WHITE BAROQUE CARRIAGE CLOCK,9.95,12,15,22
85167A,WHITE GRAND BAROQUE PHOTO FRAME,4.25,12,12,174
16207B,PINK HEART RED HANDBAG,2.46,12,13,211
35633B,BLUE TINSEL GARLAND,0.19,12,12,130
17129D,CLEAR COLOUR GLASS GEMS IN BAG,0.85,12,19,518
90010A,MIDNIGHT BLUE GLASS/SILVER BRACELET,8.95,12,14,31
21419,CONCH SHELL,3.75,12,13,1252
17109A,FLOWER FAIRY INCENSE LILY,0.38,12,13,709
23143,ZINC WIRE KITCHEN ORGANISER,3.95,12,12,25
90122C,TURQUOISE CRYSTAL+GLASS BRACELET,4.95,12,15,38
20994,JAZZ HEARTS SPIRAL NOTEPAD,0.85,12,12,47
20889,JARDIN DE FEMME SCENTED CANDLE,0.85,12,12,656
20991,JAZZ HEARTS MAGNETIC MEMO PAD,0.65,12,16,7058
46138B,BLUE CHENILLE SHAGGY CUSHION COVER,0.85,12,19,59
84247H,PACK/12 DECOUPAGE CARD,2.95,12,14,35
84985B,SET OF 72 BLACK PAPER DOILIES,1.45,12,19,122
35911B,PINK/FLOWER RABBIT EGG WARMER,2.1,12,13,57
20899,VINTAGE NOTEBOOK RED ROSE,2.95,12,12,44
90129D,AMBER GLASS TASSLE BAG CHARM,2.95,12,12,38
90146,FINE SILVER NECKLACE W PASTEL FLOWE,3.75,12,13,35
21339,MARAKESH LANTERN LARGE,19.95,12,12,30
90155,RESIN NECKLACE W PASTEL BEADS,7.5,12,12,21
16248B,BLUE HOLE PUNCH,1.25,12,12,82
84984A,GREEN PEONY CUSHION COVER,4.65,12,16,265
22876,NUMBER TILE COTTAGE GARDEN 8,1.95,12,13,109
84629,WHITE 3 FRAME BIRDS AND TREE,4.95,12,13,24
84934,ASSTD DESIGN POP ART SLIM PEN,0.85,12,12,684
84690,S/2 BEACH HUT STOOLS,7.95,12,13,27
84656,WHITE ROSE C/COVER,5.95,12,12,20
47348A,FUSCHIA VOILE POINTY SHOE DEC,0.39,12,16,104
21322,GLASS SPHERE CANDLE STAND LARGE,6.35,12,13,299
84029D,LEOPARD PRINT HOT WATER BOTTLE,3.75,12,12,46
72750C,"F.FAIRY S/3 CANDLE/GLASS, ROSE",1.95,12,15,232
10123G,ARMY CAMO WRAPPING TAPE,0.65,12,12,2246
40005B,BLUE ORGANDY ROUND LAMPSHADE W BEA,0.85,11,13,35
20799,PINK MILKSHAKE GLASS,2.1,11,13,167
37468,HARDMAN MUG 3 ASSORTED,0.39,11,12,64
90175D,TIGRIS EYE CHUNKY CHARM BRACELET,8.95,11,15,30
90184A,AMBER CHUNKY BEAD BRACELET W STRAP,8.95,11,12,34
23578,SNACK TRAY RED GINGHAM,1.95,11,11,56
84711B,PINK OVAL SHAPE TRINKET BOX,9.95,11,12,20
84723,CHERRY BLOSSOM CANVAS ART PICTURE,1.95,11,12,54
90089,PINK CRYSTAL SKULL PHONE CHARM,0.19,11,11,100
22871,NUMBER TILE COTTAGE GARDEN 3,1.95,11,12,108
90024D,NEW BAROQUE B'FLY NECKLACE PINK,8.5,11,11,13
90036D,"FLOWER GLASS GARLAND NECKL.36""BLACK",7.95,11,12,35
90104,PURPLE FRANGIPANI HAIRCLIP,0.85,11,11,58
84597B,RETRO BROWN BALL ASHTRAY,1.25,11,19,195
90158,ST TROPEZ NECKLACE,4.95,11,11,22
84613C,BLUE NEW BAROQUE FLOCK CANDLESTICK,4.65,11,12,63
90124B,BLUE MURANO TWIST NECKLACE,9.95,11,11,20
44089A,PINK GAUZE BUTTERFLY LAMPSHADE,0.42,11,12,39
90115,SUMMER BUTTERFLIES BAG CHARM,2.55,11,11,31
90116,FRUIT SALAD BAG CHARM,1.69,11,11,44
90144,SILVER DROP EARRINGS WITH FLOWER,3.75,11,11,31
20796,SMALL BLUE PROVENCAL CERAMIC BALL,1.65,11,13,88
23468,TUSCAN VILLA BIRD TABLE,8.25,11,11,19
20910,VINTAGE PHOTO ALBUM PARIS DAYS,6.35,11,28,84
84509E,SET OF 4 CAROUSEL PLACEMATS,0.79,11,12,133
84548,CROCHET BEAR RED/BLUE  KEYRING,1.65,11,12,41
21764,VINTAGE WOODEN PLATE RACK,39.95,11,11,17
85162C,WHITE RETRODISC LAMPSHADE,1.95,11,41,898
21759,METAL WALL SHELF UNIT WITH HOOKS,30.0,11,11,27
72753B,S/3 FLWR FAIRY LAVENDER CANDLES,2.1,11,13,444
90214F,"LETTER ""F"" BLING KEY RING",0.29,11,13,30
84924D,LA PALMIERA METAL SIGN CALENDAR,3.75,11,12,760
82081,PINK HEARTS PHOTO ALBUM,1.95,11,12,159
90214O,"LETTER ""O"" BLING KEY RING",0.29,11,13,31
90214D,"LETTER ""D"" BLING KEY RING",0.29,11,19,65
90214N,"LETTER ""N"" BLING KEY RING",0.29,11,18,50
20826,SILVER APERITIF GLASS,0.39,11,14,355
84709A,SILVER OVAL JEWELLED MIRROR,5.95,11,11,23
84358,FLOOR LAMP SHADE WOOD BASE,8.49,11,22,114
84255B,ORANGE COCKTAIL GLASS LAMP,2.1,11,14,61
21300,ANTIQUE EDWARDIAN DRESSER,12.75,11,11,52
84454,WOBBLING METAL CHICKEN EASTER,0.85,11,13,85
20700,GREEN CAT FLORAL CUSHION COVER,3.75,11,12,288
75172,PAINTED SEA SHELL METAL WINDCHIME,0.79,11,11,97
75178,ASSTD COL BUTTERFLY/CRYSTAL W/CHIME,1.25,11,16,477
75011,BLUE DAISY MOBILE,0.79,11,15,181
79149B,SILICON STAR BULB  BLUE,0.42,11,12,32
84899E,YELLOW BROWN BEAR FELT PURSE KIT,1.25,11,14,46
84292,ROSE PINK METAL FOLDING CHAIR,7.95,11,12,42
35600D,PINK AND WHITE CHRISTMAS TREE 180CM,2.95,11,12,140
82545A,COGNAC AUX OEUFS METAL 1 HOOK,1.25,11,11,31
20664,TROPICAL HOLIDAY PURSE,2.95,11,16,31
20987,GEISHA GIRL CHOPSTICKS SET/5,1.95,11,12,117
84984C,ORIENTAL BLUE CUSHION COVER,4.65,11,12,227
20902,VINTAGE KEEPSAKE BOX PARIS DAYS,6.35,11,15,71
35973,GERANIUM FOLKART HEART DECORATION,1.25,11,12,49
72796B,S/3 FRENCH VANILLA SQU CANDLE,1.65,11,11,26
72781,BLACK SILOUETTE CANDLE PLATE,2.1,11,14,120
84845D,GERANIUM SQUARE HANDY TIN,1.25,11,11,41
16043,POP ART PUSH DOWN RUBBER,0.12,11,12,2142
47552A,DOTS IRONING BOARD COVER,1.95,11,11,13
47351B,BLUE  VOILE LAMPSHADE,2.95,11,14,98
71510,SQUARE METAL CANDLEHOLDER BASE,0.85,11,17,177
72750D,F.FAIRY S/3 CANDLE/GLASS,1.95,11,11,110
35963,FOLKART ZINC CLIP ON ANGEL WINGS,0.38,10,11,104
90030C,BROWN KUKUI COCONUT SEED NECKLACE,1.0,10,10,81
90029,NEW BAROQUE SMALL NECKLACE BLACK,8.5,10,10,21
90018B,GOLD M.O.P ORBIT DROP EARRINGS,4.25,10,10,16
21102,"CANDLE IN JAR COLLAGE , VANILLA",2.55,10,12,65
90063A,WHITE VINT ART DECO CRYSTAL NECKLAC,8.5,10,10,18
90190C,SILVER/AMETHYST DROP EARRINGS LEAF,2.95,10,10,29
90192,JADE DROP EARRINGS W FILIGREE,4.95,10,19,58
90214I,"LETTER ""I"" BLING KEY RING",0.29,10,12,44
81950V,FLOWER PURPLE CLOCK WITH SUCKER,0.29,10,10,33
90210D,PURPLE ACRYLIC FACETED BANGLE,1.0,10,12,132
21321,GLASS CHALICE BLUE  LARGE,2.55,10,13,108
21003,ROSE DU SUD CUSHION COVER,6.35,10,11,22
20848,ZINC HEART LATTICE CHARGER SMALL,2.95,10,12,39
85018A,S/6 PAPER BOXES ROMANTIC IMAGES,4.25,10,10,15
84925C,FAIRY CAKES  WALL THERMOMETER,2.55,10,10,28
22987,WRAP SUMMER ROSE DESIGN,0.42,10,10,250
85023C,PINK LARGE JEWELED PHOTOFRAME,2.55,10,11,23
20693,FLORAL DINOSAUR GREEN,4.25,10,12,26
84424A,FOUR PICTURE WHITE GLASS FRAME,3.75,10,10,23
84313A,PINK TV TRAY TABLE,4.25,10,16,34
20714,POSY SHOPPER BAG,0.38,10,12,1513
18097A,PINK TALL PORCELAIN T-LIGHT HOLDER,2.55,10,12,19
72798C,SET/4 GARDEN ROSE DINNER CANDLE,1.65,10,11,25
85018B,S/6 PAPER BOXES BLOSSOM IMAGES,4.25,10,10,15
84875A,PINK SQUARE COMPACT MIRROR,3.75,10,11,15
77079,DOLPHIN WINDMILL,2.12,10,11,62
20860,GOLD COSMETICS BAG WITH BUTTERFLY,2.1,10,10,19
20888,SET 3 JARDIN DE FEMME SCENT CANDLES,1.25,10,11,359
47503F,ASS FLORAL PRINT TORCH,1.65,10,11,2571
47369A,PINK GREEN EMBROIDERY COSMETIC BAG,2.95,10,10,25
47344B,BLUE FLOWER DES PURSE,0.83,10,10,54
84537B,FAIRY CAKES GIFT BAG,0.42,10,11,117
22880,NUMBER TILE VINTAGE FONT 1,1.95,10,14,83
90096,NECKLACE+BRACELET SET BLUE BLOSSOM,2.55,10,11,31
90040C,MURANO STYLE GLASS BRACELET GOLD,3.5,10,10,29
90036E,"FLOWER GLASS GARLD NECKL36""AMETHYST",7.95,10,11,18
90040A,MURANO STYLE GLASS BRACELET RED,3.5,10,10,23
90036A,FLOWER GARLAND NECKLACE RED,7.95,10,14,21
84803B,WHITE ALLIUM  ARTIFICIAL FLOWER,1.69,10,10,40
37483,ENGLISH ROSE MUG IN GIFT BOX,1.47,10,10,144
22887,NUMBER TILE VINTAGE FONT 8,1.95,10,14,78
20821,GOLDIE LOOKING MIRROR,4.95,10,10,26
90129E,PURPLE GLASS TASSLE BAG CHARM,2.95,10,10,37
90162C,ANT SILVER FUSCHIA BOUDICCA RING,2.95,10,16,42
37489C,GREEN/BLUE FLOWER DESIGN BIG MUG,0.39,10,10,27
37485,ENGLISH ROSE TEA SET IN GIFT BOX,4.65,10,15,49
44091C,MULTICOLOUR CRUSOE CHECK LAMPSHADE,0.42,10,10,48
90170,DAISY HAIR BAND,1.65,10,10,67
90180B,PURPLE AMETHYST NECKLACE W TASSEL,9.95,10,10,14
72739B,WHITE CHOCOLATE SCENT CANDLE,0.65,10,10,351
72739C,DARK CHOCOLATE SCENTCANDLE,1.25,10,11,291
72753A,S/3 FLWR FAIRY LILLY CANDLES,2.1,10,11,312
16162M,THE KING GIFT BAG 25x24x12cm,0.42,10,12,86
72709,IVORY SCULPTED RND CANDLE,0.85,10,13,92
72024U,LILAC VOTIVE CANDLE,0.21,10,10,218
16202C,BEIGE PHOTO ALBUM,1.95,10,10,94
21686,MEDINA STAMPED METAL STOOL,39.95,10,29,62
84464,S/60 PINK FLUFFY CHICKS IN BOX,1.95,10,11,83
84855,BLOKEY SILVER TOOL SET,4.95,10,11,31
71215,METAL BASE FOR CANDLES,0.42,10,12,178
71143,SILVER BOOK MARK WITH BEADS,0.85,10,13,78
47369B,BLUE GREEN EMBROIDERY COSMETIC BAG,5.79,10,10,26
90003C,MIDNIGHT BLUE PAIR HEART HAIR SLIDE,3.75,10,10,25
35932,PINK CHRISTMAS TREE DECORATION,0.38,10,10,37
85225,BLING KEY RING STAND,1.0,10,11,19
85179C,PINK BITTY LIGHT CHAIN,1.25,10,10,77
48103,DOORMAT KISS MY.......,4.58,10,10,35
90013C,GREEN VINTAGE EARRINGS,3.75,10,10,35
90204,PAIR OF ENAMEL BUTTERFLY HAIRCLIP,3.35,9,9,19
90196A,PURPLE GEMSTONE NECKLACE 45CM,12.75,9,9,22
90196B,BLACK GEMSTONE NECKLACE 45CM,12.75,9,10,16
23540,WALL ART THE MAGIC FOREST,2.55,9,10,146
84564,6 SEGMENT COLOURED SNACK BOWL,7.95,9,9,18
90040D,MURANO STYLE GLASS BRACELET PINK,3.5,9,10,26
84798A,PINK FOXGLOVE ARTIIFCIAL FLOWER,2.55,9,9,186
90070,RUBY GLASS CLUSTER BRACELET,5.95,9,11,37
84596I,WRAP SWEETS LIGHT PINK SMALL BOWL,1.25,9,9,71
84586L,"PINK ROSES/GINGHAM PATCH RABBIT 8""",2.95,9,9,15
84582,PINK CROCHET CAT WITH SCARF,4.25,9,9,12
44236,PINK/PURPLE CIRCLE CURTAIN,0.79,9,12,64
84621,BLUE GINGHAM ROSE FLOOR CUSHION,7.95,9,13,27
84613A,PINK NEW BAROQUE FLOCK CANDLESTICK,4.65,9,10,22
37462E,"PET MUG, GOLDFISH",0.19,9,9,81
90178B,PURPLE CHUNKY GLASS+BEAD NECKLACE,11.95,9,9,14
90177D,DROP DIAMANTE EARRINGS PURPLE,2.95,9,10,31
90125A,PINK BERTIE GLASS BEAD BAG CHARM,2.1,9,12,140
90125D,PURPLE BERTIE GLASS BEAD BAG CHARM,2.1,9,11,102
22881,NUMBER TILE VINTAGE FONT 2,1.95,9,15,89
22883,NUMBER TILE VINTAGE FONT 4,1.95,9,12,86
22888,NUMBER TILE VINTAGE FONT 9,1.95,9,10,66
10124G,ARMY CAMO BOOKCOVER TAPE,0.42,9,9,37
90206C,CRYSTAL DIAMANTE STAR BROOCH,4.95,9,11,22
90214T,"LETTER ""T"" BLING KEY RING",0.29,9,12,43
46776E,WOVEN CANDY CUSHION COVER,4.95,9,11,93
84601A,NEW BAROQUE IVORY CUSHION COVER,2.95,9,12,254
84529C,YELLOW KNITTED KIDS RUCKSACK,6.75,9,11,33
84539,KNITTED RABBIT DOLL,1.65,9,9,36
90000B,MIDNIGHT BLUE COPPER FLOWER NECKLAC,5.95,9,9,14
90003B,ROSE COLOUR PAIR HEART HAIR SLIDES,3.75,9,9,24
20786,BLACK RETRO BAR STOOL,39.95,9,9,22
35916C,PINK FELT HANGING HEART W FLOWER,0.85,9,9,85
23574,PACKING CHARGE,7.5,9,14,14
84529A,PINK KNITTED KIDS RUCKSACK,6.75,9,10,24
23305,SET 4 PICNIC CUTLERY BLUEBERRY,1.95,9,9,82
23478,WOODLAND LARGE PINK FELT HEART,1.25,9,10,278
16169D,WRAP WINTER FOREST,0.42,9,9,250
85095,THREE CANVAS LUGGAGE TAGS,4.13,9,11,91
72724,SET/6 CHRISTMAS ICICLE T-LIGHTS,1.25,9,9,34
35817P,PINK ACRYLIC JEWEL SNOWFLAKE,0.38,9,10,418
72753D,S/3 FLWR FAIRY SUMMER CANDLES,2.1,9,9,144
17191A,ROSE FLOWER CANDLE+INCENSE 16X16CM,3.75,9,12,33
72038P,PRICE'S CANDLE PEACH,0.21,9,9,1050
85165,CANDY PINK FRENCH BOUDOIR CLOCK,9.95,9,11,16
72225D,VANILLA SCENT CAKE CANDLE,0.29,9,10,960
84549,CROCHET WHITE RABBIT KEYRING,1.65,9,9,64
84402D,PINK DRESS JEWELLERY STAND,0.85,9,11,371
20958,PORCELAIN HANGING BELL LARGE,1.95,9,9,26
79063D,"RETRO PILL BOX , REVOLUTIONARY",0.19,9,10,189
78034B,BLUE NETTING STORAGE HANGER,1.95,9,9,16
35443,RASTA IN BATH W SPLIFF ASHTRAY,0.85,9,9,15
35591T,TURQUOISE CHRISTMAS TREE,1.25,9,9,20
85023A,CRYSTAL LARGE JEWELLED PHOTO FRAME,2.55,9,10,22
20688,BEAUTY SPEED EXPRESSO CUPS,0.45,9,9,462
23304,SET 4 PICNIC CUTLERY CHERRY,1.95,9,9,71
22833,HALL CABINET WITH 3 DRAWERS,49.95,9,11,191
17014A,ORIGAMI VANILLA INCENSE CONES,0.42,9,9,247
84922,PINK BUTTERFLY WASHBAG,4.25,9,10,335
22828,REGENCY MIRROR WITH SHUTTERS,145.0,9,11,18
90210C,RED   ACRYLIC FACETED BANGLE,1.0,9,9,113
21338,MARAKESH LANTERN SMALL,5.95,9,11,196
84206A,3 BLACK CATS W HEARTS BLANK CARD,0.19,9,9,79
90199A,5 STRAND GLASS NECKLACE BLACK,6.35,9,9,17
90209B,GREEN ENAMEL+GLASS HAIR COMB,2.1,9,18,249
90208,PAIR OF PINK FLOWER CLUSTER SLIDE,2.55,9,12,92
90199D,5 STRAND GLASS NECKLACE AMBER,6.35,9,9,15
90002C,FLOWER BURST SILVER RING MIDN'T BLU,3.75,8,11,25
90185A,AMBER DIAMANTE EXPANDABLE RING,4.25,8,9,36
90016A,SILVER/M.O.P PENDANT ORBIT NECKLACE,4.25,8,9,22
90211B,JET BLACK LAS VEGAS NECKLACE 45CM,5.95,8,8,18
84963A,PINK PAINTED KASHMIRI CHAIR,42.95,8,8,26
20988,TRELLIS FLOWER CHOPSTICKS SET/5,1.95,8,9,24
62043B,BLUE CHECK BAG W HANDLE 34X20CM,0.83,8,10,54
84623,PINK GINGHAM ROSE FLOOR CUSHION,2.95,8,12,53
62074B,ELEPHANT CLIP W SUCTION CUP,0.42,8,11,34
90042C,FRESHWATER PEARL BRACELET IVORY,2.55,8,8,35
16053,POPART COL BALLPOINT PEN ASST,0.21,8,8,4298
20879,TREE OF NOAH FESTIVE SCENTED CANDLE,0.65,8,8,62
35936,CERISE+GOLD CHRISTMAS TREE DEC,0.38,8,9,36
90030A,SPOTTED WHITE NATURAL SEED NECKLACE,1.0,8,8,77
90036B,"FLOWER GLASS GARLAND NECKL.36""GREEN",7.95,8,9,17
35610A,PINK CHRISTMAS FLOCK DROPLET,1.25,8,8,138
84926B,SCOTTS ROSES TILE COASTER,1.25,8,10,54
84924F,PSYCHEDELIC METAL SIGN CALENDAR,0.79,8,8,973
72369A,PINK CLEAR GLASS CANDLE PLATE,1.25,8,8,53
90137,PINK COMBO MINI CRYSTALS NECKLACE,4.95,8,8,19
84425A,WHITE GLASS TV TRIPLE FRAME,4.25,8,8,16
44242B,PINK FEATHERS CURTAIN,0.79,8,8,106
35818B,"ACRYLIC JEWEL ICICLE, BLUE",0.38,8,8,403
23024,LARGE BONNE JAM JAR  T-LIGHT HOLDER,2.49,8,10,254
84798B,PURPLE FOXGLOVE ARTIIFCIAL FLOWER,2.55,8,9,322
84653,GREEN ROSE QUILT,45.95,8,8,10
84886,BLUE METAL WALL SHELF,9.95,8,8,11
20835,FRENCH LATTICE CUSHION COVER,0.83,8,8,78
90190A,SILVER/CRYSTAL DROP EARRINGS W LEAF,2.95,8,8,18
90013A,MIDNIGHT BLUE VINTAGE EARRINGS,3.75,8,10,41
21353,SILVER SLEIGHBELL  WREATH,7.95,8,8,18
84632,DECORATIVE HANGING SHELVING UNIT,59.95,8,10,14
16161E,WRAP BOUDOIR,0.1,8,9,750
90063B,BLACK VINT ART DEC CRYSTAL NECKLACE,8.5,8,9,15
35824C,"HANGING FLOWERS+MIRROR,CLEAR",0.38,8,8,235
90162A,ANT SILVER TURQUOISE BOUDICCA RING,2.95,8,10,29
35233,PASTA ENAMEL/BRASS CONTAINER,3.75,8,8,12
90164B,WHITE  ROSEBUD PEARL BRACELET,1.95,8,8,30
84967B,BLUE KASHMIRI OCCASIONAL TABLE,30.0,8,10,23
90064B,BLACK VINTAGE  CRYSTAL EARRINGS,3.75,8,9,17
85151,WELCOME METAL SIGN,1.25,8,8,44
71496A,A4 WALL TIDY BLUE OFFICE,0.53,8,8,240
22889,NUMBER TILE VINTAGE FONT No,2.1,8,10,171
71495B,CD WALL TIDY RED FLOWERS,0.36,8,12,300
85166A,WHITE METAL BAROQUE PHOTO FRAME,3.75,8,8,72
22886,NUMBER TILE VINTAGE FONT 7,1.95,8,14,82
16256C,HEARTS PENCIL/RUBBER+5 MINI PENCILS,0.42,8,10,169
84706B,FAIRY CAKES TABLE CLOCK,8.95,8,8,19
16244B,MAXWELL 2 TONE BLUE 60 PAGE PHOTO A,1.95,8,8,309
79338,DARK PINK FLOCK GLASS CANDLEHOLDER,1.65,8,10,547
72772,SET/4 SCENTED CANDLES IN RAMEKINS,1.25,8,8,454
46775E,CANDY POP CHUNKY KNITTED THROW,16.95,8,10,15
90084,PINK CRYSTAL GUITAR PHONE CHARM,0.85,8,9,64
72715,SPHERICAL IVORY CANDLE,0.42,8,12,82
45016,DECORATIVE NET CANOPY LEOPARD,3.75,8,8,73
23477,WOODLAND LARGE BLUE FELT HEART,1.25,8,8,85
72754B,F FAIRY POTPOURRI CUSHIONS LAVENDER,0.65,8,8,170
45013,FOLDING SHOE TIDY,2.95,8,8,48
90088,CRYSTAL KEY+LOCK PHONE CHARM,0.85,8,12,99
84858B,BLUE RIVIERA HANDBAG,1.25,8,9,326
90067A,PINK VINTAGE VICTORIAN EARRINGS,2.95,8,8,25
79331,PINK FLOCK GLASS CANDLEHOLDER,0.38,8,9,60
90121B,VINTAGE ROSE BEAD BRACELET BLUE,4.25,8,9,19
90123B,TURQUOISE HEART OF GLASS BRACELET,5.95,8,11,26
21674,RIDGED GLASS PENDANT LAMPSHADE,14.95,8,9,44
90214V,"LETTER ""V"" BLING KEY RING",0.29,7,9,23
17129C,SKY BLUE COLOUR GLASS GEMS IN BAG,0.64,7,10,85
84809B,PINK CHRYSANTHEMUMS ART FLOWER,2.1,7,8,296
84807,RED POPPY ARTIFICIAL FLOWER,0.65,7,7,233
37351,ORANGE FLOWER MUG,0.39,7,7,5395
21337,SILVER WASHBAG,2.95,7,9,30
90001D,ANTIQUE OLIVE GREEN FLOWER EARRINGS,4.25,7,7,16
21118,SHOPPING BAG DOORSTOP,1.25,7,7,69
90179C,BLACK FINE BEAD NECKLACE W TASSEL,5.95,7,7,11
47341A,FUSCHIA TABLE RUN FLOWER,1.25,7,7,29
46776D,WOVEN SUNSET CUSHION COVER,4.95,7,9,23
90002B,FLOWER BURST SILVER RING ROSE,3.75,7,7,18
90013D,PURPLE VINTAGE EARRINGS,3.75,7,8,34
85184B,SET 4 EASTER DECOUPAGE OVAL BOXES,2.95,7,7,14
84830,LARGE ENGLISH ARBORETUM,16.95,7,7,113
84622,PINK GINGHAM ROSE CUSHION COVER,5.95,7,7,21
35085E,IVORY ROSE LAMPSHADE,1.25,7,9,39
90065A,WHITE VINTAGE CRYSTAL BRACELET,6.75,7,7,19
90060F,FIRE POLISHED GLASS NECKL GREEN,5.95,7,7,18
16119,FUNKY GIRL ADDRESS BOOK,0.38,7,7,271
72083A,STRAWBERY SWIRL FLARE CANDLE,2.1,7,7,24
90164A,PINK ROSEBUD PEARL BRACELET,1.95,7,7,21
90162D,ANT SILVER PURPLE BOUDICCA RING,2.95,7,11,27
90166,PINK & WHITE ROSEBUD RING,4.15,7,11,19
84805B,BLUE CLIMBING HYDRANGA ART FLOWER,1.25,7,8,339
16245A,PINK MINI STATIONERY SET W CASE,1.25,7,7,11
84593,CROCHET ROSE DES CLOTHES HANGER,2.95,7,7,26
79413,GLASS WINE GLASS DECORATIONS,1.25,7,9,30
81985A,"ICON ALARM CLOCK,FUSCHIA  PIN UP",2.55,7,7,23
84805A,CREAM CLIMBING HYDRANGA ART FLOWER,1.25,7,7,145
47587A,PINK FAIRY CAKE COASTER,0.1,7,9,2676
90024E,NEW BAROQUE B'FLY NECKLACE MONTANA,8.5,7,7,12
84086B,YELLOW/BLUE RETRO RADIO,2.95,7,12,24
90035A,"PEARL & SHELL 42""NECKL. GREEN",10.75,7,9,17
35916A,YELLOW FELT HANGING HEART W FLOWER,0.85,7,7,51
20787,BLUE RETRO BAR STOOL,39.95,7,8,11
90018C,SILVER BLACK ORBIT DROP EARRINGS,4.25,7,7,14
90023,FILIGREE DIAMANTE EARRINGS,4.25,7,11,21
90019C,SILVER BLACK ORBIT BRACELET,4.95,7,7,10
82093,HEART SHAPE BUTTON FRAME,1.25,7,7,100
90036C,"FLOWER GLASS GARLAND NECKL.36""BLUE",7.95,7,8,22
71050,SMALL SINGLE FLAME CANDLE HOLDER,0.35,7,8,51
71028B,SILVER BLUE EGG T-LIGHT HOLDER,0.38,7,8,483
90173,PAIR BUTTERFLY HAIR CLIPS,3.75,7,7,33
20953,PORCELAIN CHERUB BELL LARGE,1.65,7,7,19
23442,12 HANGING EGGS HAND PAINTED,2.08,7,7,42
22657,HEN & 2 CHICKS IN BASKET,0.85,7,7,65
84858A,NATURAL RIVIERA HANDBAG,5.95,7,7,52
90150,BLUE SHELL+SILVER NECKLACE,7.5,7,7,12
35819P,"ACRYLIC HANGING JEWEL,PINK",0.38,7,7,95
35816P,"ACRYLIC JEWEL ANGEL,PINK",0.38,7,7,292
23463,VINTAGE ZINC WATERING CAN,9.95,7,7,12
35815P,"ACRYLIC JEWEL SNOWFLAKE, PINK",0.38,7,7,168
90100,NECKLACE+BRACELET SET PINK DAISY,2.55,7,9,22
84447,6 RABBIT CHAIN EASTER,0.85,7,7,53
35597D,PINK/WHITE CHRISTMAS TREE 30CM,0.38,7,7,58
20814,SILVER FINCH DECORATION,1.25,7,12,187
44241C,BLUE BUTTERFLY ON SPRING,0.85,7,7,68
90073,VINTAGE ENAMEL & CRYSTAL EARRINGS,4.95,7,7,22
79329,PINK FLOCK GLASS CANDLEHOLDER,0.38,7,7,100
90156,RESIN BRACELET W PASTEL BEADS,4.95,7,7,18
17174,ASSTD RASTA KEY-CHAINS,0.42,7,7,36
35638B,PINK/BLUE STRING CURTAIN,1.95,7,8,115
37491C,GREEN/BLUE CERAMIC CANDLE HOLDER,1.65,7,7,17
37492A,YELLOW RED FLOWER PIGGY BANK,1.65,7,10,107
72799B,PURPLE PILLAR CANDLE BLACK FLOCK,1.25,7,9,313
84414B,FUSCHIA/GREEN STRIPE WOOLLY BLANKET,5.95,7,8,77
84617,NEW BAROQUE BLACK BOXES,12.75,7,7,11
84614A,PINK BAROQUE FLOCK CANDLE HOLDER,5.95,7,7,15
22879,NUMBER TILE VINTAGE FONT 0,1.95,7,10,71
35793,S/3 PUPPIES CHRISTMAS DECORATIONS,0.85,7,8,101
90133,TEAL/FUSCHIA COL BEAD NECKLACE,4.95,7,7,18
72783,BLACK SIL'T SQU CANDLE PLATE,2.1,7,7,40
84450B,PINK/YELLOW RABBIT SAT EASTER,0.42,7,7,70
90124C,GREEN MURANO TWIST NECKLACE,9.95,7,8,14
90123D,WHITE HEART OF GLASS BRACELET,5.95,7,8,23
90123C,GREEN HEART OF GLASS BRACELET,5.95,7,9,24
16201A,PASTEL PINK PHOTO ALBUM,1.95,7,8,100
90209A,PURPLE ENAMEL+GLASS HAIR COMB,2.1,7,10,173
90002E,FLOWER BURST SILVER RING GREEN,3.75,7,8,15
90212B,JET BLACK LAS VEGAS BRACELET ROUND,3.75,7,7,19
84933C,LARGE BLUE ORIENTAL FOLDING STOOL,2.1,6,6,136
37399,"ASS RETROSPOOF MUGS,SPORTS",0.42,6,6,143
84732B,CUTE BIRD CEATURE SCREEN,0.39,6,6,28
84732D,CUTE RABBIT CEATURE SCREEN,0.39,6,6,15
90190B,GOLD/AMBER DROP EARRINGS W LEAF,2.95,6,6,34
90119,METALIC LEAVES BAG CHARMS,2.46,6,18,68
44091A,BLUE CRUSOE CHECK LAMPSHADE,0.42,6,6,20
23303,SET 4 PICNIC CUTLERY FONDANT,1.95,6,6,65
84872A,TEATIME FUNKY FLOWER BACKPACK FOR 2,16.95,6,6,7
21697,SET 5 MINI DOUGHNUT FRIDGE MAGNET,0.3,6,7,372
90111,BLUE HIBISCUS  HAIR CLIP,1.05,6,6,8
84782B,BLACK 3 TIER GLASS PLATE STAND,12.75,6,6,10
90125B,AQUA BERTIE GLASS BEAD BAG CHARM,2.1,6,6,31
16244A,MAXWELL 2 TONE PINK 60 PAGE PHOTO A,1.95,6,6,142
20964,POLYESTER FILLER PAD 60x40cm,2.55,6,6,20
20820,SILVER LOOKING MIRROR,4.95,6,8,14
90130A,WHITE STONE/CRYSTAL EARRINGS,2.95,6,6,18
35644,PAIR PINK/BLACK COATHANGERS,1.95,6,7,25
35638A,PINK AND BLACK STRING CURTAIN,1.95,6,6,39
72771B,BURG FLOCK GOLD CUP/CANDLE,0.42,6,6,127
44092C,PURPLE/COPPER HANGING LAMPSHADE,0.85,6,8,23
90083,CRYSTAL CZECH CROSS PHONE CHARM,0.19,6,8,44
18010,ASSORTED FRAGRANCE BATH CONFETTI,0.42,6,6,56
71496B,A4 WALL TIDY RED FLOWERS,0.53,6,6,15
90149,SILVER FLOWR PINK SHELL NECKLACE,6.36,6,7,60
90154,LAZER CUT NECKLACE W PASTEL BEADS,8.95,6,6,58
79315W,FLYING SAUCER TABLE LIGHT IN WHITE,2.95,6,7,191
79328,BLUE FLOCK GLASS CANDLEHOLDER,0.38,6,11,586
90060D,FIRE POLISHED GLASS NECKL BRONZE,5.95,6,7,12
90092,BLUE CRYSTAL BOOT PHONE CHARM,0.85,6,7,91
23464,VINTAGE ZINC WATERING CAN SMALL,4.95,6,6,16
85079,EMBROIDERED REINDEER DECORATION,0.85,6,6,19
90183A,AMBER DROP EARRINGS W LONG BEADS,2.95,6,6,26
17091F,SANDALWOOD INCENSE IN TIN,1.25,6,6,16
20784,RED RETRO BAR STOOL,39.95,6,8,26
90019B,GOLD M.O.P ORBIT BRACELET,4.95,6,7,11
47347B,BLUE FLOWER T-LIGHT HOLDER,1.25,6,7,236
48179,DOOR MAT SWEET HOME,4.0,6,6,28
84551,CROCHET DOG KEYRING,1.65,6,6,24
90046,WHITE WITH METAL BAG CHARM,4.95,6,7,13
20667,CHERRY BLOSSOM PURSE,2.95,6,9,21
90175B,PINK GLASS CHUNKY CHARM BRACELET,8.95,6,7,15
90042A,FRESHWATER PEARL BRACELET GOLD,2.55,6,7,27
21489,BLUE WHITE SCARF HOT WATER BOTTLE,3.95,6,6,16
84706A,ENGLISH ROSE TABLE CLOCK,8.95,6,6,136
17011A,ORIGAMI VANILLA INCENSE+FLOWER,0.3,6,6,254
84746,PINK EASTER HENS+FLOWER,3.75,6,8,13
17007B,S/3 POT POURI CUSHIONS BLUE COLOURS,2.1,6,6,46
90059C,DIAMANTE HAIR GRIP PACK/2 MONTANA,1.65,6,7,25
35909B,PINK FLOWERS RABBIT EASTER,2.95,6,6,16
84367,LA STREGA CANVAS PICTURE,1.65,6,7,73
35910B,PINK FLOWERS RABBIT EASTER,1.95,6,6,27
47583B,SET OF 3 WICKER BASKET TEA AND CAKE,7.0,6,6,27
47563B,WAVELINE SURF IRONING BOARD COVER,3.75,6,6,8
90026D,GLASS BEAD HOOP NECKLACE AMETHYST,8.5,6,8,10
90027D,GLASS BEAD HOOP EARRINGS AMETHYST,2.95,6,6,12
90026A,GLASS BEAD HOOP NECKLACE BLACK,8.5,6,6,8
84201B,HAPPY BIRTHDAY CARD STRIPEY TEDDY,0.19,6,6,28
90177C,DROP DIAMANTE EARRINGS CRYSTAL,2.95,6,6,17
90024B,NEW BAROQUE B'FLY NECKLACE RED,8.5,6,6,10
35610C,WHITE CHRISTMAS FLOCK DROPLET,1.25,6,6,91
90176D,DIAMANTE NECKLACE PURPLE,7.5,6,6,10
37477B,"FLOWER FAIRY MUG+COASTER,LAVENDER",3.75,6,8,16
35597B,BLACKCHRISTMAS TREE 30CM,1.25,6,6,19
37352,BIRD IN TREE MUG,1.25,6,8,4643
90205A,LARGE MINT DIAMANTE HAIRSLIDE,1.65,6,6,16
37491B,BLUE/YELLOW CERAMIC CANDLE HOLDER,1.65,5,5,10
20816,GOLD FLOWER CUSHION COVER,1.95,5,7,24
84340,LARGE FIBRE OPTIC CHRISTMAS TREE,0.42,5,6,15
35071,ASSORTED SANTA CHRISTMAS DECORATION,0.85,5,5,48
35840,FLAT GLASS  BAUBLE WHITE FLOCK,0.85,5,5,36
37482B,CUBIC MUG BLUE POLKA DOT,2.55,5,7,1249
35918B,BLUE FLORIBUNDA EGG WARMER,1.25,5,5,10
90026C,GLASS BEAD HOOP NECKLACE GREEN,8.5,5,5,7
37348,SET OF 4 PASTEL STACKING MUGS,2.55,5,6,13
37379A,PINK CHERRY BLOSSOM CUP & SAUCER,1.25,5,5,30
21309,LOUVRE CHALKBOARD,9.95,5,5,49
82076,BEECH WOOD PHOTO FRAME,1.25,5,6,271
17014D,ORIGAMI ROSE INCENSE CONES,0.3,5,5,476
35909A,RABBIT EASTER DECORATION,2.95,5,5,20
90035C,"PEARL & SHELL 42""NECKL. IVORY",10.75,5,5,28
90037B,TINY CRYSTAL BRACELET GREEN,2.55,5,5,23
21702,SET 5 MINI GATEAUX  FRIDGE MAGNETS,0.3,5,8,2636
90138,WHITE/PINK MINI CRYSTALS NECKLACE,4.95,5,5,11
79303D,LILAC FLOWER BLOCK TABLE LAMP,2.95,5,7,64
72740A,LARGE STRAWBERRY CHOCOLATE CANDLE,1.25,5,5,56
90069,RUBY GLASS CLUSTER NECKLACE,7.5,5,5,11
90079,VINTAGE ENAMEL & CRYSTAL NECKLACE,4.95,5,5,10
23440,PAINT YOUR OWN EGGS IN CRATE,1.79,5,5,164
35001B,HAND OPEN SHAPE BLACK,3.49,5,5,16
90151,SILVER/NATURAL SHELL NECKLACE,8.5,5,7,19
37491D,PURPLE/BLUE CERAMIC CANDLE HOLDER,1.65,5,5,14
23467,VINTAGE ZINC PLANTER,3.29,5,5,23
84891B,GREEN WIRE GOBLET CANDLEHOLDER,7.95,5,5,8
84427B,BLACK GLASS TV DOUBLE P/FRAME 15X10,4.25,5,5,17
37491A,YELLOW/PINK CERAMIC CANDLE HOLDER,1.65,5,5,7
84873A,FUNKY FLOWER PICNIC BAG FOR 4,16.95,5,5,7
37345,ASSTD HEARTS DESIGN MUGS,1.65,5,6,318
20825,GOLD WINE GLASS,3.75,5,6,360
20827,GOLD APERITIF GLASS,0.39,5,8,173
72796A,S/3 ENGLISH LAVENDER SQU CANDLE,1.65,5,5,11
90128B,BLUE LEAVES AND BEADS PHONE CHARM,1.25,5,5,18
90103,PURPLE FRANGIPANI NECKLACE,2.55,5,5,12
72793,BLACK BOX MIRROR LANTERN,4.65,5,10,55
90128A,PINK LEAVES AND BEADS PHONE CHARM,1.25,5,5,19
90005A,JADE GREEN ENAMEL HAIR COMB,1.95,5,7,36
90211A,DIAMOND LAS VEGAS NECKLACE 45CM,5.95,5,5,9
90206A,GOLD DIAMANTE STAR BROOCH,4.95,5,6,10
84933B,LARGE PINK PEONY FOLDING STOOL,2.1,5,6,136
90212C,PURPLE LAS VEGAS BRACELET ROUND,3.75,5,5,16
84933A,LARGE GREEN PEONY FOLDING STOOL,9.95,5,6,131
90125C,TURQUOISE BERTIE GLASS BEAD CHARM,2.1,5,6,88
90189A,SILVER 2 STRAND NECKLACE-LEAF CHARM,7.5,5,5,8
84743C,ORANGE FELT VASE + FLOWERS,1.25,5,5,10
84705A,ENGLISH ROSE PHOTO FRAME,4.65,5,7,15
84705C,PINK FLOCK PHOTO FRAME,1.25,5,6,160
90202D,PINK ENAMEL FLOWER HAIR TIE,2.95,5,5,26
90179A,AMBER FINE BEAD NECKLACE W TASSEL,5.95,5,5,8
90205C,LARGE CRYSTAL DIAMANTE HAIRSLIDE,1.65,5,5,46
90013B,BLACK VINTAGE EARRINGS,3.75,5,5,20
90179B,PURPLE FINE BEAD NECKLACE W TASSEL,5.95,5,5,7
90001C,ANTIQUE OPAL WHITE FLOWER EARRINGS,4.25,5,5,6
84963B,BLUE PAINTED KASHMIRI CHAIR,49.95,5,6,18
84562B,BLUE/WHITE RIBBED MELAMINE JUG,7.95,5,5,7
35916B,BLUE FELT HANGING HEART WITH FLOWER,0.85,5,5,37
84923,PINK BUTTERFLY HANDBAG W BOBBLES,8.5,5,5,10
90024C,NEW BAROQUE B'FLY NECKLACE GREEN,8.5,5,5,6
90177B,DROP DIAMANTE EARRINGS BLACK DIAMON,2.95,5,5,15
90031,BILI NUT AND WOOD NECKLACE,1.0,5,5,48
90028,NEW BAROQUE LARGE NECKLACE BLK/WHIT,8.5,5,5,10
47583A,SET OF 3 WICKER BASKET ROSE,7.0,5,5,70
72753C,S/3 FLWR FAIRY ROSE CANDLES,7.95,5,5,42
81953B,ROUND BLUE CLOCK WITH SUCKER,0.19,5,6,14
81953P,ROUND ARTICULATED PINK CLOCK W/SUCK,0.19,5,6,33
90059E,DIAMANTE HAIR GRIP PACK/2 RUBY,1.65,5,7,24
90059F,DIAMANTE HAIR GRIP PACK/2 LT ROSE,1.65,5,5,21
90059D,DIAMANTE HAIR GRIP PACK/2 PERIDOT,1.65,5,5,26
90214Z,"LETTER ""Z"" BLING KEY RING",0.29,5,5,17
71495A,CD WALL TIDY BLUE OFFICE,0.36,5,9,213
85162B,BLACK RETRODISC LAMPSHADE,1.95,5,13,977
51012L,"FEATHER DUSTER, LIGHT PINK",1.25,5,6,10
90043,COPPER AND BRASS BAG CHARM,9.96,5,6,10
16151A,FLOWERS HANDBAG blue and orange,1.25,5,5,52
72708,SCULPTED ROUND IVORY CANDLE,0.21,5,5,44
21097,SET/6 GREEN SPRING  PAPER PLATE,0.85,5,7,33
D,Discount,32.29,5,5,196
90163A,PINK ROSEBUD & PEARL NECKLACE,7.5,5,5,12
90165B,WHITE ROSEBUD  PEARL EARRINGS,2.55,5,6,20
84493,BLUE/PINK NEST STRIPE BOX,0.08,5,5,1142
90011B,BLACK CRYSTAL DROP EARRINGS,2.95,4,4,9
84206C,CHAMPAGNE TRAY BLANK CARD,0.19,4,4,10
21347,GOTHIC CARRIAGE LANTERN,5.95,4,4,8
84679,CLASSICAL ROSE TABLE LAMP,3.95,4,4,14
84450A,PINK RABBIT SITTING EASTER,0.42,4,4,46
84726,LILLIES CANVAS PICTURE,1.65,4,5,233
84706C,PINK FLOCK TABLE CLOCK,1.95,4,4,84
84876C,SILVER HEART COMPACT MIRROR,3.75,4,4,8
84611B,BLACK NEW BAROQUE FLOCK BOX,5.95,4,4,7
84402B,PURPLE DRESS JEWELLERY STAND,0.79,4,4,63
23038,T-LIGHT HOLDER SILVER SAUCER,1.63,4,6,41
37112,YELLOW BIRDS FELT DES FOODCOVER,3.75,4,4,9
84612B,SET/4 BLACK  BAROQUE FLOCK COASTER,2.55,4,4,20
90197D,AMBER GLASS BRACELET HEART CHARMS,4.95,4,4,9
44265,M/COLOUR POM-POM CURTAIN,4.25,4,4,8
90142D,MOP PENDANT SHELL NECKLACE,4.95,4,4,10
72754A,FLOWER FAIRY POTPOURRI CUSHION LILY,0.65,4,5,292
90130B,TURQ STONE/CRYSTAL EARRINGS,2.95,4,4,15
79062D,"RETRO TIN ASHTRAY,REVOLUTIONARY",0.29,4,4,52
90141A,GREEN PENDANT TRIPLE SHELL NECKLACE,4.95,4,4,7
72771C,BLACK FLOCK GOLD CANDLE,0.42,4,4,49
35654,VINTAGE BEAD FILLED PINK CUSHION,4.95,4,5,12
90131,PINK/AMETHYST/GOLD NECKLACE,6.95,4,4,9
84908A,PINK 5 PATCH FLOWER CUSHION COVER,6.95,4,7,388
37488A,YELLOW PINK FLOWER DESIGN BIG BOWL,0.39,4,5,31
90101,WHITE FRANGIPANI NECKLACE,2.55,4,5,17
21387,IVORY HANGING DECORATION  RABBIT,0.85,4,4,25
90141C,TURQ PENDANT TRIPLE SHELL NECKLACE,4.95,4,4,7
85018C,S/6 PAPER BOXES CURIOUS IMAGES,4.25,4,4,36
35995,SET/6 BLACK GLITTER REINDEER CANDLE,0.42,4,4,4
72785A,S/4 CONTEMPORY PINK ROSEBUD CANDLES,2.1,4,4,8
90065B,BLACK VINT ART DEC CRYSTAL BRACELET,6.75,4,6,10
90064A,WHITE VINTAGE CRYSTAL EARRINGS,3.75,4,4,11
90152A,SILVER/NAT SHELL NECKLACE W PENDANT,5.95,4,4,4
90152B,BLUE/GREEN SHELL NECKLACE W PENDANT,5.95,4,4,6
20680,PINK FLOWERS CHILDS UMBRELLA,3.25,4,4,6
79303B,BLUE STAR BLOCK TABLE LAMP,2.95,4,4,103
79172D,PURPLE TINT ACRYLIC FLOWER VASE,0.85,4,4,24
90152C,BLUE/NAT SHELL NECKLACE W PENDANT,5.95,4,4,7
84868B,BLUE BABY BOY'S MEMORY BOX,6.95,4,4,5
46307,ROSES BLUE BASE CUSHION COVER,1.65,4,4,14
44092B,BLUE WHITE PLASTIC RINGS LAMPSHADE,0.85,4,6,15
23447,PINK BUNNY EASTER EGG BASKET,1.45,4,4,158
90074,BLACK DIAMOND CLUSTER NECKLACE,8.95,4,4,5
90078,PINK/WHITE GLASS DEMI CHOKER,7.5,4,4,8
90072,RUBY DROP CHANDELIER EARRINGS,3.75,4,5,18
37471,MULTICOLOUR POLKADOT PLATE,0.85,4,4,1384
90051,CRACKED GLAZE NECKLACE RED,6.95,4,4,7
90048,GREEN WITH METAL BAG CHARM,4.95,4,6,29
84292B,BLUE COL METAL FOLDING CHAIR,5.0,4,4,7
84371,BIG PINK POODLE,5.0,4,4,28
16168S,FUNKY MONKEY GIFT BAG SMALL,0.09,4,7,1274
90214Y,"LETTER ""Y"" BLING KEY RING",0.29,4,5,63
20942,SET/6 GINGERBREAD TREE T-LIGHTS,1.25,4,4,6
90060B,FIRE POLISHED GLASS NECKL GOLD,5.95,4,4,7
35824B,"HANGING FLOWERS+MIRROR,BLUE",0.38,4,5,527
37462B,"PET MUG, BUDGIE",0.42,4,5,119
90059B,DIAMANTE HAIR GRIP PACK/2 BLACK DIA,1.65,4,4,17
84550,CROCHET LILAC/RED BEAR KEYRING,1.65,4,4,12
90042B,FRESHWATER PEARL BRACELET PINK,2.55,4,5,15
90039D,FIRE POLISHED GLASS BRACELET GREEN,3.75,4,5,22
90038A,GLASS AND PAINTED BEADS BRACELET TO,3.75,4,4,18
90037C,TINY CRYSTAL BRACELET BLUE,2.55,4,4,18
90036F,"FLOWER GLASS GARLD NECKL36""TURQUOIS",7.95,4,4,13
90037A,TINY CRYSTAL BRACELET RED,2.55,4,4,18
84757,ENCHANTED GARDEN WROUGHT IRON TABLE,14.95,4,4,5
84765,SILVER ROCOCO CANDELABRA,12.75,4,4,7
17013F,ORIGAMI SANDLEWOOD INCENSE IN TUBE,0.3,4,4,61
84767,ZINC POLICE BOX LANTERN,5.95,4,4,193
17014E,ORIGAMI OPIUM INCENSE CONES,0.3,4,4,93
90174,BUTTERFLY HAIR BAND,2.55,4,4,16
20887,BOX OF 6 PEBBLE CANDLES,3.45,4,4,5
16050,TEATIME PENCIL WITH RUBBER,0.25,4,4,122
84251J,"GREETING CARD, THE BLACK CAT",0.42,4,4,60
84030C,KNITTED RAINBOW HOT WATER BOTTLE,3.75,4,5,20
90024A,NEW BAROQUE B'FLY NECKLACE BLACK,8.5,4,4,5
90035B,"PEARL & SHELL 42""NECKL. PINK",10.75,4,4,43
90026B,GLASS BEAD HOOP NECKLACE MONTANA,8.5,4,6,7
20870,OPULENT VELVET CANDLE IN BOX,2.1,4,4,27
90022,EDWARDIAN DROP EARRINGS JET BLACK,3.75,4,4,8
90176C,DIAMANTE NECKLACE,7.5,4,4,8
35596,WOOD XMAS TREE 9 FIG SHELVES,0.85,4,4,29
35597A,DUSTY PINK CHRISTMAS TREE 30CM,1.25,4,4,11
17014F,ORIGAMI SANDLEWOOD INCENSE CONES,0.3,4,4,61
90021,LASER CUT MULTI STRAND NECKLACE,11.95,4,4,5
90016C,SILVER/BLACK PENDANT ORBIT NECKLACE,8.5,4,4,6
35955,SMALL FOLKART CHRISTMAS TREE DEC,0.42,4,4,135
16010,FOLDING CAMPING SCISSOR W/KNIF & S,0.12,4,4,44
90001B,ANTIQUE MID BLUE FLOWER EARRINGS,4.25,4,4,7
21081,SET/20 POSIES PAPER NAPKINS,0.85,4,4,4
84608,ORNATE EDWARDIAN CANDLE HOLDER,7.95,4,4,6
85220,SMALL FAIRY CAKE FRIDGE MAGNETS,0.3,4,5,12236
47016,LIGHT DECORATION BATTERY OPERATED,2.1,4,5,31
90202C,GREEN ENAMEL FLOWER HAIR TIE,2.95,4,4,9
84705F,RED PEONY PHOTO FRAME,4.65,4,5,10
84705D,CHERRY BLOSSOM PHOTO FRAME,4.65,3,3,10
90202A,PURPLE ENAMEL FLOWER HAIR TIE,2.95,3,3,8
90202B,WHITE ENAMEL FLOWER HAIR TIE,2.95,3,3,9
20833,SHAKER THROW  QUILTED,12.75,3,5,52
84731,3 BIRDS CANVAS SCREEN,0.39,3,3,3
84720,DOT MATRIX CANVAS ART PICTURE,3.95,3,3,35
21310,CAPIZ CHANDELIER,29.95,3,3,5
21308,LOUVRE VANITY MIRROR,5.0,3,3,129
37379B,BLUE CHERRY BLOSSOM CUP & SAUCER,1.25,3,3,1122
90177E,DROP DIAMANTE EARRINGS GREEN,2.95,3,3,8
84966A,PINK KASHMIRI BOXED MIRROR,12.0,3,3,12
84925E,FLOWERS WALL THERMOMETER,1.7,3,3,75
84575B,BROWN DOG CANNISTER W BONE,5.95,3,3,4
90001A,ANTIQUE RASPBERRY FLOWER EARRINGS,4.25,3,3,4
90176A,CLASSIC DIAMANTE NECKLACE JET,7.5,3,3,5
82072,WHITE WOOD SINGLE P/FRAME,1.25,3,3,5
84966B,BLUE KASHMIRI BOXED MIRROR,12.0,3,4,33
90169,DAISY HAIR COMB,2.55,3,3,14
90168,2 DAISIES HAIR COMB,2.95,3,3,18
84967C,GREEN KASHMIRI OCCASIONAL TABLE,79.95,3,4,9
79157B,UBO-LIGHT TRIOBASE BLUE,0.85,3,3,5
35537,CANDLE RING W/CLEAR BEADS,0.42,3,3,13
ADJUST2,Adjustment by Peter on Jun 25 2010,300.13,3,3,3
90214W,"LETTER ""W"" BLING KEY RING",0.29,3,3,14
84546,CROCHET POODLE KEYRING,1.65,3,3,21
79157V,UBO-LIGHT TRIOBASE PURPLE,0.85,3,3,5
20812,EMBOSSED FLOWER TRELLIS PHOTO FRAME,2.55,3,3,5
35598C,WHITE CHRISTMAS TREE 60CM,2.95,3,3,3
35598A,DUSTY PINK CHRISTMAS TREE 60CM,2.95,3,3,10
84415B,BLUE FLOCK CUSHION COVER,1.25,3,3,10
84415A,PINK FLOCK SUEDE CUSHION COVER,1.25,3,3,14
90141E,ORANGE PENDANT TRIPLE SHELL NECKLAC,4.95,3,3,7
90139,FLOWER BROOCH 4 ASSORTED COLOURS,4.95,3,3,5
16215,FUNKY GIRLZ MAGNETIC TO DO LIST,0.65,3,3,8
35650,VINTAGE BEAD PINK JEWEL STAND,4.95,3,3,3
78027,SEAGRASS S/2 CORNER LAUNDRY,10.0,3,3,4
90128C,GREEN LEAVES AND BEADS PHONE CHARM,1.25,3,3,14
18098B,BLUE PORCELAIN B'FLY OIL BURNER,2.95,3,3,3
18097B,BLUE TALL PORCELAIN T-LIGHT HOLDER,2.55,3,3,7
90126A,PINK BERTIE MOBILE PHONE CHARM,1.69,3,3,18
90027B,GLASS BEAD HOOP EARRINGS MONTANA,2.95,3,4,7
90027A,GLASS BEAD HOOP EARRINGS BLACK,2.95,3,3,6
90025E,BAROQUE BUTTERFLY EARRINGS MONTANA,3.75,3,3,3
20895,VINTAGE NOTEBOOK FRENCH LETTER,2.95,3,4,16
20877,MODERN CHRISTMAS BAUBLE CANDLE,0.42,3,3,10
16051,TEATIME PENCIL W STAMP ASST,0.42,3,3,938
90118,PINK DAISY BAG CHARM,2.55,3,3,8
40046C,PINK BUTTERFLY PAPER LAMPSHADE,1.25,3,3,3
85070,ANT WHITE SWEETHEART TABLE W 3 DRAW,125.0,3,3,3
20905,VINTAGE KEEPSAKE BOX BEAUTY GIRL,6.35,3,3,6
72805,VANILLA CANDLE IN EMBOSSED ZINC POT,1.69,3,3,10
84798C,WHITE FOXGLOVE ARTIIFCIAL FLOWER,2.55,3,3,16
84795E,RIO PINK STRIPE HAMMOCK,7.95,3,5,10
90102,WHITE FRANGIPANI HAIR CLIP,0.85,3,3,17
72785B,S/4 CONTEMPORY RED ROSEBUD CANDLES,0.5,3,3,9
35821B,"JEWELLED DECORATION,BLUE",0.38,3,3,150
90039B,FIRE POLISHED GLASS BRACELET MONTAN,3.75,3,3,13
90038C,GLASS AND BEADS BRACELET IVORY,3.75,3,3,13
44228,CANNABIS LEAF BEAD CURTAIN,0.85,3,3,48
23448,CREAM BUNNY EASTER EGG BASKET,1.65,3,3,25
23446,BLUE BUNNY EASTER EGG BASKET,1.45,3,3,157
23441,HAND PAINTED HANGING EASTER EGG,0.42,3,3,22
46775B,BERRIES CHUNKY KNITTED THROW,16.95,3,4,5
46775A,BUBBLE GUM CHUNKY KNITTED THROW,16.95,3,4,5
84867A,PINK BABY GIRLS PHOTO ALBUM,6.95,3,3,15
84864A,PINK PAISLEY PHOTO ALBUM,6.75,3,3,4
90075,MONTANA DIAMOND CLUSTER NECKLACE,8.95,3,3,4
72045D,ROSES ON BLUE TEACUP CANDLE,1.69,3,3,536
90060C,FIRE POLISHED GLASS NECKL SILVER,5.95,3,3,7
23702,High Resolution Image,21.0,3,3,4
84838,ANT WHITE HIGH RISE BIRD BOX,6.0,3,3,49
21450,DISTRESSED CANDLE STICK WHITE,5.95,3,3,13
90059A,DIAMANTE HAIR GRIP PACK/2 CRYSTAL,1.65,3,3,18
90049,IVORY GOLD METAL BAG CHARM,9.96,3,5,19
21267,VINTAGE PINK TINSEL REEL,2.1,3,4,13
62097B,BLUE STRIPES SHOULDER BAG,0.83,3,4,11
90039C,FIRE POLISHED GLASS BRACELET BLACK,3.75,3,3,14
37409,ASSORTED DESIGN FLOWER MUGS,0.85,3,3,8
84942,KASHMIR FOLKART HEART DISHES,1.69,3,3,3
21343,GOLD JEWELERY BOX,3.95,3,3,20
84201C,HAPPY BIRTHDAY CARD TEDDY/CAKE,0.19,3,3,10
84965B,BLUE KASHMIRI COFFEE TABLE,30.0,3,4,27
90012B,BLACK DROP CRYSTAL NECKLACE,2.95,3,3,13
90003E,GREEN PAIR HEART HAIR SLIDES,3.75,3,3,12
90188,DROP EARRINGS W FLOWER & LEAF,2.55,3,3,4
90187B,GREEN DROP EARRINGS W BEAD CLUSTER,3.35,2,2,6
90189B,GOLD 2 STRAND NECKLACE-LEAF CHARMS,7.5,2,2,3
90197B,BLACK GLASS BRACELET W HEART CHARMS,4.95,2,2,6
90214U,"LETTER ""U"" BLING KEY RING",0.29,2,2,13
SP1002,KID'S CHALKBOARD/EASEL,2.95,2,2,5
20673,STRAWBERRIES PRINT BOWL,1.25,2,2,5
TEST001,This is a test product.,4.5,2,9,50
90012A,MIDNIGHT BLUE DROP CRYSTAL NECKLACE,2.95,2,2,8
90011A,MIDNIGHT BLUE CRYSTAL DROP EARRINGS,2.95,2,2,2
84965A,PINK KASHMIRI COFFEE TABLE,30.0,2,3,20
84964B,BLUE PAINTED KASHMIRI TABLE,30.0,2,2,17
84964A,PINK PAINTED KASHMIRI TABLE,30.0,2,2,11
84962,SET/3 COLOUR PAINTED KASHMIRI STOOL,59.95,2,2,3
84206B,CAT WITH SUNGLASSES BLANK CARD,0.19,2,2,9
35823P,"ACRYLIC BEAD GARLAND,PINK",2.95,2,2,2
23692,WRAP A PRETTY THANK YOU,0.42,2,2,50
90054,CRACKED GLAZE EARRINGS RED,2.55,2,2,2
90041,PEARL AND CHERRY QUARTZ BRACLET,3.5,2,2,3
90050,CRACKED GLAZE NECKLACE IVORY,6.95,2,2,6
85185E,DUCK SOCK PUPPET,2.95,2,2,4
84030B,KNITTED POM POM HOT WATER BOTTLE,3.75,2,3,5
35824P,"HANGING FLOWERS+MIRROR,PINK",0.38,2,3,324
21950,SET OF 6 DOTS CHOPSTICKS,1.25,2,2,185
85186B,BUNNY BUNCH OF FLOWERS,0.42,2,2,14
85192S,HANGING SPRING FLOWER HEART SMALL,0.65,2,2,3
90038B,GLASS AND PAINTED BEADS BRACELET OL,3.75,2,2,10
90039A,FIRE POLISHED GLASS BRACELET RED,3.75,2,2,7
16044,POP-ART FLUORESCENT PENS,0.42,2,2,6192
21225,POCKET MIRROR BUTTERFLY,1.25,2,2,2
90095,NECKLACE+BRACELET SET PINK BLOSSOM,2.55,2,2,7
16201B,PASTEL BLUE PHOTO ALBUM,1.95,2,2,24
21685,MEDINA STAMPED METAL TRAY,14.95,2,2,3
35821P,"JEWELLED DECORATION,PINK",2.95,2,2,2
85083,KISS REINDEER SCANDINAVIAN STOCKING,2.55,2,2,5
35817B,"ACRYLIC JEWEL SNOWFLAKE,BLUE",0.38,2,2,142
35816B,"ACRYLIC JEWEL ANGEL,BLUE",0.38,2,2,137
35815B,"ACRYLIC JEWEL SNOWFLAKE,BLUE",0.38,2,2,93
21699,SET 5 MINI CHOCOLATE FRIDGE MAGNETS,0.3,2,3,108
46137D,GREEN CHENILLE SHAGGY RUG,2.95,2,3,43
46037A,PINK CANVAS DES CUSHION COVER,1.25,2,2,6
90081B,LILY BROOCH WHITE/SILVER COLOUR,4.95,2,2,6
44242A,LILAC FEATHERS CURTAIN,0.79,2,2,14
90091,CRYSTAL DRAGONFLY PHONE CHARM,0.85,2,2,3
85128,PLANTPOT SINGLE HOOK PISTACHIO,1.1,2,2,165
84868A,PINK BABY GIRL'S MEMORY BOX,6.95,2,2,2
35001P,HAND OPEN SHAPE PINK,3.49,2,2,2
35051B,PINK BEADED CONE CHRISTMAS,0.42,2,2,14
84857A,SILVER MONTE CARLO HANDBAG,8.5,2,3,8
90071,RUBY GLASS CLUSTER EARRINGS,1.25,2,2,2
90066A,PINK VINTAGE VICTORIAN CHOKER,6.75,2,2,5
90067B,BROWN VINTAGE VICTORIAN EARRINGS,2.95,2,2,12
16161C,WRAP SPEED DEMONS,0.1,2,2,450
72752B,"F.FAIRY,CANDLE IN GLASS,LAVENDER",4.25,2,2,3
90034,WHITE SILVER NECKLACE SHELL GLASS,9.95,2,2,2
90163B,WHITE ROSEBUD & PEARL NECKLACE,7.5,2,2,4
35751C,PURPLE CURRENT CANDLE RING,0.19,2,2,31
90135A,ORANGE/FUSCHIA STONES NECKLACE,4.95,2,2,9
90140,PINK SWEETIE NECKLACE,7.5,2,3,5
90141B,IVORY PENDANT TRIPLE SHELL NECKLACE,4.95,2,2,6
90165A,PINK ROSEBUD PEARL EARRINGS,2.55,2,2,12
84908B,BLUE 5 PATCH FLOWER CUSHION COVER,6.95,2,5,385
17013B,ORIGAMI JASMINE INCENSE IN TUBE,0.42,2,2,255
17013C,ORIGAMI LAVENDER INCENSE IN TUBE,0.42,2,2,213
82069,BEECH WOOD P/FRAME,7.25,2,2,5
82011E,"BATHROOM SCALES, FAG BREAK",3.75,2,2,2
84914A,PINK ROSE PICNIC RUG,25.95,2,2,3
17011D,ORIGAMI ROSE INCENSE+FLOWER,0.3,2,2,207
84366,VENDETTA CANVAS PICTURE,3.75,2,2,2
84967A,PINK KASHMIRI OCCASIONAL TABLE,79.95,2,2,2
84705B,FAIRY CAKES PHOTO FRAME,1.25,2,2,83
84721,MANHATTAN CANVAS ART PICTURE,3.95,2,2,20
47504J,ENGLISH ROSE SET/3 GARDEN TOOLS,7.95,2,2,3
90177A,CLASSIC DIAMANTE EARRINGS JET,2.95,2,2,7
90181A,AMBER GLASS/SHELL/PEARL NECKLACE,8.95,2,3,3
35611B,BLACK ASSORTED DROPLET DECORATION,0.38,2,2,59
90183C,BLACK DROP EARRINGS W LONG BEADS,2.95,2,2,2
90182C,BLACK 3 BEAD DROP EARRINGS,2.95,2,2,8
84570B,WHITE SATIN DRESS JEWEL STAND,4.95,2,2,4
84599,CANDY STRIPE ROSE FLOOR CUSHION,7.95,2,2,6
84247J,PACK/12 RUSSIAN DOLL CARDS,2.95,2,2,2
84255A,PINK GLASS COCKTAIL LAMP,2.1,2,2,2
17011B,ORIGAMI JASMINE INCENSE+FLOWER,0.3,2,2,19
90171,DAISY RING,1.25,2,2,11
90176B,DIAMANTE NECKLACE BLACK,7.5,2,2,3
90176E,DIAMANTE NECKLACE GREEN,7.5,2,2,3
79140,ASS WINDPROOF MARIJUANA LIGHTERS,0.42,2,2,15
90134,OLD ROSE COMBO BEAD NECKLACE,2.95,2,2,12
90136,PALE PINK/AMETHYST STONE NECKLACE,9.95,2,2,3
35980B,RED TOP SCANDINAVIAN HEART,0.38,2,2,4
90130C,GREEN STONE/CRYSTAL EARRINGS,2.95,2,2,2
35652,VINTAGE BEAD CHAISE LONG JEWEL BOX,0.5,2,2,18
37487B,YELLOW/ORANGE FLOWER DESIGN PLATE,0.29,2,2,68
79151B,"SILICON CUBE 25W, BLUE",0.42,2,2,12
20800,LARGE GLASS SUNDAE DISH CLEAR,0.25,2,2,996
90020,FILIGREE DIAMANTE CHAIN,12.75,2,2,4
90024F,NEW BAROQUE B'FLY NECKLACE CRYSTAL,8.5,2,2,3
90025A,BAROQUE BUTTERFLY EARRINGS BLACK,3.75,2,2,2
90025C,BAROQUE BUTTERFLY EARRINGS GREEN,3.75,2,2,2
84529B,BLUE KNITTED KID'S RUCKSACK,6.75,2,2,3
17084G,MOON INCENSE,0.21,2,2,50
84814B,RHOMBUS CRYSTAL PERFUME BOTTLE,1.95,2,2,6
85218,S/5 MINI ICE CREAM FRIDGE MAGNETS,0.3,2,2,1992
90126C,AMBER BERTIE MOBILE PHONE CHARM,1.69,2,2,17
90033,IVORY SHELL HEART EARRINGS,2.55,2,2,5
90027C,GLASS BEAD HOOP EARRINGS GREEN,2.95,2,2,4
20884,MODERN CHRISTMAS TREE CANDLE,2.1,2,2,2
90025F,BAROQUE BUTTERFLY EARRINGS CRYSTAL,3.75,2,2,2
90128D,PURPLE LEAVES AND BEADS PHONE CHAR,1.25,2,2,3
90127B,BLUE BEADS+HAND PHONE CHARM,1.25,2,2,2
18098A,PINK PORCELAIN B'FLY OIL BURNER,2.95,2,2,2
90125E,AMBER BERTIE GLASS BEAD BAG CHARM,2.1,2,2,2
90025D,BAROQUE BUTTERFLY EARRINGS PINK,3.75,2,2,2
21852,EMPIRE TEDDY,6.95,1,1,1
21767,FRENCH STYLE WIRE DOOR CABINET,29.95,1,1,1
22850,BREAD BIN DINER STYLE BLACK,16.95,1,1,8
21772,VINTAGE METAL CAKE STAND CREAM,12.75,1,1,1
71434B,"BLACK RND BULLET""KEEP CLEAN"" BIN",2.55,1,1,1
85050,FRENCH ENAMEL SOAP DISH WITH LID,2.1,1,1,48
16169G,WRAP ROMANTIC DECOUPAGE,0.42,1,1,25
84614C,BLUE BAROQUE FLOCK CANDLE HOLDER,5.95,1,1,3
72796C,S/3 ROSE GARDEN SCENT SQU CANDLE,1.65,1,1,1
35999,S/6 SCANDINAVIAN HEART T-LIGHT,2.55,1,1,1
85072,OCCASIONS GIFT CARD ASSORTMENT,0.55,1,1,120
35822B,"ACRYLIC BEAD CHAIN, BLUE",0.38,1,1,229
35822P,"ACRYLIC BEAD CHAIN, PINK",0.38,1,1,114
35950,FOLKART HEART CHRISTMAS DECORATIONS,1.25,1,1,1
35945,GOLD CHRISTMAS STOCKING DECORATION,1.95,1,1,1
20891,LARGE GLASS ROSE SCENTED CANDLE,7.95,1,1,2
20890,SMALL GLASS ROSE SCENTED CANDLE,3.75,1,1,4
90037D,TINY CRYSTALS BRACELET BLACK,2.55,1,1,6
47569,ENGLISH ROSE DESIGN SHOPPING BAG,2.55,1,1,1
72754D,F FAIRY POTPOURRI CUSHIONS SUMMER,1.69,1,1,1
72084B,CHOCOLATE ICE CREAM CANDLE,1.95,1,1,2
90076,MONTANA DIAMOND CLUSTER EARRINGS,2.55,1,1,6
72752A,"F.FAIRY,CANDLE IN GLASS,LILY/VALLEY",4.25,1,1,1
84857B,BLUE MONTE CARLO HANDBAG,1.95,1,1,24
23843,"PAPER CRAFT , LITTLE BIRDIE",2.08,1,1,80995
20721,OWLS CHARLOTTE BAG,0.85,1,1,1
20715,LITTLE FLOWER SHOPPER BAG,1.06,1,1,400
46138D,GREEN CHENILLE SHAGGY C/COVER,1.95,1,1,1
90077,BLACK DIAMOND CLUSTER EARRINGS,2.55,1,1,1
85115B,S/4 BLACK DISCO PARTITION PANEL,4.25,1,1,3
90082C,DIAMANTE BOW BROOCH WHITE COLOUR,6.35,1,1,1
23449,SET OF 6 EASTER RAINBOW CHICKS,1.25,1,1,12
72751A,"F.FAIRY S/3 SML CANDLE,LILY/VALLEY",5.95,1,1,1
72751C,"F.FAIRY S/3 SML CANDLE, ROSE",5.95,1,1,1
72751B,"F.FAIRY S/3 SML CANDLE, LAVENDER",5.95,1,1,1
44217M,MULTICOLOUR FEATHERS CURTAIN,3.95,1,3,72
45014,FOLDING SHIRT TIDY,4.65,1,1,1
90055,CRACKED GLAZE EARRINGS BROWN,2.55,1,1,1
20620,RED SPOTTY PASSPORT COVER,2.1,1,1,1
90011C,GREEN CRYSTAL DROP EARRINGS,2.95,1,1,6
84205C,HAPPY BIRTHDAY GINGER CAT CARD,0.19,1,1,2
90004A,JADE GREEN PAIR ENAMEL HAIR SLIDES,3.75,1,1,1
TEST002,This is a test product.,1.0,1,1,1
10109,BENDY COLOUR PENCILS,0.42,1,1,4
90011E,AMBER CRYSTAL DROP EARRINGS,2.95,1,1,1
85171,S/2 HYACINTH BULB CANDLES,2.55,1,1,1
21838,DADDY MOUSE RED GINGHAM BOW TIE,5.45,1,1,1
71101A,ANGEL ON KNEES METAL POLE 100CM H,0.85,1,1,6
35915A,CREAM KNITTED HEN,1.27,1,1,288
48175,DOOR MAT CAMOUFLAGE,4.0,1,1,38
62097A,PINK STRIPES SHOULDER BAG,2.95,1,1,1
90187A,BLUE DROP EARRINGS W BEAD CLUSTER,3.35,1,1,2
37408,ASSORTED DESIGN GEISHA GIRL MUGS,1.25,1,1,5
23664,FLOWER SHOP DESIGN MUG,1.65,1,1,1
90052,CRACKED GLAZE NECKLACE BROWN,6.95,1,1,3
48173A,DOOR MAT BLUE FLOCK,6.75,1,1,1
90056,CHUNKY CRACKED GLAZE NECKLACE IVORY,10.75,1,1,6
84626,CANDY STRIPE ROSE QUILT,45.95,1,1,1
35837,SET OF SIX SILVER+RED FLOCK BAUBLES,0.85,1,1,2
84845A,HOLLYHOCK SQUARE HANDY TIN,1.25,1,1,1
21409,SPOTTY COCKEREL DOORSTOP,4.25,1,1,1
20939,ORANGE CANDLE,0.85,1,1,12
22864,MUG AND COASTER SET RED CIRCLES,0.42,1,2,378
78056,CAMOUFLAGE BACKPACK ON WHEELS,9.95,1,1,2
78026,SEAGRASS S/3 SQU LAUNDRY BOX,10.0,1,1,11
21585,SWALLOW SMALL TUBE MATCHES,1.65,1,1,1
85024A,CRYSTAL SMALL JEWELLED PHOTOFRAME,1.65,1,1,1
37326,FAIRY DESIGN MUGS,1.25,1,1,2
20881,MODERN CHRISTMAS TREE CANDLE,0.85,1,1,2
79308B,MOSAIC CANDLE DISH BLUE PURPLE,0.85,1,2,144
79303A,WHITE ROHMBIC BLOCK TABLE LAMP,2.95,1,1,2
90025B,BAROQUE BUTTERFLY EARRINGS RED,3.75,1,1,1
84567,FROSTED GLASS WITH SILVER SURROUND,1.65,1,1,9
17028J,INCENSE BAZAAR PEACH,0.42,1,1,6
17027A,INCENSE BAZAAR CANNABIS,0.29,1,2,228
17061,ASSORTED SHAPED STENCIL FOR HENNA,0.04,1,1,52
47556,SET/2 SPOTTY + ROSE TEA TOWELS,2.55,1,1,1
21036,SET/2 TEA TOWELS MODERN VINTAGE,2.55,1,1,1
90135,ORANGE/WHT/FUSCHIA STONES NECKLACE,4.95,1,1,6
90130D,RED STONE/CRYSTAL EARRINGS,2.95,1,1,6
90141D,ROSE PENDANT TRIPLE SHELL NECKLACE,4.95,1,1,3
79301,FEATHER HEART LIGHTS,2.95,1,1,1
20858,SILVER PURSE GOLD PINK BUTTERFLY,1.65,1,1,4
47554,S/3 COLOURS FLOCK TEA TOWELS,2.55,1,1,1
85069,CREAM SWEETHEART DOUBLE SHELF,16.95,1,1,3
85043,RED HEART CANDY POP LIGHTS,4.95,1,1,1
16243B,BROWN COZY SQUARE PHOTO ALBUM,1.95,1,1,205
20882,MODERN CHRISTMAS TREE CANDLE,2.95,1,1,2
20885,BOX OF 3 PEBBLE CANDLES,2.95,1,1,1
40002,WHITE BAMBOO RIBS LAMPSHADE,0.85,1,1,78
20791,BLUE TILED SET OF 3 DRAWERS,12.75,1,1,5
35930,PINK HEART CHRISTMAS DECORATION,0.38,1,1,1
84387A,BIRD ON BRANCH CANVAS SCREEN,1.95,1,1,11
20822,SILVER WINE GOBLET,4.65,1,1,2
90127A,PINK BEADS+HAND PHONE CHARM,1.25,1,1,12
16169A,WRAP CHRISTMAS DECOUPAGE,0.42,1,1,25
35751D,PINK CURRENT CANDLE RING,0.19,1,1,28
21525,BEWARE OF THE CAT DOORMAT,6.75,1,2,2
84311,CAMOFLAGE CUSHION COVER,1.65,1,1,11
17011C,ORIGAMI LAVENDER INCENSE+FLOWER,0.65,1,1,334
79065A,TEATIME ROUND CAKE TINS,9.95,1,1,4
37477C,"FLOWER FAIRY MUG+COASTER,ROSE",3.75,1,1,6
37451,CERAMIC CAKE TEAPOT WITH CHERRY,4.95,1,1,1
17011E,ORIGAMI OPIUM SCENT INCENSE+FLOWER,0.65,1,1,124
17014C,ORIGAMI LAVENDER INCENSE CONES,0.42,1,1,96
84760L,LARGE HANGING GLASS+ZINC LANTERN,1.6,1,1,560
84630,FLOWERS AND BIRDS WALL PLAQUE,7.95,1,1,2
84648,NEW BAROQUE WALL MIRROR,12.75,1,1,1
84966C,GREEN KASHMIRI BOXED MIRROR,12.0,1,2,23
21496,WOODLAND CREATURES  WRAP,0.42,1,1,25
DOT,DOTCOM POSTAGE,1599.26,1,16,16
20678,LARGE BLACK DIAMANTE HAIRSLIDE,1.65,1,1,4
20683,RAIN GIRL CHILDS UMBRELLA,3.25,1,1,1
22790,"MIRROR, ARCHED GEORGIAN",19.42,1,1,200
21511,VINTAGE COLLAGE  GREETING  CARD,0.42,1,2,40
22351,DOTCOMGIFTSHOP TEA TOWEL,1.65,1,1,12
15059A,ENGLISH ROSE EDWARDIAN PARASOL,3.0,1,1,505
23630,SET 10 CARDS HANGING BAUBLES 17080,2.99,1,1,1
84572,6 HOOK JEWEL STAND LILAC DRESS,8.49,1,1,1
35974,S/6 CHRISTMAS TREE PLACE SETTING,3.75,1,1,1
35976B,WHITE SCANDINAVIAN HEART CHRISTMAS,1.25,1,1,1
90000C,OPAL WHITE/SILVER FLOWER NECKLACE,5.95,1,1,1
85232C,RUSSIAN FOLKART STACKING TINS,4.95,1,1,1
85230C,ROSE SCENTED VOTIVE CANDLE,0.29,1,1,24
85230D,VANILLA SCENTED VOTIVE CANDLE,0.29,1,1,24
37481,CUBIC MUG TEATIME CAKES,2.55,1,1,6
37484,ENGLISH ROSE TEA FOR ONE GIFT BOX,6.75,1,1,1
84814A,HEXAGONAL CRYSTAL PERFUME BOTTLE,1.95,1,1,1
84250M,"GREETING CARD, BLACKPOOL ROCK",0.19,1,1,12
35603B,S/16 BLACK SHINY/MAT BAUBLES,0.42,1,1,48
21475,SWEETHEART CREAM STEEL FOLDIN CHAIR,14.95,1,1,1
37438,FUNKY FLOWER COFFEE POT,3.75,1,1,2
37432,MUG PINK AND PURPLE ARABIC DESIGN,0.65,1,1,6
