CustomerID,Recency,Frequency,Monetary,TotalItems,AverageOrderValue,Tenure
12346.0,235,12,77556.46,74285,6463.038333333334,400
12347.0,39,6,4114.18,2418,685.6966666666667,274
12348.0,158,4,1709.4,2497,427.35,189
12349.0,317,3,2671.14,993,890.38,181
12350.0,219,1,334.4,197,334.4,0
12351.0,284,1,300.93,261,300.93,0
12352.0,171,7,1905.61,442,272.23,130
12353.0,113,2,406.76,212,203.38,204
12354.0,141,1,1079.4,530,1079.4,0
12355.0,123,2,947.61,543,473.805,353
12356.0,155,5,6315.33,3412,1263.066,179
12357.0,297,2,12079.99,3879,6039.995,0
12358.0,60,4,3203.87,931,800.9675,581
12359.0,99,9,6059.09,2095,673.2322222222223,544
12360.0,22,7,3209.11,1968,458.44428571428574,543
12361.0,196,4,511.25,235,127.8125,394
12362.0,29,5,1877.35,989,375.47,618
12363.0,19,2,552.0,408,276.0,132
12364.0,21,1,623.92,555,623.92,0
12365.0,200,2,641.38,174,320.69,0
12366.0,543,1,500.24,296,500.24,0
12368.0,537,1,917.7,330,917.7,0
12369.0,322,3,1791.15,1241,597.0500000000001,228
12370.0,184,6,3581.03,2225,596.8383333333334,394
12371.0,318,3,2179.42,845,726.4733333333334,235
12372.0,122,2,914.92,592,457.46,83
12373.0,220,3,1127.65,516,375.8833333333334,362
12374.0,330,3,2246.29,1020,748.7633333333333,166
12375.0,7,1,230.3,87,230.3,0
12376.0,299,2,503.15,240,251.575,28
12377.0,224,4,3426.32,2105,856.58,274
12378.0,39,2,5416.32,3316,2708.16,432
12379.0,79,3,1227.82,619,409.2733333333333,364
12380.0,95,8,7559.04,2521,944.88,476
12381.0,29,1,1268.74,568,1268.74,0
12383.0,94,5,1850.56,1532,370.112,167
12384.0,31,1,292.69,62,292.69,0
12385.0,288,1,1938.4,612,1938.4,0
12386.0,247,2,660.8,568,330.4,29
12387.0,324,1,143.94,134,143.94,0
12388.0,57,6,2788.79,1299,464.79833333333335,434
12389.0,312,3,1433.33,614,477.7766666666666,253
12391.0,374,5,2312.53,920,462.506,198
12392.0,500,1,234.75000000000003,73,234.75000000000003,0
12393.0,155,5,1877.95,1017,375.59,182
12394.0,126,1,381.08,182,381.08,0
12395.0,21,11,3948.21,3244,358.9281818181818,490
12396.0,583,1,931.43,591,931.43,0
12397.0,44,1,1214.81,704,1214.81,0
12399.0,28,7,1962.3,2198,280.3285714285714,525
12400.0,323,1,205.25,91,205.25,0
12401.0,212,1,84.3,11,84.3,0
12402.0,232,6,1256.9,584,209.48333333333332,347
12403.0,431,1,591.6600000000001,164,591.6600000000001,0
12404.0,591,1,63.24,1,63.24,0
12405.0,58,1,1710.39,857,1710.39,0
12406.0,93,4,4596.31,2391,1149.0775,513
12407.0,43,4,1407.36,1237,351.84000000000003,130
12408.0,8,7,3586.27,1864,512.3242857142857,399
12409.0,92,5,18553.7,10734,3710.74,382
12410.0,218,3,1013.71,341,337.90333333333336,193
12411.0,319,1,346.9,138,346.9,0
12412.0,47,5,2260.79,1767,452.158,401
12413.0,145,3,805.25,238,268.4166666666667,166
12414.0,126,6,952.41,495,158.735,246
12415.0,8,22,121631.72,80774,5528.714545454545,428
12416.0,566,1,202.56,132,202.56,0
12417.0,16,18,5984.33,2567,332.4627777777778,626
12418.0,22,4,2021.2,1088,505.3,517
12419.0,295,2,503.01,231,251.505,27
12421.0,24,5,920.12,575,184.024,390
12422.0,5,17,5231.8,2596,307.7529411764706,625
12423.0,10,9,2413.75,1590,268.19444444444446,364
12424.0,72,4,3340.03,2025,835.0075,385
12425.0,357,1,964.21,651,964.21,0
12426.0,104,2,1345.21,584,672.605,468
12427.0,281,1,607.0,158,607.0,0
12428.0,29,8,7548.12,3386,943.515,163
12429.0,82,7,6580.39,2832,940.0557142857144,373
12431.0,28,23,9245.09,3919,401.96043478260873,574
12432.0,79,3,4016.66,1427,1338.8866666666663,1
12433.0,0,6,13600.62,11476,2266.77,385
12434.0,169,2,583.54,215,291.77,120
12435.0,177,5,10075.03,3782,2015.006,469
12436.0,9,1,509.01,211,509.01,0
12437.0,7,32,10543.4,6875,329.48125,638
12438.0,49,1,890.0699999999999,586,890.0699999999999,0
12439.0,592,2,1158.18,484,579.09,43
12440.0,371,2,859.2,331,429.6,255
12441.0,276,1,347.1,242,347.1,0
12443.0,641,1,485.31,182,485.31,0
12444.0,31,2,2627.27,650,1313.635,49
12445.0,330,1,301.58000000000004,144,301.58000000000004,0
12447.0,152,1,476.49,190,476.49,0
12449.0,1,5,3493.18,1758,698.636,346
12450.0,65,5,688.2,442,137.64,318
12451.0,127,5,8942.18,6889,1788.436,311
12453.0,43,1,707.09,473,707.09,0
12454.0,305,4,13151.44,6697,3287.86,25
12455.0,37,9,5589.45,2979,621.05,593
12456.0,40,2,2265.4,1073,1132.7,123
12457.0,143,4,1699.93,648,424.9825,201
12458.0,194,3,1272.01,750,424.0033333333333,203
12459.0,514,1,454.36,258,454.36,0
12460.0,365,1,326.65,170,326.65,0
12461.0,3,2,826.88,287,413.44,60
12462.0,212,1,762.11,287,762.11,0
12463.0,84,3,985.79,577,328.59666666666664,66
12464.0,15,6,780.55,81,130.09166666666667,203
12465.0,78,1,440.94,294,440.94,0
12466.0,591,1,56.73,1,56.73,0
12467.0,332,1,132.8,129,132.8,0
12468.0,97,5,3670.74,2201,734.1479999999999,495
12469.0,432,2,3070.54,2552,1535.27,14
12470.0,599,1,211.95,95,211.95,0
12471.0,16,68,31256.14,13022,459.6491176470588,625
12472.0,48,17,16236.08,10290,955.0635294117646,587
12473.0,24,2,1186.25,878,593.125,77
12474.0,8,26,9410.72,5905,361.9507692307692,568
12475.0,319,1,426.26,236,426.26,0
12476.0,50,18,10490.66,4369,582.8144444444445,360
12477.0,10,6,15890.66,4984,2648.443333333333,522
12480.0,52,6,4328.17,2341,721.3616666666667,364
12481.0,89,13,10866.83,6310,835.91,427
12482.0,485,29,23691.4,27042,816.944827586207,77
12483.0,8,17,4259.66,1854,250.56823529411764,578
12484.0,10,10,5491.58,2939,549.158,580
12485.0,438,1,708.1,414,708.1,0
12486.0,341,1,1037.28,523,1037.28,0
12487.0,640,1,285.29999999999995,174,285.29999999999995,0
12489.0,245,1,334.93,105,334.93,0
12490.0,2,17,7958.3,4852,468.1352941176471,645
12492.0,14,2,578.39,321,289.195,297
12493.0,75,2,433.74,207,216.87,31
12494.0,71,7,1495.63,645,213.6614285714286,414
12495.0,550,1,357.4,130,357.4,0
12496.0,529,2,54.09,33,27.045,0
12497.0,310,2,5205.400000000001,4449,2602.7000000000003,244
12499.0,469,1,393.72,302,393.72,0
12500.0,16,14,3471.23,1969,247.945,566
12501.0,246,1,2169.39,1783,2169.39,0
12502.0,5,5,3723.87,820,744.774,214
12503.0,493,1,1126.0,561,1126.0,0
12504.0,326,2,297.0,368,148.5,179
12505.0,318,1,955.2,324,955.2,0
12506.0,142,1,73.5,23,73.5,0
12507.0,43,4,1844.06,1256,461.015,450
12509.0,193,1,176.5,55,176.5,0
12510.0,52,9,5178.02,2049,575.3355555555556,592
12511.0,338,1,3084.02,1753,3084.02,0
12513.0,22,1,612.29,462,612.29,0
12514.0,176,2,1597.76,840,798.88,374
12515.0,262,1,383.7,131,383.7,0
12516.0,90,3,1919.76,1422,639.92,418
12517.0,35,2,1538.7,841,769.35,63
12518.0,19,1,324.83,187,324.83,0
12519.0,386,1,385.7,212,385.7,0
12520.0,51,4,2045.85,1099,511.4625,131
12521.0,52,1,599.68,309,599.68,0
12523.0,17,19,3600.13,1970,189.4805263157895,624
12524.0,71,15,9762.87,5769,650.858,507
12525.0,407,3,973.73,509,324.57666666666665,149
12526.0,3,1,520.3,318,520.3,0
12527.0,204,4,671.72,513,167.93,234
12528.0,24,4,1287.37,503,321.8425,198
12529.0,437,1,316.48,192,316.48,0
12530.0,33,8,3318.63,2400,414.82875,518
12531.0,595,1,1807.98,1074,1807.98,0
12533.0,537,2,1367.89,704,683.945,110
12534.0,40,1,1089.18,651,1089.18,0
12535.0,1,2,716.35,219,358.175,94
12537.0,318,1,732.94,449,732.94,0
12538.0,287,1,276.5,145,276.5,0
12539.0,171,6,10164.09,4089,1694.015,454
12540.0,1,27,18101.11,8767,670.4114814814815,639
12541.0,82,2,536.14,419,268.07,107
12542.0,393,2,481.88,522,240.94,156
12543.0,357,1,980.25,688,980.25,0
12545.0,169,1,628.15,346,628.15,0
12547.0,107,3,383.58,309,127.86,302
12548.0,75,1,95.2,49,95.2,0
12549.0,485,6,1575.68,1366,262.61333333333334,121
12551.0,267,1,168.0,100,168.0,0
12553.0,19,9,3336.06,1711,370.67333333333335,313
12554.0,358,1,468.5,240,468.5,0
12555.0,591,1,129.23,1,129.23,0
12556.0,60,1,312.9,166,312.9,0
12557.0,67,7,15726.14,5862,2246.5914285714284,564
12559.0,220,2,561.71,283,280.855,8
12560.0,21,2,1436.31,820,718.155,30
12561.0,212,1,238.85,177,238.85,0
12562.0,36,5,2790.41,1324,558.082,308
12563.0,318,1,249.24,113,249.24,0
12564.0,170,1,456.9,133,456.9,0
12565.0,198,1,145.92,80,145.92,0
12567.0,5,14,12158.56,5314,868.4685714285714,570
12568.0,554,1,70.0,48,70.0,0
12569.0,1,15,2167.68,857,144.512,160
12570.0,591,1,77.52,1,77.52,0
12571.0,31,1,248.35,197,248.35,0
12573.0,136,5,717.41,479,143.482,237
12574.0,225,1,218.45,61,218.45,0
12575.0,366,2,622.8199999999999,315,311.41,69
12576.0,5,7,1763.44,1192,251.92,430
12577.0,268,6,1191.84,859,198.64,376
12578.0,239,3,3456.6,1932,1152.2,113
12580.0,156,2,1052.9,569,526.45,329
12582.0,148,4,1980.4,985,495.1,338
12583.0,16,21,11398.27,7387,542.7747619047619,627
12584.0,36,4,782.59,138,195.6475,153
12585.0,143,2,2040.1,1279,1020.05,117
12586.0,284,3,1865.73,608,621.91,348
12588.0,308,3,743.88,385,247.96,198
12589.0,54,7,4180.48,1541,597.2114285714285,544
12590.0,120,2,9864.26,4283,4932.13,0
12591.0,226,3,1352.15,677,450.7166666666667,91
12592.0,1,5,2582.66,1875,516.5319999999999,427
12593.0,18,3,418.1,206,139.36666666666665,110
12594.0,30,13,4281.79,2431,329.3684615384616,525
12595.0,414,1,299.02,271,299.02,0
12596.0,151,1,269.95,156,269.95,0
12597.0,92,2,1428.81,675,714.405,85
12598.0,71,7,3095.39,1913,442.1985714285714,487
12599.0,36,12,2121.18,1982,176.765,451
12600.0,22,19,4381.4400000000005,1184,230.6021052631579,619
12601.0,99,6,681.26,290,113.54333333333334,214
12604.0,171,1,178.5,137,178.5,0
12605.0,285,4,1232.95,929,308.2375,81
12606.0,591,1,21.0,1,21.0,0
12608.0,314,1,415.79,323,415.79,0
12609.0,95,8,3109.74,1423,388.7175,533
12610.0,15,2,1256.25,625,628.125,19
12613.0,107,9,4953.21,3278,550.3566666666667,527
12614.0,187,1,315.6,76,315.6,0
12615.0,77,5,4084.53,2354,816.9060000000001,462
12616.0,4,3,1131.1,498,377.0333333333333,293
12619.0,25,6,2227.6,1896,371.26666666666665,444
12620.0,114,1,561.66,434,561.66,0
12621.0,9,30,21281.18,11932,709.3726666666666,568
12622.0,141,1,180.1,69,180.1,0
12623.0,185,7,3747.84,1971,535.4057142857143,420
12624.0,15,2,641.13,355,320.565,71
12625.0,121,4,5164.88,3309,1291.22,384
12626.0,22,6,4774.0,2337,795.6666666666666,214
12627.0,5,5,2727.83,1575,545.566,44
12629.0,295,2,1558.22,722,779.11,37
12631.0,365,5,2841.07,1371,568.214,237
12632.0,430,2,804.88,694,402.44,44
12633.0,39,6,5462.93,3144,910.4883333333332,395
12634.0,445,2,490.0,337,245.0,12
12635.0,64,3,1924.87,1176,641.6233333333333,301
12636.0,648,1,141.0,1,141.0,0
12637.0,1,11,7981.91,4126,725.6281818181818,451
12638.0,549,1,249.8,86,249.8,0
12639.0,148,3,1312.37,631,437.45666666666665,389
12641.0,24,1,185.9,72,185.9,0
12642.0,17,1,366.45,277,366.45,0
12643.0,37,12,8350.42,4785,695.8683333333333,482
12644.0,39,4,1918.49,1032,479.6225,564
12645.0,19,7,3074.98,1866,439.2828571428572,559
12647.0,35,33,17088.24,6486,517.8254545454546,568
12648.0,64,4,1112.0,518,278.0,546
12649.0,16,8,2294.65,1959,286.83125,588
12651.0,244,4,377.75,265,94.4375,130
12652.0,240,2,1017.03,536,508.515,102
12653.0,58,3,4160.83,1681,1386.9433333333334,378
12654.0,107,3,337.75,151,112.58333333333331,97
12655.0,333,1,261.35,80,261.35,0
12656.0,25,6,5177.33,2417,862.8883333333333,446
12661.0,345,1,162.0,216,162.0,0
12662.0,16,16,5791.900000000001,2923,361.99375,510
12663.0,534,2,239.4,181,119.7,43
12664.0,53,5,3145.64,797,629.1279999999999,583
12665.0,234,3,313.6,165,104.53333333333336,344
12666.0,303,1,1248.42,370,1248.42,0
12668.0,168,9,10562.0,4776,1173.5555555555557,417
12669.0,60,3,2744.03,1115,914.6766666666666,105
12670.0,8,5,2398.71,991,479.742,567
12671.0,515,1,2622.481,1460,2622.481,0
12672.0,239,2,437.05,138,218.525,265
12673.0,236,2,840.4,520,420.2,75
12674.0,1,3,1402.0,787,467.3333333333333,116
12675.0,463,2,958.5,337,479.25,24
12676.0,33,9,2509.75,1691,278.8611111111111,359
12677.0,464,2,395.1,176,197.55,111
12678.0,10,18,24934.98,16644,1385.2766666666666,600
12679.0,115,2,906.38,407,453.19,77
12680.0,22,1,311.78,230,311.78,0
12681.0,61,38,26947.32,15479,709.14,574
12682.0,10,41,19965.61,8974,486.9660975609757,638
12683.0,2,18,10842.4,6676,602.3555555555555,633
12684.0,80,4,1379.48,1274,344.87,42
12685.0,2,2,1606.42,917,803.21,1
12686.0,281,1,178.28,214,178.28,0
12687.0,390,2,2138.91,1403,1069.455,0
12688.0,23,1,4873.81,3028,4873.81,0
12689.0,37,1,511.03,281,511.03,0
12690.0,115,1,389.01,106,389.01,0
12691.0,54,5,690.9,249,138.18,275
12692.0,546,1,110.95,36,110.95,0
12693.0,36,7,1703.02,536,243.28857142857143,395
12694.0,92,2,1413.18,1169,706.59,237
12695.0,16,5,1158.92,406,231.784,557
12696.0,344,2,851.91,564,425.955,74
12697.0,40,2,733.91,359,366.955,37
12698.0,499,1,339.75,111,339.75,0
12699.0,327,1,638.11,373,638.11,0
12700.0,65,2,2149.05,1376,1074.525,58
12701.0,151,5,1985.78,1295,397.156,390
12703.0,542,3,722.98,431,240.9933333333333,51
12704.0,15,3,1100.92,465,366.97333333333336,63
12705.0,67,9,9056.33,5790,1006.2588888888888,375
12707.0,201,1,603.42,256,603.42,0
12708.0,11,15,4632.96,2203,308.864,619
12709.0,5,30,28587.61,12902,952.9203333333334,634
12710.0,6,3,1149.02,851,383.00666666666666,104
12711.0,521,2,1339.05,770,669.525,65
12712.0,16,19,6710.610000000001,2230,353.19000000000005,623
12714.0,16,11,12774.55,7963,1161.3227272727272,628
12715.0,15,1,353.86,197,353.86,0
12716.0,42,1,677.9,503,677.9,0
12717.0,60,3,1308.91,600,436.3033333333333,439
12720.0,3,22,6168.78,4729,280.3990909090909,412
12721.0,92,6,3055.86,1829,509.31,288
12722.0,24,3,929.65,559,309.8833333333333,35
12724.0,82,5,1566.47,1112,313.294,361
12725.0,280,4,2694.56,1306,673.64,213
12726.0,94,9,2872.82,3417,319.20222222222225,439
12727.0,4,9,5036.53,2490,559.6144444444444,559
12728.0,166,4,851.15,380,212.7875,126
12729.0,23,1,453.01,233,453.01,0
12730.0,431,1,829.25,234,829.25,0
12731.0,53,13,18204.05,8643,1400.3115384615385,503
12732.0,89,1,236.26,111,236.26,0
12733.0,143,4,2424.87,896,606.2175,455
12734.0,262,3,639.65,265,213.21666666666667,39
12735.0,224,2,779.5699999999999,368,389.785,21
12736.0,242,1,234.0,173,234.0,0
12737.0,408,2,3710.5,2,1855.25,0
12738.0,281,1,310.7,296,310.7,0
12739.0,8,3,2689.23,950,896.41,295
12741.0,438,2,406.07,214,203.035,3
12742.0,535,1,1201.52,1359,1201.52,0
12743.0,43,2,546.43,319,273.215,0
12744.0,54,9,18249.74,6393,2027.748888888889,446
12745.0,396,3,925.41,468,308.47,195
12746.0,450,1,254.55,97,254.55,0
12747.0,19,23,7849.93,2345,341.3013043478261,622
12748.0,0,259,36987.41,22625,142.80853281853285,643
12749.0,40,7,5561.71,1969,794.53,390
12750.0,38,1,275.88,137,275.88,0
12751.0,354,1,268.27,189,268.27,0
12753.0,45,5,16620.91,9211,3324.182,226
12754.0,145,3,3010.74,6481,1003.58,72
12755.0,190,11,9030.66,3781,820.9690909090909,413
12757.0,52,7,5281.08,918,754.4399999999999,68
12758.0,26,7,9903.24,6155,1414.7485714285715,621
12759.0,81,7,4571.82,2930,653.1171428571428,563
12760.0,365,1,347.8,198,347.8,0
12761.0,367,2,782.95,281,391.475,7
12763.0,47,2,814.16,512,407.08,230
12764.0,226,1,1693.88,386,1693.88,0
12765.0,381,6,1404.58,1009,234.09666666666664,169
12766.0,58,7,8030.84,4295,1147.2628571428572,258
12767.0,285,1,949.82,598,949.82,0
12768.0,360,1,168.69000000000003,102,168.69000000000003,0
12769.0,148,1,1143.6,356,1143.6,0
12770.0,120,2,3246.45,1843,1623.225,245
12771.0,395,1,282.3,104,282.3,0
12773.0,473,1,124.25,109,124.25,0
12774.0,445,1,98.7,53,98.7,0
12775.0,99,6,1464.76,946,244.1266666666667,219
12776.0,577,1,55.5,46,55.5,0
12777.0,367,1,519.45,458,519.45,0
12778.0,92,7,1445.51,1368,206.50142857142856,419
12779.0,99,13,5740.32,3002,441.5630769230769,547
12780.0,508,1,337.4,285,337.4,0
12781.0,194,1,549.26,346,549.26,0
12782.0,59,10,4365.99,1889,436.599,369
12784.0,438,1,1230.33,582,1230.33,0
12785.0,273,3,1100.4,453,366.8,366
12786.0,519,1,728.5,324,728.5,0
12787.0,1,3,743.18,459,247.72666666666663,321
12788.0,372,4,444.9,194,111.225,65
12789.0,422,2,181.5,32,90.75,181
12790.0,101,2,591.85,306,295.925,218
12791.0,283,6,1056.11,450,176.01833333333337,250
12792.0,166,2,827.01,394,413.505,278
12793.0,244,3,1017.33,526,339.11,66
12794.0,8,1,317.0,227,317.0,0
12796.0,537,1,381.0,182,381.0,0
12797.0,275,2,806.11,333,403.055,58
12798.0,80,2,3140.93,5455,1570.465,250
12799.0,438,1,219.35,137,219.35,0
12800.0,379,3,584.25,284,194.75,206
12801.0,410,1,1071.82,505,1071.82,0
12802.0,96,7,2416.42,1972,345.2028571428572,377
12803.0,302,1,1092.81,872,1092.81,0
12804.0,375,2,327.02,271,163.51,34
12805.0,291,4,1434.95,593,358.7375,293
12806.0,344,4,2878.96,2087,719.74,153
12807.0,292,1,330.35,145,330.35,0
12808.0,94,4,703.8000000000001,295,175.95000000000002,278
12809.0,87,3,1755.94,518,585.3133333333334,469
12810.0,444,2,534.99,389,267.495,142
12811.0,170,5,1033.9,435,206.78000000000003,166
12813.0,411,3,1687.8,1141,562.6,191
12814.0,11,1,125.92,49,125.92,0
12815.0,57,2,1063.46,379,531.73,50
12816.0,5,2,572.2,128,286.1,80
12817.0,190,3,690.98,219,230.32666666666668,153
12818.0,171,1,1542.08,929,1542.08,0
12819.0,367,1,540.52,344,540.52,0
12820.0,236,8,1917.64,1388,239.705,407
12821.0,123,2,220.8,162,110.4,397
12823.0,36,17,5966.0,860,350.94117647058823,552
12825.0,430,2,518.63,139,259.315,120
12826.0,88,9,2299.65,1658,255.51666666666668,542
12828.0,8,3,415.51,157,138.50333333333333,31
12829.0,246,3,385.3,550,128.43333333333334,213
12830.0,0,5,6414.32,8696,1282.864,80
12831.0,171,3,451.11,303,150.37,200
12832.0,7,1,267.8,132,267.8,0
12833.0,54,1,417.38,156,417.38,0
12834.0,192,1,312.38,110,312.38,0
12835.0,337,41,6043.31,2357,147.3978048780488,308
12836.0,46,14,6085.29,2030,434.6635714285714,601
12837.0,82,2,688.41,209,344.205,396
12838.0,283,9,3106.14,1714,345.12666666666667,219
12839.0,1,21,7577.7,5113,360.8428571428572,640
12840.0,53,7,4041.97,2258,577.4242857142857,530
12841.0,16,32,6369.77,4477,199.0553125,412
12842.0,218,3,1109.73,497,369.91,429
12843.0,69,29,6578.46,3030,226.84344827586207,567
12844.0,39,3,497.52,175,165.84,463
12845.0,176,4,354.09,204,88.5225,22
12846.0,591,1,15.58,1,15.58,0
12847.0,297,1,765.36,624,765.36,0
12848.0,585,1,208.0,58,208.0,0
12849.0,178,5,2744.17,1773,548.8340000000001,322
12850.0,355,1,330.0,200,330.0,0
12851.0,6,2,284.13,160,142.065,380
12852.0,204,1,311.55,149,311.55,0
12853.0,44,11,3907.5,1668,355.22727272727275,537
12854.0,150,6,2479.89,1430,413.315,487
12855.0,282,4,650.9399999999999,270,162.735,29
12857.0,120,6,3688.0,1420,614.6666666666666,472
12858.0,292,1,177.92,63,177.92,0
12859.0,368,1,575.1,292,575.1,0
12860.0,602,1,55.47,27,55.47,0
12861.0,529,1,68.25,27,68.25,0
12862.0,335,2,1008.32,613,504.16,69
12863.0,288,5,2271.35,707,454.27,210
12864.0,47,2,299.57,447,149.785,369
12865.0,33,3,2736.62,1598,912.2066666666666,352
12866.0,192,3,1227.35,553,409.1166666666666,219
12867.0,5,12,6902.21,7015,575.1841666666667,626
12868.0,95,8,2247.06,1282,280.8825,207
12869.0,591,1,337.67,144,337.67,0
12870.0,284,3,1676.95,906,558.9833333333333,248
12871.0,116,2,495.38,364,247.69,232
12872.0,236,12,3685.49,1855,307.12416666666667,409
12873.0,191,3,2027.3,786,675.7666666666667,399
12874.0,294,2,948.42,623,474.21,169
12875.0,52,5,1356.99,5187,271.398,554
12876.0,105,3,2590.2000000000003,1757,863.4000000000001,394
12877.0,34,17,2478.63,1789,145.80176470588236,566
12878.0,145,2,854.99,547,427.495,29
12879.0,1,1,140.5,58,140.5,0
12880.0,291,2,640.13,279,320.065,192
12881.0,185,1,298.0,21,298.0,0
12885.0,33,1,645.35,346,645.35,0
12886.0,129,1,775.0,416,775.0,0
12887.0,293,1,222.4,100,222.4,0
12888.0,123,2,354.12,76,177.06,41
12889.0,290,4,385.46,124,96.365,121
12890.0,296,1,336.8,207,336.8,0
12891.0,95,11,840.5,2325,76.4090909090909,473
12892.0,306,1,263.38,140,263.38,0
12894.0,484,1,157.35,33,157.35,0
12897.0,114,4,514.25,249,128.5625,339
12898.0,373,2,310.96000000000004,240,155.48000000000002,195
12899.0,323,1,366.4,108,366.4,0
12900.0,331,1,340.33,139,340.33,0
12901.0,18,19,11639.47,12420,612.6036842105264,162
12902.0,174,1,138.68,66,138.68,0
12903.0,338,1,833.53,493,833.53,0
12904.0,81,1,244.69,165,244.69,0
12905.0,486,2,1018.42,532,509.21,105
12907.0,305,2,508.91,177,254.455,98
12908.0,85,5,1776.0,3000,355.2,453
12909.0,111,6,2452.89,1454,408.815,451
12910.0,43,9,4208.38,2770,467.59777777777776,487
12911.0,461,1,1680.47,820,1680.47,0
12913.0,192,11,5083.62,2158,462.1472727272727,455
12914.0,310,1,223.98,336,223.98,0
12915.0,58,4,1174.75,452,293.6875,440
12916.0,48,7,4654.02,1774,664.8599999999999,545
12917.0,37,6,4359.2,1104,726.5333333333333,602
12918.0,535,1,10953.5,1,10953.5,0
12919.0,26,3,441.65,203,147.21666666666667,53
12920.0,480,3,323.86,292,107.95333333333332,153
12921.0,7,61,29417.42,18233,482.25278688524594,639
12922.0,70,1,405.38,370,405.38,0
12923.0,299,2,612.9,168,306.45,184
12924.0,107,11,2190.9700000000003,1227,199.17909090909092,532
12925.0,502,1,35.28,108,35.28,0
12926.0,320,4,1548.46,766,387.115,314
12927.0,304,1,197.31,145,197.31,0
12928.0,57,10,3378.33,2117,337.833,401
12929.0,221,1,117.85,37,117.85,0
12930.0,80,1,221.56,108,221.56,0
12931.0,11,53,82822.08,56286,1562.6807547169813,637
12932.0,448,8,1698.56,1609,212.32,128
12933.0,80,7,1436.99,838,205.2842857142857,557
12934.0,646,1,181.65,31,181.65,0
12935.0,19,12,3618.5,2616,301.5416666666667,497
12937.0,106,7,2021.57,1244,288.79571428571427,538
12939.0,47,16,21673.08,8660,1354.5675,558
12941.0,633,1,377.49,381,377.49,0
12942.0,40,3,942.65,272,314.21666666666664,234
12943.0,467,2,496.5,222,248.25,47
12944.0,264,1,286.95,145,286.95,0
12945.0,197,2,900.11,446,450.055,367
12946.0,346,1,324.45,149,324.45,0
12947.0,53,6,1908.03,1349,318.005,229
12948.0,14,6,1676.44,1023,279.4066666666667,632
12949.0,23,21,14808.9,7900,705.1857142857143,621
12951.0,83,14,2901.4300000000003,1490,207.24500000000003,524
12953.0,431,1,498.96,280,498.96,0
12954.0,548,1,162.45,83,162.45,0
12955.0,2,6,1843.36,1526,307.22666666666663,175
12956.0,215,4,521.89,340,130.4725,417
12957.0,95,9,6404.72,3385,711.6355555555556,542
12958.0,309,2,539.49,131,269.745,182
12959.0,393,1,150.95,109,150.95,0
12960.0,323,4,1322.07,1379,330.5175,247
12961.0,288,1,211.99,180,211.99,0
12962.0,22,1,170.54000000000002,78,170.54000000000002,0
12963.0,275,5,2110.76,1100,422.152,153
12964.0,346,1,132.24,56,132.24,0
12967.0,267,3,4306.92,1272,1435.64,25
12968.0,21,1,135.95,73,135.95,0
12969.0,512,1,122.45,55,122.45,0
12970.0,231,8,1096.53,712,137.06625,413
12971.0,1,94,12948.2,11214,137.74680851063832,631
12972.0,323,4,1161.2,844,290.3,247
12973.0,323,1,385.55,31,385.55,0
12974.0,107,2,408.95,104,204.475,367
12975.0,346,6,2100.09,911,350.01500000000004,296
12976.0,121,8,3156.38,2684,394.5475,453
12977.0,65,4,517.63,131,129.4075,355
12978.0,294,5,2502.82,1394,500.564,344
12979.0,638,1,517.7,520,517.7,0
12980.0,67,21,16245.78,1910,773.6085714285715,579
12981.0,42,1,187.18,134,187.18,0
12982.0,152,8,2744.81,1729,343.10125,363
12983.0,507,1,490.08,638,490.08,0
12986.0,338,10,2729.84,1164,272.98400000000004,259
12987.0,107,4,1057.81,474,264.4525,491
12988.0,201,1,535.32,136,535.32,0
12989.0,67,26,11096.78,6038,426.7992307692308,571
12990.0,94,6,809.9,410,134.98333333333332,434
12991.0,21,2,564.62,439,282.31,277
12992.0,634,1,93.35,21,93.35,0
12993.0,30,7,1217.27,715,173.8957142857143,539
12994.0,29,2,645.47,303,322.735,148
12996.0,285,1,355.5,122,355.5,0
12997.0,145,6,1492.49,822,248.7483333333333,376
12998.0,402,3,920.08,1124,306.6933333333333,160
12999.0,105,3,455.88,342,151.96,49
13000.0,16,4,1032.5,548,258.125,618
13001.0,67,31,22968.7,12913,740.925806451613,577
13002.0,227,3,414.13,201,138.04333333333332,116
13003.0,15,3,149.05,103,49.68333333333334,109
13004.0,23,30,9780.03,7221,326.00100000000003,610
13005.0,83,4,999.68,462,249.92,283
13007.0,489,1,175.25,59,175.25,0
13008.0,232,3,612.13,379,204.0433333333333,399
13009.0,582,1,234.0,120,234.0,0
13010.0,283,2,330.12,323,165.06,274
13011.0,281,1,101.1,26,101.1,0
13012.0,58,7,2323.3,1250,331.90000000000003,443
13013.0,2,25,11500.92,5997,460.0368,633
13014.0,23,6,3937.28,1690,656.2133333333333,318
13015.0,106,10,5003.18,2623,500.318,405
13016.0,32,1,425.25,315,425.25,0
13018.0,2,25,7561.17,5175,302.4468,555
13019.0,288,6,1229.95,397,204.99166666666667,353
13020.0,472,2,618.96,278,309.48,97
13021.0,76,12,3423.33,1721,285.2775,567
13022.0,339,1,65.3,35,65.3,0
13023.0,39,2,1095.53,458,547.765,398
13024.0,380,2,555.87,181,277.935,111
13025.0,641,1,323.39,241,323.39,0
13026.0,2,7,1361.92,1746,194.56,633
13027.0,23,19,17335.2,43080,912.3789473684212,574
13029.0,48,4,1453.0,152,363.25,384
13030.0,277,1,855.48,408,855.48,0
13031.0,316,5,3419.27,2399,683.854,147
13032.0,302,7,1833.37,906,261.91,67
13033.0,266,2,220.55,98,110.275,72
13034.0,278,2,445.77,269,222.885,31
13035.0,170,2,775.32,494,387.66,170
13036.0,594,1,307.1,38,307.1,0
13037.0,47,12,3914.95,2130,326.24583333333334,597
13038.0,93,2,591.76,280,295.88,106
13039.0,493,4,1010.73,290,252.6825,138
13041.0,360,4,799.13,335,199.7825,139
13042.0,507,3,1556.54,830,518.8466666666667,133
13043.0,182,1,516.42,254,516.42,0
13044.0,200,11,4853.9,2553,441.2636363636364,409
13045.0,8,3,808.92,405,269.64,387
13046.0,175,2,517.66,317,258.83,190
13047.0,36,22,8239.630000000001,3202,374.5286363636364,596
13048.0,23,8,3623.35,2424,452.91875,567
13049.0,227,3,905.34,430,301.78000000000003,83
13050.0,15,31,11017.41,6165,355.40032258064514,617
13051.0,488,2,155.8,72,77.9,40
13052.0,121,7,3168.53,1454,452.6471428571429,442
13053.0,531,1,127.65,47,127.65,0
13055.0,123,2,1451.56,1179,725.78,216
13056.0,460,1,209.48,158,209.48,0
13057.0,439,3,722.09,466,240.6966666666667,101
13058.0,61,1,47.55,9,47.55,0
13059.0,159,10,2303.17,864,230.317,368
13060.0,163,1,307.53,123,307.53,0
13062.0,100,1,346.98,343,346.98,0
13063.0,390,1,188.4,116,188.4,0
13064.0,62,4,1220.5,438,305.125,439
13065.0,282,5,1260.91,455,252.182,174
13067.0,319,2,393.05,99,196.525,36
13068.0,229,1,165.0,100,165.0,0
13069.0,9,34,9121.71,14684,268.28558823529414,443
13070.0,101,4,751.7,372,187.925,539
13071.0,521,1,129.22,30,129.22,0
13072.0,176,1,177.15,69,177.15,0
13073.0,320,2,418.08,261,209.04,26
13074.0,420,4,1378.74,826,344.685,212
13075.0,39,1,919.61,485,919.61,0
13076.0,367,1,135.4,44,135.4,0
13077.0,199,10,2912.84,2529,291.284,438
13078.0,16,46,23821.66,9053,517.8621739130434,632
13079.0,0,3,258.58,106,86.19333333333333,326
13080.0,88,4,280.73,193,70.1825,430
13081.0,53,25,49737.89,35020,1989.5156,587
13082.0,35,21,7335.75,8466,349.32142857142856,591
13083.0,334,1,91.68,120,91.68,0
13084.0,401,1,122.4,144,122.4,0
13085.0,67,8,2433.28,944,304.16,581
13086.0,292,1,439.33,155,439.33,0
13087.0,635,1,313.64,86,313.64,0
13088.0,326,1,236.11,76,236.11,0
13089.0,9,177,101236.52,52986,571.9577401129944,637
13090.0,45,19,10104.29,2315,531.8047368421053,358
13091.0,639,2,1976.0,873,988.0,0
13092.0,121,11,2102.2,480,191.1090909090909,456
13093.0,185,55,54943.65,26227,998.9754545454546,460
13094.0,39,11,2051.52,1728,186.50181818181815,259
13096.0,303,1,419.7000000000001,6,419.7000000000001,0
13097.0,32,26,12022.51,4897,462.4042307692308,615
13098.0,3,18,15169.46,8701,842.7477777777777,223
13099.0,8,1,207.36,288,207.36,0
13101.0,143,4,695.4,478,173.85,446
13102.0,43,32,10234.53,5733,319.8290625,448
13103.0,347,2,465.7000000000001,344,232.85,139
13104.0,42,6,987.06,510,164.51,520
13105.0,345,1,72.0,100,72.0,0
13106.0,42,2,603.46,231,301.73,280
13107.0,85,7,4656.67,3839,665.2385714285714,497
13108.0,282,2,1098.52,1043,549.26,62
13109.0,66,2,717.34,497,358.67,394
13110.0,46,10,2511.04,649,251.104,601
13111.0,628,1,321.88000000000005,180,321.88000000000005,0
13112.0,450,1,20.6,11,20.6,0
13113.0,23,33,17166.83,4116,520.2069696969697,507
13114.0,640,1,234.38,74,234.38,0
13115.0,93,7,4078.47,2988,582.6385714285715,415
13116.0,47,1,501.14,291,501.14,0
13117.0,31,17,2500.67,1825,147.09823529411764,501
13118.0,117,7,2017.3,698,288.18571428571425,230
13119.0,578,1,134.9,110,134.9,0
13120.0,148,1,30.6,12,30.6,0
13121.0,178,1,283.73,252,283.73,0
13122.0,3,2,922.39,585,461.195,146
13123.0,382,2,506.75,268,253.375,56
13124.0,161,3,3490.24,2259,1163.4133333333332,132
13125.0,433,1,158.57,54,158.57,0
13126.0,162,10,2976.03,2328,297.603,394
13128.0,540,1,263.5,31,263.5,0
13129.0,361,2,233.25,296,116.625,77
13130.0,3,1,64.0,32,64.0,0
13131.0,97,5,2565.37,1204,513.074,481
13132.0,171,1,77.3,20,77.3,0
13133.0,183,3,200.45,55,66.81666666666668,185
13134.0,93,5,1567.39,635,313.478,232
13135.0,106,2,3371.45,4423,1685.725,294
13136.0,52,11,4893.63,2458,444.87545454545455,588
13137.0,2,13,5993.33,3257,461.0253846153846,409
13138.0,42,4,994.3,488,248.575,263
13139.0,19,4,4848.98,2915,1212.245,328
13140.0,17,5,1215.68,648,243.136,382
13141.0,123,16,6680.86,4563,417.55375,516
13143.0,494,1,405.1,198,405.1,0
13144.0,242,2,135.35,29,67.675,98
13145.0,1,6,1304.72,242,217.45333333333332,507
13147.0,9,1,118.8,24,118.8,0
13148.0,43,24,7704.56,3976,321.02333333333337,598
13149.0,15,3,1132.62,884,377.54,182
13150.0,393,3,449.97,171,149.98999999999998,146
13151.0,205,3,2580.74,832,860.2466666666668,332
13152.0,326,7,2146.38,977,306.6257142857143,277
13154.0,308,3,1624.84,976,541.6133333333333,336
13155.0,236,4,1347.62,674,336.90500000000003,165
13156.0,294,3,1586.54,914,528.8466666666667,290
13157.0,50,8,4819.34,4111,602.4175,500
13158.0,4,5,1508.18,992,301.636,293
13159.0,15,2,851.59,628,425.795,9
13161.0,222,2,478.88,106,239.44,187
13162.0,31,16,9275.49,5755,579.718125,613
13163.0,519,1,17.65,3,17.65,0
13164.0,478,2,372.2,120,186.1,98
13165.0,260,2,784.32,856,392.16,61
13166.0,192,2,884.18,527,442.09,131
13167.0,40,3,751.37,669,250.45666666666668,259
13168.0,108,4,1528.78,787,382.195,342
13169.0,161,2,632.4000000000001,120,316.20000000000005,309
13171.0,208,1,140.35,53,140.35,0
13172.0,309,1,69.6,48,69.6,0
13173.0,276,10,2451.64,1457,245.164,362
13174.0,225,11,8786.08,4116,798.7345454545455,418
13175.0,491,2,831.45,423,415.725,153
13177.0,340,1,229.75,89,229.75,0
13178.0,42,18,12725.45,7807,706.9694444444444,589
13179.0,528,1,572.3100000000001,368,572.3100000000001,0
13180.0,516,1,86.10000000000001,42,86.10000000000001,0
13181.0,290,1,359.69,171,359.69,0
13183.0,10,12,5473.38,3267,456.115,534
13184.0,40,9,1504.44,1567,167.16,159
13185.0,177,1,71.4,12,71.4,0
13186.0,3,2,1301.94,547,650.97,35
13187.0,246,4,367.01,375,91.7525,287
13189.0,24,1,127.0,526,127.0,0
13190.0,453,3,570.66,308,190.22,188
13191.0,567,1,164.69,115,164.69,0
13192.0,4,6,2558.58,1629,426.43,591
13194.0,45,2,472.78,326,236.39,285
13195.0,323,1,172.38,83,172.38,0
13196.0,171,4,1783.19,1102,445.7975,355
13197.0,519,1,373.0100000000001,204,373.0100000000001,0
13198.0,30,7,4582.17,3170,654.5957142857143,313
13199.0,1,51,11355.93,9495,222.66529411764705,642
13200.0,35,1,319.32,249,319.32,0
13201.0,411,4,1240.61,1039,310.15250000000003,140
13202.0,303,7,1580.3,572,225.75714285714284,336
13203.0,30,8,2088.65,1887,261.08125,601
13204.0,640,1,966.66,428,966.66,0
13205.0,352,1,2803.2,256,2803.2,0
13206.0,309,13,8377.32,7155,644.4092307692307,332
13207.0,60,3,483.12000000000006,120,161.04000000000002,461
13208.0,64,7,1599.67,1114,228.52428571428567,581
13209.0,38,10,6773.98,4783,677.3979999999999,555
13210.0,3,1,353.48,316,353.48,0
13211.0,4,9,2418.54,1635,268.7266666666667,638
13213.0,37,10,3294.82,2080,329.482,439
13214.0,327,7,3264.23,2966,466.3185714285714,228
13215.0,311,1,81.6,96,81.6,0
13216.0,177,1,333.74,297,333.74,0
13217.0,31,4,666.48,512,166.62,533
13218.0,36,1,62.63999999999999,88,62.63999999999999,0
13219.0,527,1,76.23,11,76.23,0
13220.0,95,4,1243.29,332,310.8225,390
13221.0,149,2,847.41,244,423.705,119
13222.0,486,1,88.5,30,88.5,0
13223.0,109,6,969.12,568,161.52,464
13224.0,60,1,1212.26,665,1212.26,0
13225.0,52,14,14095.79,6149,1006.8421428571428,579
13226.0,182,2,312.46,179,156.23,120
13227.0,111,1,257.7,99,257.7,0
13229.0,135,1,160.95,63,160.95,0
13230.0,47,28,5787.99,3323,206.71392857142857,492
13232.0,7,5,1048.3,654,209.66,144
13233.0,245,3,875.58,1004,291.86,358
13234.0,582,2,356.95,162,178.475,59
13235.0,121,1,1031.07,441,1031.07,0
13236.0,16,1,439.23,168,439.23,0
13237.0,297,1,643.0,128,643.0,0
13238.0,73,4,624.75,281,156.1875,426
13239.0,171,5,1594.69,1151,318.938,240
13240.0,5,8,1738.52,859,217.315,556
13241.0,321,1,115.58,48,115.58,0
13242.0,21,7,699.4,350,99.91428571428573,555
13243.0,112,5,1278.04,579,255.608,428
13244.0,2,1,121.74,38,121.74,0
13245.0,341,1,558.72,246,558.72,0
13246.0,85,10,3261.12,2759,326.112,348
13248.0,34,2,465.68,305,232.84,64
13249.0,1,9,1608.93,1246,178.77,592
13250.0,370,2,256.04,108,128.02,41
13251.0,311,1,252.68,215,252.68,0
13252.0,303,2,399.3,134,199.65,231
13253.0,66,4,2951.11,3015,737.7775,546
13254.0,285,1,51.41,43,51.41,0
13255.0,283,2,730.65,450,365.325,138
13257.0,345,1,149.75,33,149.75,0
13258.0,114,3,561.22,246,187.07333333333332,195
13259.0,307,8,1141.06,385,142.6325,301
13261.0,178,2,944.1,210,472.05,17
13262.0,172,3,573.45,247,191.15,337
13263.0,17,27,6121.3,3416,226.7148148148148,305
13264.0,352,1,722.5600000000001,375,722.5600000000001,0
13265.0,93,3,1465.66,1138,488.5533333333333,89
13266.0,22,15,4836.36,5469,322.424,609
13267.0,1,32,8356.11,3479,261.1284375,639
13268.0,79,6,2150.25,2518,358.375,97
13269.0,19,21,6526.92,5065,310.8057142857143,628
13270.0,275,1,1180.0,400,1180.0,0
13273.0,22,1,138.98,153,138.98,0
13274.0,318,1,360.85,199,360.85,0
13275.0,293,2,241.66,140,120.83,248
13276.0,9,4,1485.71,714,371.4275,542
13277.0,25,5,390.8,292,78.16,423
13278.0,309,3,893.12,821,297.70666666666665,210
13280.0,31,7,2322.63,1495,331.8042857142857,522
13281.0,348,1,350.85,201,350.85,0
13282.0,71,3,954.15,275,318.05,243
13283.0,95,3,305.2,144,101.73333333333332,454
13284.0,240,1,201.19,91,201.19,0
13285.0,70,5,2625.57,1860,525.114,463
13286.0,509,1,734.91,274,734.91,0
13287.0,512,3,781.59,429,260.53000000000003,101
13288.0,352,5,927.61,379,185.522,223
13289.0,633,1,307.95,119,307.95,0
13290.0,347,1,208.63,1,208.63,0
13291.0,65,11,3320.84,1619,301.8945454545455,510
13292.0,193,4,665.14,316,166.285,242
13293.0,301,6,1192.94,555,198.82333333333332,276
13294.0,99,3,1689.53,996,563.1766666666666,456
13295.0,269,4,1101.97,733,275.4925,217
13296.0,46,6,792.51,653,132.085,439
13297.0,294,3,2278.77,1731,759.59,157
13299.0,177,3,1218.7,416,406.23333333333335,260
13300.0,78,3,1285.51,455,428.5033333333333,404
13301.0,13,4,618.09,345,154.5225,188
13302.0,64,2,159.2,12,79.6,371
13303.0,309,1,61.72,26,61.72,0
13304.0,260,4,1217.99,716,304.4975,318
13305.0,2,14,3225.1,2064,230.3642857142857,546
13306.0,339,1,53.65,74,53.65,0
13307.0,29,3,273.34,140,91.11333333333332,472
13308.0,112,2,1099.81,749,549.905,393
13309.0,116,3,796.22,986,265.4066666666667,186
13310.0,115,4,1226.82,624,306.705,195
13311.0,59,1,490.11,271,490.11,0
13312.0,360,1,124.75,41,124.75,0
13313.0,50,10,2808.34,1944,280.834,596
13315.0,598,1,310.26,232,310.26,0
13316.0,41,8,10993.82,20141,1374.2275,508
13317.0,108,18,5526.3910000000005,2614,307.02172222222225,527
13319.0,1,51,18627.42,7743,365.2435294117648,641
13320.0,16,5,1660.55,1210,332.11,372
13324.0,112,15,7190.51,5716,479.36733333333336,360
13326.0,341,1,281.76,140,281.76,0
13327.0,22,19,8990.460000000001,4135,473.182105263158,608
13328.0,225,1,1308.48,680,1308.48,0
13329.0,276,7,4628.17,3198,661.1671428571428,368
13330.0,2,6,2806.18,1975,467.69666666666666,562
13331.0,311,1,262.4,54,262.4,0
13333.0,320,3,1015.74,685,338.58,247
13334.0,100,4,5458.77,2803,1364.6925,461
13337.0,455,1,1575.26,980,1575.26,0
13338.0,67,4,2445.62,1151,611.405,545
13339.0,110,1,860.12,326,860.12,0
13340.0,15,10,20593.62,9014,2059.362,549
13341.0,170,1,775.85,301,775.85,0
13343.0,87,1,353.43,135,353.43,0
13344.0,187,1,1656.15,599,1656.15,0
13345.0,197,1,389.5,141,389.5,0
13346.0,372,6,299.4,180,49.9,133
13355.0,31,1,674.7,314,674.7,0
13357.0,166,5,3838.36,2142,767.672,369
13358.0,178,1,439.03,285,439.03,0
13359.0,312,1,603.75,220,603.75,0
13360.0,341,4,1553.65,942,388.4125,269
13361.0,381,2,1450.5,324,725.25,145
13362.0,155,5,3884.86,1826,776.972,179
13363.0,319,1,731.36,436,731.36,0
13365.0,127,1,700.6,404,700.6,0
13367.0,341,1,510.2000000000001,253,510.2000000000001,0
13368.0,166,4,1121.5,606,280.375,166
13369.0,275,1,616.5600000000001,298,616.5600000000001,0
13370.0,281,1,1509.74,686,1509.74,0
13371.0,414,2,2297.66,1019,1148.83,127
13373.0,68,5,6330.52,3556,1266.104,574
13374.0,324,2,422.8,135,211.4,34
13375.0,354,1,1013.58,682,1013.58,0
13376.0,8,3,1019.76,493,339.92,135
13377.0,306,2,1552.88,748,776.44,249
13379.0,46,1,136.29,166,136.29,0
13380.0,342,1,62.4,48,62.4,0
13381.0,22,10,7046.39,4347,704.639,624
13382.0,190,5,1387.58,863,277.516,451
13383.0,453,1,305.28000000000003,288,305.28000000000003,0
13384.0,38,6,4284.74,2782,714.1233333333333,371
13385.0,239,1,534.57,281,534.57,0
13386.0,323,2,835.46,514,417.73,22
13387.0,326,1,189.44,125,189.44,0
13388.0,40,3,1185.65,701,395.2166666666667,472
13389.0,142,1,257.89,115,257.89,0
13391.0,113,1,59.8,4,59.8,0
13392.0,586,1,91.14,82,91.14,0
13393.0,493,4,1131.45,662,282.8625,148
13394.0,25,16,5645.13,4437,352.820625,622
13395.0,94,3,1180.23,1660,393.41,236
13396.0,228,1,387.27,139,387.27,0
13397.0,20,9,2875.93,1264,319.5477777777777,578
13398.0,101,2,670.34,341,335.17,256
13399.0,373,3,275.4,120,91.8,54
13400.0,492,1,310.83,284,310.83,0
13402.0,36,4,1535.13,1107,383.7825,437
13403.0,297,2,154.5,70,77.25,335
13404.0,122,1,217.81,99,217.81,0
13405.0,113,5,1198.81,853,239.762,520
13406.0,336,2,568.92,292,284.46,204
13407.0,488,3,2244.7,1690,748.2333333333332,83
13408.0,9,85,41453.102,23773,487.68355294117646,636
13410.0,96,7,1743.94,1026,249.1342857142857,544
13411.0,16,1,213.55,72,213.55,0
13412.0,529,1,487.35,176,487.35,0
13413.0,549,6,429.44,455,71.57333333333334,47
13414.0,43,6,2494.14,2702,415.69,469
13415.0,382,4,800.67,502,200.1675,255
13416.0,645,1,228.3,66,228.3,0
13417.0,114,5,1264.66,442,252.932,464
13418.0,8,28,10850.3,6856,387.51071428571424,629
13420.0,59,2,159.85,101,79.925,20
13421.0,199,7,3077.08,1734,439.5828571428571,373
13423.0,338,1,217.03,141,217.03,0
13424.0,359,1,572.77,529,572.77,0
13425.0,17,5,3403.63,2382,680.726,471
13426.0,92,17,6084.74,3822,357.9258823529412,547
13427.0,29,5,888.79,766,177.75799999999998,601
13428.0,423,2,281.51,210,140.755,0
13431.0,315,6,2047.14,898,341.19,253
13432.0,480,2,439.1,217,219.55,40
13433.0,410,4,658.3199999999999,190,164.57999999999998,195
13434.0,6,4,1205.46,624,301.365,559
13435.0,19,5,1753.46,1556,350.692,389
13437.0,8,4,2173.6,689,543.4,91
13438.0,456,1,46.5,10,46.5,0
13439.0,164,3,986.61,952,328.87,270
13440.0,332,7,1295.25,573,185.03571428571428,28
13441.0,1,2,720.9,520,360.45,339
13442.0,576,3,419.87,115,139.95666666666668,70
13443.0,358,6,1280.16,809,213.36,228
13444.0,283,2,631.6800000000001,337,315.84000000000003,131
13445.0,535,1,241.9,198,241.9,0
13446.0,339,11,3881.89,2403,352.8990909090909,233
13448.0,128,11,7124.76,3464,647.7054545454546,514
13450.0,34,11,3497.78,3606,317.98,478
13451.0,35,10,6678.16,4883,667.816,502
13452.0,168,3,729.8,6,243.26666666666665,213
13453.0,75,3,781.6899999999999,341,260.56333333333333,236
13454.0,550,1,219.87,198,219.87,0
13455.0,275,5,2540.53,821,508.1060000000001,364
13456.0,64,3,855.0600000000001,261,285.02000000000004,51
13457.0,598,2,148.22,96,74.11,48
13458.0,9,12,9991.12,5773,832.5933333333334,288
13459.0,534,2,1160.41,986,580.2049999999999,57
13461.0,48,5,3599.2,2798,719.8399999999999,458
13462.0,162,5,1153.85,697,230.77,473
13464.0,304,5,2422.96,1037,484.592,223
13465.0,355,2,931.12,584,465.56,139
13466.0,93,5,1013.35,660,202.67,444
13468.0,2,64,12424.56,5299,194.13375,643
13469.0,562,1,82.4,52,82.4,0
13470.0,8,2,165.0,100,82.5,15
13472.0,373,2,592.24,310,296.12,91
13473.0,242,7,2476.38,932,353.7685714285714,391
13474.0,145,3,663.79,334,221.2633333333333,258
13475.0,100,4,1431.78,1012,357.945,107
13476.0,88,5,2061.4700000000003,713,412.294,466
13477.0,47,9,2279.14,1700,253.23777777777772,545
13478.0,378,5,2215.78,1189,443.15600000000006,207
13479.0,110,4,851.37,716,212.8425,276
13480.0,326,2,627.82,362,313.91,262
13481.0,17,10,3387.61,1774,338.761,627
13482.0,141,2,336.09,187,168.045,395
13484.0,150,3,790.72,224,263.5733333333333,398
13485.0,142,11,3019.2200000000003,1798,274.4745454545455,503
13486.0,37,2,819.61,529,409.805,26
13487.0,122,4,680.27,310,170.0675,521
13488.0,30,19,13215.95,6605,695.5763157894737,563
13489.0,14,4,449.52,560,112.38,189
13490.0,563,1,154.25,25,154.25,0
13491.0,57,26,4439.1900000000005,2294,170.73807692307693,585
13492.0,45,3,1269.84,408,423.28,78
13493.0,184,2,618.63,380,309.315,11
13494.0,221,1,316.26000000000005,162,316.26000000000005,0
13495.0,141,8,4401.82,2330,550.2275,500
13496.0,269,1,501.01,229,501.01,0
13497.0,192,6,1320.33,579,220.055,386
13498.0,639,1,327.38,362,327.38,0
13499.0,134,2,463.79,265,231.895,44
13500.0,32,2,625.93,357,312.965,278
13501.0,197,3,2885.11,1253,961.7033333333334,282
13502.0,184,4,677.66,336,169.415,273
13503.0,388,5,1688.54,870,337.708,181
13505.0,76,3,2583.12,1261,861.04,66
13506.0,225,5,1639.2,1174,327.84000000000003,144
13507.0,7,3,2022.79,1212,674.2633333333333,47
13508.0,153,2,287.05,180,143.525,399
13509.0,9,6,840.02,907,140.00333333333333,407
13510.0,4,9,3664.54,2401,407.1711111111111,623
13511.0,586,1,282.76,60,282.76,0
13512.0,170,4,713.39,419,178.3475,322
13513.0,36,3,824.59,364,274.86333333333334,528
13514.0,338,3,663.7,248,221.23333333333332,253
13515.0,26,5,898.66,611,179.732,527
13516.0,148,2,441.85,185,220.925,179
13517.0,16,2,1612.18,981,806.09,73
13519.0,352,1,220.46,110,220.46,0
13520.0,47,10,6233.03,2952,623.303,585
13523.0,109,4,3505.88,1430,876.47,202
13524.0,11,3,408.86,187,136.28666666666666,118
13525.0,157,1,282.88,208,282.88,0
13526.0,647,2,1182.0,1911,591.0,0
13527.0,14,9,3762.65,2360,418.0722222222223,582
13529.0,114,1,181.1,30,181.1,0
13530.0,543,1,402.98,272,402.98,0
13531.0,114,6,1738.52,600,289.75333333333333,531
13533.0,92,3,270.79,204,90.26333333333334,84
13534.0,17,31,6222.35,3150,200.72096774193548,412
13535.0,312,1,89.5,10,89.5,0
13537.0,335,2,717.85,337,358.925,26
13538.0,3,11,2822.63,925,256.6027272727273,581
13539.0,149,6,1253.67,621,208.945,350
13540.0,376,3,632.39,189,210.79666666666665,188
13541.0,336,2,785.25,279,392.625,143
13542.0,286,17,4006.17,815,235.6570588235294,352
13543.0,543,2,1439.61,329,719.8050000000001,52
13544.0,150,5,660.5,306,132.1,404
13545.0,300,2,374.64,257,187.32,153
13546.0,110,3,653.3100000000001,339,217.77,223
13547.0,317,1,175.53,82,175.53,0
13548.0,5,3,908.99,565,302.99666666666667,375
13549.0,51,6,849.65,507,141.60833333333332,245
13550.0,292,1,349.51,454,349.51,0
13551.0,228,2,244.2,36,122.1,346
13552.0,33,19,6001.76,2261,315.8821052631579,534
13553.0,584,1,517.8,206,517.8,0
13554.0,289,7,1638.28,581,234.04,66
13555.0,111,11,6439.96,3035,585.4509090909091,487
13556.0,338,2,200.82,134,100.41,6
13557.0,190,12,2688.88,2076,224.07333333333332,450
13559.0,422,2,990.0,360,495.0,30
13561.0,125,11,1820.72,1136,165.52,433
13562.0,50,7,4248.58,1373,606.9399999999999,552
13563.0,49,1,310.88,146,310.88,0
13564.0,53,37,17249.55,9251,466.2040540540541,593
13565.0,243,2,284.76,166,142.38,76
13566.0,344,3,833.41,691,277.80333333333334,205
13567.0,337,4,1083.69,645,270.9225,113
13568.0,82,1,192.85,70,192.85,0
13569.0,277,3,638.35,282,212.78333333333333,60
13570.0,152,1,239.49,161,239.49,0
13571.0,2,21,3538.05,2289,168.47857142857143,638
13572.0,115,1,1384.25,534,1384.25,0
13573.0,162,5,653.84,367,130.768,383
13574.0,320,1,421.25,316,421.25,0
13575.0,43,2,218.75,113,109.375,42
13576.0,6,23,9675.34,3779,420.6669565217391,634
13577.0,2,10,2995.48,1467,299.548,632
13578.0,318,1,147.66,127,147.66,0
13579.0,278,4,1236.7,634,309.175,290
13580.0,315,1,107.75,45,107.75,0
13581.0,218,2,280.53000000000003,119,140.265,104
13582.0,299,2,241.68,106,120.84,227
13583.0,65,2,1445.031,1097,722.5155,523
13584.0,216,3,392.45,363,130.81666666666666,369
13585.0,440,3,684.54,1386,228.18,207
13586.0,450,1,131.53,39,131.53,0
13587.0,358,3,961.1,484,320.3666666666667,214
13588.0,9,4,1420.72,1648,355.18,155
13589.0,89,5,888.09,207,177.618,554
13590.0,60,16,5484.05,4328,342.753125,587
13591.0,113,6,1753.04,628,292.17333333333335,520
13592.0,115,3,205.51,71,68.50333333333333,58
13593.0,17,14,5523.6900000000005,2190,394.54928571428576,538
13594.0,395,1,136.35000000000002,37,136.35000000000002,0
13595.0,426,3,818.22,353,272.74,129
13597.0,309,2,396.71,231,198.355,2
13598.0,404,4,609.42,343,152.355,156
13599.0,66,20,7327.8,4731,366.39,581
13600.0,221,2,518.42,599,259.21,321
13601.0,120,3,865.02,699,288.34,335
13602.0,291,3,596.28,271,198.76,179
13604.0,568,1,717.62,242,717.62,0
13605.0,296,2,522.67,425,261.335,184
13606.0,152,2,250.42,243,125.21,68
13607.0,312,1,400.3,178,400.3,0
13608.0,450,1,236.2,113,236.2,0
13609.0,502,1,167.35,19,167.35,0
13610.0,19,12,1820.21,765,151.68416666666667,593
13611.0,80,9,2784.4500000000003,1656,309.3833333333334,566
13612.0,542,1,818.29,444,818.29,0
13613.0,362,5,1039.85,445,207.97000000000003,207
13614.0,73,4,1543.71,505,385.9275,387
13615.0,228,8,6272.53,2910,784.06625,361
13616.0,477,2,288.1,175,144.05,122
13617.0,22,7,1100.27,481,157.18142857142857,381
13618.0,83,1,177.34,246,177.34,0
13619.0,454,2,231.69,84,115.845,129
13620.0,437,1,112.34,74,112.34,0
13621.0,26,1,213.85,343,213.85,0
13622.0,605,1,658.95,379,658.95,0
13623.0,119,9,2370.63,879,263.40333333333336,527
13624.0,297,1,462.08,820,462.08,0
13625.0,506,1,301.26,144,301.26,0
13626.0,162,2,707.04,398,353.52,126
13627.0,85,5,1634.43,1138,326.886,463
13628.0,585,1,310.14,106,310.14,0
13629.0,8,16,11296.86,6572,706.05375,567
13630.0,15,5,1361.46,973,272.29200000000003,179
13631.0,9,11,3070.42,467,279.1290909090909,167
13632.0,83,6,2341.48,918,390.2466666666666,438
13634.0,15,14,4282.08,1743,305.86285714285714,591
13635.0,352,3,1928.13,1207,642.7099999999999,296
13636.0,31,4,646.55,339,161.6375,163
13637.0,96,2,684.85,354,342.425,39
13639.0,346,1,312.93,197,312.93,0
13640.0,520,1,405.0,108,405.0,0
13641.0,550,5,1016.47,1098,203.294,93
13642.0,125,4,514.72,253,128.68,217
13643.0,8,9,1896.73,755,210.74777777777777,632
13644.0,15,1,851.09,659,851.09,0
13645.0,29,1,252.1,158,252.1,0
13646.0,309,2,326.25,79,163.125,0
13647.0,84,6,2197.42,1349,366.2366666666667,428
13648.0,309,8,1764.02,960,220.5025,337
13649.0,166,6,1678.88,863,279.81333333333333,270
13650.0,116,6,2197.18,1108,366.19666666666666,475
13651.0,291,1,132.65,29,132.65,0
13652.0,166,4,2114.01,1282,528.5025,395
13653.0,397,1,152.2,72,152.2,0
13654.0,54,9,5314.94,4112,590.5488888888889,592
13655.0,23,6,2280.51,1225,380.085,477
13656.0,74,4,1078.85,862,269.7125,430
13657.0,111,1,152.34,132,152.34,0
13658.0,113,5,4319.63,1452,863.926,468
13659.0,115,12,4894.88,2539,407.9066666666667,455
13660.0,309,1,314.59,137,314.59,0
13661.0,512,1,325.24,118,325.24,0
13662.0,121,10,1885.29,999,188.529,446
13663.0,88,5,2047.51,893,409.502,467
13665.0,295,3,1711.66,1652,570.5533333333333,117
13666.0,196,4,107.3,50,26.825,448
13667.0,58,1,305.02,154,305.02,0
13668.0,22,30,11661.22,5343,388.7073333333333,614
13669.0,59,2,243.15,169,121.575,257
13671.0,304,1,194.95,107,194.95,0
13672.0,210,3,419.92,138,139.97333333333333,429
13674.0,342,1,240.68,102,240.68,0
13675.0,60,2,486.8200000000001,330,243.41000000000005,133
13676.0,448,2,243.9,104,121.95,80
13677.0,314,2,556.1899999999999,218,278.095,115
13678.0,61,1,232.6,924,232.6,0
13679.0,403,3,281.26,102,93.75333333333332,241
13680.0,247,10,10104.84,4511,1010.484,397
13681.0,64,1,203.46,96,203.46,0
13682.0,96,1,59.5,10,59.5,0
13683.0,367,1,258.6,180,258.6,0
13684.0,195,4,596.98,235,149.245,335
13686.0,92,3,409.04,378,136.34666666666666,218
13687.0,347,1,11880.84,87167,11880.84,0
13688.0,544,1,375.5,130,375.5,0
13689.0,354,1,349.5,210,349.5,0
13691.0,305,1,212.78,145,212.78,0
13692.0,123,4,2497.66,1610,624.415,206
13693.0,283,9,2011.82,880,223.5355555555556,358
13694.0,16,132,177354.83,174723,1343.5971969696968,627
13695.0,7,13,2033.67,1362,156.43615384615384,479
13696.0,331,3,2020.4,552,673.4666666666667,244
13698.0,506,2,465.53,231,232.765,85
13699.0,64,2,764.15,219,382.075,395
13700.0,2,11,1999.6,2523,181.78181818181815,578
13701.0,356,1,161.0,80,161.0,0
13702.0,355,1,135.18,74,135.18,0
13703.0,227,2,425.56,128,212.78,96
13705.0,54,6,1846.15,883,307.69166666666666,479
13706.0,212,2,631.17,301,315.585,324
13707.0,176,5,3365.86,2210,673.172,269
13708.0,180,1,296.88,306,296.88,0
13709.0,11,10,4202.91,2512,420.291,595
13710.0,333,2,329.04,160,164.52,188
13711.0,128,9,1792.26,819,199.14,505
13712.0,156,2,766.42,1128,383.21,364
13713.0,317,3,743.26,286,247.75333333333333,174
13714.0,374,1,161.35,50,161.35,0
13715.0,190,17,8483.29,4934,499.0170588235295,357
13716.0,178,1,138.28,138,138.28,0
13717.0,38,6,1274.28,1752,212.38,356
13718.0,155,2,306.55,173,153.275,49
13719.0,114,8,2112.31,1176,264.03875,365
13720.0,26,4,799.9,501,199.975,138
13721.0,304,1,217.4,196,217.4,0
13722.0,41,10,5635.41,3059,563.5409999999999,514
13723.0,126,6,1209.2,629,201.53333333333333,394
13724.0,546,1,213.01,130,213.01,0
13725.0,78,7,1865.7,724,266.5285714285714,139
13726.0,10,1,292.68,384,292.68,0
13727.0,521,6,746.57,208,124.42833333333334,118
13728.0,16,15,2636.05,1165,175.73666666666668,622
13729.0,345,3,724.73,419,241.57666666666668,248
13730.0,45,2,752.6,488,376.3,25
13731.0,128,2,610.59,278,305.295,27
13733.0,320,2,487.03,335,243.515,324
13734.0,418,4,6701.640000000001,303,1675.4100000000003,94
13735.0,85,11,8337.67,3747,757.97,550
13736.0,169,6,2391.84,1283,398.64,473
13737.0,109,1,339.6,125,339.6,0
13738.0,305,1,440.93,240,440.93,0
13739.0,437,1,75.3,22,75.3,0
13740.0,150,5,1597.77,991,319.554,496
13741.0,93,2,363.13,143,181.565,33
13742.0,71,10,2648.7200000000003,971,264.872,157
13743.0,17,5,912.12,1212,182.424,151
13744.0,4,2,1156.36,1249,578.18,197
13745.0,71,2,777.36,1146,388.68,383
13746.0,323,1,176.69,83,176.69,0
13747.0,283,2,249.4,68,124.7,51
13748.0,5,9,2268.35,1108,252.0388888888889,642
13750.0,49,10,3271.55,1285,327.15500000000003,476
13751.0,197,1,296.25,152,296.25,0
13752.0,33,7,1590.73,1007,227.24714285714285,403
13753.0,197,4,2094.57,1450,523.6425,449
13754.0,61,3,447.05,315,149.01666666666668,285
13756.0,2,17,6990.31,4096,411.194705882353,630
13757.0,584,1,195.55,54,195.55,0
13758.0,110,13,8577.95,4717,659.8423076923077,537
13760.0,165,4,1211.94,522,302.985,336
13761.0,89,5,1373.23,661,274.646,476
13762.0,128,5,2472.48,2608,494.496,479
13763.0,326,2,3502.48,2496,1751.24,17
13764.0,53,5,2377.13,1757,475.426,498
13765.0,562,1,352.821,297,352.821,0
13766.0,404,1,190.35,137,190.35,0
13767.0,18,64,27996.54,11846,437.4459375,629
13768.0,636,2,875.97,373,437.985,4
13769.0,1,18,5180.53,2267,287.8072222222222,631
13770.0,331,4,785.37,468,196.3425,308
13771.0,108,7,4559.22,2488,651.3171428571429,453
13772.0,6,7,2668.31,1219,381.1871428571429,557
13773.0,306,2,301.54,174,150.77,263
13775.0,500,1,1049.66,455,1049.66,0
13776.0,337,2,623.98,2,311.99,0
13777.0,38,52,42861.5,19804,824.2596153846154,608
13778.0,12,4,1124.49,511,281.1225,462
13779.0,425,1,161.13,53,161.13,0
13780.0,80,2,492.09,336,246.045,236
13781.0,160,3,778.83,300,259.61,470
13782.0,34,10,1369.65,464,136.965,608
13783.0,397,4,1542.09,3437,385.5225,185
13784.0,4,12,2571.59,2599,214.29916666666668,356
13785.0,338,4,542.49,151,135.6225,31
13786.0,276,6,3358.94,1652,559.8233333333334,368
13787.0,273,5,1019.86,717,203.972,330
13788.0,414,1,3.75,1,3.75,0
13789.0,297,1,239.46,258,239.46,0
13791.0,37,2,1516.0,1200,758.0,40
13792.0,196,2,263.0,92,131.5,135
13793.0,556,1,96.0,52,96.0,0
13794.0,456,1,126.03,63,126.03,0
13795.0,297,4,836.3,1250,209.075,249
13796.0,408,1,289.7,218,289.7,0
13797.0,346,3,1179.45,573,393.15,210
13798.0,2,95,67844.16,42703,714.149052631579,637
13799.0,26,9,2803.57,1539,311.5077777777778,527
13800.0,219,3,1679.56,891,559.8533333333334,427
13802.0,48,19,26259.11,14129,1382.0584210526315,523
13803.0,164,3,1338.91,831,446.3033333333333,363
13804.0,6,6,2116.14,1270,352.69,340
13805.0,38,1,500.24,728,500.24,0
13807.0,276,3,534.8,152,178.26666666666665,368
13808.0,3,2,723.1,324,361.55,3
13809.0,214,3,679.7,281,226.5666666666667,155
13811.0,93,3,814.5,68,271.5,55
13812.0,14,1,278.74,191,278.74,0
13813.0,44,5,1783.75,917,356.75,599
13814.0,1,3,2257.32,1214,752.44,434
13815.0,81,6,6426.13,4786,1071.0216666666668,493
13817.0,261,1,128.7,63,128.7,0
13818.0,339,1,61.28,60,61.28,0
13819.0,211,6,2642.35,2309,440.39166666666665,436
13820.0,327,3,660.65,287,220.21666666666667,262
13821.0,54,6,1410.73,483,235.12166666666667,559
13823.0,1,6,3096.21,1450,516.035,632
13824.0,45,11,3045.66,1334,276.8781818181818,501
13825.0,531,2,255.59,182,127.795,108
13826.0,85,1,189.5,82,189.5,0
13827.0,43,2,300.76,95,150.38,9
13829.0,330,1,102.0,12,102.0,0
13830.0,491,1,156.85000000000002,47,156.85000000000002,0
13831.0,48,16,6275.98,2329,392.24875,590
13832.0,331,1,561.49,394,561.49,0
13833.0,68,2,701.36,244,350.68,244
13834.0,486,2,324.19,221,162.095,92
13835.0,64,5,798.04,369,159.608,490
13836.0,308,2,620.37,273,310.185,15
13837.0,121,2,271.24,183,135.62,105
13838.0,27,9,1753.95,700,194.88333333333333,461
13839.0,395,1,139.95000000000002,25,139.95000000000002,0
13840.0,325,1,651.4,358,651.4,0
13841.0,162,1,85.0,100,85.0,0
13842.0,65,16,4409.56,2004,275.5975,505
13843.0,290,1,319.75,145,319.75,0
13846.0,151,3,1106.66,662,368.8866666666667,157
13847.0,629,1,310.72,96,310.72,0
13848.0,1,8,3335.0,10200,416.875,637
13849.0,80,4,2524.93,1199,631.2325,453
13850.0,38,1,1595.48,944,1595.48,0
13851.0,5,8,4606.46,2525,575.8075,584
13852.0,520,1,187.35,85,187.35,0
13854.0,1,34,10613.6,3226,312.16470588235296,608
13855.0,410,4,1310.34,575,327.58500000000004,230
13856.0,78,11,1142.03,1105,103.82090909090908,450
13857.0,302,6,1001.01,782,166.835,177
13859.0,235,2,515.86,167,257.93,203
13861.0,338,2,273.26,225,136.63,101
13862.0,17,7,2128.03,1516,304.00428571428574,281
13863.0,157,4,1239.55,553,309.8875,345
13864.0,296,1,662.4000000000001,192,662.4000000000001,0
13865.0,46,3,383.34,154,127.78000000000002,152
13867.0,127,1,138.85,31,138.85,0
13869.0,32,10,8111.57,4358,811.1569999999999,567
13870.0,11,12,5120.61,3182,426.7175,567
13871.0,1,13,6095.24,2646,468.8646153846154,626
13872.0,436,3,919.57,339,306.52333333333337,198
13873.0,29,8,1038.92,472,129.865,526
13874.0,267,7,2049.15,864,292.7357142857143,314
13875.0,43,13,4452.38,2761,342.4907692307692,588
13877.0,379,2,332.44,370,166.22,219
13878.0,457,3,1191.53,484,397.1766666666667,56
13879.0,555,1,395.5,204,395.5,0
13880.0,54,12,2852.65,1599,237.72083333333333,416
13881.0,5,34,37418.26,25570,1100.5370588235294,549
13883.0,128,14,5628.32,3052,402.0228571428571,512
13884.0,186,8,1297.13,562,162.14125,192
13885.0,98,2,506.8,182,253.4,11
13887.0,113,1,349.55,147,349.55,0
13888.0,29,7,2169.05,903,309.86428571428576,455
13889.0,2,6,1991.23,979,331.87166666666667,593
13890.0,16,6,1544.68,832,257.44666666666666,625
13891.0,287,3,863.5600000000001,479,287.8533333333333,203
13892.0,156,3,689.1999999999999,2282,229.7333333333333,329
13893.0,207,1,821.1,190,821.1,0
13894.0,219,1,160.85,105,160.85,0
13895.0,52,4,2352.75,1131,588.1875,593
13896.0,535,1,388.55,149,388.55,0
13897.0,347,2,849.56,620,424.78,238
13898.0,235,2,686.4,544,343.2,85
13899.0,184,1,298.5,122,298.5,0
13900.0,92,6,1610.59,938,268.4316666666667,441
13901.0,17,14,5461.42,3152,390.1014285714286,596
13902.0,541,5,34095.26,220600,6819.052000000001,92
13903.0,309,1,165.45000000000002,103,165.45000000000002,0
13904.0,204,1,201.12,223,201.12,0
13905.0,642,1,312.65,135,312.65,0
13906.0,318,1,42.0,100,42.0,0
13907.0,601,1,136.8,68,136.8,0
13908.0,36,3,1461.61,919,487.2033333333333,149
13909.0,332,2,286.6,302,143.3,98
13911.0,53,19,4091.71,3945,215.35315789473685,503
13912.0,333,1,124.95,29,124.95,0
13913.0,416,1,42.22,10,42.22,0
13915.0,303,1,70.80000000000001,24,70.80000000000001,0
13916.0,373,4,1275.81,673,318.9525,211
13917.0,101,1,65.38,38,65.38,0
13918.0,162,1,198.2,100,198.2,0
13919.0,31,3,1189.02,997,396.34,419
13920.0,341,4,1774.68,1772,443.67,130
13921.0,311,4,730.7,210,182.675,319
13922.0,261,3,865.2,467,288.40000000000003,115
13925.0,2,4,678.25,331,169.5625,42
13927.0,346,1,359.27,249,359.27,0
13928.0,16,2,225.45,87,112.725,26
13929.0,78,11,3494.1,1566,317.6454545454545,525
13930.0,46,1,210.0,210,210.0,0
13931.0,5,11,5257.38,3488,477.9436363636364,640
13932.0,204,1,307.4,72,307.4,0
13933.0,18,2,608.7900000000001,205,304.39500000000004,39
13934.0,173,1,922.1,390,922.1,0
13935.0,506,3,6116.92,2252,2038.9733333333331,55
13936.0,89,3,939.66,661,313.22,234
13937.0,78,2,880.13,587,440.065,233
13939.0,18,6,1382.62,1418,230.43666666666664,503
13940.0,26,2,391.06,240,195.53,27
13941.0,81,13,8840.6,4444,680.0461538461539,551
13942.0,444,1,320.0,1000,320.0,0
13943.0,487,1,246.54,94,246.54,0
13944.0,562,1,200.43,153,200.43,0
13945.0,304,2,854.15,413,427.075,85
13946.0,111,5,1800.63,2667,360.12600000000003,534
13948.0,270,4,548.76,248,137.19,374
13949.0,4,1,537.9,542,537.9,0
13950.0,156,1,179.30999999999997,81,179.30999999999997,0
13951.0,85,3,674.45,459,224.8166666666667,118
13952.0,127,14,12823.521,5947,915.9657857142856,505
13953.0,25,10,5729.36,4548,572.9359999999999,612
13955.0,63,3,545.17,274,181.72333333333333,220
13956.0,47,3,680.27,385,226.75666666666663,133
13957.0,327,3,458.25,157,152.75,240
13958.0,289,8,4709.2300000000005,2264,588.6537500000001,354
13959.0,190,5,815.42,541,163.084,230
13961.0,301,1,538.4,226,538.4,0
13962.0,155,2,310.85,103,155.425,190
13963.0,217,17,3011.87,2061,177.16882352941175,288
13964.0,296,2,438.9,228,219.45,43
13965.0,386,3,996.61,425,332.2033333333333,226
13966.0,344,1,390.86,772,390.86,0
13967.0,55,2,166.3,66,83.15,250
13968.0,332,1,123.66,174,123.66,0
13969.0,16,28,8223.28,4258,293.68857142857144,517
13970.0,295,2,846.55,469,423.275,51
13971.0,15,12,3895.21,2572,324.60083333333336,576
13972.0,111,1,145.9,42,145.9,0
13973.0,196,1,264.7,109,264.7,0
13974.0,491,1,264.13,107,264.13,0
13975.0,37,10,4330.27,3169,433.027,547
13976.0,116,4,1192.36,452,298.09,461
13977.0,320,1,519.8100000000001,303,519.8100000000001,0
13979.0,302,6,2546.36,1657,424.3933333333334,343
13980.0,348,4,599.78,305,149.945,216
13981.0,325,1,331.14,234,331.14,0
13982.0,72,8,3803.92,2383,475.49,525
13983.0,96,17,6186.08,3767,363.8870588235294,543
13984.0,35,11,1947.42,1389,177.0381818181818,606
13985.0,16,14,5733.77,2871,409.555,560
13987.0,289,2,682.54,492,341.27,21
13988.0,72,5,2533.34,1631,506.668,463
13989.0,148,4,1656.65,1763,414.1625,324
13990.0,122,1,311.3,190,311.3,0
13991.0,52,1,126.35,83,126.35,0
13992.0,289,2,142.7,90,71.35,82
13993.0,10,16,5556.76,1888,347.2975,636
13994.0,15,2,419.56,133,209.78,42
13995.0,25,12,3380.2200000000003,2088,281.685,605
13996.0,295,2,895.76,613,447.88,13
13997.0,428,3,382.31,146,127.43666666666668,31
13998.0,356,3,566.7,204,188.9,129
13999.0,5,26,8469.42,4533,325.74692307692305,638
14000.0,120,5,2046.34,1838,409.268,526
14001.0,142,8,3796.15,1543,474.51875,260
14002.0,43,2,529.73,877,264.865,22
14003.0,642,1,209.41,149,209.41,0
14004.0,7,9,4879.07,2433,542.1188888888888,337
14005.0,43,3,696.56,864,232.18666666666664,81
14006.0,25,7,2196.67,2181,313.81,536
14007.0,422,1,79.48,16,79.48,0
14008.0,341,1,509.04,326,509.04,0
14009.0,107,3,1099.91,951,366.6366666666667,264
14010.0,474,2,445.15,177,222.575,0
14011.0,389,2,457.82,644,228.91,127
14012.0,187,1,328.8,160,328.8,0
14013.0,19,5,1084.57,775,216.914,513
14014.0,285,2,1443.03,928,721.515,200
14016.0,71,11,11403.41,5722,1036.6736363636364,538
14017.0,480,1,229.75,73,229.75,0
14018.0,554,1,367.15,224,367.15,0
14019.0,7,2,800.53,553,400.265,39
14020.0,385,2,606.21,207,303.105,52
14021.0,64,7,1716.58,878,245.22571428571428,437
14022.0,134,2,792.15,681,396.075,261
14023.0,159,1,273.14,162,273.14,0
14024.0,31,3,645.74,238,215.24666666666667,269
14025.0,374,8,4057.9,1914,507.2375,119
14026.0,380,2,713.11,427,356.555,154
14028.0,459,3,10396.5,7170,3465.5,0
14029.0,53,1,165.20000000000002,24,165.20000000000002,0
14030.0,30,18,7559.7,3731,419.98333333333335,607
14031.0,35,38,33339.340000000004,12307,877.351052631579,609
14032.0,78,11,3720.05,3209,338.18636363636364,556
14033.0,464,1,109.44,576,109.44,0
14034.0,66,2,473.91,307,236.955,0
14035.0,16,7,2265.96,1127,323.7085714285714,505
14036.0,194,1,626.65,268,626.65,0
14037.0,85,6,836.95,590,139.49166666666667,556
14038.0,53,4,2595.92,1444,648.98,529
14039.0,485,1,115.08,100,115.08,0
14040.0,3,33,11778.96,4779,356.9381818181819,644
14041.0,175,1,141.41,94,141.41,0
14042.0,634,1,431.98,180,431.98,0
14043.0,400,2,304.25,153,152.125,238
14044.0,12,9,3012.39,2069,334.71,580
14045.0,18,16,11313.03,4587,707.0643749999999,591
14046.0,193,1,154.99,460,154.99,0
14047.0,109,12,3582.34,1478,298.52833333333336,477
14048.0,214,3,748.69,467,249.56333333333336,77
14049.0,68,12,10842.7,6910,903.5583333333334,458
14050.0,15,1,485.98,447,485.98,0
14051.0,1,30,16095.45,4478,536.515,644
14052.0,300,1,255.45,98,255.45,0
14053.0,33,4,572.3,490,143.075,362
14055.0,15,3,1520.96,720,506.9866666666667,616
14056.0,16,17,5382.51,2877,316.61823529411765,177
14057.0,10,18,7002.86,5557,389.04777777777775,635
14058.0,372,2,469.19,211,234.595,67
14059.0,176,1,183.6,128,183.6,0
14060.0,17,25,7481.44,6503,299.2576,530
14061.0,416,3,917.43,133,305.81,230
14062.0,1,22,23940.02,11349,1088.182727272727,637
14063.0,347,9,22710.2,3850,2523.355555555556,293
14064.0,22,14,3076.36,3702,219.74,574
14065.0,298,3,891.02,582,297.00666666666666,42
14066.0,176,1,152.55,45,152.55,0
14067.0,6,1,224.67,216,224.67,0
14068.0,229,4,1528.37,513,382.0925,357
14069.0,424,2,230.06,59,115.03,46
14070.0,594,1,326.55,86,326.55,0
14071.0,169,2,356.81,295,178.405,4
14072.0,576,1,390.85,65,390.85,0
14074.0,532,1,219.4,228,219.4,0
14075.0,170,4,1100.53,1010,275.1325,280
14076.0,38,1,122.47,81,122.47,0
14077.0,91,4,426.06,256,106.515,212
14078.0,11,9,1692.63,618,188.07,519
14079.0,34,2,618.73,302,309.365,557
14080.0,322,4,1070.08,220,267.52,323
14081.0,211,10,5370.1,3712,537.01,426
14082.0,274,2,413.36,246,206.68,27
14083.0,35,9,937.75,635,104.19444444444444,595
14084.0,421,1,150.5,306,150.5,0
14085.0,50,27,8904.62,5577,329.8007407407408,590
14086.0,372,1,39.95,1,39.95,0
14087.0,314,2,651.8,476,325.9,330
14088.0,38,10,39052.88,9685,3905.288,292
14090.0,234,1,76.32000000000001,72,76.32000000000001,0
14091.0,563,2,9530.08,3316,4765.04,44
14092.0,9,20,5897.96,3035,294.898,623
14094.0,349,1,335.22,177,335.22,0
14095.0,632,1,2.95,1,2.95,0
14096.0,0,3,244.68,97,81.56,10
14097.0,390,2,422.86,352,211.43,164
14099.0,29,17,4971.46,3217,292.43882352941176,609
14100.0,47,1,194.9,64,194.9,0
14101.0,52,12,8929.53,10006,744.1275,478
14104.0,64,5,771.5799999999999,509,154.31599999999997,405
14105.0,148,5,5988.83,3534,1197.766,482
14106.0,646,1,214.8,24,214.8,0
14107.0,5,10,4636.01,3302,463.601,634
14108.0,11,3,738.38,488,246.1266666666667,636
14110.0,28,26,10564.42,4914,406.32384615384615,619
14111.0,5,3,295.5,202,98.5,146
14112.0,40,10,4820.26,3036,482.026,523
14113.0,264,13,5685.6900000000005,2796,437.3607692307693,377
14114.0,183,7,1364.09,650,194.87,332
14115.0,411,2,622.6700000000001,509,311.33500000000004,165
14116.0,2,2,628.87,380,314.435,28
14117.0,53,1,90.0,72,90.0,0
14118.0,338,1,458.45,97,458.45,0
14119.0,285,2,183.37,177,91.685,342
14122.0,315,3,362.42,114,120.80666666666669,331
14123.0,642,1,436.18,234,436.18,0
14126.0,353,1,466.33,379,466.33,0
14127.0,32,6,1900.08,828,316.68,302
14128.0,165,2,592.25,519,296.125,295
14129.0,5,7,2193.71,1177,313.38714285714286,483
14130.0,228,4,1882.67,1239,470.6675,408
14131.0,558,1,187.87,118,187.87,0
14132.0,23,5,1552.46,1420,310.492,69
14133.0,39,4,911.14,398,227.785,603
14134.0,292,15,11123.35,5814,741.5566666666667,347
14135.0,14,19,8143.93,8869,428.6278947368421,632
14136.0,310,5,1570.81,1148,314.162,331
14137.0,605,1,332.7,462,332.7,0
14139.0,399,3,670.98,539,223.66,52
14141.0,14,1,285.16,140,285.16,0
14142.0,282,2,983.15,831,491.575,273
14143.0,43,1,115.8,30,115.8,0
14144.0,395,1,30.6,12,30.6,0
14145.0,66,6,6709.05,1475,1118.175,454
14146.0,164,9,7163.03,4154,795.8922222222222,440
14147.0,195,8,2289.6,927,286.2,354
14148.0,143,2,466.29,223,233.145,180
14149.0,130,1,446.62,218,446.62,0
14150.0,269,1,306.18,262,306.18,0
14151.0,582,2,679.45,405,339.725,43
14152.0,143,6,1690.56,1502,281.76,425
14153.0,392,1,233.4,312,233.4,0
14154.0,148,8,6460.7,3222,807.5875,456
14155.0,175,1,118.75,25,118.75,0
14156.0,2,143,295425.08,156940,2065.9096503496503,645
14157.0,194,4,847.07,455,211.7675,360
14159.0,5,16,6004.89,4713,375.305625,640
14160.0,519,7,8421.47,4661,1203.0671428571427,88
14161.0,125,7,3318.88,1623,474.1257142857143,510
14162.0,83,2,289.36,142,144.68,118
14163.0,61,4,1808.1,646,452.025,309
14165.0,185,1,122.54,54,122.54,0
14166.0,414,2,256.85,84,128.425,121
14167.0,74,7,1123.75,306,160.53571428571428,516
14168.0,330,2,370.45,147,185.225,143
14169.0,340,2,624.4300000000001,208,312.21500000000003,13
14170.0,284,3,597.33,290,199.11,19
14171.0,7,2,498.79,211,249.395,632
14172.0,514,3,402.72,88,134.24,37
14173.0,128,3,249.2,84,83.06666666666666,511
14175.0,80,7,5662.57,2120,808.9385714285714,456
14176.0,206,5,916.01,326,183.202,83
14177.0,5,12,1979.34,988,164.945,556
14178.0,7,3,493.36,396,164.45333333333335,84
14180.0,0,30,5829.65,794,194.32166666666663,456
14181.0,320,2,310.55,122,155.275,151
14182.0,353,4,678.77,174,169.6925,152
14183.0,320,2,286.29,61,143.145,69
14185.0,240,1,197.65,6,197.65,0
14186.0,336,5,1550.63,1550,310.12600000000003,217
14187.0,383,1,123.5,50,123.5,0
14188.0,18,4,1383.46,783,345.865,200
14189.0,5,12,4428.2300000000005,3429,369.0191666666667,292
14190.0,575,1,79.9,2,79.9,0
14191.0,17,9,2391.16,1450,265.6844444444444,620
14192.0,297,1,293.74,218,293.74,0
14193.0,179,2,779.34,458,389.67,126
14194.0,15,27,12987.52,7440,481.0192592592593,596
14195.0,111,6,2615.6,2144,435.9333333333333,432
14196.0,16,1,335.52,142,335.52,0
14197.0,320,1,390.05,143,390.05,0
14198.0,54,7,1225.28,500,175.04,558
14199.0,127,4,1091.7,254,272.925,312
14200.0,526,1,379.2,140,379.2,0
14201.0,58,8,967.34,576,120.9175,439
14202.0,290,3,847.76,166,282.58666666666664,243
14203.0,306,1,339.34,80,339.34,0
14204.0,331,3,901.93,410,300.6433333333334,315
14205.0,173,8,2170.4,1264,271.3,378
14206.0,148,3,1185.01,930,395.0033333333333,163
14207.0,597,1,157.8,36,157.8,0
14208.0,4,2,567.05,529,283.525,456
14209.0,30,14,4796.17,1705,342.5835714285714,565
14210.0,15,16,5861.52,2604,366.345,597
14211.0,6,15,3291.12,1926,219.408,633
14212.0,355,1,1119.66,894,1119.66,0
14213.0,314,1,1192.2,244,1192.2,0
14214.0,65,3,899.16,671,299.72,121
14215.0,96,7,2724.88,1516,389.2685714285714,545
14216.0,323,1,310.74,118,310.74,0
14217.0,9,16,2623.41,947,163.963125,427
14219.0,319,2,543.89,285,271.945,83
14220.0,156,4,1515.0,468,378.75,321
14221.0,22,15,5701.7,3163,380.1133333333333,499
14222.0,86,1,683.17,607,683.17,0
14223.0,1,3,991.13,585,330.37666666666667,171
14224.0,19,9,1897.9,863,210.8777777777778,433
14225.0,344,4,2037.02,1168,509.255,261
14226.0,119,3,2479.74,1505,826.5799999999999,230
14227.0,105,12,5417.27,3507,451.4391666666667,473
14228.0,347,3,745.5,260,248.5,108
14229.0,201,6,1808.97,627,301.495,179
14230.0,345,3,979.8,246,326.6,112
14231.0,93,4,1235.62,610,308.90500000000003,267
14232.0,24,4,1573.33,1503,393.3325,149
14233.0,121,6,2400.65,991,400.10833333333335,432
14235.0,67,8,4375.99,2896,546.99875,461
14236.0,281,4,1443.08,540,360.77,133
14237.0,282,2,632.14,276,316.07,217
14238.0,235,3,434.23,189,144.74333333333334,408
14239.0,4,19,3763.21,1539,198.0636842105263,640
14240.0,135,2,584.0,316,292.0,197
14241.0,93,2,333.70000000000005,242,166.85000000000002,512
14242.0,144,2,280.55,123,140.275,91
14243.0,4,15,7148.2300000000005,3497,476.5486666666667,380
14244.0,570,1,366.42,814,366.42,0
14245.0,129,2,1693.45,976,846.725,43
14246.0,20,3,1474.06,804,491.3533333333333,135
14247.0,187,5,772.66,382,154.53199999999998,273
14248.0,227,3,1032.95,692,344.31666666666666,197
14249.0,320,12,5625.461,2487,468.7884166666667,268
14252.0,290,1,350.99,111,350.99,0
14253.0,402,2,363.4,88,181.7,129
14254.0,342,1,601.03,263,601.03,0
14255.0,455,1,1000.63,1,1000.63,0
14256.0,169,5,2473.99,1171,494.79800000000006,434
14257.0,32,8,5580.57,2988,697.57125,524
14258.0,61,23,28767.68,15808,1250.7686956521738,584
14259.0,51,1,120.0,68,120.0,0
14260.0,380,3,824.28,544,274.76,77
14262.0,16,3,855.0,593,285.0,133
14263.0,332,1,322.93,171,322.93,0
14264.0,64,6,1517.36,553,252.89333333333332,456
14265.0,18,4,1373.35,715,343.3375,502
14266.0,337,1,40.56,24,40.56,0
14267.0,72,3,1516.24,530,505.41333333333336,97
14268.0,380,1,354.85,147,354.85,0
14269.0,348,1,295.73,123,295.73,0
14270.0,241,1,492.65,197,492.65,0
14271.0,135,2,219.13,149,109.565,183
14272.0,163,3,614.94,585,204.98,327
14273.0,45,3,450.05,196,150.01666666666668,106
14274.0,595,1,256.6,178,256.6,0
14275.0,305,6,1189.38,538,198.23,211
14276.0,8,7,2102.68,1406,300.3828571428571,561
14277.0,121,7,14647.04,88689,2092.434285714286,513
14278.0,319,1,205.83,131,205.83,0
14279.0,430,2,191.86,46,95.93,160
14280.0,106,1,134.04,52,134.04,0
14281.0,317,1,245.15,45,245.15,0
14282.0,19,19,6615.76,4610,348.1978947368421,552
14283.0,372,4,628.4399999999999,550,157.11,106
14284.0,563,1,704.4,349,704.4,0
14285.0,86,5,1380.31,415,276.062,554
14286.0,152,5,5901.09,6455,1180.218,492
14287.0,108,2,83.28,216,41.64,0
14288.0,122,1,426.6,188,426.6,0
14289.0,44,5,832.78,278,166.55599999999998,154
14290.0,271,4,2979.4700000000003,905,744.8675000000001,369
14291.0,30,19,6376.39,4875,335.5994736842105,610
14292.0,55,11,6944.53,2591,631.320909090909,485
14293.0,56,8,2960.78,1448,370.0975,582
14294.0,316,1,375.34,190,375.34,0
14295.0,348,4,2196.71,945,549.1775,292
14296.0,330,2,456.4,314,228.2,152
14297.0,184,1,232.6,78,232.6,0
14298.0,8,75,80849.7,89623,1077.996,629
14299.0,17,23,12971.01,7001,563.9569565217391,630
14301.0,26,4,1992.18,1686,498.045,549
14302.0,340,3,742.9000000000001,298,247.63333333333333,306
14303.0,316,2,277.94,218,138.97,27
14304.0,132,3,1725.01,775,575.0033333333333,348
14305.0,23,2,1048.45,582,524.225,21
14306.0,288,4,1058.0800000000002,990,264.52000000000004,298
14307.0,44,8,4383.2,3027,547.9,597
14308.0,458,2,1147.02,2,573.51,0
14309.0,3,9,3061.98,2150,340.22,457
14310.0,342,1,492.1,230,492.1,0
14311.0,152,2,516.45,235,258.225,324
14312.0,0,10,2525.89,1372,252.589,412
14314.0,16,2,229.8,332,114.9,324
14315.0,38,7,2266.84,1012,323.8342857142857,505
14316.0,331,5,1370.34,4494,274.068,208
14318.0,369,1,158.02,152,158.02,0
14319.0,333,1,494.85,329,494.85,0
14320.0,116,5,1346.75,713,269.35,480
14321.0,26,5,1587.96,2385,317.592,356
14322.0,338,4,474.1,158,118.525,230
14323.0,24,2,605.0600000000001,350,302.53000000000003,123
14324.0,319,2,701.61,402,350.805,283
14325.0,479,1,245.48,320,245.48,0
14326.0,151,3,940.98,572,313.66,290
14327.0,72,6,1894.93,1296,315.82166666666666,536
14328.0,347,1,445.05,1,445.05,0
14329.0,18,12,8397.41,5010,699.7841666666667,614
14330.0,533,1,200.63,103,200.63,0
14331.0,33,2,462.66,252,231.33,10
14332.0,57,3,1196.24,460,398.7466666666666,268
14334.0,3,11,4094.98,2852,372.2709090909091,475
14335.0,5,1,359.25,340,359.25,0
14336.0,107,3,1114.39,989,371.46333333333337,77
14338.0,70,3,928.1,622,309.3666666666667,375
14339.0,152,2,620.27,456,310.135,186
14340.0,128,1,134.7,58,134.7,0
14341.0,39,16,3424.56,2125,214.035,608
14342.0,46,4,669.62,350,167.405,335
14343.0,330,4,1088.91,631,272.2275,268
14344.0,36,20,3333.7000000000003,1669,166.685,498
14346.0,30,5,2315.75,1878,463.15,376
14347.0,646,1,82.6,48,82.6,0
14348.0,169,1,409.57,183,409.57,0
14350.0,183,3,972.03,543,324.01,155
14351.0,74,1,51.0,12,51.0,0
14352.0,66,4,1078.96,538,269.74,116
14353.0,124,3,376.5,344,125.5,216
14355.0,275,3,1014.45,709,338.15000000000003,261
14358.0,298,2,400.06,338,200.03,38
14360.0,4,1,1134.69,745,1134.69,0
14361.0,488,1,214.71,251,214.71,0
14363.0,311,2,227.47000000000003,105,113.735,49
14364.0,18,8,3717.35,1967,464.66875,102
14365.0,304,2,634.68,557,317.34,287
14366.0,434,1,136.0,16,136.0,0
14367.0,47,10,5448.45,2573,544.845,138
14368.0,229,1,155.0,36,155.0,0
14369.0,551,2,469.13,255,234.565,19
14370.0,360,6,1175.78,266,195.9633333333333,226
14371.0,204,1,100.5,34,100.5,0
14372.0,352,2,860.08,378,430.04,156
14373.0,267,1,76.55,17,76.55,0
14374.0,450,1,108.0,20,108.0,0
14375.0,94,3,1132.99,659,377.66333333333336,355
14376.0,592,1,215.46,50,215.46,0
14377.0,100,2,617.05,219,308.525,70
14378.0,531,1,131.25,57,131.25,0
14379.0,204,3,1031.79,549,343.93,184
14380.0,591,1,48.96,1,48.96,0
14381.0,360,1,428.66,307,428.66,0
14382.0,299,1,620.73,464,620.73,0
14383.0,73,1,242.09,201,242.09,0
14384.0,410,1,58.5,30,58.5,0
14386.0,206,1,142.4,54,142.4,0
14387.0,18,1,440.76,209,440.76,0
14388.0,0,14,5765.93,3808,411.8521428571429,597
14389.0,100,4,1165.69,848,291.4225,399
14390.0,53,8,3339.67,1514,417.45875,280
14391.0,486,1,135.6,168,135.6,0
14392.0,341,1,266.4,114,266.4,0
14393.0,127,1,67.95,13,67.95,0
14394.0,474,1,93.8,58,93.8,0
14395.0,87,17,6666.52,3351,392.1482352941177,422
14396.0,280,6,1744.29,836,290.715,366
14397.0,3,10,1036.12,764,103.612,119
14398.0,310,2,707.79,267,353.895,126
14399.0,303,8,2113.16,968,264.145,280
14400.0,58,3,1732.47,1706,577.49,482
14401.0,5,19,5823.8,5443,306.5157894736842,629
14402.0,561,1,285.6,240,285.6,0
14403.0,39,6,1880.51,737,313.4183333333333,508
14404.0,18,12,2772.31,1598,231.0258333333333,610
14405.0,296,1,195.0,100,195.0,0
14406.0,28,1,156.75,77,156.75,0
14407.0,16,6,2157.73,1415,359.62166666666667,169
14408.0,4,10,3801.55,2282,380.155,637
14409.0,32,8,3640.37,2331,455.04625,444
14410.0,1,11,2651.14,1377,241.0127272727273,344
14411.0,220,1,1063.0,196,1063.0,0
14412.0,334,1,656.16,642,656.16,0
14413.0,271,4,770.37,280,192.5925,326
14414.0,1,8,2399.33,2877,299.91625,283
14415.0,7,19,9993.0,5102,525.9473684210526,625
14417.0,297,1,604.2,567,604.2,0
14418.0,17,1,150.44,148,150.44,0
14419.0,162,3,510.41,231,170.13666666666668,130
14420.0,8,4,1639.17,1120,409.7925,592
14421.0,121,5,2111.44,1171,422.288,479
14422.0,79,15,7040.03,3702,469.3353333333333,552
14423.0,127,3,916.61,419,305.53666666666663,476
14425.0,344,3,661.39,325,220.4633333333333,302
14426.0,50,13,10131.85,5927,779.373076923077,504
14427.0,404,2,900.1800000000001,310,450.09,137
14428.0,149,2,330.62,145,165.31,85
14429.0,313,1,516.28,286,516.28,0
14430.0,421,3,1220.9,446,406.9666666666667,95
14431.0,212,4,2614.2,1202,653.55,384
14433.0,375,1,289.6,134,289.6,0
14435.0,411,1,90.42,282,90.42,0
14436.0,8,2,271.70000000000005,297,135.85000000000002,454
14437.0,275,5,958.84,486,191.768,217
14438.0,215,1,131.9,82,131.9,0
14439.0,229,5,9443.04,2244,1888.608,367
14440.0,226,10,5466.76,1508,546.676,420
14441.0,4,9,3596.2000000000003,1026,399.5777777777778,595
14442.0,114,7,5367.02,1431,766.7171428571428,485
14443.0,48,4,1957.79,1248,489.4475,240
14444.0,365,1,132.04,180,132.04,0
14445.0,365,1,221.65,83,221.65,0
14446.0,156,2,504.77,501,252.385,140
14447.0,105,3,1149.53,655,383.1766666666667,204
14448.0,273,1,102.35,44,102.35,0
14449.0,156,6,1977.0,1357,329.5,189
14450.0,90,7,1128.44,522,161.2057142857143,429
14451.0,104,11,3006.18,1572,273.2890909090909,497
14452.0,3,3,528.52,216,176.17333333333332,427
14453.0,99,1,119.93,49,119.93,0
14454.0,285,5,977.3,400,195.46,357
14455.0,341,4,628.21,719,157.0525,63
14456.0,40,3,636.65,576,212.21666666666667,11
14457.0,220,1,113.64,88,113.64,0
14458.0,290,1,237.42,328,237.42,0
14459.0,64,2,5375.741,2303,2687.8705,496
14460.0,19,9,1093.5,1879,121.5,613
14461.0,57,13,6713.5,3027,516.4230769230769,542
14462.0,30,10,1800.09,794,180.009,311
14463.0,7,4,786.5699999999999,210,196.6425,401
14464.0,477,2,111.0,62,55.5,59
14465.0,156,11,3946.03,2546,358.73,454
14466.0,25,11,3954.95,2235,359.54090909090905,610
14467.0,222,9,1753.93,955,194.88111111111112,424
14468.0,643,1,204.24,164,204.24,0
14469.0,325,4,2112.21,980,528.0525,263
14470.0,197,2,548.49,227,274.245,142
14471.0,500,2,400.95,187,200.475,141
14472.0,13,9,2228.22,1305,247.58,585
14473.0,191,1,85.0,10,85.0,0
14474.0,489,1,730.42,313,730.42,0
14475.0,95,3,847.47,337,282.49,222
14476.0,166,1,215.7,132,215.7,0
14477.0,93,5,1183.0,700,236.6,519
14478.0,291,4,1276.66,1226,319.165,356
14479.0,163,4,1299.11,620,324.7775,479
14480.0,312,3,1020.47,527,340.1566666666667,315
14481.0,74,5,2311.49,1584,462.29800000000006,512
14482.0,8,8,2755.71,1479,344.46375,371
14483.0,191,2,257.1,193,128.55,455
14484.0,310,3,749.0600000000001,534,249.6866666666667,321
14486.0,421,2,175.5,90,87.75,41
14487.0,277,2,382.38,139,191.19,10
14489.0,116,4,1574.93,1011,393.7325,405
14490.0,315,2,1273.47,933,636.735,22
14491.0,84,2,468.13,179,234.065,197
14492.0,339,7,1921.91,751,274.55857142857144,188
14493.0,64,6,3358.13,2225,559.6883333333334,486
14494.0,310,2,261.9,118,130.95,329
14495.0,30,2,91.6,28,45.8,538
14496.0,221,7,2668.23,991,381.1757142857143,321
14497.0,218,2,697.0600000000001,332,348.53000000000003,364
14498.0,25,9,3235.74,1713,359.52666666666664,433
14499.0,43,6,1694.61,940,282.435,335
14500.0,21,2,335.85,107,167.925,77
14501.0,93,2,251.21,161,125.605,136
14502.0,58,7,1176.01,540,168.00142857142856,163
14503.0,88,1,597.07,381,597.07,0
14504.0,152,3,542.71,263,180.9033333333333,35
14505.0,18,17,10351.84,4557,608.9317647058824,620
14506.0,71,5,2110.16,605,422.032,437
14507.0,10,9,2825.94,1414,313.99333333333334,627
14508.0,285,3,598.52,228,199.50666666666663,164
14509.0,443,1,110.95,38,110.95,0
14510.0,285,3,1007.28,821,335.76,60
14511.0,1,2,329.89,145,164.945,41
14512.0,97,7,1223.47,742,174.78142857142856,544
14513.0,10,6,788.01,593,131.335,467
14514.0,110,8,3946.74,2080,493.3425,525
14515.0,100,8,2412.82,1154,301.6025,359
14516.0,425,1,163.92,68,163.92,0
14517.0,51,1,252.45,73,252.45,0
14519.0,593,2,206.09,82,103.045,45
14520.0,200,1,165.0,100,165.0,0
14521.0,400,1,199.45,211,199.45,0
14522.0,1,6,1544.78,862,257.4633333333333,592
14523.0,17,1,241.09,251,241.09,0
14524.0,88,9,2118.75,923,235.41666666666663,238
14525.0,9,15,6834.58,4316,455.63866666666667,626
14526.0,298,1,262.4,179,262.4,0
14527.0,8,107,24564.9,6016,229.5785046728972,639
14529.0,19,1,135.24,84,135.24,0
14530.0,2,15,5817.61,2670,387.84066666666666,594
14531.0,389,1,376.34,260,376.34,0
14532.0,145,11,3859.18,1115,350.8345454545455,462
14533.0,22,6,2251.63,2931,375.2716666666667,497
14534.0,5,22,4859.75,2294,220.89772727272728,538
14535.0,36,8,4820.45,2377,602.55625,526
14536.0,169,1,171.8,40,171.8,0
14537.0,532,1,285.84000000000003,108,285.84000000000003,0
14538.0,165,4,1089.09,159,272.27250000000004,426
14540.0,218,9,2994.98,1320,332.7755555555556,423
14541.0,78,13,2353.68,1085,181.0523076923077,532
14542.0,95,1,103.25,19,103.25,0
14543.0,18,36,14541.54,2617,403.9316666666667,629
14544.0,271,2,2079.9,1738,1039.95,108
14545.0,583,1,349.25,236,349.25,0
14546.0,111,8,3494.69,1880,436.83625,531
14548.0,60,9,2627.49,1021,291.9433333333333,582
14549.0,220,4,916.55,395,229.1375,425
14550.0,297,2,587.69,382,293.845,95
14551.0,113,6,819.24,447,136.54,477
14552.0,61,3,511.28,261,170.42666666666668,440
14553.0,128,6,1294.59,829,215.765,290
14555.0,211,5,2189.43,818,437.886,419
14556.0,505,3,835.34,331,278.44666666666666,92
14558.0,563,3,655.5,162,218.5,77
14559.0,299,1,75.6,72,75.6,0
14560.0,4,37,5441.46,3945,147.0664864864865,643
14561.0,71,2,566.99,375,283.495,22
14562.0,1,15,3994.51,1769,266.3006666666667,578
14563.0,419,2,679.44,335,339.72,82
14564.0,344,2,2605.62,1295,1302.81,300
14565.0,5,5,3859.22,1940,771.844,377
14566.0,20,4,4092.0,2400,1023.0,423
14567.0,39,1,800.76,172,800.76,0
14568.0,344,1,919.7,645,919.7,0
14569.0,362,3,371.59,179,123.86333333333332,150
14570.0,190,3,613.75,431,204.58333333333331,162
14571.0,334,1,161.65,57,161.65,0
14572.0,19,9,4871.78,2695,541.3088888888889,510
14573.0,89,13,2621.42,835,201.64769230769232,520
14574.0,642,1,143.70000000000002,63,143.70000000000002,0
14575.0,397,1,460.71,176,460.71,0
14576.0,281,1,70.80000000000001,24,70.80000000000001,0
14577.0,73,6,1161.18,500,193.53,564
14579.0,341,1,105.56,56,105.56,0
14580.0,427,1,14.85,3,14.85,0
14581.0,453,1,295.2,92,295.2,0
14583.0,53,7,1516.12,935,216.5885714285714,476
14584.0,78,8,1747.91,963,218.48875,491
14585.0,292,4,986.22,539,246.555,34
14586.0,186,1,237.36,444,237.36,0
14587.0,93,8,1473.53,728,184.19125,147
14588.0,487,1,135.39,62,135.39,0
14589.0,281,1,79.5,10,79.5,0
14590.0,334,20,3006.62,904,150.331,307
14591.0,122,1,250.22,105,250.22,0
14593.0,108,11,3433.61,1661,312.1463636363637,531
14594.0,282,1,510.0,292,510.0,0
14595.0,222,3,587.6500000000001,326,195.88333333333333,374
14596.0,536,1,229.47,79,229.47,0
14597.0,101,5,1483.49,988,296.698,245
14598.0,478,1,162.07,165,162.07,0
14599.0,299,2,474.54,295,237.27,118
14600.0,215,2,865.1700000000001,487,432.585,87
14602.0,565,1,205.36,80,205.36,0
14603.0,184,1,660.0,400,660.0,0
14604.0,542,1,143.86,88,143.86,0
14605.0,283,4,937.16,424,234.29,357
14606.0,3,170,28268.6,14291,166.28588235294117,643
14607.0,170,9,8063.13,4119,895.9033333333333,463
14608.0,271,8,1771.79,538,221.47375,371
14609.0,52,9,1371.0,12000,152.33333333333334,525
14610.0,305,2,24.35,15,12.175,118
14611.0,353,2,604.3299999999999,582,302.165,154
14612.0,324,1,877.7,134,877.7,0
14613.0,589,1,76.32000000000001,72,76.32000000000001,0
14614.0,295,1,295.13,189,295.13,0
14615.0,303,5,951.76,495,190.352,153
14616.0,152,5,527.78,170,105.556,306
14617.0,312,2,190.47000000000003,81,95.235,13
14618.0,247,5,1000.68,532,200.136,209
14619.0,155,2,1291.24,594,645.62,295
14620.0,115,2,412.78,214,206.39,78
14621.0,66,7,2215.12,1123,316.44571428571425,527
14622.0,94,1,320.58000000000004,146,320.58000000000004,0
14623.0,25,8,1779.04,906,222.38,485
14624.0,324,4,588.22,483,147.055,189
14625.0,105,11,4497.88,2155,408.89818181818185,527
14626.0,32,9,4190.94,2611,465.66,606
14627.0,288,1,462.75,284,462.75,0
14628.0,0,5,1998.0,1147,399.6,592
14630.0,393,1,338.65,111,338.65,0
14631.0,144,5,1648.79,1137,329.758,252
14632.0,172,1,114.56,96,114.56,0
14633.0,175,1,344.90000000000003,96,344.90000000000003,0
14634.0,347,4,2124.46,1906,531.115,104
14635.0,363,1,215.22,118,215.22,0
14636.0,178,1,300.19,117,300.19,0
14637.0,586,1,106.68,100,106.68,0
14639.0,29,7,3983.7,1768,569.1,541
14640.0,37,8,3043.04,1343,380.38,558
14643.0,79,5,1679.89,1377,335.978,558
14644.0,207,6,1604.46,578,267.41,437
14645.0,66,3,876.89,587,292.2966666666667,477
14646.0,2,120,426699.12,298022,3555.826,644
14647.0,110,2,519.97,180,259.985,322
14648.0,325,15,4546.86,3326,303.124,312
14649.0,121,7,2942.24,1796,420.32,476
14650.0,498,1,62.5,22,62.5,0
14651.0,120,8,1795.84,728,224.48,420
14653.0,247,6,2011.8,1331,335.3,399
14654.0,647,1,246.86,273,246.86,0
14655.0,131,4,2756.84,1774,689.21,374
14656.0,78,5,814.65,318,162.93,434
14657.0,64,5,1251.59,758,250.318,279
14658.0,26,1,123.14,23,123.14,0
14659.0,55,6,1641.55,767,273.59166666666664,169
14660.0,10,1,128.95,104,128.95,0
14662.0,144,6,1170.02,673,195.00333333333333,501
14663.0,339,2,490.6,397,245.3,0
14665.0,206,5,1645.61,672,329.122,295
14667.0,4,47,18756.96,11069,399.0842553191489,642
14668.0,354,1,111.63,49,111.63,0
14669.0,151,7,3243.93,2054,463.4185714285714,495
14670.0,189,3,602.0,434,200.66666666666663,452
14671.0,458,2,1127.45,571,563.725,18
14672.0,144,4,1113.14,646,278.285,445
14673.0,277,3,2047.9,1244,682.6333333333333,42
14674.0,418,1,173.66,103,173.66,0
14675.0,298,1,462.15,385,462.15,0
14676.0,57,10,7499.47,8116,749.947,492
14677.0,502,1,184.91,139,184.91,0
14678.0,488,1,403.39,179,403.39,0
14679.0,291,3,1289.44,794,429.8133333333333,349
14680.0,4,56,54081.22,26004,965.7360714285714,640
14681.0,121,4,770.1500000000001,144,192.5375,442
14682.0,97,6,1514.81,949,252.46833333333333,484
14683.0,497,1,146.56,386,146.56,0
14684.0,124,3,751.53,481,250.51,174
14685.0,485,8,4619.79,2012,577.47375,150
14686.0,323,5,885.83,475,177.166,245
14687.0,16,3,1402.06,850,467.3533333333333,445
14688.0,2,23,6290.32,4937,273.4921739130435,363
14689.0,118,1,112.8,76,112.8,0
14690.0,61,3,639.34,259,213.11333333333332,258
14691.0,6,2,1274.68,464,637.34,116
14692.0,46,12,1745.09,905,145.42416666666665,480
14693.0,174,7,1165.36,388,166.48,261
14694.0,526,1,244.31,193,244.31,0
14695.0,428,3,1620.07,678,540.0233333333333,213
14696.0,29,6,2147.49,1607,357.915,302
14697.0,127,2,188.61,181,94.305,0
14699.0,123,4,702.6,484,175.65,311
14700.0,99,4,2438.56,1150,609.64,295
14701.0,82,13,3971.0,1523,305.46153846153845,511
14702.0,26,21,5149.78,2268,245.22761904761904,612
14704.0,52,4,487.82,240,121.955,481
14705.0,108,1,179.0,100,179.0,0
14706.0,528,1,390.69,263,390.69,0
14707.0,345,2,139.2,96,69.6,141
14708.0,63,4,1787.09,1298,446.7725,301
14709.0,3,21,7918.03,3661,377.0490476190476,640
14710.0,288,9,1316.46,773,146.27333333333334,356
14711.0,0,9,2365.42,801,262.82444444444445,171
14712.0,21,2,526.72,198,263.36,305
14713.0,8,19,4782.12,3077,251.69052631578947,636
14714.0,316,3,746.05,413,248.6833333333333,280
14715.0,4,7,1567.82,810,223.9742857142857,594
14716.0,58,2,424.33,503,212.165,296
14717.0,642,1,81.3,32,81.3,0
14718.0,319,1,226.42,202,226.42,0
14719.0,88,2,488.12,398,244.06,69
14720.0,36,1,155.8,40,155.8,0
14721.0,288,1,115.77,59,115.77,0
14722.0,56,3,513.37,222,171.1233333333333,339
14723.0,267,8,1405.76,819,175.72,377
14724.0,499,1,345.25,187,345.25,0
14725.0,304,3,597.16,747,199.0533333333333,140
14726.0,564,1,124.75,91,124.75,0
14727.0,183,3,467.93,468,155.97666666666666,272
14728.0,322,1,190.58,68,190.58,0
14729.0,283,3,907.38,574,302.46,251
14730.0,16,5,904.21,527,180.842,169
14731.0,115,2,251.02,182,125.51,6
14732.0,53,16,4432.88,1828,277.055,586
14733.0,20,14,15643.26,6372,1117.3757142857144,291
14734.0,335,4,1056.42,378,264.105,125
14735.0,8,47,9770.18,3614,207.876170212766,636
14736.0,394,2,401.08,164,200.54,0
14737.0,38,3,3471.37,1029,1157.1233333333332,271
14738.0,43,7,1265.1,507,180.72857142857143,599
14739.0,3,22,10632.8,9030,483.30909090909086,643
14740.0,106,11,4161.06,2081,378.27818181818185,455
14741.0,22,5,1362.21,837,272.442,304
14742.0,344,1,579.85,374,579.85,0
14743.0,502,1,50.48,40,50.48,0
14744.0,207,12,3713.13,2439,309.4275,272
14745.0,22,12,2571.81,1977,214.3175,524
14746.0,315,4,593.5,398,148.375,17
14747.0,158,1,328.2,84,328.2,0
14748.0,33,9,2855.34,2590,317.26,521
14749.0,389,1,310.15,403,310.15,0
14750.0,645,1,112.03,65,112.03,0
14751.0,593,2,126.45,65,63.225,41
14753.0,370,1,306.36,201,306.36,0
14754.0,205,5,1140.7,698,228.14,395
14755.0,22,21,7829.95,3423,372.8547619047619,623
14756.0,292,2,1914.8,1007,957.4,41
14758.0,54,7,2864.97,840,409.2814285714285,465
14759.0,22,2,870.85,247,435.425,119
14760.0,206,1,89.2,40,89.2,0
14761.0,244,2,289.52,146,144.76,109
14762.0,173,2,417.57,428,208.785,362
14765.0,21,2,95.5,22,47.75,63
14766.0,77,9,5614.08,3698,623.7866666666666,383
14767.0,383,1,382.81,117,382.81,0
14768.0,36,1,133.20000000000002,40,133.20000000000002,0
14769.0,17,15,11585.07,8306,772.338,615
14770.0,141,8,3637.64,1598,454.705,419
14771.0,530,2,594.62,622,297.31,115
14772.0,21,1,139.26,82,139.26,0
14773.0,502,1,140.55,53,140.55,0
14774.0,438,1,241.45,99,241.45,0
14775.0,47,2,1108.02,1186,554.01,234
14776.0,14,12,3032.22,3754,252.685,341
14777.0,313,1,307.56,212,307.56,0
14778.0,36,2,730.86,306,365.43,181
14779.0,190,3,386.15,84,128.71666666666667,43
14782.0,229,1,200.1,114,200.1,0
14783.0,568,1,307.3,262,307.3,0
14784.0,233,2,274.62,182,137.31,65
14786.0,459,1,90.96,112,90.96,0
14787.0,380,1,110.65,59,110.65,0
14788.0,505,1,476.88,298,476.88,0
14790.0,29,8,2145.6,2327,268.2,608
14791.0,516,1,303.63,127,303.63,0
14793.0,444,1,396.91,270,396.91,0
14794.0,113,7,1313.53,421,187.64714285714285,283
14795.0,75,1,131.45000000000002,17,131.45000000000002,0
14796.0,4,24,9460.52,6483,394.1883333333333,630
14797.0,416,1,300.31,99,300.31,0
14798.0,53,7,647.97,555,92.56714285714284,504
14799.0,647,1,180.45,349,180.45,0
14800.0,19,14,7275.019999999999,6477,519.6442857142857,325
14802.0,347,2,1502.98,2,751.49,0
14803.0,71,3,845.55,370,281.85,130
14805.0,223,4,659.24,335,164.81,307
14806.0,348,1,110.04,93,110.04,0
14807.0,300,2,519.29,247,259.645,259
14808.0,53,6,1846.31,1244,307.7183333333333,28
14809.0,530,2,686.76,232,343.38,0
14810.0,13,12,2318.47,1144,193.2058333333333,325
14811.0,296,1,170.5,74,170.5,0
14812.0,508,1,185.8,136,185.8,0
14813.0,279,4,1090.87,474,272.7175,241
14814.0,490,1,160.46,96,160.46,0
14816.0,106,1,271.85,5,271.85,0
14817.0,109,7,3959.86,2462,565.6942857142857,427
14818.0,78,5,922.24,424,184.448,478
14819.0,101,3,282.81,112,94.27,525
14820.0,82,6,907.24,558,151.20666666666668,504
14821.0,276,7,1286.45,485,183.77857142857144,309
14822.0,394,1,157.70000000000002,94,157.70000000000002,0
14823.0,89,3,321.43,88,107.14333333333332,14
14824.0,0,7,3337.11,1646,476.73,546
14825.0,37,19,4037.54,2399,212.5021052631579,484
14826.0,491,2,385.2,152,192.6,113
14828.0,106,13,9839.46,9718,756.8815384615385,535
14829.0,93,6,1526.92,1059,254.48666666666668,252
14831.0,589,3,1676.57,885,558.8566666666667,57
14832.0,539,1,322.69,1,322.69,0
14833.0,408,1,94.8,58,94.8,0
14834.0,29,3,915.16,318,305.05333333333334,286
14835.0,438,2,297.0,180,148.5,88
14837.0,14,8,3156.38,2820,394.5475,579
14838.0,332,2,773.6700000000001,362,386.835,313
14839.0,327,3,915.28,927,305.0933333333333,285
14840.0,177,2,362.71,179,181.355,271
14841.0,88,12,6242.81,3621,520.2341666666667,557
14842.0,4,3,1901.52,711,633.84,212
14843.0,346,1,211.8,132,211.8,0
14844.0,32,9,5770.3,3837,641.1444444444445,483
14845.0,509,1,150.0,600,150.0,0
14846.0,336,1,437.4,193,437.4,0
14847.0,58,3,1348.95,533,449.65,415
14848.0,314,1,310.56,260,310.56,0
14849.0,4,35,13617.44,10420,389.0697142857143,603
14850.0,221,7,1794.01,1408,256.28714285714284,256
14851.0,165,2,524.19,445,262.095,374
14852.0,5,17,5498.91,4014,323.46529411764703,547
14853.0,120,4,1115.57,297,278.8925,394
14854.0,42,10,3864.66,2608,386.466,553
14855.0,28,7,6520.3,3510,931.4714285714286,491
14857.0,57,6,3001.251,1805,500.2085,486
14858.0,415,1,180.75,105,180.75,0
14859.0,113,2,648.76,426,324.38,350
14861.0,290,9,1254.94,959,139.4377777777778,350
14862.0,58,1,304.1,430,304.1,0
14865.0,281,3,114.72,288,38.24,366
14866.0,15,11,7624.22,3033,693.1109090909091,364
14867.0,95,16,2952.06,996,184.50375,548
14868.0,29,8,2527.49,1514,315.93625000000003,300
14869.0,12,5,2469.85,1943,493.97,620
14870.0,171,6,1838.95,483,306.4916666666667,422
14871.0,87,8,1091.34,383,136.4175,560
14872.0,393,3,816.6,662,272.2,149
14873.0,119,2,854.13,311,427.065,423
14874.0,444,1,116.18,148,116.18,0
14875.0,17,3,2862.4,1332,954.1333333333332,334
14876.0,430,2,256.7,162,128.35,40
14877.0,327,2,437.0,171,218.5,224
14878.0,83,22,3702.72,2257,168.30545454545455,483
14879.0,594,1,185.06,104,185.06,0
14880.0,94,2,363.27,245,181.635,103
14882.0,299,12,3038.4500000000003,1482,253.20416666666668,228
14883.0,73,2,358.48,322,179.24,47
14884.0,578,1,120.6,72,120.6,0
14885.0,41,3,1598.12,1308,532.7066666666666,334
14886.0,162,1,364.8,160,364.8,0
14888.0,116,1,369.2,184,369.2,0
14889.0,245,1,135.9,90,135.9,0
14890.0,163,3,817.25,636,272.4166666666667,406
14891.0,57,4,1106.73,788,276.6825,288
14892.0,600,1,202.35,79,202.35,0
14893.0,527,1,571.76,248,571.76,0
14894.0,352,2,837.0600000000001,338,418.53,294
14895.0,0,31,21955.62,9281,708.2458064516129,638
14896.0,114,8,2092.42,1117,261.5525,528
14897.0,206,5,1949.66,816,389.932,427
14898.0,43,13,3215.59,2091,247.3530769230769,601
14899.0,304,1,1384.88,586,1384.88,0
14900.0,431,1,13.919999999999998,48,13.919999999999998,0
14901.0,11,8,1690.48,801,211.31,397
14902.0,305,2,702.96,498,351.48,157
14903.0,34,4,2411.82,1334,602.955,154
14904.0,317,2,615.2,564,307.6,19
14905.0,67,8,1971.39,1009,246.42375,578
14906.0,354,1,68.44,1,68.44,0
14907.0,8,14,5272.87,2433,376.6335714285714,503
14908.0,372,1,104.1,50,104.1,0
14909.0,346,3,1404.68,888,468.2266666666667,226
14911.0,2,309,234125.25,113200,757.6868932038835,645
14912.0,156,5,1504.1899999999998,1293,300.838,435
14913.0,92,7,3762.85,3574,537.55,302
14915.0,0,11,1811.25,707,164.6590909090909,645
14916.0,3,7,2741.73,2109,391.6757142857143,523
14917.0,506,2,1123.75,891,561.875,0
14918.0,25,9,5955.81,2551,661.7566666666667,495
14919.0,448,1,359.35,129,359.35,0
14920.0,122,3,1607.17,886,535.7233333333334,352
14921.0,110,1,903.01,631,903.01,0
14922.0,303,2,843.74,376,421.87,114
14924.0,155,3,931.01,312,310.33666666666664,393
14926.0,291,2,359.4,204,179.7,216
14927.0,306,1,308.2,196,308.2,0
14928.0,537,1,223.91000000000005,268,223.91000000000005,0
14929.0,331,1,612.8100000000001,351,612.8100000000001,0
14930.0,18,6,5246.63,2199,874.4383333333334,497
14931.0,115,2,586.0,98,293.0,34
14932.0,275,2,1029.66,337,514.83,20
14933.0,353,4,1770.0,600,442.5,0
14934.0,192,4,2441.4,1517,610.35,158
14935.0,206,2,2849.83,1931,1424.915,322
14936.0,18,7,9346.67,4541,1335.2385714285715,475
14937.0,39,1,759.56,172,759.56,0
14938.0,471,2,2322.43,1369,1161.215,0
14940.0,327,2,531.49,384,265.745,315
14941.0,488,1,182.1,80,182.1,0
14942.0,311,4,746.56,354,186.64,328
14943.0,572,1,107.62,46,107.62,0
14944.0,4,14,7048.61,3748,503.4721428571429,566
14945.0,323,1,179.4,156,179.4,0
14947.0,40,5,937.47,355,187.494,493
14948.0,7,4,639.23,453,159.8075,120
14949.0,378,4,515.0,250,128.75,252
14952.0,116,28,13064.47,5409,466.5882142857143,529
14953.0,327,3,723.95,803,241.3166666666667,17
14954.0,612,1,167.27,92,167.27,0
14955.0,642,1,163.77,74,163.77,0
14956.0,330,1,1325.0,2500,1325.0,0
14957.0,162,2,333.29,105,166.645,391
14958.0,56,6,957.94,249,159.65666666666667,588
14959.0,19,3,537.32,400,179.10666666666668,186
14960.0,80,1,88.3,20,88.3,0
14961.0,0,20,14283.4,7333,714.17,644
14962.0,180,4,366.91,123,91.7275,313
14963.0,93,8,1970.88,1308,246.36,341
14964.0,156,1,206.21,143,206.21,0
14965.0,5,2,599.0,365,299.5,0
14966.0,296,5,924.52,911,184.904,336
14967.0,351,5,1518.81,512,303.762,294
14968.0,367,1,357.4,131,357.4,0
14969.0,613,1,906.23,665,906.23,0
14970.0,46,11,4447.04,897,404.2763636363636,526
14972.0,37,2,145.07,40,72.535,252
14973.0,16,3,1314.45,369,438.15,118
14975.0,330,1,192.45,127,192.45,0
14976.0,10,4,559.96,162,139.99,225
14977.0,635,1,31.93,17,31.93,0
14978.0,145,9,2748.0,632,305.3333333333333,355
14979.0,644,1,439.46,213,439.46,0
14980.0,646,1,150.68,79,150.68,0
14981.0,155,2,372.92,241,186.46,177
14982.0,481,1,237.78,125,237.78,0
14983.0,598,1,183.2,90,183.2,0
14984.0,90,5,1168.32,311,233.664,516
14985.0,107,2,296.75,260,148.375,159
14986.0,285,2,566.9,342,283.45,307
14987.0,275,7,1550.65,607,221.52142857142852,371
14988.0,121,7,2066.6,1276,295.2285714285714,390
14989.0,571,1,342.4,200,342.4,0
14990.0,521,2,305.42,130,152.71,118
14991.0,339,1,314.67,191,314.67,0
14992.0,351,1,210.5,145,210.5,0
14993.0,473,1,36.13,21,36.13,0
14994.0,291,5,960.63,577,192.126,240
14995.0,189,1,119.31,51,119.31,0
14996.0,390,2,442.29,404,221.145,0
14997.0,87,2,385.68,600,192.84,477
14998.0,79,4,770.73,367,192.6825,435
14999.0,502,1,129.48000000000002,88,129.48000000000002,0
15001.0,303,2,230.86,81,115.43,0
15002.0,25,9,4817.28,2518,535.2533333333333,580
15003.0,382,6,1060.7,547,176.78333333333333,209
15004.0,56,1,1246.32,630,1246.32,0
15005.0,5,48,12312.13,7643,256.5027083333333,642
15006.0,362,1,323.05,114,323.05,0
15007.0,68,1,156.91,69,156.91,0
15008.0,389,2,360.0,1500,180.0,157
15011.0,305,2,416.6,289,208.3,20
15012.0,283,2,628.64,334,314.32,203
15013.0,397,10,1641.3,1747,164.13,189
15014.0,85,1,117.73,68,117.73,0
15015.0,410,13,2365.02,1593,181.92461538461535,223
15016.0,82,5,630.3,247,126.06,370
15018.0,162,2,402.59,115,201.295,114
15019.0,176,1,266.0,159,266.0,0
15020.0,288,1,203.42,112,203.42,0
15021.0,66,8,1988.09,901,248.51125,341
15022.0,586,1,281.05,113,281.05,0
15023.0,25,17,10478.24,4418,616.3670588235294,557
15024.0,22,11,3259.8,1697,296.3454545454546,311
15025.0,477,1,636.08,326,636.08,0
15026.0,149,4,823.39,469,205.8475,208
15027.0,77,9,3096.42,2740,344.0466666666667,455
15028.0,278,3,716.55,456,238.85,25
15029.0,529,1,365.1,234,365.1,0
15030.0,177,7,1614.39,1009,230.62714285714287,376
15031.0,19,12,2750.23,1329,229.1858333333333,621
15032.0,165,8,13780.65,8259,1722.58125,472
15033.0,18,6,1629.1,916,271.51666666666665,220
15034.0,142,11,6669.62,3699,606.329090909091,344
15036.0,86,2,245.69,151,122.845,2
15037.0,285,2,402.51,301,201.255,0
15038.0,97,7,1121.82,352,160.26,237
15039.0,1,84,38630.79,17505,459.8903571428572,637
15040.0,451,1,7.49,1,7.49,0
15041.0,79,2,294.02,197,147.01,274
15042.0,108,2,315.45,238,157.725,396
15043.0,372,5,2336.8,731,467.36,69
15044.0,45,31,13706.38,4031,442.1412903225807,586
15045.0,61,2,735.66,114,367.83,105
15046.0,6,21,6583.15,3811,313.4833333333333,597
15047.0,179,1,343.62,222,343.62,0
15048.0,26,3,423.23,205,141.07666666666668,251
15049.0,183,1,121.17000000000002,63,121.17000000000002,0
15050.0,330,2,2411.7,1404,1205.85,59
15051.0,59,7,2921.29,2393,417.32714285714286,588
15052.0,228,1,215.78,82,215.78,0
15053.0,65,2,478.6,514,239.3,125
15055.0,384,3,560.07,230,186.69000000000003,248
15056.0,429,1,133.45,81,133.45,0
15057.0,184,5,3255.96,1394,651.192,458
15058.0,34,12,2530.7,1208,210.89166666666665,528
15059.0,16,17,3194.45,1418,187.90882352941176,626
15061.0,37,116,119859.38,70984,1033.2705172413794,610
15062.0,127,7,2411.8,1650,344.54285714285714,392
15063.0,122,1,370.8,56,370.8,0
15064.0,319,4,1254.41,810,313.6025,306
15065.0,74,4,3027.48,1244,756.87,246
15067.0,192,3,2981.17,1544,993.7233333333334,324
15068.0,165,3,863.4499999999999,601,287.81666666666666,365
15069.0,88,1,1109.53,520,1109.53,0
15070.0,282,3,843.25,375,281.0833333333333,351
15071.0,3,4,1455.56,416,363.89,476
15072.0,388,1,187.52,164,187.52,0
15073.0,95,7,2606.57,1347,372.3671428571429,496
15074.0,14,3,1566.33,1063,522.11,362
15076.0,82,3,1447.74,866,482.58,349
15077.0,404,2,2428.08,528,1214.04,235
15078.0,15,43,14721.36,7272,342.3572093023256,629
15079.0,122,11,3767.35,1504,342.48636363636365,519
15080.0,337,2,546.25,287,273.125,74
15081.0,117,9,1708.97,729,189.8855555555556,327
15082.0,578,1,93.35,43,93.35,0
15083.0,166,1,88.2,38,88.2,0
15084.0,289,2,965.2,600,482.6,266
15085.0,639,1,347.54,169,347.54,0
15086.0,474,2,218.53,95,109.265,60
15087.0,191,1,306.94,470,306.94,0
15089.0,3,3,2036.28,1189,678.76,34
15090.0,217,1,381.32,208,381.32,0
15091.0,584,2,565.9,236,282.95,0
15092.0,124,3,776.46,230,258.82,247
15093.0,26,22,13756.19,11176,625.2813636363636,614
15094.0,372,2,83.0,28,41.5,181
15095.0,13,10,3141.64,2233,314.164,584
15097.0,492,2,660.27,254,330.135,0
15098.0,91,3,39916.5,121,13305.5,0
15100.0,243,7,2894.7,334,413.5285714285714,367
15101.0,268,5,1262.69,469,252.538,230
15102.0,440,2,554.67,339,277.335,16
15104.0,106,2,1027.44,637,513.72,85
15105.0,44,3,1328.96,810,442.9866666666667,491
15106.0,50,3,1032.83,822,344.27666666666664,128
15107.0,220,9,940.35,356,104.48333333333332,140
15108.0,51,4,1300.25,499,325.0625,85
15109.0,155,3,983.1,258,327.7,489
15110.0,36,4,886.3000000000001,212,221.575,358
15111.0,282,3,1451.89,560,483.96333333333337,219
15112.0,520,1,209.4,72,209.4,0
15114.0,2,9,2318.53,2253,257.6144444444445,327
15115.0,642,1,191.74,88,191.74,0
15116.0,44,2,790.97,255,395.485,70
15117.0,30,5,1609.92,2230,321.98400000000004,513
15118.0,43,1,244.8,1440,244.8,0
15119.0,155,1,266.4,88,266.4,0
15120.0,43,1,358.82,296,358.82,0
15121.0,198,1,295.15,125,295.15,0
15122.0,23,11,4497.47,2045,408.8609090909091,505
15123.0,115,4,3526.33,1838,881.5825,427
15124.0,101,3,357.38,318,119.12666666666668,459
15125.0,22,21,16291.87,8149,775.8033333333334,505
15126.0,446,2,449.49,273,224.745,150
15127.0,429,1,304.97,213,304.97,0
15128.0,36,4,1482.92,1247,370.73,303
15129.0,16,22,6209.51,3829,282.25045454545455,503
15130.0,79,1,330.11,197,330.11,0
15131.0,304,1,80.28,88,80.28,0
15132.0,15,3,842.23,633,280.74333333333334,156
15133.0,37,5,1806.9,960,361.38,392
15134.0,36,6,823.16,560,137.19333333333333,295
15135.0,148,2,305.68,84,152.84,317
15136.0,5,1,582.9,374,582.9,0
15137.0,430,2,823.4,596,411.7,159
15138.0,303,1,502.52,300,502.52,0
15139.0,149,2,178.96,208,89.48,96
15140.0,25,6,2617.55,1704,436.2583333333334,326
15141.0,367,7,1388.47,1197,198.35285714285715,163
15142.0,319,5,2121.18,1790,424.236,90
15143.0,135,2,563.63,320,281.815,206
15144.0,2,22,9140.71,4121,415.4868181818183,634
15145.0,136,2,724.03,438,362.015,21
15146.0,74,2,1327.16,1473,663.58,126
15147.0,149,1,623.5,366,623.5,0
15149.0,43,5,1554.61,380,310.922,515
15150.0,18,8,7256.23,4999,907.02875,434
15151.0,332,2,2085.61,795,1042.805,86
15152.0,22,7,2901.35,1463,414.4785714285714,587
15154.0,387,2,1091.99,245,545.995,0
15155.0,292,1,383.97,192,383.97,0
15157.0,63,4,2223.41,2984,555.8525,574
15158.0,310,1,204.62,21,204.62,0
15159.0,22,22,12445.69,7737,565.7131818181819,319
15160.0,266,4,589.27,307,147.3175,63
15161.0,297,1,119.92,144,119.92,0
15162.0,640,1,312.9,74,312.9,0
15163.0,101,1,155.0,48,155.0,0
15164.0,117,8,1594.05,714,199.25625,481
15165.0,282,1,975.5,320,975.5,0
15166.0,377,1,167.16,140,167.16,0
15167.0,230,5,1659.67,872,331.934,352
15169.0,291,2,569.22,356,284.61,344
15170.0,316,1,81.15,33,81.15,0
15171.0,240,1,1289.5,290,1289.5,0
15172.0,45,3,886.74,838,295.58,100
15173.0,290,7,1494.6,840,213.5142857142857,236
15174.0,232,2,481.46,382,240.73,87
15176.0,577,1,988.04,448,988.04,0
15177.0,335,1,948.93,485,948.93,0
15178.0,169,1,40.5,30,40.5,0
15179.0,143,11,6740.09,4772,612.7354545454546,502
15180.0,276,3,904.43,690,301.4766666666667,221
15181.0,84,4,945.72,396,236.43,555
15182.0,63,11,2998.952,1186,272.632,502
15183.0,457,3,639.93,297,213.31,36
15184.0,100,3,518.42,336,172.80666666666664,533
15186.0,77,4,1221.05,663,305.2625,528
15187.0,1,6,1883.88,801,313.98,120
15188.0,634,1,310.43,233,310.43,0
15189.0,0,38,13934.76,5380,366.7042105263158,418
15190.0,343,1,834.4399999999999,790,834.4399999999999,0
15191.0,372,3,588.05,287,196.01666666666665,225
15192.0,29,5,1981.39,1644,396.278,560
15194.0,36,24,9280.69,6749,386.6954166666667,610
15196.0,342,2,316.25,131,158.125,293
15197.0,162,5,1571.15,791,314.23,475
15198.0,1,5,571.35,327,114.27,597
15199.0,4,9,2821.45,803,313.4944444444444,480
15200.0,404,1,549.05,195,549.05,0
15201.0,35,6,1539.67,1364,256.6116666666667,484
15202.0,329,3,6001.49,3,2000.496666666667,0
15203.0,15,13,3900.7,3768,300.05384615384617,625
15204.0,266,1,316.58,258,316.58,0
15205.0,36,1,476.3,196,476.3,0
15206.0,9,3,236.7,90,78.89999999999999,176
15207.0,325,3,683.9200000000001,428,227.97333333333336,130
15208.0,72,3,423.92,194,141.30666666666664,260
15209.0,639,1,178.98000000000002,94,178.98000000000002,0
15210.0,134,3,1176.19,841,392.0633333333333,350
15211.0,274,1,766.14,234,766.14,0
15212.0,150,2,208.28,84,104.14,135
15213.0,228,2,328.35,272,164.175,11
15214.0,93,2,651.63,556,325.815,58
15215.0,6,5,1987.53,643,397.506,516
15216.0,528,1,389.49,189,389.49,0
15217.0,472,1,426.24,190,426.24,0
15218.0,26,19,9625.03,5482,506.5805263157895,566
15219.0,85,2,685.45,271,342.725,472
15220.0,24,5,1284.05,1137,256.81,165
15221.0,275,4,2465.4500000000003,287,616.3625000000001,271
15222.0,228,11,3550.91,4458,322.81,404
15223.0,135,5,1417.95,385,283.59000000000003,509
15224.0,267,5,871.36,443,174.272,334
15225.0,143,1,409.4,226,409.4,0
15226.0,220,1,154.41,71,154.41,0
15227.0,125,7,2145.91,1056,306.5585714285714,418
15228.0,39,5,4417.59,2625,883.518,370
15229.0,495,1,160.5,114,160.5,0
15230.0,148,2,429.6,351,214.8,1
15231.0,530,1,250.26,190,250.26,0
15232.0,22,2,612.06,686,306.03,27
15233.0,310,1,59.400000000000006,12,59.400000000000006,0
15234.0,186,1,197.0,196,197.0,0
15235.0,127,16,2937.81,1735,183.613125,170
15236.0,208,1,321.05,269,321.05,0
15237.0,112,2,1093.65,798,546.825,23
15238.0,4,2,772.78,577,386.39,88
15240.0,101,10,3798.79,2600,379.879,542
15241.0,36,9,2638.58,3068,293.17555555555555,527
15242.0,331,1,302.04,196,302.04,0
15243.0,344,1,610.6,358,610.6,0
15244.0,157,2,578.45,307,289.225,418
15245.0,43,8,4610.84,3021,576.355,461
15246.0,147,3,780.4,359,260.1333333333333,317
15247.0,31,3,976.06,514,325.3533333333333,414
15248.0,320,3,1893.93,1065,631.3100000000001,122
15249.0,1,16,8216.88,4474,513.555,531
15250.0,550,1,60.0,48,60.0,0
15251.0,0,18,19535.37,11641,1085.2983333333332,588
15252.0,92,4,1663.18,1007,415.795,428
15253.0,79,4,1310.74,933,327.685,417
15254.0,36,3,1088.35,711,362.7833333333333,433
15255.0,305,8,2838.57,1737,354.82125,340
15256.0,58,2,170.4,92,85.2,413
15257.0,192,2,685.9,71,342.95,130
15258.0,78,2,623.16,142,311.58,48
15259.0,422,4,1182.38,631,295.595,169
15260.0,9,25,9188.23,4722,367.5292,633
15261.0,44,4,1508.0,806,377.0,299
15262.0,233,3,418.82,218,139.60666666666663,164
15263.0,16,1,156.51,89,156.51,0
15264.0,439,1,454.66,178,454.66,0
15265.0,60,4,3345.64,1570,836.41,586
15266.0,247,5,852.21,236,170.442,363
15267.0,65,2,1407.76,704,703.88,27
15268.0,388,3,961.9,428,320.6333333333334,126
15269.0,289,2,816.56,346,408.28,10
15270.0,27,19,7995.66,3506,420.82421052631577,604
15271.0,4,19,3799.09,2052,199.9521052631579,396
15272.0,359,4,1363.54,377,340.885,213
15273.0,509,1,228.96,216,228.96,0
15276.0,303,3,514.22,267,171.40666666666667,40
15277.0,334,1,220.44,168,220.44,0
15278.0,471,4,496.16,458,124.04,103
15279.0,264,5,1580.54,802,316.108,321
15280.0,81,3,406.22,513,135.40666666666667,399
15281.0,46,15,8403.2,5150,560.2133333333334,290
15282.0,479,1,348.59,395,348.59,0
15283.0,299,3,148.33,27,49.443333333333335,127
15284.0,409,1,24.75,5,24.75,0
15285.0,317,1,94.92,120,94.92,0
15287.0,289,3,369.34,577,123.11333333333334,357
15288.0,65,9,3582.9700000000003,1350,398.1077777777778,509
15289.0,47,4,1351.29,1387,337.8225,483
15290.0,13,20,5945.65,3789,297.2825,550
15291.0,4,37,12863.28,4371,347.65621621621625,641
15292.0,110,1,180.94,56,180.94,0
15293.0,575,1,247.5,178,247.5,0
15294.0,320,1,233.35,97,233.35,0
15295.0,563,1,217.24,151,217.24,0
15296.0,18,11,9269.46,4973,842.6781818181818,578
15298.0,2,18,8017.69,5290,445.4272222222222,638
15299.0,73,8,6519.54,5083,814.9425,532
15301.0,23,14,6280.89,3537,448.6350000000001,336
15302.0,639,1,308.0,102,308.0,0
15303.0,199,3,1224.18,514,408.06,393
15304.0,74,7,717.0500000000001,103,102.4357142857143,256
15305.0,464,1,93.6,40,93.6,0
15306.0,2,8,2967.45,2776,370.93125,566
15307.0,5,1,205.3,37,205.3,0
15308.0,183,1,310.47,175,310.47,0
15309.0,520,4,797.96,440,199.49,124
15310.0,388,1,1634.64,1476,1634.64,0
15311.0,3,182,102158.74,62326,561.3117582417583,644
15312.0,12,11,2800.14,1587,254.5581818181818,620
15313.0,19,1,52.0,25,52.0,0
15314.0,108,3,820.4499999999999,750,273.4833333333333,228
15315.0,25,1,233.54,262,233.54,0
15316.0,236,1,165.0,100,165.0,0
15317.0,586,1,129.75,45,129.75,0
15319.0,193,1,204.5,175,204.5,0
15321.0,201,10,5120.89,3017,512.089,383
15322.0,385,1,711.18,555,711.18,0
15323.0,472,3,434.6,188,144.86666666666667,99
15324.0,610,1,140.22000000000003,74,140.22000000000003,0
15325.0,13,8,1602.01,1383,200.25125,557
15326.0,243,5,1700.52,1351,340.104,404
15328.0,317,1,107.24,88,107.24,0
15329.0,43,10,2688.63,1119,268.863,591
15331.0,409,3,767.91,701,255.97,109
15332.0,275,6,6553.74,2958,1092.29,147
15333.0,117,1,1028.56,344,1028.56,0
15334.0,66,3,351.67,274,117.22333333333334,16
15336.0,311,1,240.5,84,240.5,0
15337.0,320,1,373.02,200,373.02,0
15338.0,586,1,283.43,150,283.43,0
15339.0,227,6,1511.67,886,251.945,350
15340.0,471,1,105.5,76,105.5,0
15341.0,358,1,382.2,196,382.2,0
15342.0,39,1,406.09,283,406.09,0
15346.0,242,3,596.12,260,198.70666666666668,98
15347.0,275,4,1363.6,672,340.9,71
15349.0,67,2,473.81,327,236.905,29
15350.0,282,2,663.25,323,331.625,9
15351.0,279,4,2052.85,867,513.2125,62
15352.0,458,1,114.95,43,114.95,0
15353.0,164,7,3175.95,1551,453.70714285714286,483
15354.0,512,3,284.4,3,94.8,0
15356.0,14,11,2978.09,1727,270.73545454545456,317
15358.0,30,35,14343.02,13261,409.80057142857146,612
15359.0,572,8,181.35,145,22.66875,30
15361.0,271,4,689.07,373,172.2675,181
15362.0,358,2,613.08,368,306.54,290
15363.0,282,2,1004.11,527,502.055,120
15364.0,5,2,913.19,493,456.595,158
15365.0,5,8,3204.09,1451,400.51125,576
15366.0,267,6,1892.11,1887,315.35166666666663,293
15367.0,155,9,4619.92,2637,513.3244444444445,483
15368.0,303,1,275.8,176,275.8,0
15369.0,401,11,6251.26,3288,568.2963636363637,239
15370.0,50,5,2866.42,1178,573.284,269
15371.0,571,1,59.400000000000006,12,59.400000000000006,0
15372.0,46,8,6017.06,6410,752.1325,526
15373.0,25,14,2692.38,623,192.31285714285715,470
15374.0,38,2,307.32,290,153.66,495
15375.0,599,1,60.96,84,60.96,0
15376.0,26,2,989.02,537,494.51,105
15377.0,292,4,1211.75,253,302.9375,32
15378.0,372,2,246.5,130,123.25,39
15379.0,78,8,4877.84,3000,609.73,231
15380.0,50,8,2371.36,872,296.42,597
15381.0,123,5,1890.57,802,378.114,369
15382.0,94,10,9904.96,6794,990.496,550
15384.0,79,4,2027.79,1767,506.9475,422
15385.0,302,2,625.2,267,312.6,284
15386.0,95,1,394.14,446,394.14,0
15387.0,401,1,468.65,335,468.65,0
15388.0,179,1,140.54,88,140.54,0
15389.0,81,5,2733.8,3940,546.76,509
15390.0,305,2,1216.66,894,608.33,12
15391.0,493,1,289.87,109,289.87,0
15392.0,269,4,1715.07,1269,428.7675,71
15393.0,190,4,783.58,322,195.895,442
15394.0,113,9,4539.7,2008,504.4111111111111,519
15395.0,235,1,107.45,17,107.45,0
15396.0,22,2,796.38,278,398.19,471
15397.0,199,1,94.0,20,94.0,0
15400.0,1,8,1302.3,662,162.7875,468
15401.0,361,2,216.95,93,108.475,116
15402.0,58,6,1830.54,2034,305.09,443
15403.0,401,2,170.88,492,85.44,238
15404.0,285,1,257.06,334,257.06,0
15405.0,98,2,659.84,348,329.92,386
15406.0,210,3,717.45,423,239.15,152
15407.0,93,3,740.73,329,246.91,121
15408.0,173,1,267.18,106,267.18,0
15409.0,630,1,131.25,59,131.25,0
15410.0,8,9,4324.29,1751,480.4766666666667,500
15411.0,33,2,382.21,155,191.105,58
15412.0,80,1,190.53,108,190.53,0
15413.0,601,5,6798.72,2694,1359.744,47
15414.0,151,1,36.2,12,36.2,0
15415.0,222,1,572.8100000000001,575,572.8100000000001,0
15416.0,64,6,3732.83,2028,622.1383333333333,521
15418.0,334,2,452.32,266,226.16,161
15420.0,343,6,743.0,844,123.83333333333331,300
15421.0,124,9,3594.34,1806,399.37111111111113,516
15422.0,232,7,1619.97,710,231.42428571428573,347
15423.0,491,2,223.39,97,111.695,39
15424.0,163,3,597.78,873,199.26,208
15425.0,309,4,1944.57,1042,486.1425,263
15426.0,166,6,1830.98,811,305.16333333333336,329
15428.0,296,3,668.97,245,222.99,334
15430.0,377,2,954.75,309,477.375,60
15431.0,412,1,153.24,84,153.24,0
15432.0,450,1,149.57,27,149.57,0
15433.0,123,2,533.3,534,266.65,53
15434.0,16,9,2112.86,1255,234.76222222222225,577
15436.0,143,1,489.05,251,489.05,0
15437.0,171,2,393.45,177,196.725,378
15438.0,40,1,156.57999999999998,59,156.57999999999998,0
15439.0,314,4,1269.05,572,317.2625,248
15440.0,45,2,237.66,125,118.83,72
15441.0,305,3,1254.21,587,418.07,334
15442.0,158,1,594.0,120,594.0,0
15443.0,18,9,2623.82,1419,291.5355555555556,533
15445.0,173,2,284.5,118,142.25,326
15446.0,286,3,406.95,267,135.65,349
15447.0,240,5,492.88,228,98.576,294
15448.0,222,2,788.81,487,394.405,361
15449.0,94,2,647.7,516,323.85,76
15451.0,343,2,233.21,79,116.605,164
15452.0,173,4,1507.63,945,376.9075,247
15453.0,1,4,712.8,362,178.2,95
15454.0,271,2,307.69,148,153.845,256
15455.0,507,1,38.25,3,38.25,0
15456.0,192,10,2119.27,2826,211.927,448
15457.0,171,1,237.07,132,237.07,0
15458.0,311,1,208.8,144,208.8,0
15459.0,326,2,202.83,121,101.415,80
15460.0,263,1,216.76,109,216.76,0
15461.0,370,2,429.7,230,214.85,170
15462.0,3,4,737.05,495,184.2625,351
15464.0,247,1,1048.85,350,1048.85,0
15465.0,48,29,11293.16,2418,389.4193103448276,591
15466.0,299,3,1236.48,698,412.16,347
15467.0,54,2,402.56,235,201.28,7
15468.0,302,1,962.97,1245,962.97,0
15469.0,29,2,640.0,262,320.0,318
15470.0,485,1,63.42,232,63.42,0
15471.0,289,2,847.0799999999999,417,423.54,170
15472.0,22,1,371.56,251,371.56,0
15473.0,354,1,274.8,104,274.8,0
15474.0,505,1,163.1,56,163.1,0
15476.0,289,4,2209.98,1174,552.495,62
15477.0,559,1,368.4,216,368.4,0
15478.0,484,1,583.56,319,583.56,0
15479.0,642,1,147.4,38,147.4,0
15480.0,25,5,6279.0,1852,1255.8,559
15481.0,310,1,1993.34,1450,1993.34,0
15482.0,75,11,5641.099999999999,2203,512.8272727272727,571
15483.0,70,10,862.2,944,86.22,522
15484.0,449,2,1061.69,924,530.845,194
15485.0,245,6,4475.14,1891,745.8566666666667,401
15486.0,436,1,102.0,40,102.0,0
15487.0,589,1,231.32,144,231.32,0
15488.0,2,5,431.92,251,86.384,490
15489.0,120,6,1633.59,876,272.26500000000004,481
15490.0,339,1,217.6,85,217.6,0
15491.0,4,6,3100.09,1646,516.6816666666667,140
15493.0,59,7,3631.93,1062,518.8471428571428,505
15494.0,30,4,3608.2,3026,902.05,607
15495.0,288,1,246.5,194,246.5,0
15496.0,540,1,146.14,98,146.14,0
15497.0,229,8,8365.789999999999,2841,1045.72375,401
15498.0,30,36,21849.55,11042,606.9319444444444,602
15499.0,633,1,161.6,60,161.6,0
15501.0,314,2,402.5,206,201.25,10
15502.0,33,7,9564.07,5386,1366.2957142857142,431
15503.0,272,2,267.15,136,133.575,363
15504.0,430,3,371.02,115,123.67333333333332,144
15505.0,23,3,2091.14,964,697.0466666666666,41
15506.0,48,4,1270.12,945,317.53,338
15507.0,81,1,492.36,162,492.36,0
15508.0,98,6,1000.27,440,166.71166666666667,46
15509.0,289,1,166.51,72,166.51,0
15510.0,240,1,250.0,2,250.0,0
15512.0,65,4,331.58,235,82.895,520
15513.0,4,33,24344.47,9546,737.7112121212122,600
15514.0,135,13,5021.03,3302,386.2330769230769,509
15515.0,296,1,171.81,131,171.81,0
15517.0,142,1,267.03,293,267.03,0
15518.0,33,14,3901.25,2677,278.6607142857143,595
15519.0,292,2,344.61,116,172.305,63
15521.0,4,15,6433.27,4150,428.88466666666665,608
15523.0,297,15,16947.98,15741,1129.8653333333334,349
15524.0,516,1,151.4,24,151.4,0
15525.0,282,2,783.71,388,391.855,9
15527.0,54,20,4476.65,1739,223.8325,579
15528.0,163,1,229.33,123,229.33,0
15529.0,52,9,3515.8,3030,390.6444444444445,251
15530.0,59,4,1480.1,1056,370.025,363
15532.0,40,9,3416.76,1203,379.64,417
15534.0,635,1,162.25,63,162.25,0
15535.0,82,6,1087.82,323,181.3033333333333,275
15536.0,318,1,259.09,242,259.09,0
15537.0,72,1,110.92,29,110.92,0
15538.0,447,6,3358.4,1016,559.7333333333332,125
15540.0,285,1,247.38,244,247.38,0
15541.0,23,1,85.13000000000001,49,85.13000000000001,0
15542.0,421,3,918.45,469,306.15000000000003,225
15543.0,197,2,242.84,169,121.42,171
15544.0,29,18,7388.09,6122,410.44944444444445,560
15545.0,280,1,270.66,150,270.66,0
15546.0,516,2,1079.1,198,539.5500000000001,0
15547.0,19,20,7970.26,5176,398.513,623
15548.0,505,1,158.09,64,158.09,0
15549.0,67,7,2284.38,902,326.34000000000003,539
15550.0,15,11,2076.45,1101,188.7681818181818,630
15551.0,303,6,1274.02,596,212.33666666666667,155
15552.0,126,2,252.52,166,126.26,405
15554.0,187,1,217.2,74,217.2,0
15555.0,13,30,10127.12,7038,337.5706666666667,630
15558.0,548,1,214.13,86,214.13,0
15559.0,477,1,1109.4,526,1109.4,0
15560.0,307,2,153.52,72,76.76,0
15561.0,59,7,1583.47,1162,226.21,513
15562.0,261,3,673.3800000000001,561,224.46000000000004,374
15563.0,110,5,2202.18,2260,440.436,480
15564.0,372,2,70.74000000000001,42,35.370000000000005,212
15566.0,302,2,227.87,153,113.935,331
15569.0,13,10,3586.35,1736,358.635,545
15570.0,51,22,7972.2,3351,362.3727272727273,479
15571.0,295,10,3401.2,2242,340.12,347
15572.0,19,7,3071.1,1608,438.7285714285714,494
15573.0,527,3,599.73,417,199.91,110
15574.0,87,6,1518.7,949,253.11666666666667,286
15575.0,529,1,30.1,6,30.1,0
15577.0,60,5,397.98,121,79.596,575
15578.0,71,1,127.1,52,127.1,0
15579.0,223,4,1153.5,659,288.375,118
15580.0,286,8,1381.19,959,172.64875,293
15581.0,30,38,7794.59,3146,205.12078947368423,616
15582.0,9,2,541.51,407,270.755,120
15583.0,285,1,107.86,63,107.86,0
15584.0,71,3,707.04,222,235.68,508
15585.0,86,1,455.3,320,455.3,0
15586.0,502,3,1139.1,1338,379.7,108
15587.0,52,5,1065.24,372,213.048,349
15588.0,587,1,579.6,96,579.6,0
15589.0,165,3,478.53,243,159.51000000000002,54
15590.0,291,5,1496.6,832,299.32,224
15591.0,492,3,217.9,58,72.63333333333334,91
15594.0,3,2,788.22,464,394.11,141
15595.0,397,1,357.6,144,357.6,0
15596.0,10,9,3130.04,1376,347.78222222222223,398
15597.0,484,1,238.8,114,238.8,0
15598.0,337,1,307.34,244,307.34,0
15599.0,113,2,937.15,741,468.575,241
15600.0,337,4,1199.31,657,299.8275,165
15601.0,32,27,13769.02,10081,509.9637037037037,615
15602.0,110,12,2475.59,1557,206.29916666666668,537
15603.0,557,1,40.0,32,40.0,0
15605.0,161,7,1428.75,537,204.1071428571429,441
15606.0,28,16,4750.21,1485,296.888125,528
15607.0,246,9,1708.97,1470,189.8855555555556,364
15608.0,30,2,977.98,778,488.99,294
15609.0,93,1,298.48,148,298.48,0
15611.0,13,21,2352.9700000000003,500,112.04619047619047,579
15613.0,519,1,433.72,700,433.72,0
15614.0,347,4,3147.36,1632,786.84,188
15615.0,15,43,18342.08,10419,426.56000000000006,631
15616.0,347,1,317.11,137,317.11,0
15617.0,305,3,828.5500000000001,485,276.18333333333334,111
15618.0,1,3,419.041,215,139.68033333333332,44
15620.0,130,3,1264.19,934,421.3966666666667,188
15622.0,106,13,6745.05,3642,518.85,448
15623.0,50,8,2437.05,1087,304.63125,588
15624.0,26,4,588.13,357,147.0325,139
15625.0,13,9,3236.4,3020,359.6,438
15626.0,239,2,673.6,684,336.8,91
15627.0,366,2,566.9,344,283.45,65
15628.0,7,13,4407.42,2983,339.0323076923077,627
15629.0,359,4,2240.9,1518,560.225,82
15630.0,114,2,691.91,467,345.955,439
15631.0,551,1,596.67,525,596.67,0
15632.0,31,6,2351.84,1304,391.97333333333336,153
15633.0,418,13,4352.46,2058,334.8046153846154,221
15634.0,292,1,311.1,128,311.1,0
15635.0,305,1,100.35,5,100.35,0
15636.0,191,3,1026.52,358,342.17333333333335,287
15637.0,323,4,574.23,523,143.5575,310
15638.0,288,6,2265.2,1134,377.5333333333333,231
15639.0,43,3,1065.08,849,355.02666666666664,471
15640.0,31,25,20361.26,10678,814.4504,603
15641.0,14,12,5345.55,4422,445.4625,627
15642.0,639,1,105.78000000000002,270,105.78000000000002,0
15643.0,101,3,664.0,246,221.33333333333331,90
15644.0,75,4,813.0,557,203.25,94
15645.0,323,2,443.16,140,221.58,11
15646.0,67,5,974.61,1051,194.922,252
15647.0,324,1,169.0,124,169.0,0
15648.0,113,2,657.35,221,328.675,62
15649.0,245,4,2170.35,485,542.5875,50
15650.0,431,2,553.88,210,276.94,106
15651.0,170,3,840.08,630,280.0266666666667,335
15652.0,0,5,1420.34,659,284.068,393
15653.0,2,2,877.4399999999999,1200,438.72,23
15655.0,152,1,560.67,324,560.67,0
15656.0,87,3,563.63,202,187.8766666666667,105
15658.0,99,8,2423.4700000000003,691,302.93375000000003,546
15659.0,296,2,226.04,50,113.02,266
15660.0,45,12,2096.47,1421,174.70583333333332,536
15661.0,226,8,1215.95,779,151.99375,261
15662.0,570,2,283.73,145,141.865,77
15663.0,15,1,138.14,106,138.14,0
15664.0,358,3,867.6,373,289.2,200
15665.0,77,5,4015.12,2794,803.024,466
15666.0,381,2,632.9399999999999,469,316.47,23
15668.0,127,1,76.32000000000001,72,76.32000000000001,0
15669.0,13,3,565.54,262,188.5133333333333,160
15670.0,206,2,325.2,132,162.6,259
15671.0,4,5,1972.89,1185,394.578,176
15672.0,634,1,45.3,10,45.3,0
15673.0,66,8,5638.16,2911,704.77,498
15674.0,123,12,5881.29,2999,490.1075,517
15675.0,64,3,443.74,582,147.91333333333333,249
15676.0,193,1,897.8,555,897.8,0
15677.0,330,2,648.4,356,324.2,42
15678.0,304,2,1541.19,883,770.595,127
15679.0,63,2,260.26,398,130.13,28
15680.0,275,8,3652.79,2453,456.59875,371
15681.0,92,12,2266.76,1026,188.89666666666668,381
15682.0,508,2,318.24,222,159.12,88
15683.0,26,2,524.54,332,262.27,356
15684.0,456,3,173.95,77,57.98333333333333,188
15685.0,359,1,55.98,36,55.98,0
15686.0,329,1,90.0,72,90.0,0
15687.0,96,5,1679.45,657,335.89,143
15688.0,328,1,190.57,95,190.57,0
15689.0,29,3,521.03,207,173.67666666666665,497
15690.0,10,1,111.0,204,111.0,0
15691.0,161,4,571.3,212,142.825,480
15693.0,568,1,37.5,30,37.5,0
15694.0,85,19,7637.19,1720,401.9573684210526,556
15695.0,176,4,1131.04,484,282.76,414
15696.0,130,11,2808.01,1089,255.2736363636364,463
15697.0,599,1,246.75,127,246.75,0
15698.0,533,1,46.2,60,46.2,0
15700.0,81,2,696.68,357,348.34,1
15701.0,20,1,857.0,479,857.0,0
15702.0,385,2,140.39,103,70.19500000000001,205
15703.0,174,1,211.5,66,211.5,0
15704.0,49,6,3817.96,1723,636.3266666666667,442
15705.0,110,1,143.1,62,143.1,0
15706.0,25,1,450.05,160,450.05,0
15708.0,48,8,3714.91,1445,464.36375,287
15709.0,193,2,327.85,169,163.925,305
15710.0,326,1,898.87,641,898.87,0
15711.0,466,2,420.25,199,210.125,128
15712.0,19,10,3166.36,1162,316.636,629
15713.0,52,4,1010.79,510,252.6975,580
15714.0,362,3,453.93,175,151.31,102
15715.0,465,5,658.02,246,131.60399999999998,63
15716.0,55,11,3056.81,1821,277.89181818181817,586
15717.0,143,5,607.0,224,121.4,358
15718.0,449,1,293.79,95,293.79,0
15719.0,9,29,9246.12,4821,318.8317241379311,638
15720.0,459,1,143.19,48,143.19,0
15722.0,18,9,4460.34,1850,495.59333333333336,531
15723.0,274,4,947.65,444,236.9125,209
15724.0,110,3,310.85,117,103.61666666666667,199
15726.0,299,1,321.91,123,321.91,0
15727.0,16,14,8875.84,5504,633.9885714285714,577
15728.0,289,2,544.6,132,272.3,64
15729.0,122,3,192.55,47,64.18333333333334,190
15730.0,1,4,1382.92,861,345.73,339
15731.0,463,1,125.3,122,125.3,0
15732.0,121,10,1682.07,1361,168.207,461
15733.0,192,1,162.3,62,162.3,0
15734.0,24,4,2263.3,516,565.825,432
15735.0,330,1,327.68,206,327.68,0
15736.0,344,2,1815.72,1268,907.86,0
15737.0,57,5,897.9300000000001,445,179.586,95
15738.0,6,38,12414.0,8660,326.6842105263158,632
15741.0,367,2,208.62,70,104.31,160
15742.0,528,1,156.87,51,156.87,0
15743.0,23,2,434.05,119,217.025,71
15745.0,145,1,302.85,127,302.85,0
15746.0,43,1,196.88,178,196.88,0
15747.0,29,8,2138.04,1183,267.255,570
15748.0,358,2,465.4500000000001,211,232.725,0
15749.0,144,3,44534.3,18028,14844.766666666668,97
15750.0,80,14,5441.541,3861,388.6815,567
15751.0,370,11,1380.44,443,125.49454545454546,272
15752.0,2,8,3674.31,2664,459.28875,364
15753.0,214,1,79.2,144,79.2,0
15754.0,156,7,2670.84,1599,381.54857142857145,408
15755.0,17,14,4773.7,3231,340.9785714285714,627
15756.0,62,3,364.84,167,121.61333333333332,96
15757.0,127,5,2487.3,1433,497.46,329
15759.0,127,7,830.9300000000001,523,118.70428571428572,519
15760.0,540,2,13916.34,2,6958.17,0
15761.0,352,1,143.05,31,143.05,0
15764.0,16,7,4499.73,2943,642.8185714285713,371
15765.0,576,1,370.63,335,370.63,0
15766.0,365,2,516.0,164,258.0,225
15768.0,25,34,15601.09,4259,458.8555882352941,620
15769.0,11,39,74315.32,41572,1905.5210256410255,627
15770.0,522,1,321.45,67,321.45,0
15771.0,513,3,1006.54,512,335.5133333333333,89
15772.0,327,1,280.88,110,280.88,0
15773.0,318,1,138.84,99,138.84,0
15774.0,327,5,1059.14,386,211.82800000000003,238
15775.0,154,2,150.5,260,75.25,386
15776.0,42,1,241.62,138,241.62,0
15777.0,150,7,1762.61,599,251.80142857142852,327
15778.0,340,1,307.95,101,307.95,0
15779.0,372,2,124.08,20,62.040000000000006,69
15780.0,93,3,475.28,220,158.42666666666668,174
15781.0,47,2,211.3,66,105.65,168
15782.0,339,1,1399.36,980,1399.36,0
15784.0,377,2,848.3299999999999,381,424.165,204
15785.0,67,15,5306.79,3878,353.786,566
15786.0,23,3,6743.46,4927,2247.82,422
15788.0,418,1,221.83,115,221.83,0
15789.0,267,6,1962.01,2499,327.00166666666667,265
15791.0,113,4,3218.89,1797,804.7225,437
15792.0,309,2,933.84,606,466.92,218
15793.0,178,6,1740.6,1324,290.1,469
15794.0,645,2,777.0,288,388.5,0
15795.0,59,8,1979.87,1411,247.48375,540
15796.0,18,14,4039.99,1403,288.5707142857143,509
15797.0,22,6,2821.08,1281,470.18,568
15798.0,402,3,1535.37,915,511.79,188
15799.0,94,3,1021.39,926,340.4633333333333,233
15800.0,16,7,1242.58,588,177.51142857142855,511
15801.0,19,1,137.22,70,137.22,0
15802.0,52,1,451.42,1,451.42,0
15803.0,354,3,1513.84,740,504.6133333333333,230
15804.0,3,5,2554.84,1492,510.968,104
15805.0,15,24,8228.75,5121,342.8645833333333,623
15806.0,67,2,521.88,413,260.94,119
15807.0,317,2,913.62,1102,456.81,257
15808.0,215,21,18409.93,7229,876.6633333333333,431
15809.0,93,6,1157.88,650,192.98,351
15810.0,79,7,2968.25,1648,424.0357142857143,502
15811.0,15,6,3445.7,1611,574.2833333333333,282
15812.0,16,12,5201.47,3450,433.4558333333334,617
15813.0,117,2,1303.91,603,651.9549999999999,31
15814.0,302,2,689.11,457,344.555,210
15815.0,50,4,1874.7,1514,468.675,119
15816.0,451,2,144.14999999999998,54,72.07499999999999,0
15817.0,330,3,2766.4,1596,922.1333333333332,122
15818.0,497,1,340.5,284,340.5,0
15819.0,40,9,3614.81,2710,401.6455555555556,500
15820.0,229,1,206.98,128,206.98,0
15822.0,268,5,1394.79,735,278.958,373
15823.0,281,3,3897.17,1775,1299.0566666666666,358
15824.0,362,2,890.94,478,445.47,78
15825.0,81,1,532.94,220,532.94,0
15826.0,120,2,1663.97,1349,831.985,357
15827.0,23,27,3556.14,1691,131.70888888888888,586
15828.0,284,1,1108.82,367,1108.82,0
15829.0,8,2,636.14,996,318.07,41
15831.0,33,2,451.11,687,225.555,199
15832.0,163,1,836.79,465,836.79,0
15833.0,647,1,80.4,24,80.4,0
15834.0,75,6,3331.06,1535,555.1766666666666,258
15835.0,47,3,675.51,333,225.17,193
15837.0,395,1,385.03,216,385.03,0
15838.0,18,27,54673.42,54294,2024.941481481481,616
15839.0,57,1,299.18,234,299.18,0
15840.0,82,1,241.74,256,241.74,0
15841.0,127,7,2131.61,1815,304.5157142857143,511
15842.0,302,2,548.8,296,274.4,134
15843.0,213,1,118.95000000000002,27,118.95000000000002,0
15845.0,54,8,3241.27,1580,405.15875,537
15846.0,294,1,107.01,79,107.01,0
15847.0,197,4,613.98,542,153.495,353
15848.0,531,1,139.94,46,139.94,0
15850.0,77,5,938.75,1319,187.75,558
15851.0,436,1,109.73,67,109.73,0
15852.0,96,3,257.26,60,85.75333333333333,340
15854.0,49,18,5002.85,1509,277.9361111111112,589
15855.0,46,6,1052.72,712,175.45333333333335,339
15856.0,4,42,29274.71,16983,697.0169047619047,641
15857.0,339,1,273.48,276,273.48,0
15858.0,198,10,3337.74,2477,333.774,440
15859.0,341,1,438.46,174,438.46,0
15860.0,8,15,2295.14,1247,153.00933333333333,634
15861.0,44,7,2366.43,2192,338.06142857142856,545
15862.0,21,12,2755.14,1594,229.595,610
15863.0,102,4,299.06,147,74.765,530
15864.0,8,4,1202.3000000000002,852,300.57500000000005,282
15865.0,123,3,1667.72,957,555.9066666666666,489
15866.0,10,1,230.53,126,230.53,0
15867.0,22,28,8201.22,4572,292.9007142857143,612
15868.0,492,1,94.53,57,94.53,0
15869.0,186,3,323.66,274,107.88666666666666,349
15870.0,306,3,508.52,173,169.50666666666666,49
15871.0,346,1,33.099999999999994,5,33.099999999999994,0
15872.0,288,2,434.75,294,217.375,171
15873.0,409,4,313.92,1152,78.47999999999999,1
15874.0,87,20,9086.63,3633,454.3315,523
15875.0,555,1,111.72,76,111.72,0
15876.0,318,2,1449.14,886,724.5699999999999,39
15878.0,471,2,330.77,243,165.385,171
15879.0,313,4,1157.3,643,289.325,317
15880.0,278,1,686.5600000000001,422,686.5600000000001,0
15881.0,221,5,501.39,260,100.278,52
15882.0,108,8,1495.98,814,186.9975,530
15884.0,341,2,249.7,158,124.85,303
15885.0,2,15,1951.82,622,130.12133333333333,594
15886.0,326,3,871.78,520,290.5933333333333,181
15887.0,316,3,1027.15,605,342.3833333333334,148
15888.0,310,2,260.85,63,130.425,125
15889.0,66,8,1806.28,989,225.785,572
15890.0,304,5,535.65,119,107.13,210
15891.0,136,1,524.52,442,524.52,0
15892.0,578,1,128.2,46,128.2,0
15893.0,391,1,305.28000000000003,288,305.28000000000003,0
15894.0,162,2,420.29,283,210.145,115
15895.0,59,1,179.17,94,179.17,0
15897.0,103,2,222.05,261,111.025,0
15898.0,136,24,5210.42,2272,217.10083333333333,501
15899.0,278,1,112.5,78,112.5,0
15900.0,323,3,549.29,440,183.09666666666664,148
15901.0,64,5,449.83,527,89.966,388
15902.0,289,1,145.01,124,145.01,0
15903.0,137,7,4454.72,2192,636.3885714285715,467
15905.0,452,1,114.69,82,114.69,0
15906.0,54,7,1785.66,449,255.0942857142857,305
15907.0,86,2,529.52,256,264.76,33
15908.0,400,2,764.57,174,382.285,21
15909.0,83,1,191.94,98,191.94,0
15910.0,8,12,2112.98,1666,176.08166666666668,588
15911.0,533,8,1702.34,811,212.7925,106
15912.0,87,9,1074.7,759,119.41111111111113,551
15913.0,443,1,6.300000000000001,3,6.300000000000001,0
15914.0,287,2,205.99,149,102.995,0
15915.0,311,1,429.21,451,429.21,0
15916.0,101,10,2747.61,1341,274.761,537
15917.0,157,5,560.63,263,112.126,489
15918.0,100,3,582.88,240,194.2933333333333,441
15919.0,278,1,541.44,484,541.44,0
15920.0,63,9,571.64,240,63.51555555555555,571
15921.0,82,4,802.11,342,200.5275,468
15922.0,282,1,739.0,276,739.0,0
15923.0,282,1,254.16,244,254.16,0
15924.0,640,1,102.82,103,102.82,0
15925.0,103,1,207.15,93,207.15,0
15926.0,451,1,134.44,155,134.44,0
15927.0,556,1,123.39,69,123.39,0
15928.0,565,1,293.53,164,293.53,0
15929.0,553,1,594.0,120,594.0,0
15931.0,337,1,239.9,118,239.9,0
15932.0,17,6,1885.95,1509,314.325,181
15934.0,327,2,2190.66,2166,1095.33,11
15935.0,148,2,416.86,115,208.43,2
15936.0,288,2,282.79,211,141.395,88
15938.0,21,9,734.81,449,81.64555555555555,444
15939.0,16,15,8805.630000000001,6104,587.042,267
15940.0,220,1,35.8,4,35.8,0
15941.0,546,1,405.0,60,405.0,0
15942.0,43,1,337.44,232,337.44,0
15943.0,559,2,271.29,183,135.64499999999998,28
15944.0,186,4,2164.24,859,541.06,449
15945.0,274,4,827.27,397,206.8175,372
15946.0,412,3,2304.18,1614,768.06,131
15948.0,334,1,553.85,285,553.85,0
15950.0,15,8,6506.58,3100,813.3225,576
15951.0,195,2,680.12,281,340.06,95
15952.0,68,2,327.8,144,163.9,66
15953.0,121,14,2836.31,1411,202.59357142857144,524
15954.0,498,1,190.75,119,190.75,0
15955.0,16,16,6705.75,3181,419.109375,547
15956.0,460,2,617.6,278,308.8,175
15957.0,330,2,501.21,247,250.605,0
15958.0,313,3,388.64,131,129.54666666666665,147
15959.0,591,3,579.49,282,193.16333333333333,0
15960.0,283,4,410.95,258,102.7375,61
15961.0,288,1,451.29,154,451.29,0
15962.0,358,1,295.83,235,295.83,0
15964.0,572,1,272.96000000000004,94,272.96000000000004,0
15965.0,276,10,2323.64,1054,232.364,369
15966.0,360,1,426.53,275,426.53,0
15967.0,228,11,2796.57,1055,254.2336363636364,419
15968.0,297,1,418.05,253,418.05,0
15969.0,95,3,769.65,143,256.55,336
15970.0,213,2,1017.32,498,508.66,295
15971.0,18,13,3812.43,1446,293.2638461538462,623
15972.0,365,5,1810.27,480,362.054,143
15973.0,276,3,988.44,301,329.48,62
15974.0,4,6,2895.01,1864,482.5016666666666,193
15976.0,74,6,1746.64,1078,291.1066666666666,385
15978.0,341,2,2180.64,1556,1090.32,211
15979.0,512,1,329.22,450,329.22,0
15980.0,163,5,4955.0,3894,991.0,302
15981.0,47,19,8412.49,4257,442.7626315789474,483
15982.0,514,1,324.51,131,324.51,0
15983.0,270,7,3632.07,2258,518.8671428571429,372
15984.0,10,27,7770.41,5199,287.792962962963,637
15985.0,32,7,2715.28,2750,387.8971428571429,438
15986.0,291,1,186.3,100,186.3,0
15987.0,30,7,1437.27,1533,205.3242857142857,258
15988.0,461,2,612.0600000000001,305,306.03000000000003,105
15989.0,285,2,372.51,171,186.255,361
15990.0,196,6,1619.31,818,269.885,362
15991.0,443,1,150.55,41,150.55,0
15992.0,305,2,854.61,497,427.305,57
15994.0,321,2,775.11,292,387.555,224
15995.0,323,1,696.19,353,696.19,0
15996.0,25,6,1534.08,703,255.68,280
15998.0,81,14,7330.43,4709,523.6021428571429,566
15999.0,645,1,20.4,24,20.4,0
16001.0,290,1,583.39,337,583.39,0
16002.0,534,1,169.21,70,169.21,0
16003.0,44,8,4672.36,1620,584.045,601
16004.0,384,5,2146.39,1076,429.278,208
16005.0,92,8,2118.91,1137,264.86375,267
16006.0,120,2,347.17,211,173.585,176
16007.0,90,5,2106.65,1833,421.33,362
16008.0,114,13,5044.5,3025,388.0384615384616,425
16009.0,69,1,462.19,208,462.19,0
16010.0,155,11,1724.06,931,156.73272727272726,165
16011.0,1,25,4713.16,2855,188.5264,646
16012.0,38,4,2706.62,1518,676.655,401
16013.0,8,72,43725.18,19294,607.2941666666667,633
16014.0,61,4,997.82,442,249.455,525
16016.0,105,7,1842.75,750,263.25,206
16017.0,326,4,1341.95,538,335.4875,286
16018.0,89,3,451.13,357,150.3766666666667,551
16019.0,45,25,16631.86,6436,665.2744,588
16021.0,304,2,532.25,297,266.125,149
16022.0,169,1,628.28,261,628.28,0
16023.0,101,2,500.69,227,250.345,74
16024.0,321,2,232.96,107,116.48,0
16027.0,1,15,2048.36,2099,136.55733333333333,608
16028.0,505,1,82.2,18,82.2,0
16029.0,3,96,95488.44,41804,994.67125,637
16030.0,219,1,331.24,283,331.24,0
16031.0,1,2,548.94,423,274.47,154
16032.0,365,6,1970.45,1480,328.40833333333336,67
16033.0,17,23,7898.03,2904,343.39260869565214,376
16034.0,105,6,928.72,597,154.78666666666666,213
16035.0,469,1,217.73,33,217.73,0
16036.0,172,3,1986.65,780,662.2166666666667,356
16037.0,179,5,1509.34,766,301.868,378
16038.0,86,2,393.33,229,196.665,24
16039.0,333,2,456.4,409,228.2,204
16040.0,57,6,1979.53,1010,329.9216666666667,461
16041.0,50,2,2739.8,1044,1369.9,0
16042.0,17,5,1528.13,959,305.626,346
16043.0,120,7,1759.09,850,251.29857142857145,270
16044.0,344,1,340.84000000000003,170,340.84000000000003,0
16045.0,29,8,3434.9300000000003,2108,429.36625,378
16046.0,471,1,235.78,248,235.78,0
16047.0,591,1,107.14,1,107.14,0
16048.0,282,4,1075.23,569,268.8075,176
16049.0,284,3,787.89,372,262.63,141
16050.0,83,3,300.7,388,100.23333333333332,227
16051.0,591,1,188.44,80,188.44,0
16053.0,31,5,3247.08,2277,649.4159999999999,488
16054.0,54,4,2111.88,791,527.97,471
16055.0,130,1,134.8,22,134.8,0
16057.0,5,9,3135.96,1448,348.44,604
16058.0,315,1,62.7,18,62.7,0
16059.0,73,10,2709.21,1258,270.921,405
16060.0,310,3,541.95,243,180.65,93
16061.0,340,1,89.65,19,89.65,0
16062.0,43,7,2487.97,1885,355.4242857142857,402
16063.0,169,1,335.32,262,335.32,0
16064.0,634,1,111.0,56,111.0,0
16065.0,274,8,2382.62,1447,297.8275,97
16066.0,33,1,316.38,186,316.38,0
16067.0,472,3,3395.29,1279,1131.763333333333,112
16068.0,503,1,122.93,52,122.93,0
16069.0,327,1,457.7,138,457.7,0
16071.0,436,3,750.5600000000001,517,250.1866666666667,127
16072.0,197,4,4328.89,1611,1082.2225,260
16073.0,206,1,122.4,48,122.4,0
16074.0,299,1,265.25,39,265.25,0
16075.0,412,2,736.9300000000001,271,368.465,61
16076.0,2,5,1357.98,1012,271.596,115
16077.0,535,1,2300.4,840,2300.4,0
16078.0,193,2,362.99,200,181.495,385
16080.0,183,3,515.66,236,171.88666666666666,176
16081.0,94,6,2645.65,1243,440.94166666666666,489
16082.0,579,1,106.75,39,106.75,0
16083.0,10,4,2351.42,1514,587.855,287
16084.0,208,1,436.18,216,436.18,0
16085.0,146,9,1687.06,972,187.45111111111112,451
16086.0,7,9,2643.3,1403,293.70000000000005,639
16087.0,298,5,1739.92,664,347.98400000000004,300
16088.0,485,2,1437.43,373,718.715,15
16089.0,295,2,271.44,122,135.72,122
16090.0,533,1,205.91,65,205.91,0
16091.0,64,2,315.06,154,157.53,43
16092.0,24,6,1587.94,1188,264.6566666666667,464
16093.0,16,1,17.0,20,17.0,0
16094.0,128,8,2869.43,1537,358.67875,382
16095.0,365,1,447.05,265,447.05,0
16096.0,173,4,1584.97,700,396.2425,380
16097.0,149,1,185.05,87,185.05,0
16098.0,37,13,4154.96,2038,319.6123076923077,596
16099.0,47,6,1433.4,888,238.9,508
16100.0,372,1,582.64,438,582.64,0
16101.0,344,3,1938.46,1087,646.1533333333333,126
16102.0,8,2,1392.84,776,696.4200000000001,29
16103.0,67,20,5918.47,2469,295.9235,542
16104.0,328,8,2476.25,925,309.53125,314
16105.0,158,5,2386.19,2125,477.238,355
16107.0,12,3,1494.12,500,498.04,79
16108.0,343,3,1393.42,858,464.47333333333336,197
16109.0,128,3,939.48,1092,313.16,479
16110.0,171,3,1175.72,522,391.9066666666667,260
16111.0,337,1,562.48,236,562.48,0
16112.0,52,4,195.74,574,48.935,195
16113.0,92,1,161.38,176,161.38,0
16114.0,80,1,135.75000000000003,43,135.75000000000003,0
16115.0,26,9,1838.85,1199,204.31666666666663,457
16116.0,121,1,612.78,248,612.78,0
16117.0,99,3,654.4,321,218.13333333333333,401
16118.0,562,1,4376.25,2851,4376.25,0
16119.0,303,6,1297.45,571,216.24166666666667,329
16120.0,331,2,1747.77,1327,873.885,0
16121.0,125,4,897.87,453,224.4675,350
16122.0,22,5,867.18,1182,173.43599999999998,312
16124.0,226,4,1772.49,797,443.1225,415
16125.0,276,14,4587.65,1944,327.6892857142857,358
16126.0,11,14,12065.73,5101,861.8378571428572,635
16127.0,636,1,145.06,68,145.06,0
16128.0,53,8,2615.53,1823,326.94125,367
16129.0,316,3,1396.05,1261,465.35,100
16130.0,331,4,987.48,296,246.87,195
16131.0,25,10,8729.38,4210,872.9379999999999,622
16132.0,453,2,664.1999999999999,280,332.1,83
16133.0,10,46,19022.49,10989,413.5323913043479,517
16134.0,268,4,1810.78,1424,452.695,181
16135.0,172,2,819.45,395,409.725,321
16136.0,187,2,396.72,300,198.36,385
16137.0,589,1,422.7,210,422.7,0
16138.0,288,3,910.35,774,303.45,212
16139.0,21,4,782.11,427,195.5275,624
16140.0,280,2,956.56,750,478.28,70
16141.0,326,1,335.54,172,335.54,0
16142.0,159,1,535.34,422,535.34,0
16143.0,17,11,4435.25,1807,403.20454545454544,621
16144.0,156,1,175.2,16,175.2,0
16145.0,9,16,5606.26,4395,350.39125,484
16146.0,66,4,946.38,544,236.595,291
16147.0,43,5,2398.91,1395,479.782,538
16148.0,205,2,386.62,250,193.31,140
16149.0,51,2,305.38,458,152.69,286
16150.0,38,8,3751.27,1891,468.90875,593
16152.0,178,1,1829.04,642,1829.04,0
16153.0,25,10,4332.8,3150,433.28,446
16155.0,291,5,796.9,495,159.38,158
16156.0,61,16,4541.31,2621,283.831875,585
16158.0,431,9,628.32,182,69.81333333333333,211
16159.0,191,4,1232.79,635,308.1975,455
16161.0,49,36,10319.94,5269,286.665,529
16162.0,161,1,37.4,4,37.4,0
16163.0,141,6,2849.58,768,474.93,505
16165.0,414,1,79.9,2,79.9,0
16166.0,337,2,435.83,173,217.915,263
16167.0,323,5,1386.12,1494,277.22400000000005,324
16168.0,4,57,9480.99,4599,166.33315789473684,641
16170.0,22,19,6544.61,5769,344.4531578947368,546
16172.0,4,8,1884.55,1419,235.56875,417
16173.0,1,2,635.05,242,317.525,6
16174.0,35,7,2246.75,1431,320.9642857142857,476
16175.0,3,7,1836.44,932,262.34857142857146,469
16176.0,330,4,2052.69,952,513.1725,198
16177.0,346,7,1915.36,926,273.6228571428572,210
16178.0,47,2,612.6,304,306.3,263
16180.0,9,13,16249.87,9813,1249.99,434
16182.0,39,8,8198.0,4896,1024.75,510
16183.0,304,3,739.1,238,246.36666666666667,12
16184.0,15,5,985.8,470,197.16000000000005,105
16185.0,142,2,450.31,214,225.155,332
16186.0,12,23,7715.7,6047,335.46521739130435,626
16187.0,8,12,5395.7,3925,449.64166666666665,185
16188.0,50,4,860.83,701,215.2075,267
16190.0,304,7,2508.4700000000003,1143,358.3528571428572,330
16191.0,172,19,13123.18,7621,690.6936842105264,465
16192.0,645,1,351.3,208,351.3,0
16193.0,146,2,630.43,379,315.215,174
16194.0,284,1,308.6,140,308.6,0
16195.0,632,1,323.25,123,323.25,0
16196.0,398,1,93.3,26,93.3,0
16197.0,378,9,2016.71,1420,224.07888888888888,254
16198.0,346,1,629.36,255,629.36,0
16199.0,301,7,942.75,321,134.67857142857142,238
16200.0,73,11,5113.4,2797,464.8545454545454,573
16201.0,19,2,552.45,343,276.225,305
16202.0,270,9,2501.99,1307,277.9988888888889,376
16203.0,57,5,899.9399999999999,503,179.988,356
16204.0,289,2,538.53,455,269.265,350
16205.0,89,4,1181.58,1002,295.395,362
16206.0,34,12,2475.12,1315,206.26,559
16208.0,198,9,3273.78,1451,363.7533333333333,363
16209.0,28,8,4001.06,1819,500.1325,427
16210.0,8,28,28652.17,11085,1023.2917857142858,638
16211.0,330,2,543.5699999999999,365,271.785,16
16212.0,192,3,1101.52,478,367.17333333333335,386
16214.0,80,4,2038.25,1308,509.5625,264
16216.0,176,1,914.93,254,914.93,0
16217.0,144,2,304.25,91,152.125,46
16218.0,24,12,3990.77,2901,332.56416666666667,446
16219.0,410,1,40.8,48,40.8,0
16221.0,185,8,1686.02,1065,210.7525,210
16222.0,227,2,1345.22,503,672.61,402
16223.0,284,2,1102.35,651,551.1750000000001,20
16224.0,50,4,1187.12,1237,296.78,246
16225.0,59,14,2724.73,1243,194.62357142857144,520
16226.0,112,5,672.1700000000001,521,134.43400000000003,210
16227.0,134,3,1027.22,436,342.4066666666667,310
16228.0,294,3,890.8100000000001,561,296.93666666666667,14
16229.0,122,5,2215.46,1066,443.092,351
16230.0,99,2,542.03,365,271.015,30
16231.0,288,4,1078.22,564,269.555,218
16232.0,52,6,2447.13,1737,407.855,406
16233.0,239,8,1755.53,605,219.44125,407
16234.0,385,3,333.18,170,111.06,85
16235.0,96,7,1851.69,709,264.52714285714285,283
16237.0,346,1,136.65,57,136.65,0
16238.0,332,1,63.66,85,63.66,0
16239.0,99,5,1425.9,646,285.18,273
16241.0,5,13,3507.58,1882,269.81384615384616,313
16242.0,74,10,4717.78,2348,471.778,468
16244.0,121,2,2579.38,1474,1289.69,160
16245.0,31,2,769.7,430,384.85,135
16246.0,369,2,827.25,338,413.625,209
16247.0,79,1,114.56,182,114.56,0
16249.0,22,4,1440.77,762,360.1925,126
16250.0,170,3,791.38,376,263.7933333333333,125
16251.0,421,1,128.31,44,128.31,0
16252.0,292,1,295.09000000000003,158,295.09000000000003,0
16253.0,164,6,5326.69,4168,887.7816666666666,475
16254.0,287,3,985.14,549,328.38,253
16255.0,5,14,4469.68,2744,319.2628571428572,588
16256.0,176,3,1629.37,1590,543.1233333333333,331
16257.0,86,1,46.95,2,46.95,0
16258.0,36,14,10480.07,6551,748.5764285714286,512
16259.0,319,3,361.94,162,120.64666666666666,194
16261.0,22,4,731.0,350,182.75,329
16262.0,287,1,755.15,446,755.15,0
16263.0,332,1,351.01,200,351.01,0
16264.0,347,2,837.53,632,418.765,7
16265.0,20,10,5550.19,2439,555.019,296
16266.0,25,13,1657.18,746,127.47538461538464,557
16267.0,500,1,186.66,198,186.66,0
16269.0,347,1,717.57,579,717.57,0
16270.0,262,1,1141.24,688,1141.24,0
16271.0,35,8,2926.81,2047,365.85125,516
16272.0,26,1,411.7,224,411.7,0
16273.0,557,2,336.04,46,168.01999999999998,7
16274.0,282,1,715.9,310,715.9,0
16275.0,106,3,2151.11,1268,717.0366666666667,444
16276.0,86,3,2629.3900000000003,1467,876.4633333333335,430
16277.0,643,1,188.69,33,188.69,0
16278.0,9,3,1117.84,342,372.6133333333333,399
16279.0,86,7,4554.58,2793,650.6542857142857,419
16280.0,634,1,238.05,101,238.05,0
16281.0,333,2,1361.96,636,680.98,258
16282.0,249,3,1307.58,790,435.86,378
16283.0,30,6,3419.36,2094,569.8933333333333,528
16284.0,302,1,205.8,139,205.8,0
16285.0,555,1,176.9,60,176.9,0
16286.0,386,2,328.95,101,164.475,146
16287.0,79,5,1006.98,1426,201.396,519
16288.0,379,1,129.85,19,129.85,0
16289.0,371,1,136.31,97,136.31,0
16290.0,374,4,2069.3,1001,517.325,101
16291.0,591,1,117.72,1,117.72,0
16292.0,31,5,1253.76,688,250.752,482
16293.0,1,11,3863.29,1683,351.2081818181818,637
16294.0,386,1,126.05,54,126.05,0
16296.0,535,4,1313.67,645,328.4175,95
16297.0,178,1,301.9,206,301.9,0
16298.0,96,5,601.8,160,120.36,255
16299.0,386,1,193.65,107,193.65,0
16300.0,339,3,1392.43,658,464.1433333333334,245
16301.0,646,1,107.33,41,107.33,0
16302.0,36,1,233.22,158,233.22,0
16303.0,25,6,6603.97,3225,1100.6616666666666,515
16304.0,604,1,381.66,228,381.66,0
16305.0,48,1,361.22,256,361.22,0
16306.0,123,7,1192.82,742,170.40285714285713,221
16307.0,338,3,1194.92,1123,398.3066666666667,147
16308.0,17,6,4160.0,13000,693.3333333333334,616
16309.0,15,2,706.57,467,353.285,134
16310.0,323,2,460.08,270,230.04,227
16312.0,341,1,171.15,53,171.15,0
16314.0,299,3,1491.4,636,497.1333333333334,83
16315.0,240,2,402.71,143,201.355,205
16316.0,66,12,5018.81,2758,418.2341666666667,336
16317.0,29,5,2192.51,1236,438.50200000000007,465
16319.0,127,1,404.4,72,404.4,0
16320.0,81,6,5628.99,3319,938.165,509
16321.0,214,5,454.55,187,90.91,433
16323.0,105,2,353.66,146,176.83,381
16324.0,37,3,428.68,282,142.89333333333337,48
16325.0,64,11,3419.28,2390,310.8436363636364,580
16326.0,6,18,3254.0,732,180.77777777777777,583
16327.0,108,14,9356.76,7587,668.34,526
16328.0,472,1,310.83,141,310.83,0
16329.0,337,4,1703.07,826,425.7675,311
16330.0,21,6,431.38,203,71.89666666666666,550
16331.0,341,6,2037.7,756,339.6166666666667,210
16332.0,39,7,1076.48,602,153.78285714285715,458
16333.0,8,18,15619.6,24352,867.7555555555556,210
16334.0,401,1,277.48,211,277.48,0
16335.0,461,7,2774.0,1016,396.2857142857143,184
16336.0,330,4,3517.69,1473,879.4225,211
16338.0,66,1,214.8,94,214.8,0
16339.0,193,1,109.95,23,109.95,0
16340.0,16,3,1526.06,1345,508.68666666666667,444
16341.0,110,4,2676.57,2158,669.1425,408
16342.0,17,3,283.71,145,94.57,71
16343.0,316,1,316.59,227,316.59,0
16344.0,67,4,842.42,706,210.605,510
16345.0,392,1,623.33,331,623.33,0
16346.0,294,1,224.51,289,224.51,0
16347.0,297,9,2621.76,1397,291.3066666666667,249
16348.0,37,5,1103.91,772,220.782,302
16349.0,200,1,53.5,9,53.5,0
16350.0,243,6,1514.12,728,252.35333333333332,94
16351.0,242,13,3330.03,2165,256.1561538461538,402
16353.0,1,29,6791.56,2785,234.19172413793103,640
16354.0,289,3,733.71,449,244.57,211
16355.0,284,1,416.35,179,416.35,0
16356.0,107,6,415.87,190,69.31166666666667,354
16357.0,71,3,467.44,198,155.81333333333333,218
16358.0,93,2,1354.3000000000002,984,677.1500000000001,210
16359.0,4,14,2358.06,1457,168.43285714285713,567
16362.0,0,4,592.22,280,148.055,346
16364.0,46,1,347.55,115,347.55,0
16365.0,32,13,2629.34,956,202.2569230769231,605
16366.0,491,3,1220.83,626,406.9433333333333,141
16367.0,272,2,728.82,561,364.41,20
16368.0,345,1,142.78,57,142.78,0
16369.0,106,5,1465.6,758,293.12,414
16370.0,26,3,953.11,524,317.7033333333333,107
16371.0,358,1,157.2,108,157.2,0
16372.0,318,3,960.68,582,320.22666666666663,197
16373.0,291,2,309.49,119,154.745,29
16374.0,171,4,1454.72,612,363.68,326
16375.0,379,2,104.0,74,52.0,0
16377.0,176,2,1308.48,2928,654.24,350
16378.0,156,3,362.95,267,120.98333333333332,63
16381.0,305,2,258.7,112,129.35,22
16382.0,317,2,353.1,167,176.55,142
16383.0,177,6,2615.94,1443,435.99,404
16384.0,173,3,1183.55,801,394.51666666666665,326
16385.0,67,4,749.57,443,187.3925,473
16386.0,163,2,846.49,525,423.245,134
16387.0,232,5,918.55,457,183.71,315
16388.0,563,1,186.05,83,186.05,0
16389.0,114,2,670.17,307,335.085,77
16390.0,446,3,467.5,122,155.83333333333334,142
16391.0,310,4,1103.61,748,275.9025,161
16392.0,179,3,763.05,609,254.35,292
16393.0,3,19,4280.72,2571,225.30105263157893,644
16394.0,80,3,933.1,1404,311.03333333333336,118
16395.0,77,12,3018.2,2340,251.51666666666665,565
16396.0,385,1,137.8,80,137.8,0
16397.0,537,1,127.88,50,127.88,0
16398.0,63,2,1705.8,758,852.9,99
16399.0,144,2,411.66,351,205.83,153
16400.0,4,9,3159.44,2159,351.0488888888889,636
16401.0,41,18,5206.25,4473,289.2361111111111,423
16402.0,174,2,511.4,254,255.7,104
16403.0,221,1,177.5,114,177.5,0
16405.0,211,2,167.25,187,83.625,7
16406.0,360,2,389.61,149,194.805,203
16407.0,19,12,2224.34,1137,185.36166666666668,322
16408.0,500,1,231.93,227,231.93,0
16409.0,59,10,4719.43,3077,471.943,575
16410.0,643,1,130.32,348,130.32,0
16411.0,278,3,827.04,481,275.68,58
16412.0,303,4,495.4,238,123.85,279
16413.0,285,1,266.78000000000003,136,266.78000000000003,0
16414.0,189,4,484.26,191,121.065,414
16415.0,493,2,509.09,340,254.545,92
16416.0,299,6,1921.48,1538,320.24666666666667,264
16417.0,402,1,35.7,6,35.7,0
16418.0,2,4,795.03,466,198.7575,329
16419.0,22,8,1487.42,721,185.9275,555
16420.0,305,1,75.0,120,75.0,0
16421.0,285,3,526.27,123,175.42333333333332,93
16422.0,9,97,58084.77,60271,598.8120618556701,597
16424.0,100,2,443.06,212,221.53,191
16425.0,211,1,302.7,199,302.7,0
16426.0,2,4,689.83,414,172.4575,183
16427.0,172,2,241.06,156,120.53,21
16428.0,323,3,660.28,595,220.09333333333333,84
16429.0,15,1,284.55,9,284.55,0
16430.0,290,6,817.09,204,136.18166666666667,300
16431.0,122,3,642.81,453,214.27,84
16433.0,318,1,200.26,108,200.26,0
16434.0,5,9,2125.83,1019,236.2033333333333,594
16435.0,421,3,1011.57,609,337.19,2
16436.0,577,3,329.34,239,109.78,64
16437.0,290,2,301.25,197,150.625,48
16439.0,631,1,310.70000000000005,74,310.70000000000005,0
16440.0,124,2,488.76,205,244.38,279
16441.0,200,4,864.23,421,216.0575,335
16442.0,137,4,719.71,491,179.9275,499
16443.0,430,1,162.24,96,162.24,0
16444.0,4,16,3543.31,1889,221.456875,530
16445.0,296,3,372.22,188,124.07333333333334,24
16446.0,115,1,2.9,2,2.9,0
16447.0,45,3,775.14,323,258.38,524
16448.0,107,2,367.87,179,183.935,272
16449.0,107,2,707.69,367,353.845,82
16450.0,59,3,1505.73,681,501.91,506
16451.0,470,2,746.1800000000001,404,373.09,174
16452.0,540,2,332.17,199,166.085,63
16453.0,440,2,251.71,139,125.855,17
16454.0,516,2,24.05,6,12.025,4
16455.0,4,10,3866.57,2871,386.657,525
16456.0,8,13,6862.91,3725,527.9161538461539,521
16457.0,127,1,208.36,140,208.36,0
16458.0,15,23,4384.1,2612,190.6130434782609,456
16459.0,639,1,71.78999999999999,59,71.78999999999999,0
16461.0,87,3,1615.22,1039,538.4066666666666,468
16462.0,95,2,68.0,8,34.0,98
16463.0,113,1,319.37,179,319.37,0
16464.0,51,1,385.0,316,385.0,0
16465.0,330,2,746.24,504,373.12,23
16466.0,12,13,3237.31,1549,249.0238461538461,538
16467.0,418,7,2869.16,7384,409.88,228
16468.0,379,2,712.62,340,356.31,11
16469.0,155,3,455.36,186,151.78666666666666,267
16470.0,25,10,2235.34,1184,223.534,612
16471.0,184,4,1189.98,670,297.495,377
16472.0,343,2,789.6,252,394.8,163
16473.0,74,4,470.83,296,117.7075,209
16474.0,54,1,355.57,204,355.57,0
16475.0,53,3,459.3,318,153.1,130
16476.0,341,1,350.35,187,350.35,0
16477.0,41,10,3824.82,2316,382.482,353
16481.0,591,1,453.38,201,453.38,0
16483.0,101,1,139.35,44,139.35,0
16484.0,83,2,404.3,200,202.15,17
16485.0,341,4,1931.03,919,482.7575,301
16486.0,447,1,134.36,24,134.36,0
16487.0,486,2,209.4,163,104.7,81
16488.0,24,2,354.57,619,177.285,33
16489.0,289,2,303.7,38,151.85,55
16490.0,345,1,205.41000000000005,113,205.41000000000005,0
16491.0,322,1,801.66,582,801.66,0
16492.0,450,1,385.56,235,385.56,0
16493.0,82,6,1562.75,1530,260.4583333333333,450
16494.0,206,1,826.53,675,826.53,0
16495.0,185,2,246.51,166,123.255,0
16496.0,117,5,1916.29,1437,383.258,301
16497.0,112,22,5280.29,2443,240.0131818181818,532
16498.0,70,2,100.97,45,50.485,0
16499.0,269,8,2578.34,1364,322.2925,186
16500.0,240,4,608.05,264,152.0125,212
16501.0,292,1,1237.23,642,1237.23,0
16502.0,529,2,266.5,251,133.25,0
16503.0,16,11,3614.34,1535,328.5763636363636,429
16507.0,481,1,152.76,116,152.76,0
16508.0,539,1,248.8,106,248.8,0
16509.0,206,1,363.7,64,363.7,0
16510.0,281,6,2100.0,1076,350.0,319
16511.0,54,5,1451.46,645,290.29200000000003,503
16515.0,1,9,2839.52,1463,315.5022222222222,448
16517.0,186,1,162.7,96,162.7,0
16518.0,193,3,665.75,321,221.91666666666663,272
16519.0,274,3,444.88,146,148.29333333333332,283
16520.0,95,6,2482.62,1266,413.77,460
16521.0,324,3,1148.01,1016,382.67,232
16522.0,345,2,433.36,212,216.68,14
16523.0,5,20,7743.81,3039,387.1905,588
16524.0,355,2,308.14,260,154.07,245
16525.0,8,43,21927.54,13058,509.9427906976744,638
16526.0,81,2,717.21,279,358.605,412
16527.0,333,1,1044.38,620,1044.38,0
16529.0,99,4,2012.0,751,503.0,340
16530.0,577,1,48.35,17,48.35,0
16531.0,36,8,1738.27,1515,217.28375,314
16532.0,45,4,6524.639999999999,2064,1631.16,485
16534.0,551,1,635.9,168,635.9,0
16535.0,294,2,407.84,329,203.92,294
16536.0,19,1,548.97,251,548.97,0
16537.0,550,1,23.35,59,23.35,0
16538.0,450,3,399.62,257,133.20666666666668,54
16539.0,129,9,3396.81,1259,377.42333333333335,312
16540.0,323,1,226.7,114,226.7,0
16541.0,644,1,424.03,173,424.03,0
16542.0,310,1,137.7,96,137.7,0
16543.0,501,1,292.21,317,292.21,0
16544.0,429,4,376.7000000000001,150,94.175,142
16545.0,74,2,689.82,322,344.91,210
16546.0,200,5,5606.47,4367,1121.294,151
16547.0,455,1,111.71,113,111.71,0
16548.0,508,1,30.15,6,30.15,0
16549.0,33,26,9809.07,5430,377.2719230769231,496
16550.0,18,18,9435.13,5727,524.1738888888889,628
16551.0,5,7,2237.12,2076,319.5885714285714,630
16552.0,152,2,475.02,258,237.51,130
16553.0,72,33,16644.01,16475,504.36393939393935,502
16554.0,131,7,2318.73,1073,331.2471428571429,502
16555.0,19,5,1781.77,1731,356.354,395
16556.0,15,16,7255.16,3805,453.4475,627
16557.0,46,1,101.15,13,101.15,0
16558.0,1,32,10220.19,5963,319.3809375,643
16559.0,306,1,185.2,73,185.2,0
16560.0,267,7,2539.15,1272,362.7357142857143,373
16562.0,386,1,223.86,264,223.86,0
16563.0,309,5,3345.02,2110,669.004,337
16564.0,478,1,87.8,40,87.8,0
16565.0,273,4,773.05,211,193.2625,191
16566.0,79,3,463.88,216,154.6266666666667,122
16567.0,103,2,865.6,996,432.8,142
16568.0,337,2,1020.9,366,510.4500000000001,213
16569.0,540,4,1331.03,895,332.7575,92
16570.0,36,16,5829.9800000000005,3607,364.37375,492
16571.0,85,9,3723.84,3355,413.76,455
16572.0,36,3,1009.6,532,336.53333333333336,148
16573.0,199,1,292.63,111,292.63,0
16574.0,333,2,850.34,586,425.17,234
16576.0,329,2,540.87,323,270.435,101
16577.0,576,1,380.0,142,380.0,0
16578.0,535,1,156.6,108,156.6,0
16579.0,335,1,295.05,119,295.05,0
16581.0,92,1,105.84,134,105.84,0
16582.0,22,1,313.62,164,313.62,0
16583.0,283,2,531.4,264,265.7,299
16584.0,163,4,2839.53,1761,709.8825,407
16585.0,503,2,341.59,151,170.795,101
16586.0,158,3,1462.78,348,487.5933333333333,386
16587.0,141,1,225.15,71,225.15,0
16588.0,295,4,1361.28,882,340.32,188
16589.0,16,3,367.8,324,122.6,343
16590.0,310,2,605.9,240,302.95,13
16592.0,46,22,5908.56,4362,268.5709090909091,584
16593.0,99,7,996.61,346,142.37285714285716,545
16595.0,285,4,1450.02,1043,362.505,315
16596.0,275,3,450.13,177,150.04333333333332,363
16598.0,195,1,145.04999999999998,73,145.04999999999998,0
16599.0,295,1,172.8,159,172.8,0
16600.0,162,9,1577.35,1643,175.26111111111112,468
16601.0,300,2,439.45,261,219.725,232
16602.0,298,1,235.25,93,235.25,0
16603.0,0,1,296.62,363,296.62,0
16604.0,472,2,432.45,175,216.225,5
16605.0,633,1,60.48,144,60.48,0
16606.0,313,2,357.66,148,178.83,30
16607.0,37,21,4626.74,3647,220.3209523809524,461
16608.0,363,2,1288.72,613,644.36,209
16609.0,44,5,2710.04,1245,542.008,117
16610.0,128,1,75.66,66,75.66,0
16611.0,95,6,1785.13,874,297.5216666666667,452
16612.0,28,8,2928.07,1307,366.00875,616
16614.0,92,3,1179.79,349,393.2633333333333,395
16615.0,535,1,291.5,211,291.5,0
16616.0,66,1,210.1,110,210.1,0
16617.0,145,1,151.85,91,151.85,0
16618.0,120,4,1441.29,771,360.3225,111
16619.0,173,4,1938.33,1055,484.5825,391
16620.0,170,5,1675.73,1106,335.146,477
16621.0,57,3,609.41,187,203.13666666666663,130
16622.0,453,1,225.4,44,225.4,0
16623.0,155,4,1015.24,442,253.81,346
16624.0,106,1,426.43,196,426.43,0
16625.0,184,5,1654.03,1057,330.806,269
16626.0,22,7,2165.34,1108,309.3342857142857,153
16628.0,16,6,1749.89,899,291.64833333333337,534
16629.0,5,1,236.78,216,236.78,0
16630.0,316,1,106.8,72,106.8,0
16631.0,391,7,1892.52,775,270.36,170
16632.0,395,2,406.4,256,203.2,95
16633.0,23,3,1168.26,463,389.42,119
16634.0,132,6,1814.61,1321,302.435,465
16635.0,316,1,473.0,277,473.0,0
16636.0,347,4,3802.04,2186,950.51,207
16637.0,33,2,530.55,351,265.275,102
16638.0,8,14,2300.75,1595,164.33928571428572,379
16639.0,116,3,961.62,400,320.54,202
16640.0,307,1,179.4,146,179.4,0
16641.0,15,2,554.5,454,277.25,596
16642.0,117,2,696.85,427,348.425,207
16643.0,155,2,923.11,553,461.555,176
16644.0,87,2,833.78,826,416.89,34
16645.0,645,1,160.39,117,160.39,0
16646.0,358,1,678.8,1072,678.8,0
16647.0,79,4,541.9,396,135.475,374
16648.0,365,2,382.14,222,191.07,134
16649.0,429,1,306.58000000000004,82,306.58000000000004,0
16650.0,329,6,1397.69,1139,232.94833333333332,99
16651.0,496,1,136.2,60,136.2,0
16652.0,19,14,15302.29,6271,1093.0207142857143,523
16654.0,50,8,1711.47,703,213.93375,471
16655.0,40,10,4622.74,2681,462.274,545
16656.0,5,26,15324.05,13681,589.3865384615385,639
16657.0,58,2,446.11,668,223.055,105
16658.0,277,6,814.07,317,135.67833333333334,250
16659.0,98,1,39.12,72,39.12,0
16660.0,120,5,996.26,648,199.252,483
16661.0,449,4,986.63,385,246.6575,181
16662.0,303,1,163.8,36,163.8,0
16663.0,638,1,165.0,100,165.0,0
16664.0,478,1,109.2,24,109.2,0
16665.0,271,1,135.39999999999998,59,135.39999999999998,0
16666.0,530,1,106.96,134,106.96,0
16667.0,193,1,203.35,78,203.35,0
16668.0,26,12,822.22,713,68.51833333333333,514
16670.0,15,17,7174.22,4130,422.0129411764706,623
16671.0,74,1,1382.88,656,1382.88,0
16672.0,8,17,6911.84,2474,406.57882352941175,167
16673.0,588,1,188.83,101,188.83,0
16674.0,7,1,122.2,63,122.2,0
16675.0,351,2,608.86,296,304.43,36
16676.0,122,5,1868.28,703,373.656,205
16677.0,320,2,880.62,457,440.31,240
16678.0,8,8,2137.3,1638,267.1625,184
16679.0,275,3,793.06,276,264.3533333333333,180
16680.0,437,2,637.75,283,318.875,6
16681.0,54,5,1484.18,1135,296.836,496
16682.0,1,3,810.22,762,270.0733333333333,95
16683.0,443,1,320.25,190,320.25,0
16684.0,42,45,114372.71,79040,2541.615777777778,599
16686.0,7,15,4487.8,3160,299.18666666666667,635
16687.0,300,1,157.63,141,157.63,0
16690.0,111,3,213.95,117,71.31666666666666,249
16691.0,327,2,178.83,92,89.415,143
16692.0,165,4,1914.7,878,478.675,185
16693.0,181,4,875.01,535,218.7525,384
16694.0,632,1,98.3,26,98.3,0
16695.0,471,2,193.15,185,96.575,0
16696.0,44,4,657.9000000000001,146,164.47500000000002,112
16697.0,150,1,112.75,27,112.75,0
16698.0,136,2,1998.0,840,999.0,26
16699.0,289,7,994.6,640,142.0857142857143,355
16700.0,31,22,8187.11,6098,372.1413636363636,615
16701.0,39,23,8568.85,9611,372.5586956521739,608
16702.0,324,4,1110.83,692,277.7075,316
16704.0,527,2,695.66,455,347.83,53
16705.0,8,32,39260.411,20752,1226.88784375,631
16706.0,7,2,411.55,220,205.775,15
16707.0,309,4,551.11,402,137.7775,239
16709.0,109,13,8042.18,2946,618.6292307692308,530
16710.0,47,19,5709.94,3958,300.5231578947368,597
16711.0,49,7,2127.32,632,303.9028571428572,597
16712.0,4,10,3121.42,1506,312.142,306
16713.0,25,28,11608.33,6551,414.5832142857143,608
16714.0,128,4,1529.8,849,382.45,451
16715.0,472,1,323.8,532,323.8,0
16716.0,176,3,2149.6800000000003,912,716.5600000000001,363
16717.0,5,12,4687.51,2116,390.6258333333333,636
16718.0,278,5,3647.53,2343,729.5060000000001,363
16719.0,58,12,3469.31,2070,289.1091666666667,577
16720.0,285,2,640.24,297,320.12,345
16721.0,171,1,292.47,172,292.47,0
16722.0,9,19,7914.85,7303,416.571052631579,636
16723.0,0,4,1301.63,1002,325.4075,643
16724.0,314,1,147.35,69,147.35,0
16725.0,211,14,1882.11,784,134.43642857142856,424
16726.0,105,6,1501.58,920,250.2633333333333,214
16727.0,273,4,1437.42,1109,359.355,324
16728.0,76,3,550.0,321,183.33333333333331,97
16729.0,8,17,5363.43,4037,315.4958823529412,142
16730.0,144,2,480.94,750,240.47,84
16731.0,557,1,174.05,127,174.05,0
16732.0,312,3,3783.89,2097,1261.2966666666666,328
16733.0,439,1,259.68,112,259.68,0
16734.0,23,2,306.16,109,153.07999999999998,0
16735.0,8,13,5964.3,4075,458.7923076923077,633
16736.0,415,5,2956.56,1050,591.312,230
16737.0,487,1,417.6,288,417.6,0
16738.0,207,1,3.75,3,3.75,0
16739.0,86,2,786.43,391,393.215,359
16740.0,304,1,236.81,116,236.81,0
16741.0,534,1,173.06,81,173.06,0
16742.0,402,13,2387.71,2599,183.67,230
16743.0,22,13,3901.03,3369,300.0792307692308,483
16744.0,6,3,403.51,244,134.50333333333333,76
16745.0,7,16,6372.7,5787,398.29375,213
16746.0,10,36,15789.82,9821,438.6061111111111,634
16748.0,127,12,3031.63,1739,252.63583333333332,511
16749.0,500,2,4387.08,2078,2193.54,132
16750.0,30,3,416.12,138,138.70666666666668,110
16752.0,282,1,415.0,108,415.0,0
16754.0,281,29,67502.47,67831,2327.671379310345,269
16755.0,23,7,2900.58,1999,414.3685714285714,615
16756.0,124,7,1312.37,707,187.48142857142855,425
16757.0,228,2,270.48,180,135.24,90
16760.0,339,1,228.0,168,228.0,0
16761.0,6,1,316.62,341,316.62,0
16762.0,53,1,314.15000000000003,143,314.15000000000003,0
16763.0,108,2,964.7,492,482.35,539
16764.0,8,4,782.5500000000001,363,195.6375,43
16765.0,203,2,454.75,311,227.375,88
16766.0,182,2,1145.6,536,572.8,0
16767.0,3,11,7318.7,6611,665.3363636363637,496
16768.0,13,8,1516.52,669,189.565,628
16769.0,169,4,1141.75,301,285.4375,465
16770.0,146,8,1818.51,1027,227.31375,237
16771.0,184,8,3376.74,1877,422.0925,455
16772.0,332,3,3723.55,689,1241.1833333333332,298
16773.0,345,2,249.65,81,124.825,297
16774.0,25,7,1475.13,689,210.7328571428571,544
16775.0,31,13,2535.78,863,195.06,319
16776.0,325,1,231.57,188,231.57,0
16777.0,166,4,1258.66,461,314.665,375
16778.0,183,1,93.18,66,93.18,0
16779.0,16,46,29033.25,17915,631.1576086956521,629
16780.0,9,3,605.55,355,201.85,306
16781.0,281,2,934.25,305,467.125,297
16782.0,47,34,9800.86,4081,288.2605882352941,592
16783.0,346,1,391.95,163,391.95,0
16784.0,286,4,788.93,472,197.2325,244
16785.0,319,1,533.78,313,533.78,0
16786.0,303,1,51.84,72,51.84,0
16787.0,307,4,1035.43,474,258.8575,300
16788.0,32,5,1950.3,985,390.06,547
16791.0,31,13,3117.18,1450,239.7830769230769,613
16792.0,191,5,623.46,324,124.692,422
16794.0,17,9,1496.7,1291,166.3,515
16795.0,274,3,2492.39,1459,830.7966666666666,318
16797.0,302,5,1827.77,909,365.554,344
16798.0,463,3,848.71,209,282.90333333333336,174
16799.0,341,2,495.98,176,247.99,21
16801.0,72,4,1619.73,499,404.9325,110
16802.0,588,2,582.61,369,291.305,51
16804.0,179,1,118.05,34,118.05,0
16805.0,83,5,1097.24,1122,219.448,557
16806.0,12,4,801.49,378,200.3725,135
16807.0,52,6,2123.88,1433,353.98,480
16808.0,8,2,288.42,196,144.21,175
16809.0,45,7,1283.43,812,183.34714285714287,468
16810.0,101,2,842.0400000000001,372,421.02,228
16812.0,270,4,2392.0,1116,598.0,21
16813.0,6,7,1187.64,1187,169.66285714285715,107
16814.0,18,31,11197.3,4486,361.2032258064516,498
16815.0,363,2,410.97,238,205.485,82
16816.0,12,4,417.06,274,104.265,254
16817.0,95,11,2379.58,1317,216.32545454545453,246
16818.0,2,9,2528.47,1582,280.94111111111107,112
16819.0,374,2,182.59,253,91.295,0
16820.0,5,1,497.61,307,497.61,0
16821.0,291,1,113.35,13,113.35,0
16822.0,595,1,181.39,171,181.39,0
16823.0,136,7,2260.09,1168,322.87,510
16824.0,73,2,448.5,288,224.25,229
16825.0,95,4,1370.41,1089,342.6025,348
16827.0,302,5,392.13,125,78.426,195
16828.0,2,2,128.5,59,64.25,19
16829.0,66,2,513.32,215,256.66,231
16830.0,352,3,881.59,435,293.86333333333334,284
16831.0,474,1,91.8,48,91.8,0
16832.0,93,5,417.61,179,83.522,274
16833.0,169,5,1973.8,744,394.76,363
16834.0,137,2,898.96,760,449.48,446
16835.0,37,6,1538.41,515,256.4016666666667,441
16836.0,26,3,621.82,458,207.2733333333333,457
16837.0,67,9,1911.74,727,212.4155555555556,88
16838.0,106,4,1159.61,509,289.9025,465
16839.0,19,32,16585.420000000002,8276,518.2943750000001,556
16840.0,512,2,139.85,117,69.925,71
16841.0,46,11,3697.3,3106,336.1181818181818,559
16842.0,10,3,1264.19,693,421.3966666666667,201
16843.0,3,32,18184.1,17377,568.253125,635
16844.0,472,2,614.34,281,307.17,20
16845.0,527,1,253.88,167,253.88,0
16846.0,486,2,628.09,382,314.045,62
16847.0,527,1,421.4500000000001,177,421.4500000000001,0
16848.0,286,3,1130.2,598,376.73333333333335,56
16849.0,96,1,124.57,33,124.57,0
16850.0,243,1,332.41,249,332.41,0
16852.0,85,1,113.06,51,113.06,0
16854.0,326,2,1408.96,997,704.48,223
16856.0,327,2,323.09000000000003,159,161.54500000000002,24
16857.0,352,1,352.8,168,352.8,0
16858.0,278,10,4668.28,1514,466.828,355
16859.0,54,7,1932.41,1899,276.05857142857144,500
16860.0,362,3,1610.62,625,536.8733333333333,209
16861.0,67,4,843.63,500,210.9075,350
16862.0,456,4,662.33,513,165.5825,154
16863.0,276,2,659.97,441,329.985,42
16864.0,343,2,409.25,283,204.625,164
16865.0,311,1,130.95,157,130.95,0
16866.0,50,3,207.74,60,69.24666666666666,20
16867.0,599,1,76.74000000000001,58,76.74000000000001,0
16868.0,303,3,393.39,116,131.13,199
16869.0,75,2,387.68,242,193.84,9
16870.0,378,1,450.16,278,450.16,0
16871.0,120,4,2037.82,861,509.455,60
16872.0,14,5,997.79,933,199.558,357
16873.0,36,10,11365.24,6816,1136.524,541
16874.0,288,1,217.74,81,217.74,0
16875.0,54,10,3277.2,1518,327.72,559
16876.0,313,1,136.01,181,136.01,0
16877.0,61,2,188.98,104,94.49,56
16880.0,9,7,1430.8,765,204.4,393
16882.0,148,2,215.7,102,107.85,77
16883.0,96,19,2396.59,1080,126.1363157894737,548
16884.0,466,2,644.08,201,322.04,14
16885.0,266,2,429.88,229,214.94,28
16886.0,365,1,134.0,48,134.0,0
16887.0,310,2,465.84,267,232.92,337
16888.0,310,3,437.15,147,145.71666666666667,300
16889.0,104,6,2530.9,1616,421.81666666666666,371
16890.0,386,3,285.41,243,95.13666666666668,105
16891.0,5,9,1807.26,681,200.80666666666667,639
16892.0,93,3,339.54,208,113.18,547
16893.0,276,2,401.77,182,200.885,9
16894.0,411,3,1324.06,507,441.3533333333333,33
16895.0,348,4,902.28,331,225.57,227
16896.0,464,1,103.95,18,103.95,0
16897.0,208,2,289.78,73,144.89,14
16898.0,86,4,827.03,636,206.7575,399
16899.0,59,5,949.64,521,189.928,247
16901.0,638,1,204.26,42,204.26,0
16902.0,25,1,1706.88,629,1706.88,0
16903.0,289,2,689.04,485,344.52,35
16904.0,4,19,4427.17,2427,233.00894736842105,316
16905.0,146,13,2785.65,918,214.28076923076924,492
16906.0,96,6,1263.97,516,210.66166666666663,388
16907.0,57,8,1438.13,463,179.76625,378
16908.0,631,1,252.59,61,252.59,0
16910.0,0,1,111.78,93,111.78,0
16911.0,545,2,255.25,161,127.625,25
16912.0,43,11,3463.31,1253,314.8463636363636,596
16913.0,199,3,423.91,229,141.3033333333333,361
16915.0,36,9,1303.89,117,144.8766666666667,441
16916.0,281,3,745.22,427,248.40666666666667,43
16917.0,186,2,1857.83,793,928.915,355
16918.0,4,13,2967.17,1910,228.24384615384616,641
16919.0,65,24,5125.91,2425,213.5795833333333,320
16920.0,320,1,355.45,81,355.45,0
16921.0,351,2,276.88,128,138.44,157
16922.0,482,1,611.08,281,611.08,0
16923.0,8,27,11052.26,5077,409.342962962963,578
16925.0,449,1,125.65,123,125.65,0
16926.0,280,5,1421.35,237,284.27,155
16927.0,25,3,543.05,993,181.01666666666665,245
16928.0,3,27,3669.18,2414,135.89555555555555,580
16929.0,37,2,428.88,326,214.44,27
16931.0,12,16,3548.2,2283,221.7625,294
16932.0,332,2,278.77,142,139.385,147
16933.0,148,8,2842.75,1386,355.34375,490
16934.0,293,4,1160.06,540,290.015,237
16935.0,291,3,535.1,278,178.36666666666667,39
16936.0,295,1,288.49,169,288.49,0
16937.0,408,1,202.1,126,202.1,0
16938.0,89,8,6717.55,4869,839.69375,480
16939.0,398,3,449.0,232,149.66666666666666,160
16940.0,78,7,5246.14,3570,749.4485714285714,562
16941.0,521,1,33.0,12,33.0,0
16942.0,45,7,1449.14,597,207.02,91
16943.0,121,5,1299.49,147,259.898,412
16944.0,519,1,101.36,27,101.36,0
16945.0,8,27,7209.72,5085,267.0266666666667,631
16946.0,292,5,1222.04,509,244.408,264
16947.0,145,5,955.21,655,191.042,410
16948.0,48,7,868.77,2091,124.11,517
16949.0,95,4,893.75,386,223.4375,130
16950.0,33,9,3384.2200000000003,2185,376.0244444444445,560
16951.0,44,3,1277.75,1318,425.9166666666667,169
16952.0,18,5,798.78,344,159.756,618
16954.0,34,15,5242.18,3776,349.4786666666667,565
16955.0,94,6,1309.41,823,218.235,492
16957.0,148,2,416.64,172,208.32,42
16958.0,344,1,809.44,561,809.44,0
16960.0,162,6,1737.91,1306,289.6516666666667,394
16961.0,25,3,794.56,482,264.8533333333333,415
16962.0,319,1,251.04,158,251.04,0
16963.0,96,1,110.55,35,110.55,0
16964.0,642,2,207.85,49,103.925,0
16965.0,136,1,201.19,291,201.19,0
16966.0,79,4,1486.56,1320,371.64,70
16967.0,98,1,319.02,333,319.02,0
16968.0,17,1,253.31,98,253.31,0
16969.0,43,2,478.96,740,239.48,57
16970.0,535,1,71.4,12,71.4,0
16972.0,292,2,786.25,190,393.125,73
16973.0,295,1,127.0,60,127.0,0
16974.0,432,2,365.5,70,182.75,41
16975.0,332,3,926.12,586,308.70666666666665,82
16976.0,176,1,251.52,88,251.52,0
16977.0,304,4,496.0,142,124.0,236
16978.0,575,2,424.55,119,212.275,0
16979.0,57,5,1563.39,721,312.678,302
16980.0,164,3,1473.3300000000002,1039,491.11000000000007,173
16983.0,6,9,2969.27,1861,329.9188888888889,349
16984.0,39,8,9499.58,4539,1187.4475,512
16985.0,67,20,9037.58,2558,451.879,571
16986.0,354,9,3015.55,1499,335.0611111111112,228
16987.0,79,7,1540.3,380,220.04285714285717,567
16988.0,289,1,256.55,115,256.55,0
16989.0,7,2,890.7,1086,445.35,52
16990.0,128,2,344.0,200,172.0,203
16991.0,330,1,1041.21,793,1041.21,0
16992.0,8,11,4834.54,1831,439.5036363636364,567
16993.0,373,2,1950.95,285,975.475,112
16996.0,30,8,1708.43,765,213.55375,296
16997.0,197,3,702.0,360,234.0,37
16998.0,59,5,402.0,104,80.4,294
17000.0,305,2,406.3,305,203.15,11
17001.0,1,16,5444.72,3184,340.295,532
17002.0,125,6,2071.34,1008,345.22333333333336,425
17003.0,311,4,830.16,495,207.54,176
17004.0,2,3,2018.62,1064,672.8733333333333,331
17005.0,380,2,742.36,787,371.18,118
17006.0,301,4,854.54,301,213.635,252
17007.0,64,6,805.61,466,134.26833333333337,282
17008.0,338,1,81.36,24,81.36,0
17009.0,460,1,242.06,336,242.06,0
17011.0,556,2,400.8,606,200.4,4
17012.0,634,1,384.16,268,384.16,0
17015.0,94,1,524.5,549,524.5,0
17016.0,486,1,552.4,309,552.4,0
17017.0,71,23,10847.63,8229,471.6360869565217,574
17018.0,235,5,1772.6,340,354.52,408
17019.0,171,10,3735.52,2474,373.552,475
17020.0,451,2,935.62,860,467.81,104
17021.0,351,6,1182.22,992,197.03666666666663,146
17022.0,342,1,189.0,72,189.0,0
17023.0,326,3,800.18,530,266.72666666666663,280
17024.0,8,2,56.25,45,28.125,58
17025.0,282,4,1313.84,928,328.46,268
17026.0,94,3,208.98,132,69.66,231
17027.0,88,7,1092.7,520,156.1,550
17028.0,490,3,1593.83,856,531.2766666666666,140
17029.0,20,7,2137.3,1265,305.3285714285715,553
17031.0,64,5,2619.45,1485,523.89,426
17032.0,457,8,3004.6,1695,375.575,181
17033.0,123,3,910.75,311,303.5833333333333,183
17034.0,197,3,680.2,388,226.73333333333332,225
17035.0,155,4,613.59,327,153.3975,491
17036.0,292,1,176.9,76,176.9,0
17038.0,324,1,630.77,507,630.77,0
17039.0,513,1,1954.99,689,1954.99,0
17040.0,47,2,463.25,189,231.625,412
17041.0,18,5,1355.6,925,271.12,491
17042.0,30,4,922.82,892,230.705,125
17043.0,87,6,1206.34,983,201.05666666666664,551
17044.0,284,11,11013.82,5218,1001.2563636363636,357
17045.0,22,5,827.6800000000001,294,165.536,316
17046.0,66,5,1906.07,1636,381.214,463
17047.0,114,5,1937.76,1003,387.552,526
17048.0,27,7,2071.68,1068,295.9542857142857,572
17049.0,27,15,6894.150000000001,2683,459.61,528
17050.0,5,11,4691.79,2451,426.5263636363636,585
17051.0,103,4,714.39,513,178.5975,433
17053.0,40,1,498.48,122,498.48,0
17054.0,47,4,1207.32,739,301.83,107
17055.0,355,1,239.55,87,239.55,0
17056.0,647,1,128.60000000000002,26,128.60000000000002,0
17057.0,505,1,294.74,129,294.74,0
17058.0,108,2,819.66,455,409.83,40
17059.0,19,8,4757.59,3012,594.69875,572
17060.0,175,1,234.24,216,234.24,0
17061.0,20,10,4658.83,1408,465.883,121
17062.0,223,6,1208.22,922,201.37,125
17063.0,72,10,2849.26,1438,284.92600000000004,575
17064.0,92,2,461.3,189,230.65,144
17065.0,547,2,194.7,82,97.35,0
17066.0,635,1,228.34,93,228.34,0
17067.0,634,3,454.54,322,151.51333333333335,6
17068.0,4,42,8148.23,3919,194.0054761904762,526
17069.0,64,10,4580.37,2539,458.037,581
17070.0,23,2,445.32,234,222.66,296
17071.0,43,10,2774.59,1360,277.459,550
17072.0,534,1,282.05,218,282.05,0
17073.0,18,1,453.79,307,453.79,0
17074.0,472,1,203.05,19,203.05,0
17075.0,162,9,2103.68,736,233.7422222222222,472
17076.0,183,5,735.87,331,147.174,461
17077.0,487,1,306.0,36,306.0,0
17080.0,179,6,746.23,475,124.37166666666668,256
17081.0,305,4,674.23,311,168.5575,259
17082.0,227,5,3365.12,1793,673.024,406
17083.0,18,9,4049.79,1955,449.9766666666667,559
17084.0,305,1,2253.22,1476,2253.22,0
17085.0,32,28,7891.41,3603,281.8360714285714,610
17087.0,647,1,221.53,113,221.53,0
17088.0,92,2,1399.11,525,699.5550000000001,70
17089.0,295,1,128.45,35,128.45,0
17090.0,7,10,1917.3,802,191.73,409
17091.0,7,17,6675.34,3389,392.66705882352943,624
17092.0,35,9,4450.25,3061,494.47222222222223,548
17093.0,502,1,235.88,114,235.88,0
17094.0,231,2,402.2000000000001,212,201.1,101
17095.0,208,6,1792.05,1311,298.675,425
17096.0,52,9,3180.99,1410,353.4433333333334,412
17097.0,9,7,1025.56,451,146.50857142857143,330
17098.0,291,3,591.0699999999999,125,197.0233333333333,159
17099.0,442,1,582.17,317,582.17,0
17101.0,87,4,1115.9,518,278.975,371
17102.0,171,1,25.5,2,25.5,0
17103.0,631,1,424.3,471,424.3,0
17104.0,333,1,474.03,149,474.03,0
17105.0,68,2,665.78,693,332.89,147
17106.0,298,1,491.23,156,491.23,0
17107.0,64,7,11594.05,5139,1656.292857142857,522
17108.0,573,1,174.95,31,174.95,0
17109.0,141,4,875.01,448,218.7525,265
17110.0,74,3,510.7,142,170.23333333333332,444
17111.0,334,1,227.97,299,227.97,0
17112.0,412,1,205.17,134,205.17,0
17113.0,483,6,2322.59,915,387.09833333333336,123
17114.0,48,6,603.59,157,100.59833333333334,196
17115.0,92,6,2536.81,773,422.8016666666667,551
17116.0,557,1,389.78,392,389.78,0
17117.0,197,1,116.2,68,116.2,0
17118.0,227,1,157.02,154,157.02,0
17120.0,142,1,307.46,120,307.46,0
17121.0,312,1,314.74,106,314.74,0
17122.0,28,4,570.5,368,142.625,380
17123.0,71,3,977.17,676,325.7233333333333,410
17124.0,94,1,298.89,130,298.89,0
17126.0,61,9,2070.44,1468,230.04888888888888,313
17127.0,338,5,1155.0300000000002,340,231.00600000000003,306
17128.0,244,1,157.09,76,157.09,0
17129.0,429,1,31.85,5,31.85,0
17132.0,361,2,1272.8,980,636.4,36
17133.0,99,8,12208.88,8502,1526.11,438
17134.0,16,3,637.1,148,212.36666666666667,335
17135.0,199,5,1314.98,1118,262.996,289
17136.0,571,1,231.68,256,231.68,0
17137.0,325,6,1133.63,697,188.93833333333336,261
17138.0,185,7,4417.27,2024,631.0385714285715,397
17139.0,32,20,15767.81,7877,788.3905,575
17140.0,156,1,465.32,302,465.32,0
17141.0,327,4,754.33,436,188.5825,266
17142.0,148,4,1283.75,323,320.9375,445
17143.0,326,2,924.11,330,462.055,98
17145.0,422,4,3120.91,2591,780.2275,145
17146.0,15,13,5860.24,2192,450.7876923076923,570
17147.0,116,7,2458.47,943,351.21,491
17149.0,360,1,143.10000000000002,18,143.10000000000002,0
17150.0,286,6,1375.65,403,229.275,357
17151.0,644,1,231.90000000000003,42,231.90000000000003,0
17152.0,104,4,2016.5,577,504.125,230
17155.0,87,6,784.0600000000001,899,130.67666666666668,558
17156.0,401,1,591.87,391,591.87,0
17157.0,85,18,4994.36,2022,277.46444444444444,559
17158.0,142,4,1411.58,830,352.895,409
17159.0,81,3,1089.16,542,363.0533333333333,473
17160.0,18,16,9692.31,7951,605.769375,626
17161.0,353,1,856.01,537,856.01,0
17162.0,40,9,1463.66,865,162.6288888888889,174
17163.0,355,2,406.68,465,203.34,229
17164.0,61,3,1270.42,802,423.47333333333336,121
17165.0,193,6,1794.32,788,299.05333333333334,444
17166.0,113,1,127.59,57,127.59,0
17167.0,289,3,867.11,429,289.0366666666667,65
17168.0,408,1,400.2,220,400.2,0
17169.0,92,2,629.63,247,314.815,395
17170.0,283,2,178.68,152,89.34,14
17171.0,198,2,384.59,225,192.295,372
17172.0,340,2,638.81,735,319.405,296
17173.0,26,2,961.26,238,480.63,14
17174.0,127,1,59.9,41,59.9,0
17175.0,50,3,1132.63,644,377.5433333333333,155
17176.0,111,3,902.32,576,300.7733333333333,475
17177.0,414,1,119.5,40,119.5,0
17178.0,640,1,436.71,101,436.71,0
17179.0,87,6,1507.26,625,251.21,384
17180.0,150,10,2025.81,1674,202.581,445
17181.0,283,2,380.97,459,190.485,222
17182.0,332,2,321.3,54,160.65,295
17183.0,14,1,329.67,141,329.67,0
17184.0,478,2,198.41000000000005,73,99.205,161
17185.0,501,3,229.46,119,76.48666666666666,6
17187.0,136,2,467.71,426,233.855,299
17188.0,73,11,3933.79,2212,357.61727272727273,566
17189.0,15,5,957.63,604,191.526,631
17190.0,116,6,1493.3,2065,248.88333333333333,437
17191.0,4,14,4303.88,2229,307.42,643
17192.0,445,1,77.83,46,77.83,0
17193.0,86,4,1059.3,558,264.825,561
17194.0,183,3,812.5,420,270.8333333333333,256
17195.0,564,1,562.98,486,562.98,0
17196.0,337,1,352.9,168,352.9,0
17198.0,274,2,1043.32,484,521.66,5
17199.0,491,1,145.12,304,145.12,0
17200.0,296,4,356.71,367,89.1775,264
17201.0,433,3,899.41,807,299.80333333333334,143
17202.0,330,1,160.65,55,160.65,0
17203.0,297,4,2012.03,1756,503.0075,0
17204.0,84,9,5504.6900000000005,2651,611.6322222222223,372
17205.0,325,2,615.27,1330,307.635,148
17207.0,561,1,303.22,241,303.22,0
17208.0,305,1,115.35,103,115.35,0
17209.0,558,3,611.6,731,203.86666666666667,87
17210.0,302,1,253.37,243,253.37,0
17211.0,89,11,3194.32,1815,290.3927272727273,546
17212.0,162,3,794.41,727,264.80333333333334,233
17213.0,50,11,4181.08,1761,380.0981818181818,583
17214.0,158,4,613.67,179,153.4175,110
17215.0,373,1,186.15,104,186.15,0
17216.0,463,1,65.05,22,65.05,0
17217.0,143,2,218.0,95,109.0,385
17218.0,123,13,3180.54,1638,244.65692307692308,469
17219.0,326,1,144.9,99,144.9,0
17220.0,8,17,3578.48,2139,210.49882352941177,589
17221.0,501,3,643.39,427,214.4633333333333,15
17222.0,386,5,1250.86,735,250.172,220
17223.0,219,3,873.53,222,291.1766666666667,64
17224.0,410,1,100.86,65,100.86,0
17225.0,491,1,131.15,36,131.15,0
17226.0,218,3,900.12,855,300.04,356
17227.0,82,9,1556.46,1329,172.94,520
17228.0,117,9,1958.73,1647,217.63666666666663,429
17229.0,5,2,318.76,185,159.38,46
17230.0,173,18,9924.95,3903,551.3861111111112,467
17231.0,35,22,5961.44,3043,270.9745454545454,605
17233.0,357,2,369.98,167,184.99,276
17234.0,92,1,149.89,55,149.89,0
17235.0,281,7,1696.72,873,242.38857142857145,180
17236.0,88,11,1710.86,730,155.53272727272727,463
17237.0,285,2,687.39,310,343.695,6
17238.0,45,26,5998.37,2807,230.70653846153849,602
17239.0,222,4,1189.45,515,297.3625,213
17240.0,505,1,130.6,108,130.6,0
17241.0,294,12,2744.14,865,228.6783333333333,276
17242.0,17,5,2889.28,1459,577.856,576
17243.0,2,59,16667.170000000002,6361,282.49440677966106,645
17244.0,292,4,871.14,803,217.785,350
17245.0,114,2,371.63,307,185.815,484
17246.0,456,2,38.92,36,19.46,191
17248.0,29,2,546.16,292,273.08,361
17249.0,338,1,68.03,79,68.03,0
17250.0,170,1,162.65,70,162.65,0
17251.0,272,3,812.4300000000001,379,270.81,362
17252.0,26,2,353.86,193,176.93,69
17254.0,310,1,198.29,146,198.29,0
17255.0,208,3,613.18,437,204.3933333333333,146
17256.0,16,5,498.93,299,99.786,492
17257.0,345,2,192.73,188,96.365,0
17258.0,306,2,417.3,188,208.65,268
17259.0,57,6,1889.34,1158,314.89,507
17260.0,320,1,120.95,23,120.95,0
17261.0,419,1,230.44,98,230.44,0
17262.0,136,10,2459.62,669,245.962,497
17263.0,117,1,63.440000000000005,36,63.440000000000005,0
17264.0,333,1,279.59,227,279.59,0
17265.0,48,2,562.9,394,281.45,41
17266.0,57,3,320.15,118,106.71666666666664,493
17267.0,36,2,317.62,159,158.81,0
17268.0,17,11,1733.89,1395,157.62636363636364,623
17269.0,295,1,537.46,336,537.46,0
17270.0,378,2,604.4,421,302.2,262
17271.0,645,1,210.39,117,210.39,0
17272.0,108,2,1409.44,1161,704.72,63
17273.0,333,1,141.12,133,141.12,0
17274.0,305,1,465.4,194,465.4,0
17275.0,292,1,114.52,72,114.52,0
17276.0,311,1,508.39,189,508.39,0
17277.0,137,2,1065.35,430,532.6750000000001,95
17278.0,150,2,271.24,195,135.62,323
17280.0,347,1,118.86,74,118.86,0
17281.0,283,6,797.8499999999999,295,132.975,299
17282.0,39,5,2339.66,2351,467.932,418
17283.0,288,1,188.46,179,188.46,0
17284.0,30,7,2634.72,1947,376.3885714285714,324
17285.0,537,2,428.34,140,214.17,34
17286.0,309,2,241.56,253,120.78,0
17287.0,52,19,3750.26,1892,197.38210526315788,593
17288.0,116,9,1743.95,1165,193.77222222222224,186
17289.0,89,7,1302.34,874,186.04857142857145,461
17290.0,291,6,976.2,743,162.70000000000002,344
17291.0,217,1,550.8000000000001,72,550.8000000000001,0
17292.0,381,2,271.75,131,135.875,107
17293.0,28,13,2766.15,1611,212.78076923076924,616
17294.0,578,2,467.79,297,233.895,0
17296.0,639,1,338.13,216,338.13,0
17298.0,10,5,957.56,854,191.512,540
17299.0,9,4,615.16,536,153.79,380
17300.0,300,2,393.64,467,196.82,90
17301.0,533,1,132.8,80,132.8,0
17302.0,32,3,661.61,345,220.53666666666663,182
17303.0,270,1,250.04,144,250.04,0
17304.0,443,1,111.5,73,111.5,0
17305.0,558,1,2135.46,1006,2135.46,0
17306.0,9,17,7851.1,11514,461.8294117647059,303
17307.0,304,11,3999.89,3667,363.6263636363637,293
17308.0,302,2,4511.76,5148,2255.88,59
17309.0,4,3,330.59000000000003,193,110.19666666666669,577
17310.0,296,2,1025.1,402,512.55,147
17311.0,226,5,2738.17,2160,547.634,357
17312.0,48,3,644.3,372,214.76666666666665,20
17314.0,58,14,3883.43,2785,277.3878571428571,588
17315.0,9,35,7727.38,4235,220.7822857142857,338
17316.0,329,1,124.45,44,124.45,0
17318.0,634,1,164.28,60,164.28,0
17319.0,578,1,29.1,14,29.1,0
17320.0,9,6,2895.77,1392,482.6283333333333,586
17321.0,303,4,1040.32,444,260.08,183
17322.0,285,5,922.59,631,184.518,360
17323.0,34,9,1181.77,1172,131.30777777777777,574
17324.0,241,10,2013.87,1299,201.387,389
17325.0,189,3,609.5699999999999,465,203.19,361
17326.0,317,2,321.95,140,160.975,121
17327.0,319,2,152.35,59,76.175,152
17328.0,582,1,104.7,86,104.7,0
17329.0,224,4,724.6800000000001,357,181.17,420
17330.0,454,2,59.900000000000006,2,29.950000000000003,103
17331.0,33,1,175.2,16,175.2,0
17332.0,437,5,838.27,794,167.654,128
17334.0,211,3,635.15,566,211.71666666666667,104
17335.0,293,2,508.0,216,254.0,300
17336.0,381,1,81.12,48,81.12,0
17337.0,60,4,2027.87,1269,506.9675,158
17338.0,23,16,10705.66,5102,669.10375,524
17339.0,3,3,362.36,188,120.78666666666668,415
17340.0,29,14,17645.18,9251,1260.37,542
17341.0,66,5,1889.83,1169,377.966,383
17342.0,289,4,1227.54,521,306.885,290
17343.0,264,6,1259.94,454,209.99,380
17344.0,638,1,307.54,147,307.54,0
17345.0,2,9,1351.07,1845,150.11888888888888,644
17346.0,12,19,3912.65,2956,205.92894736842103,497
17348.0,207,5,1477.04,1591,295.408,341
17349.0,88,5,852.25,840,170.45,452
17350.0,303,3,619.971,421,206.657,282
17351.0,78,11,1828.38,362,166.21636363636364,560
17352.0,605,1,36.25,15,36.25,0
17353.0,38,4,3242.0,2168,810.5,495
17354.0,337,3,1750.4,1529,583.4666666666666,0
17355.0,295,1,285.11,257,285.11,0
17356.0,221,5,946.47,925,189.294,376
17358.0,212,5,866.05,442,173.20999999999998,350
17359.0,557,1,156.6,76,156.6,0
17360.0,93,4,976.54,468,244.135,250
17361.0,95,4,656.36,289,164.09,489
17362.0,148,7,1024.04,549,146.29142857142855,463
17363.0,304,3,940.86,523,313.62,6
17364.0,46,23,10223.05,6313,444.4804347826087,594
17365.0,79,12,5794.43,5841,482.8691666666667,506
17366.0,341,2,1096.24,510,548.12,23
17367.0,147,1,168.4,150,168.4,0
17368.0,2,12,2549.14,2244,212.4283333333333,630
17369.0,365,1,979.2,1152,979.2,0
17370.0,1,2,228.06,218,114.03,77
17371.0,270,4,336.29,171,84.0725,370
17372.0,75,26,4096.01,1721,157.53884615384615,569
17373.0,43,5,807.88,530,161.576,515
17374.0,128,3,727.11,155,242.37,176
17375.0,108,4,660.55,480,165.1375,232
17376.0,220,3,356.29,193,118.76333333333334,211
17377.0,35,67,16263.87,6607,242.74432835820895,611
17378.0,283,1,10.95,1,10.95,0
17380.0,343,3,645.0,252,215.0,100
17381.0,8,33,37988.41,42969,1151.1639393939392,449
17382.0,345,7,836.88,432,119.55428571428573,133
17383.0,362,1,110.7,12,110.7,0
17384.0,128,2,398.8,76,199.4,248
17386.0,8,6,1823.69,1075,303.9483333333333,286
17388.0,41,10,2385.04,2278,238.504,598
17389.0,5,52,34895.08,12212,671.0592307692308,639
17390.0,330,1,149.3,49,149.3,0
17391.0,73,2,508.8,480,254.4,0
17392.0,216,3,626.56,493,208.85333333333327,143
17393.0,320,2,381.15,238,190.575,77
17394.0,128,1,203.87,241,203.87,0
17395.0,417,1,97.5,66,97.5,0
17396.0,58,12,6278.1,1519,523.1750000000001,292
17397.0,325,1,536.77,443,536.77,0
17398.0,24,3,653.38,310,217.7933333333333,140
17400.0,35,8,4677.05,2199,584.63125,595
17401.0,450,1,114.85,34,114.85,0
17402.0,11,18,4194.78,1290,233.0433333333333,621
17403.0,360,1,118.95,77,118.95,0
17404.0,32,18,36878.6,39554,2048.811111111111,578
17405.0,59,1,393.31,334,393.31,0
17406.0,242,13,4905.05,2124,377.3115384615385,400
17407.0,321,1,552.9,426,552.9,0
17408.0,72,3,316.09000000000003,163,105.36333333333334,350
17409.0,94,10,7793.51,4089,779.351,543
17410.0,5,2,419.55,149,209.775,119
17411.0,170,3,932.02,428,310.67333333333335,475
17412.0,105,13,3869.28,2224,297.6369230769231,541
17413.0,314,2,560.14,302,280.07,165
17414.0,94,5,2069.52,5536,413.904,551
17416.0,19,20,15699.52,7750,784.976,615
17417.0,458,1,164.18,76,164.18,0
17418.0,233,2,373.99,371,186.995,63
17419.0,53,14,4933.95,2424,352.425,539
17420.0,80,5,877.11,403,175.422,230
17421.0,295,3,1059.41,807,353.1366666666667,349
17422.0,2,10,3314.36,3034,331.43600000000004,441
17423.0,127,2,869.96,645,434.98,175
17426.0,0,11,7321.1,4634,665.5545454545455,569
17428.0,20,37,25224.0,14769,681.7297297297297,627
17429.0,37,5,1357.46,1286,271.492,301
17430.0,274,3,582.01,385,194.00333333333333,114
17431.0,222,1,403.3,292,403.3,0
17432.0,294,7,1385.63,809,197.94714285714284,350
17433.0,294,1,266.8,120,266.8,0
17435.0,320,1,331.35,195,331.35,0
17436.0,136,4,440.16,136,110.04,505
17437.0,439,1,373.17,284,373.17,0
17438.0,163,5,1422.77,553,284.554,387
17439.0,565,1,325.74,370,325.74,0
17440.0,66,4,323.58,282,80.895,392
17441.0,641,1,293.35,245,293.35,0
17442.0,3,14,4293.43,2898,306.67357142857145,568
17443.0,129,1,534.24,504,534.24,0
17444.0,57,3,2940.04,2119,980.0133333333332,25
17446.0,86,2,120.9,198,60.45,133
17448.0,406,46,14556.97,11548,316.45586956521737,147
17449.0,4,10,3927.84,2121,392.784,635
17450.0,4,28,138883.84,46907,4960.137142857143,342
17451.0,15,1,346.01,267,346.01,0
17454.0,101,10,1547.94,727,154.794,500
17455.0,113,1,131.7,66,131.7,0
17456.0,274,2,1225.42,730,612.71,90
17457.0,36,14,5984.81,2695,427.4864285714285,605
17458.0,291,1,213.08,112,213.08,0
17460.0,3,16,2228.27,980,139.266875,592
17462.0,193,1,463.41,155,463.41,0
17463.0,85,5,1907.14,1120,381.428,412
17464.0,67,3,1000.94,652,333.6466666666667,461
17465.0,335,7,2542.79,1477,363.2557142857143,310
17467.0,304,1,102.6,20,102.6,0
17468.0,284,1,57.8,68,57.8,0
17469.0,18,15,4230.55,1960,282.0366666666667,614
17470.0,36,10,2496.27,2443,249.627,380
17471.0,384,1,321.65000000000003,153,321.65000000000003,0
17472.0,100,4,935.1,558,233.775,437
17473.0,318,2,607.0,270,303.5,47
17474.0,509,1,1047.0,200,1047.0,0
17476.0,305,2,489.86,224,244.93,341
17477.0,522,2,1144.3,225,572.15,34
17478.0,317,2,1272.8,516,636.4,225
17479.0,542,1,389.2600000000001,266,389.2600000000001,0
17480.0,354,1,390.21,255,390.21,0
17481.0,3,1,260.63,149,260.63,0
17482.0,396,2,778.19,241,389.095,91
17483.0,43,3,452.43,172,150.81,280
17484.0,485,2,209.57,339,104.785,47
17486.0,170,1,396.87,191,396.87,0
17487.0,637,1,160.55,37,160.55,0
17488.0,550,1,336.5,136,336.5,0
17489.0,122,1,208.56,232,208.56,0
17490.0,86,3,963.38,537,321.12666666666667,392
17491.0,5,13,4540.31,2864,349.2546153846154,494
17492.0,157,3,1122.42,450,374.14,270
17493.0,294,1,100.91,62,100.91,0
17494.0,411,1,54.7,26,54.7,0
17495.0,300,1,309.16,138,309.16,0
17496.0,268,4,1412.89,675,353.2225,335
17497.0,299,2,287.25,59,143.625,220
17499.0,199,2,1341.39,1086,670.695,271
17501.0,130,2,288.6,160,144.3,0
17504.0,115,18,9565.12,5517,531.3955555555556,463
17505.0,71,5,2435.48,1242,487.096,443
17507.0,171,2,605.58,359,302.79,47
17508.0,190,8,4579.23,2891,572.40375,451
17510.0,330,1,206.08,208,206.08,0
17511.0,3,50,143916.92,95384,2878.3384,644
17512.0,30,16,4434.7300000000005,4515,277.17062500000003,607
17513.0,318,2,645.6,186,322.8,70
17514.0,37,2,542.83,295,271.415,541
17515.0,115,8,1549.81,505,193.72625,344
17516.0,28,5,798.32,486,159.66400000000002,259
17517.0,218,1,153.94,102,153.94,0
17518.0,335,2,329.42,267,164.71,195
17519.0,43,14,4753.45,3220,339.53214285714284,605
17521.0,108,3,714.41,403,238.13666666666663,235
17522.0,48,4,912.25,932,228.0625,79
17524.0,270,3,539.14,362,179.71333333333334,76
17525.0,269,3,1161.9,338,387.3,69
17526.0,200,11,3842.94,1312,349.35818181818183,431
17527.0,19,2,606.62,206,303.31,108
17529.0,519,2,1240.25,790,620.125,87
17530.0,115,8,2124.37,1235,265.54625,527
17531.0,99,3,1266.82,472,422.2733333333333,428
17532.0,295,1,65.34,30,65.34,0
17533.0,344,1,34.8,24,34.8,0
17534.0,360,4,1445.47,757,361.3675,200
17535.0,189,1,164.4,136,164.4,0
17536.0,86,3,364.83,201,121.61,505
17537.0,212,1,630.7,370,630.7,0
17539.0,527,4,1226.57,747,306.6425,108
17540.0,225,5,1280.5,458,256.1,283
17541.0,419,1,124.46,46,124.46,0
17542.0,179,3,341.7,324,113.9,371
17543.0,459,1,120.05,62,120.05,0
17544.0,299,3,960.69,439,320.23,0
17545.0,299,3,802.58,392,267.5266666666667,187
17547.0,285,2,727.85,223,363.925,289
17548.0,143,4,731.26,494,182.815,162
17550.0,106,9,2547.64,989,283.0711111111111,472
17551.0,268,1,306.84,150,306.84,0
17552.0,281,10,2453.4,1520,245.34,255
17553.0,39,4,3757.6,2288,939.4,481
17554.0,32,2,1249.89,1409,624.945,25
17555.0,244,4,769.93,554,192.4825,251
17556.0,115,2,300.67,184,150.335,173
17557.0,642,1,34.0,4,34.0,0
17558.0,302,1,259.17,54,259.17,0
17559.0,422,1,167.62,270,167.62,0
17560.0,4,8,1895.8,1588,236.975,565
17561.0,300,3,554.72,250,184.90666666666667,342
17562.0,19,4,661.1,601,165.275,63
17563.0,487,2,392.38,256,196.19,33
17565.0,496,1,131.83,67,131.83,0
17567.0,2,7,3950.0,2281,564.2857142857143,348
17568.0,542,1,382.79,283,382.79,0
17569.0,241,1,344.14,159,344.14,0
17570.0,291,1,100.0,1,100.0,0
17571.0,55,4,766.4399999999999,601,191.61,396
17572.0,9,9,692.26,336,76.91777777777777,625
17573.0,3,1,174.71,177,174.71,0
17574.0,152,1,185.65,77,185.65,0
17575.0,576,1,171.7,72,171.7,0
17576.0,8,36,7741.08,4154,215.03,636
17577.0,554,2,348.75,179,174.375,23
17578.0,127,7,1047.33,529,149.6185714285714,311
17579.0,47,3,575.24,247,191.74666666666667,440
17580.0,162,5,545.27,224,109.054,169
17581.0,19,35,14235.0,7540,406.7142857142857,626
17582.0,145,5,1450.7,606,290.14,387
17583.0,469,1,135.95,55,135.95,0
17584.0,36,5,4816.57,2251,963.314,556
17585.0,18,7,2093.3,2539,299.04285714285714,368
17586.0,528,1,167.4,68,167.4,0
17587.0,537,1,181.66,68,181.66,0
17588.0,9,7,2939.55,1379,419.9357142857143,537
17589.0,60,17,13488.77,8464,793.4570588235295,491
17591.0,31,7,2413.87,1049,344.8385714285714,568
17592.0,648,1,148.3,38,148.3,0
17593.0,1,10,7417.6,4767,741.76,643
17594.0,164,3,1819.7,1038,606.5666666666667,350
17596.0,45,10,3831.47,6066,383.147,588
17597.0,123,5,3484.09,2215,696.818,369
17598.0,290,1,409.98,126,409.98,0
17599.0,387,1,52.05,11,52.05,0
17601.0,148,2,421.48,299,210.74,141
17602.0,33,10,3257.71,2686,325.771,494
17603.0,527,3,1398.76,566,466.2533333333333,112
17604.0,126,6,945.93,616,157.655,464
17605.0,499,1,160.75,71,160.75,0
17606.0,646,1,87.30000000000001,42,87.30000000000001,0
17607.0,285,1,333.81,269,333.81,0
17608.0,358,2,305.11,307,152.555,158
17609.0,211,8,1319.81,873,164.97625,307
17610.0,449,5,1529.49,902,305.898,193
17611.0,33,22,7112.01,4667,323.27318181818185,614
17612.0,4,17,5029.35,3054,295.84411764705885,627
17613.0,27,9,2991.29,1673,332.36555555555555,188
17615.0,39,6,733.2,386,122.2,355
17616.0,83,4,1060.8,416,265.2,277
17617.0,468,1,395.33,255,395.33,0
17618.0,157,10,3768.44,1736,376.844,436
17619.0,221,1,218.52,127,218.52,0
17621.0,221,5,2697.0,906,539.4,119
17622.0,507,2,1130.21,379,565.105,0
17623.0,318,6,1856.62,536,309.43666666666667,315
17624.0,127,3,1125.45,716,375.15,501
17625.0,49,6,5255.58,3200,875.93,584
17626.0,512,1,254.0,202,254.0,0
17627.0,388,1,296.36,676,296.36,0
17629.0,29,7,1439.78,939,205.68285714285716,301
17630.0,79,2,503.6,158,251.8,62
17631.0,46,6,886.66,442,147.77666666666667,592
17633.0,12,5,1381.16,530,276.232,286
17634.0,1,7,2080.45,652,297.20714285714286,245
17635.0,333,3,1265.58,770,421.86,166
17637.0,24,1,338.95,215,338.95,0
17638.0,556,2,842.4,432,421.2,74
17639.0,185,6,615.17,576,102.52833333333332,207
17640.0,288,5,2547.28,1442,509.456,247
17642.0,29,5,1824.49,1475,364.898,614
17643.0,282,2,541.25,297,270.625,132
17644.0,29,16,4758.59,2574,297.411875,541
17646.0,128,12,4149.79,1418,345.81583333333333,504
17647.0,578,2,198.6,52,99.3,0
17648.0,102,4,1526.26,756,381.565,192
17649.0,47,3,1578.89,723,526.2966666666667,334
17651.0,65,10,2906.53,1656,290.653,370
17652.0,53,6,2713.57,1469,452.2616666666667,136
17653.0,9,2,343.34,687,171.67,20
17654.0,186,1,117.55,41,117.55,0
17655.0,26,7,2916.87,1259,416.6957142857143,300
17656.0,15,3,927.65,463,309.21666666666664,22
17657.0,339,1,126.0,60,126.0,0
17658.0,120,1,317.6,216,317.6,0
17659.0,9,11,2488.36,1112,226.21454545454543,286
17660.0,50,2,359.47,268,179.735,595
17662.0,571,2,412.92,184,206.46,60
17663.0,64,14,4389.45,1925,313.53214285714284,491
17664.0,121,3,887.78,863,295.9266666666667,407
17665.0,402,1,563.1,690,563.1,0
17666.0,387,3,1319.64,956,439.88,50
17667.0,71,8,3646.2,2062,455.775,492
17669.0,31,8,5168.85,2987,646.10625,494
17670.0,137,1,205.7,110,205.7,0
17671.0,67,4,1929.18,929,482.295,218
17672.0,218,6,3778.3,1711,629.7166666666667,372
17673.0,71,11,3814.23,2938,346.7481818181818,468
17674.0,278,1,601.32,698,601.32,0
17675.0,10,62,31959.51,13611,515.4759677419355,627
17676.0,18,8,2109.0,1468,263.625,510
17677.0,9,44,32014.03,19209,727.5915909090909,623
17678.0,173,2,599.76,368,299.88,339
17679.0,431,5,1585.5,1026,317.1,214
17680.0,292,2,313.05,59,156.525,127
17681.0,506,5,731.2,450,146.24,96
17682.0,24,10,3881.8,2113,388.18,526
17683.0,295,3,819.01,781,273.00333333333333,168
17685.0,176,10,4264.36,2786,426.436,399
17686.0,30,7,7146.7,3065,1020.9571428571428,413
17687.0,330,1,432.68,210,432.68,0
17688.0,303,1,304.2,114,304.2,0
17689.0,297,2,317.08,300,158.54,85
17690.0,11,16,6216.83,2607,388.551875,572
17691.0,267,4,780.0500000000001,373,195.0125,188
17692.0,36,12,2975.8,2338,247.98333333333332,413
17693.0,46,1,200.47,231,200.47,0
17694.0,51,3,1695.97,1493,565.3233333333334,421
17695.0,41,5,1746.04,1809,349.208,549
17696.0,17,26,7309.47,5458,281.1334615384616,620
17697.0,145,1,338.95,93,338.95,0
17698.0,170,1,154.95,93,154.95,0
17699.0,386,2,442.0,208,221.0,84
17700.0,4,13,5827.16,3028,448.2430769230769,643
17701.0,162,1,417.95,109,417.95,0
17702.0,18,5,2658.44,1851,531.688,291
17703.0,18,3,787.06,683,262.3533333333333,308
17704.0,78,2,885.19,343,442.595,71
17705.0,16,8,1228.38,889,153.5475,470
17706.0,9,26,18272.99,7199,702.8073076923077,589
17707.0,94,8,609.3000000000001,546,76.16250000000001,547
17708.0,97,4,887.9300000000001,388,221.9825,235
17709.0,79,5,671.01,295,134.202,433
17710.0,333,1,293.5,158,293.5,0
17711.0,199,1,220.53000000000003,107,220.53000000000003,0
17713.0,291,4,1198.09,989,299.5225,166
17714.0,230,5,1410.18,608,282.036,192
17715.0,110,2,489.6,576,244.8,392
17716.0,4,20,14437.64,8070,721.882,642
17717.0,330,1,376.92,344,376.92,0
17718.0,141,2,439.18,274,219.59,412
17719.0,15,12,4477.4,2118,373.1166666666666,149
17720.0,22,9,2460.57,1455,273.3966666666667,465
17721.0,568,1,307.21000000000004,107,307.21000000000004,0
17722.0,5,5,4430.36,2937,886.0719999999999,279
17723.0,36,7,3378.4000000000005,912,482.6285714285715,248
17724.0,47,1,373.1,78,373.1,0
17725.0,10,8,2507.12,1610,313.39,166
17726.0,304,7,1092.06,444,156.00857142857143,286
17728.0,313,2,1362.75,677,681.375,49
17729.0,505,1,438.65,247,438.65,0
17730.0,15,15,5531.09,3876,368.7393333333333,483
17731.0,37,5,1432.62,564,286.524,540
17732.0,282,8,2470.39,1151,308.79875,115
17733.0,171,1,216.95,87,216.95,0
17734.0,46,5,1281.9,662,256.38,505
17735.0,3,23,15226.15,9279,662.0065217391304,403
17736.0,22,1,307.49,213,307.49,0
17738.0,58,12,3876.0,2458,323.0,481
17739.0,106,14,6010.01,1885,429.2864285714286,535
17740.0,298,6,426.9,222,71.14999999999999,308
17741.0,316,2,101.1,114,50.55,153
17742.0,22,11,2098.48,653,190.7709090909091,625
17743.0,357,1,229.2,96,229.2,0
17744.0,160,5,1615.7,2100,323.14,130
17745.0,387,2,600.34,164,300.17,78
17746.0,149,4,904.18,688,226.045,370
17747.0,22,1,71.4,12,71.4,0
17748.0,436,1,358.15,111,358.15,0
17749.0,87,3,1026.18,446,342.06,368
17750.0,8,5,1271.46,2778,254.292,65
17751.0,330,1,157.86,147,157.86,0
17752.0,268,1,80.64,192,80.64,0
17753.0,373,4,390.56,128,97.64,238
17754.0,51,10,3380.33,3416,338.033,586
17756.0,285,3,733.7,400,244.5666666666667,18
17757.0,23,46,7137.610000000001,3646,155.1654347826087,580
17758.0,61,8,2992.03,2052,374.00375,416
17759.0,78,4,609.07,345,152.2675,414
17760.0,282,5,803.88,622,160.776,276
17762.0,365,1,129.75,129,129.75,0
17763.0,172,4,86.15,41,21.5375,395
17764.0,120,4,1066.79,482,266.6975,525
17765.0,68,4,530.8,197,132.7,289
17766.0,290,2,299.61,155,149.805,0
17767.0,319,1,141.85,70,141.85,0
17768.0,75,5,1647.66,1372,329.53200000000004,571
17769.0,48,11,4933.83,2389,448.53,550
17770.0,108,5,1143.27,365,228.654,83
17771.0,232,3,257.4,196,85.8,266
17772.0,302,1,202.0,64,202.0,0
17773.0,423,2,585.27,260,292.635,175
17774.0,6,9,3328.05,1609,369.78333333333336,572
17775.0,164,1,56.4,72,56.4,0
17776.0,296,2,338.56,277,169.28,336
17777.0,9,1,194.7,163,194.7,0
17778.0,571,1,197.7,214,197.7,0
17779.0,53,1,323.09,248,323.09,0
17780.0,576,3,352.91,158,117.63666666666668,17
17781.0,68,2,188.02,34,94.01,93
17782.0,292,2,679.02,538,339.51,0
17783.0,157,2,208.85,138,104.425,264
17784.0,459,1,112.86,72,112.86,0
17785.0,354,2,271.44,160,135.72,120
17786.0,226,1,114.85,56,114.85,0
17787.0,62,4,2601.4700000000003,1266,650.3675000000001,218
17788.0,39,1,16.7,3,16.7,0
17789.0,190,2,397.15,199,198.575,379
17790.0,29,18,2181.57,1148,121.19833333333334,424
17792.0,376,2,370.05,151,185.025,11
17794.0,596,2,147.3,46,73.65,1
17795.0,89,2,350.39,341,175.195,85
17796.0,223,6,1286.09,361,214.34833333333333,107
17797.0,92,6,1477.85,841,246.3083333333333,541
17798.0,491,1,183.09,142,183.09,0
17799.0,8,19,5817.71,3298,306.1952631578947,626
17800.0,0,7,916.6,564,130.94285714285715,242
17801.0,360,3,798.3299999999999,838,266.11,240
17802.0,89,9,4400.5,2441,488.94444444444446,546
17803.0,301,1,184.66,98,184.66,0
17804.0,285,3,385.23,195,128.41,362
17805.0,519,1,414.72,648,414.72,0
17807.0,304,3,437.87,262,145.95666666666668,309
17808.0,458,4,262.64,143,65.66,32
17809.0,38,16,8782.19,2039,548.886875,608
17810.0,578,2,374.81,119,187.405,15
17811.0,1,32,6636.23,3468,207.3821875,353
17812.0,277,4,651.28,406,162.82,162
17814.0,284,2,1617.32,1440,808.66,47
17815.0,302,1,591.96,612,591.96,0
17816.0,178,4,97.07,88,24.2675,454
17817.0,186,5,689.87,324,137.974,145
17818.0,647,1,130.18,90,130.18,0
17819.0,92,11,6376.12,1809,579.6472727272727,543
17820.0,283,1,183.56,112,183.56,0
17821.0,315,1,334.62,162,334.62,0
17822.0,329,5,2188.5,1389,437.7,140
17823.0,330,2,494.25,262,247.125,0
17825.0,508,4,731.96,540,182.99,126
17826.0,283,1,134.59,85,134.59,0
17827.0,151,5,1976.4,1306,395.28,379
17828.0,19,3,1076.66,481,358.8866666666667,75
17829.0,208,5,4756.74,3009,951.348,356
17830.0,171,2,287.65000000000003,65,143.82500000000002,27
17833.0,632,1,342.36,145,342.36,0
17834.0,324,2,730.47,687,365.235,30
17837.0,57,3,376.51,102,125.50333333333332,15
17838.0,201,11,5631.3,3310,511.9363636363637,338
17840.0,353,1,185.72,138,185.72,0
17841.0,1,168,53394.36,27280,317.8235714285714,645
17842.0,511,1,430.69,89,430.69,0
17843.0,212,2,326.23,276,163.115,108
17844.0,16,1,51.56,52,51.56,0
17845.0,464,4,598.19,196,149.5475,21
17847.0,425,2,129.69,29,64.845,129
17848.0,37,29,3571.3,1430,123.14827586206896,605
17849.0,127,8,1063.76,224,132.97,416
17850.0,281,155,56600.08,22785,365.1618064516129,362
17851.0,331,6,1563.34,938,260.5566666666667,313
17852.0,298,3,548.87,323,182.95666666666668,342
17853.0,316,3,1608.19,627,536.0633333333334,329
17854.0,94,6,1071.45,610,178.57500000000002,546
17855.0,282,1,417.94,394,417.94,0
17856.0,142,3,1142.63,577,380.8766666666667,48
17857.0,8,15,16057.72,10516,1070.5146666666667,542
17858.0,25,27,11298.24,5175,418.4533333333333,616
17859.0,214,1,148.21,127,148.21,0
17860.0,278,4,1015.54,817,253.885,359
17861.0,45,15,4328.46,3639,288.564,593
17862.0,233,4,1279.09,443,319.7725,239
17863.0,54,10,4370.48,3931,437.048,507
17864.0,185,3,535.23,694,178.41,151
17865.0,17,38,22865.41,10761,601.7213157894737,631
17866.0,52,3,1134.95,535,378.31666666666666,582
17867.0,53,13,1381.66,504,106.28153846153847,593
17868.0,295,1,234.65,91,234.65,0
17869.0,16,7,1036.16,560,148.02285714285716,440
17870.0,1,8,1963.77,995,245.47125,289
17871.0,114,5,1118.99,713,223.798,488
17872.0,291,1,235.87,176,235.87,0
17873.0,93,17,6243.84,4192,367.28470588235297,538
17874.0,94,6,683.46,221,113.91,70
17875.0,597,1,167.1,98,167.1,0
17876.0,309,3,3424.02,1958,1141.34,275
17877.0,79,1,237.61,98,237.61,0
17878.0,304,2,1032.88,637,516.44,0
17879.0,83,1,178.51999999999998,45,178.51999999999998,0
17880.0,274,3,824.9200000000001,466,274.97333333333336,365
17881.0,213,1,133.35000000000002,32,133.35000000000002,0
17882.0,288,2,313.46,134,156.73,0
17883.0,155,4,443.43,150,110.8575,405
17884.0,221,19,2958.28,2789,155.69894736842107,423
17886.0,120,5,1105.03,469,221.006,378
17887.0,38,1,111.35,30,111.35,0
17888.0,70,21,1401.44,1109,66.7352380952381,556
17889.0,121,7,774.87,417,110.69571428571427,406
17890.0,232,2,602.09,416,301.045,38
17891.0,71,1,203.86,393,203.86,0
17892.0,64,1,142.1,69,142.1,0
17893.0,134,1,112.25,161,112.25,0
17894.0,5,17,2330.32,970,137.07764705882354,373
17897.0,82,9,2585.0,1043,287.22222222222223,403
17898.0,116,3,246.96,185,82.32000000000001,359
17899.0,68,1,155.8,171,155.8,0
17900.0,99,2,112.2,73,56.1,0
17901.0,431,2,149.7,14,74.85,0
17902.0,456,1,216.4,526,216.4,0
17903.0,303,1,381.09,142,381.09,0
17905.0,66,12,2202.27,1248,183.5225,523
17906.0,156,1,72.9,26,72.9,0
17907.0,550,1,291.76,1046,291.76,0
17908.0,283,5,1411.54,856,282.308,351
17909.0,646,1,132.55,41,132.55,0
17910.0,635,1,261.7,121,261.7,0
17912.0,219,6,375.5,216,62.583333333333336,65
17913.0,265,13,3286.09,1556,252.77615384615385,380
17915.0,460,1,242.13,191,242.13,0
17916.0,538,2,43.87,90,21.935,104
17917.0,165,2,230.46,131,115.23,106
17918.0,410,3,396.39,352,132.13,4
17919.0,348,1,536.28,696,536.28,0
17920.0,14,46,22719.18,11720,493.8952173913044,628
17921.0,57,9,2198.74,865,244.30444444444447,363
17922.0,452,1,170.4,49,170.4,0
17923.0,191,3,497.0,140,165.66666666666666,262
17924.0,211,3,1076.4,216,358.8,112
17925.0,282,1,488.16,144,488.16,0
17926.0,42,5,1035.49,572,207.098,446
17927.0,631,1,294.0,108,294.0,0
17928.0,155,2,206.96,128,103.48,325
17929.0,22,11,2946.1,418,267.8272727272727,617
17930.0,71,10,3228.88,2722,322.88800000000003,483
17931.0,43,14,3437.29,1937,245.5207142857143,527
17932.0,83,2,934.51,593,467.255,37
17933.0,541,1,114.69,63,114.69,0
17934.0,316,1,344.90000000000003,150,344.90000000000003,0
17935.0,47,7,686.14,244,98.02,596
17937.0,24,5,3614.52,1416,722.904,247
17938.0,329,1,144.29,53,144.29,0
17939.0,69,1,99.14,40,99.14,0
17940.0,17,15,30201.19,84980,2013.4126666666664,628
17941.0,40,4,1433.28,1108,358.32,571
17944.0,332,1,75.41,85,75.41,0
17945.0,606,3,360.35,244,120.11666666666667,0
17946.0,142,2,149.57999999999998,75,74.78999999999999,26
17948.0,56,1,358.56000000000006,144,358.56000000000006,0
17949.0,2,106,108326.8,50890,1021.9509433962264,644
17950.0,274,6,1213.78,667,202.29666666666665,338
17951.0,267,3,1037.0400000000002,502,345.68000000000006,45
17952.0,287,4,819.61,504,204.9025,163
17953.0,449,1,160.82,99,160.82,0
17954.0,32,17,3523.54,2866,207.2670588235294,607
17955.0,108,6,949.9,681,158.31666666666666,466
17956.0,158,1,12.75,1,12.75,0
17958.0,26,2,973.88,284,486.94,611
17959.0,501,1,140.75,49,140.75,0
17960.0,80,3,135.08,60,45.02666666666667,470
17961.0,33,92,2878.72,1446,31.29043478260869,614
17962.0,51,4,687.42,651,171.855,552
17963.0,380,4,651.51,344,162.8775,217
17964.0,281,1,523.52,390,523.52,0
17965.0,1,27,6889.45,4358,255.1648148148148,633
17966.0,60,9,1470.42,2543,163.38,539
17967.0,281,2,357.29,198,178.64499999999998,44
17968.0,283,4,888.04,525,222.01,138
17969.0,75,20,2369.94,1017,118.497,566
17970.0,120,1,582.59,525,582.59,0
17971.0,457,1,161.94,62,161.94,0
17972.0,151,1,136.04,37,136.04,0
17974.0,129,4,1290.04,811,322.51,187
17975.0,24,22,6496.02,2070,295.2736363636364,375
17976.0,281,1,706.38,212,706.38,0
17977.0,309,1,1277.49,1720,1277.49,0
17978.0,274,4,1461.76,1797,365.44,366
17979.0,78,3,504.54,276,168.18,90
17980.0,75,4,1033.42,782,258.355,227
17981.0,320,1,239.12,260,239.12,0
17982.0,590,1,138.18,117,138.18,0
17983.0,304,1,171.71,108,171.71,0
17984.0,54,5,1191.27,973,238.254,593
17987.0,94,5,1003.64,1015,200.728,365
17988.0,26,12,434.42,170,36.20166666666667,615
17989.0,288,1,228.83,329,228.83,0
17990.0,146,6,1527.61,777,254.6016666666667,495
17991.0,134,3,320.55,100,106.85,366
17992.0,298,1,254.13,131,254.13,0
17993.0,526,1,235.19,112,235.19,0
17994.0,31,11,2313.32,2194,210.3018181818182,499
17995.0,191,3,495.48,263,165.16,105
17996.0,289,3,482.33,587,160.77666666666667,166
17997.0,1,6,1719.96,2060,286.66,71
17998.0,289,3,639.24,561,213.08,358
17999.0,275,2,539.18,268,269.59,12
18000.0,473,1,124.25,109,124.25,0
18001.0,359,4,536.61,530,134.1525,287
18002.0,285,4,249.92,72,62.48,355
18003.0,285,1,358.61,299,358.61,0
18004.0,271,1,169.47,78,169.47,0
18006.0,291,3,553.1800000000001,183,184.39333333333332,340
18007.0,302,1,220.32,252,220.32,0
18008.0,112,21,19736.35,7766,939.8261904761904,499
18009.0,144,8,2155.83,653,269.47875,417
18010.0,166,1,174.8,60,174.8,0
18011.0,282,2,527.03,198,263.515,194
18012.0,632,1,115.3,63,115.3,0
18013.0,64,2,187.29,285,93.645,0
18016.0,95,5,965.66,387,193.132,494
18017.0,78,3,509.0,300,169.66666666666666,262
18018.0,17,4,297.99,186,74.4975,312
18020.0,453,1,190.48,67,190.48,0
18021.0,419,2,227.06,169,113.53,2
18022.0,294,4,983.68,654,245.92,160
18024.0,62,2,389.78,184,194.89,0
18025.0,289,6,1177.72,1053,196.28666666666663,239
18026.0,410,2,2074.07,530,1037.035,4
18027.0,8,1,115.31,78,115.31,0
18028.0,492,1,192.05,133,192.05,0
18029.0,551,1,433.77,253,433.77,0
18031.0,288,1,462.1,300,462.1,0
18032.0,243,1,73.5,42,73.5,0
18034.0,285,1,370.82,431,370.82,0
18035.0,294,2,546.34,550,273.17,0
18036.0,14,10,1412.56,668,141.256,616
18037.0,63,15,167.42,37,11.161333333333332,583
18038.0,465,1,149.41,85,149.41,0
18039.0,283,4,579.17,570,144.7925,266
18040.0,155,1,239.0,96,239.0,0
18041.0,13,33,7653.12,6817,231.91272727272727,591
18042.0,451,1,116.1,36,116.1,0
18043.0,116,2,768.27,418,384.135,160
18044.0,75,15,2522.54,1216,168.16933333333333,393
18046.0,559,1,189.63,44,189.63,0
18047.0,290,2,342.69,138,171.345,0
18048.0,112,3,401.73,258,133.91,290
18049.0,346,2,556.52,425,278.26,153
18050.0,268,2,412.06,250,206.03,33
18051.0,543,7,2282.28,1661,326.04,96
18052.0,474,1,10877.18,17766,10877.18,0
18053.0,435,2,271.05,107,135.525,1
18054.0,302,1,176.5,96,176.5,0
18055.0,37,11,8084.24,2610,734.930909090909,284
18056.0,197,2,554.6,334,277.3,330
18057.0,302,3,1203.56,978,401.18666666666667,297
18058.0,450,2,603.9,306,301.95,126
18060.0,317,2,1185.46,902,592.73,156
18061.0,17,26,6163.07,3553,237.04115384615383,627
18062.0,82,6,1632.67,831,272.1116666666667,424
18063.0,300,2,186.6,48,93.3,242
18064.0,42,11,4495.03,2709,408.6390909090909,543
18065.0,93,23,4885.95,1829,212.43260869565216,546
18066.0,296,2,1122.4,427,561.2,28
18068.0,198,1,101.7,6,101.7,0
18069.0,89,9,3497.76,2550,388.64,468
18070.0,578,1,314.1,86,314.1,0
18071.0,167,6,1428.63,835,238.105,477
18072.0,95,1,247.44,288,247.44,0
18073.0,23,12,3877.52,3108,323.1266666666667,82
18074.0,283,2,1509.04,551,754.52,131
18075.0,15,18,5129.29,2832,284.9605555555556,392
18076.0,289,1,151.49,164,151.49,0
18077.0,13,14,3376.49,2666,241.17785714285716,629
18078.0,126,4,844.6,431,211.15,410
18079.0,36,3,2796.96,6458,932.32,364
18080.0,152,1,841.4999999999999,330,841.4999999999999,0
18081.0,22,2,208.05,55,104.025,21
18083.0,307,1,470.73,270,470.73,0
18084.0,292,2,722.4499999999999,449,361.225,5
18085.0,239,4,1645.75,585,411.4375,298
18086.0,183,1,101.34,106,101.34,0
18087.0,7,17,14761.52,7775,868.3247058823529,640
18089.0,356,1,428.45,95,428.45,0
18090.0,331,1,349.4,321,349.4,0
18091.0,502,1,360.85,539,360.85,0
18092.0,29,15,12962.66,7858,864.1773333333333,616
18093.0,2,8,4452.71,3429,556.58875,525
18094.0,45,11,5776.52,3840,525.1381818181818,565
18095.0,222,5,2303.09,1623,460.61800000000005,286
18096.0,351,3,894.13,658,298.0433333333333,70
18097.0,36,10,3976.92,2472,397.692,595
18098.0,305,1,550.84,217,550.84,0
18099.0,36,1,168.31,149,168.31,0
18100.0,459,1,451.56,440,451.56,0
18101.0,52,4,515.74,187,128.935,530
18102.0,8,112,484615.1,155689,4326.9205357142855,640
18103.0,458,1,105.8,23,105.8,0
18106.0,239,6,1461.46,512,243.57666666666668,364
18107.0,351,1,167.13,66,167.13,0
18108.0,163,3,848.8100000000001,261,282.93666666666667,483
18109.0,0,30,6692.11,4056,223.0703333333333,435
18110.0,320,1,199.13,100,199.13,0
18111.0,498,1,405.85,232,405.85,0
18112.0,75,3,619.91,302,206.63666666666663,385
18113.0,278,1,152.64,144,152.64,0
18114.0,199,1,220.1,55,220.1,0
18115.0,607,1,9.7,3,9.7,0
18116.0,143,12,1990.74,1111,165.895,177
18118.0,1,22,5321.09,2702,241.86772727272728,289
18119.0,277,1,362.24,250,362.24,0
18120.0,123,1,111.15,31,111.15,0
18121.0,58,2,673.1,450,336.55,5
18122.0,60,1,119.19,69,119.19,0
18123.0,423,1,95.15,35,95.15,0
18124.0,381,1,111.53,51,111.53,0
18125.0,111,3,945.14,695,315.0466666666667,114
18127.0,43,2,352.40000000000003,92,176.20000000000002,269
18128.0,446,1,420.04,221,420.04,0
18129.0,152,1,112.55,48,112.55,0
18131.0,541,1,222.96,552,222.96,0
18132.0,413,1,226.9,216,226.9,0
18133.0,121,1,931.5,1350,931.5,0
18134.0,507,2,445.0,128,222.5,96
18135.0,99,6,677.53,492,112.92166666666668,444
18136.0,121,4,1447.88,776,361.97,239
18137.0,460,2,145.99,59,72.995,0
18138.0,204,1,152.65,38,152.65,0
18140.0,383,1,536.41,395,536.41,0
18141.0,311,2,882.47,433,441.235,187
18142.0,66,2,1019.52,1276,509.76,58
18143.0,26,2,1000.16,570,500.08,25
18144.0,19,16,4334.8,1960,270.925,613
18145.0,114,9,3780.02,3345,420.0022222222222,526
18146.0,50,2,160.35000000000002,153,80.17500000000001,79
18147.0,18,1,98.88,80,98.88,0
18148.0,556,1,114.1,64,114.1,0
18149.0,125,6,1562.31,888,260.385,420
18150.0,49,2,413.28,236,206.64,61
18151.0,44,6,1879.44,986,313.24,511
18152.0,555,1,426.69,75,426.69,0
18153.0,568,1,246.22,200,246.22,0
18154.0,298,3,533.41,371,177.8033333333333,102
18155.0,80,2,266.56,196,133.28,121
18156.0,279,1,412.46,146,412.46,0
18157.0,480,1,215.35,146,215.35,0
18159.0,210,1,530.15,139,530.15,0
18160.0,109,2,684.37,372,342.185,185
18161.0,49,4,955.67,540,238.9175,238
18162.0,641,1,379.16,335,379.16,0
18163.0,493,1,728.84,452,728.84,0
18165.0,86,1,302.46000000000004,254,302.46000000000004,0
18166.0,533,1,175.5,90,175.5,0
18167.0,15,1,498.48,122,498.48,0
18168.0,85,16,3770.27,2177,235.641875,560
18170.0,21,8,2553.2000000000003,1024,319.15000000000003,588
18171.0,8,8,2200.31,841,275.03875,604
18172.0,8,43,15553.44,6509,361.7079069767442,629
18173.0,108,4,2318.36,1538,579.59,413
18174.0,513,1,58.5,30,58.5,0
18175.0,585,1,176.1,70,176.1,0
18176.0,267,1,476.35,283,476.35,0
18177.0,67,8,1913.27,1073,239.15875,566
18178.0,38,11,6103.74,3850,554.8854545454545,530
18179.0,161,6,1857.54,1180,309.59,410
18180.0,46,2,601.85,553,300.925,5
18181.0,309,4,823.14,378,205.785,335
18182.0,372,1,291.13,167,291.13,0
18183.0,136,2,632.07,371,316.035,47
18185.0,158,1,304.25,183,304.25,0
18186.0,632,1,329.58,338,329.58,0
18187.0,541,1,724.89,310,724.89,0
18188.0,199,4,1706.15,884,426.5375,333
18189.0,177,2,946.59,622,473.295,357
18190.0,101,5,745.62,490,149.124,525
18191.0,171,2,529.4,332,264.7,215
18193.0,74,3,1207.35,926,402.45,277
18194.0,347,5,3188.2000000000003,1142,637.6400000000001,241
18195.0,296,1,101.16,60,101.16,0
18196.0,4,4,1464.31,1047,366.0775,537
18197.0,485,1,230.1,166,230.1,0
18198.0,10,14,4427.39,3491,316.2421428571429,235
18199.0,593,1,344.75,99,344.75,0
18200.0,15,1,163.8,111,163.8,0
18201.0,632,1,447.53,191,447.53,0
18202.0,109,3,1396.99,581,465.66333333333336,111
18203.0,66,4,504.42,113,126.105,573
18204.0,19,2,1367.32,912,683.66,82
18206.0,462,1,314.66,246,314.66,0
18207.0,408,1,544.47,325,544.47,0
18208.0,475,1,360.08,82,360.08,0
18210.0,176,2,289.85,163,144.925,115
18211.0,46,2,268.7,152,134.35,142
18212.0,235,2,546.72,167,273.36,351
18213.0,146,1,232.48,232,232.48,0
18214.0,440,4,1780.34,989,445.085,23
18215.0,346,4,1948.15,1025,487.0375,186
18217.0,423,2,323.29,249,161.645,12
18218.0,120,4,1142.0,1076,285.5,448
18219.0,58,15,2860.25,1364,190.6833333333333,583
18220.0,136,6,1921.76,1352,320.2933333333333,497
18221.0,25,4,1090.19,655,272.5475,274
18222.0,2,1,443.0,335,443.0,0
18223.0,6,23,11552.65,5470,502.2891304347826,638
18224.0,173,1,158.95000000000002,69,158.95000000000002,0
18225.0,22,21,10275.92,5642,489.32952380952383,622
18226.0,30,24,10901.86,7363,454.2441666666667,524
18227.0,127,2,388.75,22,194.375,266
18229.0,3,22,8738.87,2399,397.22136363636366,642
18230.0,3,7,3627.22,1710,518.1742857142857,431
18231.0,101,28,6880.97,2923,245.7489285714286,506
18232.0,67,3,500.62,277,166.8733333333333,39
18233.0,235,1,440.0,4,440.0,0
18234.0,461,1,179.6,80,179.6,0
18235.0,29,2,749.8,706,374.9,97
18236.0,38,10,1554.3,603,155.43,474
18237.0,1,3,725.55,465,241.85,42
18238.0,424,1,270.92,114,270.92,0
18239.0,128,6,2150.36,1052,358.3933333333334,204
18241.0,8,15,2263.48,1140,150.89866666666666,518
18242.0,105,6,2066.8,1412,344.4666666666667,501
18243.0,323,1,515.78,221,515.78,0
18244.0,340,2,568.64,856,284.32,72
18245.0,58,19,5430.7300000000005,4638,285.8278947368421,491
18246.0,142,2,395.62,118,197.81,376
18247.0,324,3,839.73,335,279.91,216
18248.0,32,2,804.02,511,402.01,63
18250.0,219,1,349.27,199,349.27,0
18251.0,354,8,21964.14,31815,2745.5175,272
18252.0,81,6,1085.32,716,180.88666666666663,549
18253.0,552,1,317.88,128,317.88,0
18254.0,490,1,267.9,188,267.9,0
18255.0,365,1,199.85,127,199.85,0
18256.0,297,1,110.7,180,110.7,0
18257.0,23,9,3825.39,2049,425.0433333333333,544
18258.0,373,6,2059.67,1981,343.27833333333336,108
18259.0,275,5,2355.9,792,471.18,365
18260.0,82,23,9962.11,5247,433.1352173913044,551
18261.0,5,1,224.8,102,224.8,0
18262.0,49,3,577.54,552,192.5133333333333,462
18263.0,65,2,811.4,1048,405.7,96
18264.0,408,1,603.25,241,603.25,0
18265.0,67,1,488.55,224,488.55,0
18266.0,343,1,251.1,138,251.1,0
18267.0,582,1,269.37,135,269.37,0
18268.0,43,6,1490.23,711,248.37166666666667,594
18269.0,275,1,337.2,152,337.2,0
18270.0,176,2,273.35,149,136.675,166
18271.0,519,2,680.85,319,340.425,121
18272.0,23,7,3413.85,2295,487.6928571428571,531
18273.0,5,3,306.0,120,102.0,494
18275.0,487,2,741.85,417,370.925,152
18276.0,302,5,1320.66,1060,264.132,336
18277.0,306,4,1069.67,381,267.4175,97
18278.0,314,1,240.3,74,240.3,0
18279.0,428,1,231.34,630,231.34,0
18280.0,187,2,488.15,194,244.075,116
18281.0,90,2,201.14,146,100.57,397
18282.0,35,1,100.21,75,100.21,0
18283.0,5,16,1762.44,1078,110.1525,562
18284.0,341,1,461.68,494,461.68,0
18285.0,570,1,427.0,145,427.0,0
18286.0,386,2,1296.43,608,648.215,247
18287.0,111,5,3110.99,1915,622.198,369
