StockCode,Description,CustomerCount,PurchaseCount,TotalQuantity,TotalSpend,InteractionStrength,PopularityScore,PopularityRank
85123A,WHITE HANGING HEART T-LIGHT HOLDER,1412,4470,86700,233606.92,5652.3762691014435,27.029058455646002,1
85099B,JUMBO BAG RED WHITE SPOTTY,904,2997,89253,159684.66,3787.374517937186,26.212877138927233,2
21212,PACK OF 72 RETROSPOT CAKE CASES,1043,2335,85657,41377.54,4392.222068684439,26.065128015167016,3
84879,ASSORTED COLOUR BIRD ORNAMENT,912,2340,73762,117062.98,3902.428256723955,25.783681877940445,4
22423,REGENCY CAKESTAND 3 TIER,1189,3003,23489,269606.17,3382.254872135075,25.153738676642558,5
20725,LUNCH BAG RED RETROSPOT,797,2406,36235,56918.95,3179.877058606367,24.96605341402206,6
84991,60 TEATIME FAIRY CAKE CASES,771,1642,49885,24386.93,3054.2692176402516,24.870759349314774,7
22197,SMALL POPCORN HOLDER,536,1562,67705,51409.090000000004,2188.2502306351007,24.7632905061961,8
21977,PACK OF 60 PINK PAISLEY CAKE CASES,715,1465,51720,25012.35,2790.4305627336867,24.717592216986244,9
21232,STRAWBERRY CERAMIC TRINKET BOX,648,1753,33285,39059.33,2701.1156909744923,24.357979056782888,10
21080,SET/20 RED RETROSPOT PAPER NAPKINS,751,1572,29192,22247.26,2665.8130419820563,24.265160460498215,11
47566,PARTY BUNTING,805,1885,21901,96056.63,2716.0565886546337,24.228630441535735,12
22386,JUMBO BAG PINK WITH WHITE SPOTS,562,1642,35471,64207.35,2200.0881041429056,24.21405767803305,13
84077,WORLD WAR 2 GLIDERS ASSTD DESIGNS,414,799,95004,21607.68,2216.837519976325,24.17457504867526,14
22469,HEART OF WICKER SMALL,787,1574,24949,41440.5,2778.01938859609,24.156137742297275,15
20727,LUNCH BAG  BLACK SKULL.,649,1827,23643,37180.15,2445.700359144762,24.05881477684804,16
22383,LUNCH BAG SUKI  DESIGN,614,1843,22596,35953.8,2367.857269828713,23.96688710500942,17
85099F,JUMBO BAG STRAWBERRY,513,1412,34692,61895.43,1964.6027128073865,23.949986864617962,18
22178,VICTORIAN GLASS HANGING T-LIGHT,530,1311,35064,42097.63,2201.007481294041,23.919028751716983,19
22086,PAPER CHAIN KIT 50'S CHRISTMAS,729,1329,24621,66229.21,2430.1823657348605,23.897374386565797,20
22382,LUNCH BAG SPACEBOY DESIGN,738,1748,18276,29198.52,2615.925462603122,23.885496113721246,21
20728,LUNCH BAG CARS BLUE,659,1661,21333,33598.13,2411.8711727142727,23.876074133621294,22
22411,JUMBO SHOPPER VINTAGE RED PAISLEY,601,1537,23134,42763.89,2173.8543487853112,23.78759749671551,23
21790,VINTAGE SNAP CARDS,711,1300,23056,18293.18,2540.6716422393565,23.784691079881092,24
22384,LUNCH BAG PINK POLKADOT,622,1706,19389,30870.81,2359.8269778282843,23.749551989818592,25
21931,JUMBO STORAGE BAG SUKI,513,1598,24714,45349.65,1951.1029205500101,23.73452260403018,26
84992,72 SWEETHEART FAIRY CAKE CASES,568,1085,32790,15617.869999999999,2074.524258400005,23.732046301096652,27
84946,ANTIQUE SILVER TEA GLASS ETCHED,564,1165,29152,33871.3,2294.411297806116,23.678473200492007,28
22470,HEART OF WICKER LARGE,737,1554,16659,48687.35,2381.0862085240137,23.67394056493464,29
21213,PACK OF 72 SKULL CAKE CASES,485,1068,36241,17272.63,1941.610129993553,23.65866148119764,30
84755,COLOUR GLASS T-LIGHT HOLDER HANGING,490,1017,37402,22456.38,2155.1710170728684,23.651545518994393,31
21181,PLEASE ONE PERSON METAL SIGN,554,1406,22770,45038.700000000004,2034.1394073094932,23.601426246389487,32
20914,SET/5 RED RETROSPOT LID GLASS BOWLS,603,1652,17439,47944.490000000005,2026.6386406608347,23.58044299321881,33
85099C,JUMBO  BAG BAROQUE BLACK WHITE,471,1335,27479,49420.75,1784.1926257796113,23.575628086018433,34
21733,RED HANGING HEART T-LIGHT HOLDER,684,1467,16455,46668.57,2269.3318676047265,23.529520478769477,35
20724,RED SPOTTY CHARLOTTE BAG,487,1378,23927,19013.77,1991.438537226605,23.502233883956233,36
20726,LUNCH BAG WOODLAND,551,1478,19468,30781.56,2037.0489638566903,23.489248244966806,37
84970S,HANGING HEART ZINC T-LIGHT HOLDER,587,1083,24853,19267.239999999998,2316.8562546789417,23.48591411426416,38
21975,PACK OF 60 DINOSAUR CAKE CASES,510,1056,28749,13844.21,1921.440925230598,23.46595262229944,39
22457,NATURAL SLATE HEART CHALKBOARD,789,1459,13199,37371.57000000001,2524.643387356795,23.446196768737913,40
84836,ZINC METAL HEART DECORATION,606,1146,18592,22411.43,2224.3273397177313,23.283974352968933,41
22138,BAKING SET 9 PIECE RETROSPOT,1031,1543,8121,38685.41,2580.652297903385,23.283717384872475,42
21929,JUMBO BAG PINK VINTAGE PAISLEY,473,1149,23485,42065.78,1690.5466564047247,23.272884320977397,43
82482,WOODEN PICTURE FRAME WHITE FINISH,555,1534,14966,35127.01,1920.980865731855,23.270657010801028,44
82494L,WOODEN FRAME ANTIQUE WHITE,579,1615,13527,37524.8,1996.8053351113933,23.263254233199923,45
22139,RETROSPOT TEA SET CERAMIC 11 PC,841,1628,9223,43460.76,2336.4489505819656,23.261065684793266,46
22077,6 RIBBONS RUSTIC CHARM,621,1231,14789,24678.27,2133.6359509456693,23.15104079253749,47
21175,GIN + TONIC DIET METAL SIGN,493,1287,17291,36337.08,1723.816810529097,23.12138066963974,48
21928,JUMBO BAG SCANDINAVIAN PAISLEY,432,1103,22719,40618.82,1550.9688158807737,23.108433827674617,49
71459,HANGING JAM JAR T-LIGHT HOLDER,417,830,31136,24189.920000000002,1810.8826521885915,23.104263329013605,50
22090,PAPER BUNTING RETROSPOT,590,1200,14862,40595.740000000005,1880.2864598401568,23.079356021634975,51
20972,PINK CREAM FELT CRAFT TRINKET BOX,515,1096,18356,21758.39,1881.812261255886,23.064207477887443,52
21915,RED  HARMONICA IN BOX,406,790,31308,35585.0,1529.7953851386305,23.03377202834291,53
22952,72 CAKE CASES VINTAGE CHRISTMAS,474,736,26203,13032.61,1882.387998511092,22.939570046075744,54
22189,CREAM HEART CARD HOLDER,496,1036,17725,51090.35,1508.0944134320464,22.9354650016245,55
21166,COOK WITH WINE METAL SIGN,440,1125,18276,34218.9,1498.3461857359305,22.928870401900923,56
48138,DOORMAT UNION FLAG,651,1427,9613,62255.47,1817.5613060231096,22.915050353280087,57
21731,RED TOADSTOOL LED NIGHT LIGHT,360,932,26257,40274.53,1452.1055613163562,22.90300914267428,58
21231,SWEETHEART CERAMIC TRINKET BOX,463,1083,17491,20596.04,1810.5017085513548,22.897796646758657,59
85152,HAND OVER THE CHOCOLATE   SIGN,461,1207,15428,29138.120000000003,1632.5400776798238,22.876290404019525,60
84978,HANGING HEART JAR T-LIGHT HOLDER,482,999,17729,20572.51,1874.7833770890957,22.87078533170296,61
22910,PAPER CHAIN KIT VINTAGE CHRISTMAS,594,983,14611,39790.25,1942.9365735367069,22.869785690513055,62
22149,FELTCRAFT 6 FLOWER FRIENDS,643,1120,11811,23505.99,1987.8137103907386,22.866546392040327,63
22629,SPACEBOY LUNCH BOX,427,1022,19438,34650.24,1498.7747511602274,22.864654597895537,64
21791,VINTAGE HEADS AND TAILS CARD GAME,578,926,15601,18344.22,1923.580121495244,22.848410433287107,65
22551,PLASTERS IN TIN SPACEBOY,568,1045,13970,22133.42,1855.6315755560624,22.841348110401686,66
22417,PACK OF 60 SPACEBOY CAKE CASES,484,837,20030,9989.539999999999,1761.9250176069245,22.820203343945543,67
20971,PINK BLUE FELT CRAFT TRINKET BOX,445,905,19587,22437.85,1571.8823236827852,22.792030670885254,68
22585,PACK OF 6 BIRDY GIFT TAGS,558,860,16377,19387.38,1922.0951790569154,22.787938227412965,69
21754,HOME BUILDING BLOCK WORD,646,1709,7027,41195.53,1952.528963192682,22.774252393304593,70
22492,MINI PAINT SET VINTAGE,326,569,41350,25641.399999999998,1637.168602124773,22.76544841568212,71
22355,"CHARLOTTE BAG , SUKI DESIGN",367,1110,18625,14812.05,1500.9450377298274,22.753412460890168,72
21498,RED SPOTS  WRAP,413,728,25037,10122.54,1897.7489408169365,22.74568965565358,73
20685,DOORMAT RED SPOT,586,1382,9230,59452.88,1652.6407970760233,22.73735781548301,74
21985,PACK OF 12 HEARTS DESIGN TISSUES,454,668,23756,8116.759999999999,1763.5035123498835,22.701713981957703,75
22111,SCOTTIE DOG HOT WATER BOTTLE,636,1252,8475,39543.45,1803.7614750324776,22.63505952985642,76
22666,RECIPE BOX PANTRY YELLOW DESIGN,637,1145,9152,25895.440000000002,1804.2279434344237,22.624208154004254,77
22356,CHARLOTTE BAG PINK POLKADOT,400,1044,15806,12660.82,1536.6829056333258,22.613941750582875,78
22147,FELTCRAFT BUTTERFLY HEARTS,549,969,12411,16963.149999999998,1766.7073361764221,22.613633375292217,79
22083,PAPER CHAIN KIT RETROSPOT,540,982,12401,33889.93,1726.6772224364177,22.60964142790347,80
23203,JUMBO BAG VINTAGE DOILY,424,901,17088,32897.74,1586.2448593392696,22.602893949633952,81
22554,PLASTERS IN TIN WOODLAND ANIMALS,540,990,12205,19467.89,1705.3289546337164,22.60181672628091,82
22556,PLASTERS IN TIN CIRCUS PARADE,542,1000,11890,19018.62,1711.2405282409484,22.589401189686733,83
15036,ASSORTED COLOURS SILK FAN,286,578,38342,26767.96,1298.3182504779688,22.57511195413244,84
22630,DOLLY GIRL LUNCH BOX,401,918,16865,30012.41,1398.103750785547,22.552793251109296,85
72741,GRAND CHOCOLATECANDLE,462,738,18095,24257.75,1757.1031043733199,22.546471173390337,86
22616,PACK OF 12 LONDON TISSUES,292,579,35896,10048.18,1207.6153101542382,22.531609718082507,87
22112,CHOCOLATE HOT WATER BOTTLE,551,1228,8945,41148.29,1648.689042960194,22.526465939835923,88
20719,WOODLAND CHARLOTTE BAG,338,980,18160,14315.79,1357.0607903535877,22.52160428366431,89
21980,PACK OF 12 RED SPOTTY TISSUES,375,521,30173,8177.55,1489.6791882369666,22.501992636672554,90
22326,ROUND SNACK BOXES SET OF4 WOODLAND,405,1035,13890,38129.98,1406.0071263556722,22.48847200981855,91
22385,JUMBO BAG SPACEBOY DESIGN,393,911,15900,28824.62,1387.6945123933915,22.466128178684663,92
20713,JUMBO BAG OWLS,346,861,18886,34069.27,1255.7186978341738,22.4548091843064,93
21210,SET OF 72 RETRO SPOT PAPER  DOILIES,467,851,13943,19468.51,1612.4881367992034,22.43885940994682,94
84970L,SINGLE HEART ZINC T-LIGHT HOLDER,443,778,16048,14720.82,1688.056239026551,22.43723742962413,95
22961,JAM MAKING SET PRINTED,472,776,14951,21011.55,1697.8729442399317,22.427136087994977,96
22558,CLOTHES PEGS RETROSPOT PACK 24,479,909,12486,16945.02,1575.0342601631326,22.41967408552798,97
22029,SPACEBOY BIRTHDAY CARD,405,805,16570,6591.57,1625.3589789961493,22.413846360738155,98
22379,RECYCLING BAG RETROSPOT,400,957,14096,27526.48,1363.6273385377262,22.412526493048354,99
22151,PLACE SETTING WHITE HEART,335,600,26296,10578.93,1412.0805214310376,22.392916237716904,100
22699,ROSES REGENCY TEACUP AND SAUCER,467,953,11366,30848.22,1517.6392093910697,22.347601667052643,101
22114,HOT WATER BOTTLE TEA AND SYMPATHY,551,1117,8211,31833.43,1613.2943224117917,22.346196478130963,102
22328,ROUND SNACK BOXES SET OF 4 FRUITS,385,924,13611,36767.69,1261.401414479728,22.304338142598052,103
20712,JUMBO BAG WOODLAND ANIMALS,366,853,15193,28057.35,1290.3323394040626,22.28394893390631,104
20975,12 PENCILS SMALL TUBE RED SPOTTY,412,677,16757,10633.25,1456.600226775495,22.26922591607466,105
84378,SET OF 3 HEART COOKIE CUTTERS,540,842,10232,12768.02,1721.8848532612828,22.26375930793509,106
22557,PLASTERS IN TIN VINTAGE PAISLEY,536,897,9418,14934.82,1582.3680189292083,22.23665236763388,107
21982,PACK OF 12 SUKI TISSUES,304,477,31098,9646.42,1194.72224468491,22.234853452408395,108
21121,SET/10 RED POLKADOT PARTY CANDLES,423,727,14646,17523.18,1465.210463320121,22.232025318746953,109
22865,HAND WARMER OWL DESIGN,449,836,11977,24073.9,1515.7329252846666,22.229898566078248,110
21755,LOVE BUILDING BLOCK WORD,629,1381,5147,30235.600000000002,1745.9759360470243,22.22337039242921,111
17003,BROCADE RING PURSE,194,338,67051,13723.99,922.7168419267008,22.212223382695363,112
82580,BATHROOM METAL SIGN,415,871,12184,6440.12,1457.44250381423,22.20943565022955,113
21485,RETROSPOT HEART HOT WATER BOTTLE,585,1075,6983,32737.690000000002,1620.7999861069413,22.20570262781818,114
21034,REX CASH+CARRY JUMBO SHOPPER,716,1630,3580,3401.0,1763.1355838227373,22.155421813219064,115
20723,STRAWBERRY CHARLOTTE BAG,335,919,13519,10835.69,1327.7295895549767,22.15341017960325,116
22294,HEART FILIGREE DOVE  SMALL,393,655,15768,19071.600000000002,1520.8188665272507,22.12831296464761,117
47591D,PINK FAIRY CAKE CHILDRENS APRON,488,953,8680,15805.539999999999,1527.6180581855715,22.121918169314966,118
82600,NO SINGING METAL SIGN,359,938,11962,23671.800000000003,1253.8993976785057,22.120493342829324,119
82484,WOOD BLACK BOARD ANT WHITE FINISH,406,942,10450,57276.59,1135.3246333325553,22.112332414670554,120
22909,SET OF 20 VINTAGE CHRISTMAS NAPKINS,450,686,12876,10078.8,1535.0728257031024,22.10699968499881,121
21889,WOODEN BOX OF DOMINOES,503,736,10649,12969.57,1596.454668229658,22.098479331398277,122
84029E,RED WOOLLY HOTTIE WHITE HEART.,462,873,9714,32939.380000000005,1342.5090240722168,22.092233791553312,123
22555,PLASTERS IN TIN STRONGMAN,468,771,10792,17221.2,1445.862790704081,22.086240373296402,124
23209,LUNCH BAG VINTAGE DOILY,399,853,11324,18100.6,1464.3293310920287,22.076163691247785,125
21843,RED RETROSPOT CAKE STAND,569,1199,5606,57051.74,1449.4324869300801,22.06748429272836,126
21930,JUMBO STORAGE BAG SKULLS,349,919,11754,21709.44,1234.786413202923,22.054340785500713,127
48194,DOORMAT HEARTS,489,1049,7293,43577.29,1303.510042106352,22.045758205624864,128
22561,WOODEN SCHOOL COLOURING SET,493,747,10057,16100.53,1617.3032974575417,22.03606211189431,129
20718,RED SPOTTY SHOPPER BAG,398,794,11691,13654.26,1389.3271478839338,22.03396365777533,130
22367,CHILDRENS APRON SPACEBOY DESIGN,547,918,7214,13375.279999999999,1605.5075430531235,22.013478880511673,131
22866,HAND WARMER SCOTTY DOG DESIGN,436,758,10943,21916.260000000002,1408.092266053294,22.012481612353554,132
84692,BOX OF 24 COCKTAIL PARASOLS,317,670,16877,6772.72,1196.2417027521221,22.00458679746977,133
21094,SET/6 RED SPOTTY PAPER PLATES,306,655,17717,12998.49,1138.5665415322198,21.995344887503265,134
48187,DOORMAT NEW ENGLAND,486,1054,6930,42645.42,1271.2954180342351,21.99331955091074,135
21976,PACK OF 60 MUSHROOM CAKE CASES,380,671,13617,6848.73,1325.522299973651,21.972205441692765,136
21621,VINTAGE UNION JACK BUNTING,540,1044,6112,51309.49,1457.4631632609137,21.963364373274118,137
84997D,PINK 3 PIECE POLKADOT CUTLERY SET,399,907,9391,34602.590000000004,1275.5466613788715,21.950322467777156,138
22467,GUMBALL COAT RACK,360,837,11022,25080.83,1188.4947070589037,21.92763533677828,139
21122,SET/10 PINK POLKADOT PARTY CANDLES,409,681,11849,14247.02,1354.4509303958464,21.921269964105093,140
22727,ALARM CLOCK BAKELIKE RED,419,992,7933,28589.0,1294.2148029630937,21.91989797639686,141
22867,HAND WARMER BIRD DESIGN,426,728,10590,21238.24,1370.394195548176,21.916217608080952,142
22720,SET OF 3 CAKE TINS PANTRY DESIGN,533,957,6194,29381.100000000002,1454.1472853849937,21.8767414109943,143
79321,CHILLI LIGHTS,268,826,14104,64790.07,957.6035756541382,21.866800698061628,144
84997B,RED 3 PIECE RETROSPOT CUTLERY SET,408,878,8581,31505.53,1282.9503111925667,21.84992231927945,145
22960,JAM MAKING SET WITH JARS,496,772,7885,31521.27,1480.2483548872945,21.831713389121624,146
22659,LUNCH BOX I LOVE LONDON,272,712,15535,27183.809999999998,951.2822918805705,21.829868406130363,147
23084,RABBIT NIGHT LIGHT,296,519,19513,37052.65,1089.3775798437164,21.826448386046067,148
22662,LUNCH BAG DOLLY GIRL DESIGN,396,802,9176,14443.36,1307.1622865149566,21.796746627452965,149
84945,MULTI COLOUR SILVER T-LIGHT HOLDER,295,498,19697,15613.85,1242.1197990660128,21.791237936805224,150
23298,SPOTTY BUNTING,479,850,7018,32457.300000000003,1407.345048742837,21.77657426920573,151
22993,SET OF 4 PANTRY JELLY MOULDS,367,740,10390,12475.13,1321.4849564062747,21.76477888931766,152
22697,GREEN REGENCY TEACUP AND SAUCER,419,833,8073,22277.910000000003,1347.8912455348193,21.762892415049045,153
21156,RETROSPOT CHILDRENS APRON,438,738,8696,15677.76,1315.9953870493266,21.76053075161314,154
15056N,EDWARDIAN PARASOL NATURAL,329,812,10437,51530.96,980.7621891490259,21.753032036211696,155
84347,ROTATING SILVER ANGELS T-LIGHT HLDR,238,416,28069,54207.74,889.2186989730897,21.75200644308624,156
20974,12 PENCILS SMALL TUBE SKULL,346,644,12465,7897.05,1220.3164567462593,21.749335314111427,157
22969,HOMEMADE JAM SCENTED CANDLES,412,502,13352,19259.8,1520.0613725252608,21.743534120744737,158
22489,PACK OF 12 TRADITIONAL CRAYONS,359,522,14631,5904.32,1376.7624174075202,21.73665168558578,159
84380,SET OF 3 BUTTERFLY COOKIE CUTTERS,435,720,8758,10709.87,1391.7824382853835,21.736118402797075,160
POST,POSTAGE,380,1550,4657,108885.85,1200.3687256427804,21.735795988747526,161
21086,SET/6 RED SPOTTY PAPER CUPS,293,589,15560,9335.2,1084.3571034470635,21.716225367257955,162
22297,HEART IVORY TRELLIS SMALL,367,591,12210,14925.34,1391.5381078904445,21.70168203688596,163
84997C,BLUE 3 PIECE POLKADOT CUTLERY SET,406,831,7824,28796.92,1251.3676088283842,21.69772464167216,164
21891,TRADITIONAL WOODEN SKIPPING ROPE,422,575,10818,13339.58,1320.172281733789,21.692538966429744,165
22553,PLASTERS IN TIN SKULLS,461,812,7015,11339.55,1369.7804237130856,21.692244534681567,166
23206,LUNCH BAG APPLE DESIGN,339,745,10361,16321.65,1284.3735587787446,21.689571765188703,167
22560,TRADITIONAL MODELLING CLAY,361,568,12580,14740.42,1322.0274830407968,21.675467664303234,168
82583,HOT BATHS METAL SIGN,298,755,11302,21960.780000000002,1046.436062922323,21.661308405760952,169
21559,STRAWBERRY LUNCH BOX WITH CUTLERY,376,894,7566,17841.11,1168.8303283913365,21.66062087241739,170
22595,CHRISTMAS GINGHAM HEART,404,550,11324,9159.74,1450.6536713561375,21.650389826610688,171
21877,HOME SWEET HOME MUG,300,610,13652,15067.6,1056.4185246037875,21.643921780605222,172
21535,RED RETROSPOT SMALL MILK JUG,436,899,6304,15195.0,1347.6954074787682,21.631426206818922,173
22652,TRAVEL SEWING KIT,406,660,9189,14589.21,1319.4815429340686,21.628438240644012,174
21174,POTTERING IN THE SHED METAL SIGN,364,782,8638,16483.68,1198.844040596131,21.627072163932176,175
22150,3 STRIPEY MICE FELTCRAFT,454,741,7277,13070.189999999999,1321.0665095524653,21.622258040290436,176
21914,BLUE HARMONICA IN BOX,353,664,10376,12830.61,1264.2451256056383,21.616431051394905,177
21981,PACK OF 12 WOODLAND TISSUES,263,358,25371,6721.07,1009.9570938210182,21.60067297438838,178
22296,HEART IVORY TRELLIS LARGE,395,673,8983,14503.630000000001,1399.3757753473117,21.597844818585067,179
21908,CHOCOLATE THIS WAY METAL SIGN,353,734,9146,17493.91,1119.146287333712,21.590348648002973,180
22084,PAPER CHAIN KIT EMPIRE,442,674,7936,21716.0,1355.5381606869,21.58757311000854,181
23201,JUMBO BAG ALPHABET,334,639,11024,21176.420000000002,1172.0663357288327,21.583519408493828,182
22348,TEA BAG PLATE RED RETROSPOT,319,637,11441,9274.79,1174.323007190806,21.571705353967037,183
21918,SET 12 KIDS COLOUR  CHALK STICKS,332,524,13062,5249.55,1213.3956258726405,21.54907983805863,184
71477,COLOUR GLASS. STAR T-LIGHT HOLDER,272,596,14000,40341.9,932.4816410762459,21.548272943195485,185
85150,LADIES & GENTLEMEN METAL SIGN,347,822,7828,18210.48,1109.141024169872,21.53074874735946,186
21136,PAINTED METAL PEARS ASSORTED,393,624,9091,15024.83,1404.619561104594,21.52925274400677,187
23199,JUMBO BAG APPLES,285,610,12671,24015.48,1085.0793927234847,21.518238884045655,188
22577,WOODEN HEART CHRISTMAS SCANDINAVIAN,398,565,9720,5122.719999999999,1420.8292446290964,21.50959926791412,189
22030,SWALLOWS GREETING CARD,323,561,12043,4814.7,1278.7809795121914,21.508567255287645,190
20711,JUMBO BAG TOYS,309,636,11021,19687.35,1043.2224448691377,21.500990507494535,191
22082,RIBBON REEL STRIPES DESIGN,464,732,6375,10354.27,1430.1295218533528,21.49947932794406,192
22381,TOY TIDY PINK POLKADOT,328,742,8608,16838.15,1070.4506715556306,21.467317242141085,193
21868,POTTING SHED TEA MUG,362,690,8381,9879.81,1262.2265872759256,21.466384486517537,194
21497,FANCY FONTS BIRTHDAY WRAP,301,436,15900,6330.0,1313.3626211487483,21.464497491782858,195
21314,SMALL GLASS HEART TRINKET POT,326,639,9983,19637.86,1088.3465448798356,21.46016743786018,196
21481,FAWN BLUE HOT WATER BOTTLE,390,730,7290,20756.74,1172.050753352808,21.457517009541576,197
20676,RED RETROSPOT BOWL,342,669,9050,10544.28,1146.6564307595522,21.45563868737812,198
21326,AGED GLASS SILVER T-LIGHT HOLDER,274,475,15473,9417.85,1109.7946206486297,21.429105427007393,199
84270,ASSTD DESIGN BUBBLE GUM RING,242,375,22080,4552.8,1199.043571603022,21.425123375950992,200
15056BL,EDWARDIAN PARASOL BLACK,298,737,9103,44558.96,854.8616152440707,21.42085655435727,201
21524,DOORMAT SPOTTY HOME SWEET HOME,443,927,4855,31586.67,1146.1139860520257,21.41682662795776,202
21124,SET/10 BLUE POLKADOT PARTY CANDLES,374,555,9454,11416.22,1205.8383396324978,21.401993301313553,203
22219,LOVEBIRD HANGING DECORATION WHITE,357,675,8111,6785.15,1267.0871347982056,21.39782578827463,204
21984,PACK OF 12 PINK PAISLEY TISSUES,239,327,24897,6786.23,886.6278300617059,21.396195289667865,205
22632,HAND WARMER RED RETROSPOT,354,576,9558,18890.52,1146.781197229553,21.395198454047275,206
21936,RED RETROSPOT PICNIC BAG,366,740,7144,19741.0,1153.6813014530078,21.387530563714627,207
21500,PINK SPOTS  WRAP,283,454,15000,6038.0,1262.4219281419564,21.385143801641046,208
22726,ALARM CLOCK BAKELIKE GREEN,348,897,6184,22892.4,1099.1830248380086,21.385124275331215,209
22027,TEA PARTY BIRTHDAY CARD,314,596,10268,4177.49,1235.436478194905,21.38137467941653,210
82581,TOILET METAL SIGN,349,687,7944,4238.42,1167.2127012651936,21.372020071387617,211
M,Manual,400,557,8546,120500.1,963.7964473907591,21.371656012853897,212
21172,PARTY METAL SIGN,370,730,7002,9751.82,1163.9572412499058,21.36470943001273,213
22759,SET OF 3 NOTEBOOKS IN PARCEL,414,554,8152,12989.4,1292.9476530050888,21.35338787064004,214
22413,METAL SIGN TAKE IT OR LEAVE IT,407,698,6556,18101.920000000002,1144.2698475895654,21.34920637690159,215
21165,BEWARE OF THE CAT METAL SIGN,293,721,8716,13466.44,971.3596895284971,21.338635327243082,216
22352,LUNCH BOX WITH CUTLERY RETROSPOT,351,796,6501,15426.03,1073.8325961410349,21.324350955252164,217
21523,DOORMAT FANCY FONT HOME SWEET HOME,335,834,6494,40336.16,916.037566720281,21.32333081391876,218
84947,ANTIQUE SILVER TEA GLASS ENGRAVED,278,487,13305,15209.54,1088.0279145929605,21.317497527976343,219
22617,BAKING SET SPACEBOY DESIGN,558,804,4004,18842.66,1355.4596087853647,21.312290610076122,220
21704,BAG 250g SWIRLY MARBLES,260,419,16261,12297.73,904.5835548248257,21.301361495367892,221
22907,PACK OF 20 NAPKINS PANTRY DESIGN,394,596,7462,5933.2,1225.6743197233025,21.28851563542511,222
23202,JUMBO BAG VINTAGE LEAF,300,639,9081,17740.28,1077.3182913793787,21.282628152760488,223
21871,SAVE THE PLANET MUG,280,567,10947,12238.2,976.9648347031998,21.281388158215464,224
22646,CERAMIC STRAWBERRY CAKE MONEY BANK,356,620,7795,10648.029999999999,1197.1947660043463,21.270432924340568,225
85014B,RED RETROSPOT UMBRELLA,405,728,5788,27888.730000000003,1053.7512192457566,21.261741735689398,226
22273,FELTCRAFT DOLL MOLLY,391,634,6853,18318.75,1090.003026541015,21.25747454111771,227
22633,HAND WARMER UNION JACK,373,611,7452,14975.160000000002,1169.0065755158262,21.257359994808553,228
22113,GREY HEART HOT WATER BOTTLE,418,768,5237,19291.3,1232.7485345317743,21.24665691449544,229
21499,BLUE SPOTS  WRAP,279,423,14175,5683.5,1224.1318117567457,21.24382873124607,230
21238,RED RETROSPOT CUP,299,659,8421,6811.27,1073.6203350096819,21.234624918398545,231
22045,SPACEBOY GIFT WRAP,272,441,13817,5677.14,1222.1698999248006,21.2345090463114,232
22295,HEART FILIGREE DOVE LARGE,358,577,7999,12918.43,1239.1771864871273,21.23009307782263,233
84949,SILVER HANGING T-LIGHT HOLDER,292,540,10412,16152.6,1030.7780440625752,21.224402192393445,234
47590B,PINK HAPPY BIRTHDAY BUNTING,399,752,5424,27378.800000000003,1045.9825848872574,21.214302953316533,235
82486,WOOD S/3 CABINET ANT WHITE FINISH,333,1094,4425,34686.15,998.9048896024319,21.204902155838298,236
22333,RETROSPOT PARTY BAG + STICKER SET,310,549,9431,14428.43,975.571745990112,21.201574632622957,237
22621,TRADITIONAL KNITTING NANCY,409,580,6718,10137.34,1311.9904061854133,21.193602529470414,238
22698,PINK REGENCY TEACUP AND SAUCER,346,663,6941,18985.15,1105.0169637588635,21.192952125845025,239
84050,PINK HEART SHAPE EGG FRYING PAN,293,535,10083,13961.03,957.7433967865924,21.186419216717297,240
16156S,WRAP PINK FAIRY CAKES,255,385,15886,6233.12,1124.9847760250393,21.174271257664415,241
84987,SET OF 36 TEATIME PAPER DOILIES,370,580,7132,10026.68,1186.8528934272554,21.153440001737383,242
22188,BLACK HEART CARD HOLDER,273,453,12260,31897.64,725.6545971616395,21.145404076661805,243
21900,"KEY FOB , SHED",329,603,7628,4831.04,1107.321759321048,21.14237890648557,244
21672,WHITE SPOT RED CERAMIC DRAWER KNOB,259,586,9842,11739.42,994.5589825323773,21.130222272472835,245
21429,RED GINGHAM ROSE JEWELLERY BOX,377,692,5704,9448.8,1168.19369997842,21.125022457105665,246
22534,MAGIC DRAWING SLATE SPACEBOY,316,417,11271,4561.02,1129.3463716709787,21.12446025998055,247
22507,MEMO BOARD RETROSPOT  DESIGN,415,675,5269,23158.670000000002,1024.345138802643,21.116663977839636,248
22488,NATURAL SLATE RECTANGLE CHALKBOARD,401,606,6034,9631.02,1202.0174277264491,21.110312013210148,249
82483,WOOD 2 DRAWER CABINET WHITE FINISH,332,955,4622,26685.64,987.6251429590681,21.10969952702007,250
21137,BLACK RECORD COVER FRAME,174,475,17596,60221.34,652.3953086778182,21.105687540106697,251
22464,HANGING METAL HEART LANTERN,367,592,6653,10695.41,1255.2484334575006,21.096250793745078,252
22578,WOODEN STAR CHRISTMAS SCANDINAVIAN,351,489,8409,4222.8099999999995,1237.862125919182,21.09521331966976,253
21916,SET 12 RETRO WHITE CHALK STICKS,280,499,10187,4113.74,969.2560874320224,21.081928603855285,254
84988,SET OF 72 PINK HEART PAPER DOILIES,352,576,6917,9808.699999999999,1126.7529329182012,21.06619231293851,255
21669,BLUE STRIPE CERAMIC DRAWER KNOB,247,596,9502,11538.82,967.4946997014493,21.064708676768902,256
84406B,CREAM CUPID HEARTS COAT HANGER,303,687,6723,21170.45,955.0905361599818,21.064255033868072,257
21385,IVORY HANGING DECORATION  HEART,296,473,9959,8165.63,1081.352028387652,21.06127181107642,258
22620,4 TRADITIONAL SPINNING TOPS,376,549,6740,8573.06,1168.5000122584715,21.058127026527963,259
22951,72 CAKE CASES DOLLY GIRL DESIGN,304,454,10001,5082.21,1034.159663945154,21.05114954753721,260
22158,3 HEARTS HANGING DECORATION RUSTIC,332,547,7590,21287.02,1060.6684756043749,21.04913639094523,261
22418,10 COLOUR SPACEBOY PEN,297,420,11039,9150.71,1196.2350067972875,21.049006640018874,262
22087,PAPER BUNTING WHITE LACE,295,632,7384,20298.75,954.0079179919061,21.048036071433714,263
21506,"FANCY FONT BIRTHDAY CARD,",279,493,9950,3993.24,1091.9429526928968,21.042753447972334,264
82552,WASHROOM METAL SIGN,329,613,6612,8887.3,1022.2182399115493,21.01588027028233,265
22624,IVORY KITCHEN SCALES,516,952,2687,22258.98,1205.714880611547,21.00421047980567,266
22734,SET OF 6 RIBBONS VINTAGE CHRISTMAS,357,466,7743,18362.07,1098.4242811031506,20.98153587302601,267
16161P,WRAP ENGLISH ROSE,267,400,11948,4922.4,1181.427330054024,20.973351279667177,268
84029G,KNITTED UNION FLAG HOT WATER BOTTLE,344,670,5513,19853.35,990.1174185638436,20.967359145586784,269
22667,RECIPE BOX RETROSPOT,371,744,4560,12736.800000000001,1036.6750597402067,20.957575249364403,270
23207,LUNCH BAG ALPHABET DESIGN,325,560,6910,10963.98,1105.1782236531917,20.9574879109808,271
21668,RED STRIPE CERAMIC DRAWER KNOB,242,575,8978,10865.9,952.1582183319676,20.95181290055725,272
21155,RED SPOTTY PEG BAG,334,676,5477,11531.31,1028.0923445453925,20.940297154560366,273
84375,SET OF 20 KIDS COOKIE CUTTERS,341,545,6629,13258.220000000001,1085.2642028550251,20.936789795987416,274
21703,BAG 125g SWIRLY MARBLES,254,385,12513,4810.88,922.8828855005862,20.931704211181568,275
23307,SET OF 60 PANTRY DESIGN CAKE CASES,294,408,10193,5213.09,1076.74441102355,20.93024510328261,276
22568,FELTCRAFT CUSHION OWL,351,687,5070,18220.63,1028.1011594062638,20.92871332932646,277
21892,TRADITIONAL WOODEN CATCH CUP GAME,391,522,5983,7314.6,1189.3497861417356,20.9276878235097,278
22569,FELTCRAFT CUSHION BUTTERFLY,342,649,5441,19162.93,981.6540717739687,20.916604729398813,279
21390,FILIGRIS HEART WITH BUTTERFLY,262,449,10179,12295.39,1026.3105051348277,20.909581905046643,280
85049E,SCANDINAVIAN REDS RIBBONS,384,598,5203,6532.52,1146.8924893288965,20.90568777203563,281
22966,GINGERBREAD MAN COOKIE CUTTER,344,490,7027,8347.95,1093.2071049496603,20.89764599413287,282
21673,WHITE SPOT BLUE CERAMIC DRAWER KNOB,246,531,8986,10741.78,953.8392189738234,20.889566193627996,283
48185,DOORMAT FAIRY CAKE,300,693,5629,34418.770000000004,824.7426095875395,20.885446946389415,284
21967,PACK OF 12 SKULL TISSUES,229,338,14991,4076.77,871.0324581636249,20.87935142078185,285
22570,FELTCRAFT CUSHION RABBIT,326,644,5473,19472.66,939.1238058470457,20.86697537729365,286
21671,RED SPOT CERAMIC DRAWER KNOB,249,532,8537,10207.77,966.4179534201013,20.852264409346,287
22728,ALARM CLOCK BAKELIKE PINK,313,667,5355,19616.64,927.1493230406255,20.83965386625596,288
85175,CACTI T-LIGHT CANDLES,193,387,14902,5971.64,908.7213799318238,20.838181312635395,289
20750,RED RETROSPOT MINI CASES,429,780,3338,23983.579999999998,1048.3191940094598,20.837786998470946,290
21986,PACK OF 12 PINK POLKADOT TISSUES,252,347,12610,4326.48,941.5164794924151,20.82791669645787,291
21164,HOME SWEET HOME METAL SIGN,333,583,5689,15445.990000000002,988.3442748851165,20.827507502925304,292
47566B,TEA TIME PARTY BUNTING,326,621,5439,23482.35,966.6263872966499,20.824434603486424,293
21169,YOU'RE CONFUSING ME METAL SIGN,244,552,8159,12633.83,796.9498670695745,20.823615660025215,294
21154,RED RETROSPOT OVEN GLOVE,296,540,6815,8027.81,947.9259205945402,20.81417948615833,295
84520B,PACK 20 ENGLISH ROSE PAPER NAPKINS,320,516,6586,5086.54,1015.7853800976252,20.81233728627914,296
48184,DOOR MAT ENGLISH ROSE,347,700,4473,28638.85,893.6940074738479,20.81074850885914,297
20979,36 PENCILS TUBE RED SPOTTY,294,485,7497,9027.73,982.3620681018008,20.79557557753617,298
22271,FELTCRAFT DOLL ROSIE,371,636,4511,12561.910000000002,1047.315622458165,20.790159303023206,299
21670,BLUE SPOT CERAMIC DRAWER KNOB,248,548,7804,9527.68,937.9448847939213,20.78807117092377,300
23245,SET OF 3 REGENCY CAKE TINS,367,571,5048,22795.84,1011.3338683739432,20.784167412407644,301
21907,I'M ON HOLIDAY METAL SIGN,346,636,4771,9828.160000000002,1066.0840888996904,20.77661521873683,302
21479,WHITE SKULL HOT WATER BOTTLE,359,643,4524,16677.2,1004.1863690849726,20.771175613688534,303
20754,RETROSPOT RED WASHING UP GLOVES,345,646,4682,9079.44,952.5966636980396,20.770479278742165,304
21078,SET/20 STRAWBERRY PAPER NAPKINS,326,513,6216,4848.18,1019.6145458158135,20.767226190621756,305
21974,SET OF 36 PAISLEY FLOWER DOILIES,329,509,6197,8709.33,1052.696531049989,20.76548531852659,306
22694,WICKER STAR,407,611,4061,8345.1,1170.49628820762,20.737430199056817,307
22173,METAL 4 HOOK HANGER FRENCH CHATEAU,350,658,4362,12296.28,1021.8022485306121,20.732424931091984,308
82582,AREA PATROLLED METAL SIGN,231,627,6903,13668.800000000001,766.7919090959743,20.72913377089777,309
23301,GARDENERS KNEELING PAD KEEP CALM,287,565,6162,9901.7,934.618993535578,20.727873509301375,310
21533,RETRO SPOT LARGE MILK JUG,407,795,3075,14594.05,1112.4472189477663,20.72225169087408,311
22835,HOT WATER BOTTLE I AM SO POORLY,372,659,4014,18390.8,1057.3274904946843,20.711610881045146,312
21240,BLUE POLKADOT CUP,271,543,6634,5318.58,920.2574435652253,20.70486525991825,313
21035,SET/2 RED RETROSPOT TEA TOWELS,305,582,5377,15418.130000000001,917.8320467704084,20.681844125131683,314
21623,VINTAGE UNION JACK MEMOBOARD,286,464,7097,50858.67,639.4046341943695,20.66908795455342,315
20973,12 PENCIL SMALL TUBE WOODLAND,261,427,8281,5241.65,889.8882396723649,20.64930746344841,316
35961,FOLKART ZINC HEART CHRISTMAS DEC,241,365,10469,8074.97,808.257258429064,20.647840363422638,317
21509,COWBOYS AND INDIANS BIRTHDAY CARD,242,466,8154,3267.8,955.6934822533716,20.64577721606456,318
20983,12 PENCILS TALL TUBE RED RETROSPOT,336,497,5483,4629.349999999999,1035.79986432506,20.64027304805922,319
22722,SET OF 6 SPICE TINS PANTRY DESIGN,339,549,4891,18690.050000000003,938.5016565188189,20.634220392643787,320
22549,PICTURE DOMINOES,350,468,5502,7807.42,1099.5246843422801,20.624437668971904,321
85066,CREAM SWEETHEART MINI CHEST,430,734,2808,33508.53,1004.1545760099742,20.60656241642083,322
21901,"KEY FOB , BACK DOOR",286,529,5770,3672.86,937.6700056512284,20.592959877016753,323
35970,ZINC FOLKART SLEIGH BELLS,324,423,6286,10218.7,1043.634717085388,20.579797925944753,324
21989,PACK OF 20 SKULL PAPER NAPKINS,246,438,7889,5816.69,796.6073062533723,20.56723916354307,325
22196,SMALL HEART MEASURING SPOONS,287,524,5626,4716.97,949.3872192699243,20.561690462160847,326
47590A,BLUE HAPPY BIRTHDAY BUNTING,323,578,4530,22668.52,850.7815847753307,20.560743938032466,327
21507,"ELEPHANT, BIRTHDAY CARD,",249,441,7645,3093.01,972.9807229499024,20.554708714196302,328
20677,PINK POLKADOT BOWL,249,506,6656,7739.02,830.3840333644115,20.553396133054132,329
22661,CHARLOTTE BAG DOLLY GIRL DESIGN,227,484,7592,6003.14,820.3392638471315,20.54847656910516,330
21899,"KEY FOB , GARAGE DESIGN",283,476,6169,3864.07,919.1977529261118,20.54394484594898,331
85014A,BLACK/BLUE POLKADOT UMBRELLA,325,583,4370,20049.98,826.8493401310053,20.539545459058246,332
21787,RAIN PONCHO WITH RED SPOTS,199,317,13038,10196.4,741.3806164974307,20.536068894751686,333
21484,CHICK GREY HOT WATER BOTTLE,339,609,3933,13356.86,958.9584293621876,20.51981657372657,334
82578,KITCHEN METAL SIGN,303,512,5216,2783.1,955.5360633090423,20.516981349599384,335
22584,PACK OF 6 PANNETONE GIFT BOXES,377,463,4632,11252.54,1015.0813528944519,20.515738633262494,336
20679,EDWARDIAN PARASOL RED,243,569,5814,27356.670000000002,684.2197075478937,20.51100065107456,337
21239,PINK  POLKADOT CUP,247,519,6226,5030.8,865.5614162175609,20.503907512612905,338
21242,RED RETROSPOT PLATE,270,488,6027,9615.39,899.100407848576,20.498651870100957,339
82551,LAUNDRY 15C METAL SIGN,294,517,5208,7192.25,887.7353934815512,20.495093776344497,340
48188,DOORMAT WELCOME PUPPIES,296,566,4689,26473.21,736.8726066060823,20.487279303970777,341
21114,LAVENDER SCENTED FABRIC HEART,335,429,5373,6647.93,1107.6394302713197,20.47022415782625,342
22079,RIBBON REEL HEARTS DESIGN,361,490,4355,7032.15,1051.4898316358485,20.467397823673142,343
22998,TRAVEL CARD WALLET KEEP CALM,189,385,10506,4190.92,740.0128840456011,20.462658422314092,344
22198,LARGE POPCORN HOLDER,233,468,6977,11033.65,766.097351099385,20.4564415055507,345
21108,FAIRY CAKE FLANNEL ASSORTED COLOUR,279,342,7969,15518.13,943.7816969470995,20.455959822119446,346
22834,HAND WARMER BABUSHKA DESIGN,262,421,6883,10778.33,870.235930487728,20.454114503545206,347
21527,RED RETROSPOT TRADITIONAL TEAPOT,342,707,3141,22467.99,899.1848511415567,20.452789359675226,348
22499,WOODEN UNION JACK BUNTING,422,592,3025,17418.28,1044.5156959441942,20.447563472392304,349
22427,ENAMEL FLOWER JUG CREAM,417,644,2802,16115.08,1037.49581836775,20.443177300485317,350
22530,MAGIC DRAWING SLATE DOLLY GIRL,249,327,9212,3680.4,858.5178216580448,20.442845335355322,351
21870,I CAN ONLY PLEASE ONE PERSON MUG,239,525,5973,7184.67,862.8264952132083,20.441112134855757,352
20675,BLUE POLKADOT BOWL,264,504,5632,6617.13,854.1893018328918,20.440685694156294,353
22505,MEMO BOARD COTTAGE DESIGN,363,593,3459,15877.19,916.8794708910908,20.433057055051158,354
85049A,TRADITIONAL CHRISTMAS RIBBONS,322,469,4890,6048.3,982.9113954388067,20.425537078466117,355
21217,RED RETROSPOT ROUND CAKE TINS,400,719,2562,24297.9,932.9441995793082,20.422146365680742,356
21829,DINOSAUR KEYRINGS ASSORTED,195,280,13424,2785.23,928.8260141096551,20.421343247941326,357
84212,"ASSORTED FLOWER COLOUR ""LEIS""",129,238,23214,11037.42,580.2859252280007,20.396551902841114,358
47559B,TEA TIME OVEN GLOVE,273,561,4682,5635.66,877.711418438968,20.396324165465302,359
21218,RED SPOTTY BISCUIT TIN,289,546,4497,15652.95,851.0301138699086,20.38571785792176,360
22804,CANDLEHOLDER PINK HANGING HEART,303,516,4509,12072.03,903.1672246399144,20.379123008411376,361
22693,GROW A FLYTRAP OR SUNFLOWER IN TIN,172,248,16330,17658.98,764.3830536063559,20.371564912039233,362
21495,SKULLS AND CROSSBONES WRAP,189,343,10615,4410.3,866.8884570573124,20.35778330554593,363
23208,LUNCH BAG VINTAGE LEAF DESIGN,256,507,5298,8526.9,894.0069173442638,20.354830934966465,364
21380,WOODEN HAPPY BIRTHDAY GARLAND,304,499,4525,12798.95,833.1646644515921,20.35251370122309,365
22456,NATURAL SLATE CHALKBOARD LARGE,338,530,3783,16546.81,848.0500818139035,20.339299058794158,366
23300,GARDENERS KNEELING PAD CUP OF TEA,266,489,5150,8093.94,825.5035046058548,20.328600199070507,367
21888,BINGO SET,394,560,3027,11157.45,961.2041326823572,20.324264284981155,368
23284,DOORMAT KEEP CALM AND COME IN,284,498,4709,31075.32,787.1281338706582,20.322538463030632,369
22444,GROW YOUR OWN PLANT IN A CAN,236,314,8919,10907.07,989.6651866045177,20.316684005534817,370
22037,ROBOT BIRTHDAY CARD,247,428,6235,2589.28,953.7627430323382,20.312979895270665,371
20749,ASSORTED COLOUR MINI CASES,379,648,2681,19176.19,891.614135504101,20.309922033266147,372
21912,VINTAGE SNAKES & LADDERS,399,546,3013,10801.72,959.5422605471867,20.3069367287164,373
22212,FOUR HOOK  WHITE LOVEBIRDS,310,577,3622,7227.58,925.5737676519411,20.294424471746687,374
22380,TOY TIDY SPACEBOY,281,515,4468,8752.11,864.4427613356227,20.292933785353128,375
22645,CERAMIC HEART FAIRY CAKE MONEY BANK,301,490,4382,6144.98,960.5877478973936,20.2923598455882,376
79000,MOROCCAN TEA GLASS,186,313,11033,8173.009999999999,772.7615606168001,20.289238296595215,377
84997A,CHILDRENS CUTLERY POLKADOT GREEN,260,508,4843,17837.15,777.5040742116773,20.2824645285462,378
71053,WHITE METAL LANTERN,267,549,4350,15440.460000000001,773.3204666427506,20.279066241458054,379
22766,PHOTO FRAME CORNICE,312,510,4003,11560.49,906.4422773493957,20.27762192117897,380
21531,RED RETROSPOT SUGAR JAM BOWL,306,568,3634,8645.7,889.128309852472,20.26909257168115,381
22528,GARDENERS KNEELING PAD,273,436,5287,6234.83,869.7618482395202,20.266256683015182,382
22195,LARGE HEART MEASURING SPOONS,298,472,4459,7248.63,898.5524981271881,20.26244300689673,383
20717,STRAWBERRY SHOPPER BAG,261,464,5165,6141.03,851.3896293331708,20.26023588300424,384
22748,POPPY'S PLAYHOUSE KITCHEN,357,541,3242,6669.41,931.617440401798,20.260053094147665,385
22631,CIRCUS PARADE LUNCH BOX,251,440,5640,10360.58,814.1698957300549,20.256290596698246,386
22663,JUMBO BAG DOLLY GIRL DESIGN,248,486,5141,9741.64,806.2047076131447,20.25091440737313,387
22619,SET OF 6 SOLDIER SKITTLES,360,491,3450,12762.3,907.7377952794991,20.23377599792319,388
21917,SET 12 KIDS  WHITE CHALK STICKS,228,350,7566,3089.46,802.3430537723318,20.22606019371463,389
22487,WHITE WOOD GARDEN PLANT LADDER,567,749,1418,13304.21,1048.1552466664295,20.21990230241155,390
22637,PIGGY BANK RETROSPOT,306,463,4235,10267.37,893.4858250860648,20.21810700653475,391
22536,MAGIC DRAWING SLATE PURDEY,222,294,9056,3524.88,721.1123504125778,20.20544034617489,392
23344,JUMBO BAG 50'S CHRISTMAS,252,376,6208,12194.24,866.0810242046626,20.199389807540424,393
84832,ZINC WILLIE WINKIE  CANDLE STICK,257,401,5693,4722.83,916.847189042271,20.196579941378623,394
20668,DISCO BALL CHRISTMAS DECORATION,140,250,16557,1864.7199999999998,653.1413157303163,20.1888374772087,395
22567,20 DOLLY PEGS RETROSPOT,269,401,5391,6567.05,847.439498089616,20.18754570020954,396
22625,RED KITCHEN SCALES,392,693,2143,17403.93,910.5939367895834,20.18671009456676,397
22131,FOOD CONTAINER SET 3 LOVE HEART,255,461,4913,8738.23,707.0415350392396,20.180585888642426,398
21592,RETRO SPOT  CIGAR BOX MATCHES,271,396,5268,6010.9,778.826798034422,20.159334217192473,399
21430,SET/3 RED GINGHAM ROSE STORAGE BOX,275,505,4057,14323.35,757.439301052907,20.155383055390374,400
22130,PARTY CONE CHRISTMAS DECORATION,269,321,6512,5377.64,985.9782773190809,20.154528963089184,401
22274,FELTCRAFT DOLL EMILY,314,517,3387,9396.910000000002,858.9637932447912,20.13054293685706,402
21622,VINTAGE UNION JACK CUSHION COVER,315,528,3275,17437.57,855.8879309090532,20.121109090418173,403
22335,HEART DECORATION PAINTED ZINC,224,311,7755,4713.75,800.6492367424172,20.115325606376445,404
21770,OPEN CLOSED METAL SIGN,382,522,2697,12966.960000000001,768.8994648202297,20.10788249001327,405
23355,HOT WATER BOTTLE KEEP CALM,315,469,3633,16552.95,886.4396597951938,20.10656415724713,406
22579,WOODEN TREE CHRISTMAS SCANDINAVIAN,275,371,5226,2810.62,936.0042311843054,20.100887498703216,407
22607,WOODEN ROUNDERS GARDEN SET,391,594,2297,19958.91,904.9633452131562,20.09961770374479,408
16161U,WRAP SUKI AND FRIENDS,191,297,9351,3801.42,851.4418578986276,20.09793436168509,409
23293,SET OF 12 FAIRY CAKE BAKING CASES,232,347,6593,5170.35,762.7516055702904,20.09715635697185,410
22303,COFFEE MUG APPLES DESIGN,247,434,4950,11291.94,844.5934504891875,20.09611963261509,411
22563,HAPPY STENCIL CRAFT,244,407,5321,6113.76,708.4243825379436,20.09212983648652,412
21955,DOORMAT UNION JACK GUNS AND ROSES,263,547,3669,20714.13,662.2461080179187,20.090171331142948,413
23200,JUMBO BAG PEARS,221,393,6032,11614.16,768.4981284424327,20.084027969610975,414
21874,GIN AND TONIC MUG,200,431,6072,7399.66,681.5241297615505,20.08333849220076,415
22064,PINK DOUGHNUT TRINKET POT,197,443,5773,8881.89,720.6920384226455,20.045211953349643,416
21508,VINTAGE KID DOLLY CARD,206,389,6268,2524.4500000000003,800.7872046385736,20.04223766366303,417
22156,HEART DECORATION WITH PEARLS,241,379,5456,4594.57,833.4247006153508,20.033763446063347,418
22301,COFFEE MUG CAT + BIRD DESIGN,253,425,4619,10540.59,823.4910697057147,20.02992359736369,419
16237,SLEEPING CAT ERASERS,179,296,9345,1864.95,699.4501830284769,20.029392712953282,420
22435,SET OF 9 HEART SHAPED BALLOONS,271,405,4497,5509.29,807.26032905935,20.023543358416994,421
21988,PACK OF 6 SKULL PAPER PLATES,197,332,7511,5426.75,664.8764988705663,20.020666541563077,422
22745,POPPY'S PLAYHOUSE BEDROOM,328,488,3070,6289.15,870.6929611678859,20.018178760681067,423
22900,SET 2 TEA TOWELS I LOVE LONDON,219,441,5077,14388.45,669.6766671998292,20.017610190694683,424
21519,GIN & TONIC DIET GREETING CARD,172,416,6837,2793.06,717.9558841940101,20.016628386495828,425
22508,DOORSTOP RETROSPOT HEART,362,526,2566,9799.75,872.0127974571859,20.012096563677353,426
21098,CHRISTMAS TOILET ROLL,229,343,6185,7193.75,722.0943250999594,20.00876491954161,427
21937,STRAWBERRY   PICNIC BAG,277,482,3644,10149.8,802.098191418424,20.008749411785967,428
22491,PACK OF 12 COLOURED PENCILS,225,308,6989,5548.3099999999995,780.4110083130578,20.006112111397886,429
20982,12 PENCILS TALL TUBE SKULLS,276,426,4099,3473.23,832.6915187964427,19.99954377210836,430
48111,DOORMAT 3 SMILEY CATS,226,532,3961,22652.43,617.8884463127821,19.987975668905744,431
22437,SET OF 9 BLACK SKULL BALLOONS,238,330,6031,4941.75,822.2776775012713,19.983415836996365,432
22851,SET 20 NAPKINS FAIRY CAKES DESIGN,272,401,4342,3431.3799999999997,839.0733278423635,19.982244516338802,433
22908,PACK OF 20 NAPKINS RED APPLES,241,374,5244,4088.34,749.0587553058357,19.980894272957496,434
22752,SET 7 BABUSHKA NESTING BOXES,282,512,3251,25650.93,723.83670672601,19.972748213481708,435
22088,PAPER BUNTING COLOURED LACE,255,462,3947,10834.45,757.1378271519985,19.96386889911917,436
22749,FELTCRAFT PRINCESS CHARLOTTE DOLL,315,509,2883,10495.28,843.2338343519422,19.957086437710124,437
22602,RETROSPOT WOODEN HEART DECORATION,257,338,5293,4297.81,869.3576974589482,19.953289075089117,438
22502,PICNIC BASKET WICKER SMALL,300,522,2898,53178.05,800.381281116708,19.938812857735456,439
21558,SKULL LUNCH BOX WITH CUTLERY,251,492,3646,8666.4,711.4638509826268,19.931598452362792,440
22983,CARD BILLBOARD FONT,222,348,5810,2374.61,853.7609192103641,19.929751645737653,441
21844,RED RETROSPOT MUG,233,391,4874,13439.900000000001,774.6462856279242,19.91845833858011,442
84596B,SMALL DOLLY MIX DESIGN ORANGE BOWL,211,432,4852,3045.43,686.7712896937537,19.914676352079717,443
22730,ALARM CLOCK BAKELIKE IVORY,252,539,3257,12242.0,743.8791842314513,19.913827417447834,444
20828,GLITTER BUTTERFLY CLIPS,241,450,4051,9520.05,702.7627829675151,19.90737093102794,445
22329,ROUND CONTAINER SET OF 5 RETROSPOT,240,394,4588,7133.2,729.5606495800436,19.895100112786608,446
22080,RIBBON REEL SPOTS DESIGN,311,399,3480,5644.0,884.4297023730593,19.889542622728904,447
21902,"KEY FOB , FRONT  DOOR",228,374,5044,3126.94,749.2161523956812,19.88680096231236,448
21135,VICTORIAN  METAL POSTCARD SPRING,235,347,5253,7647.8099999999995,805.5375875538599,19.88277925504557,449
22622,BOX OF VINTAGE ALPHABET BLOCKS,313,462,2930,27739.809999999998,736.2870838706001,19.87021898070538,450
22988,SOLDIERS EGG CUP,173,290,8368,9638.69,616.9663237485546,19.864668248418894,451
21746,SMALL RED RETROSPOT WINDMILL,223,364,5155,6165.87,777.7653129311578,19.85945976949661,452
22531,MAGIC DRAWING SLATE CIRCUS PARADE,216,292,6606,2711.16,753.4386120215178,19.855954934587412,453
21933,PINK VINTAGE PAISLEY PICNIC BAG,272,434,3522,7556.15,781.1023499759287,19.851886004614883,454
37370,RETRO COFFEE MUGS ASSORTED,176,331,7088,8040.179999999999,610.2236583504981,19.847584267345333,455
20981,12 PENCILS TALL TUBE WOODLAND,260,384,4102,3411.8199999999997,790.643058247381,19.837237434052664,456
22644,CERAMIC CHERRY CAKE MONEY BANK,260,401,3884,5493.66,840.0972686068006,19.825850758743464,457
21932,SCANDINAVIAN PAISLEY PICNIC BAG,284,446,3188,6691.1,783.42710766641,19.822510441892277,458
21987,PACK OF 6 SKULL PAPER CUPS,198,329,6179,3757.15,665.4221264877449,19.821471029636754,459
22940,FELTCRAFT CHRISTMAS FAIRY,321,439,2856,11716.56,821.6414220683673,19.81885367468749,460
72351B,SET/6 PINK  BUTTERFLY T-LIGHTS,192,390,5362,10168.78,620.9463921723095,19.818676547873178,461
21544,SKULLS  WATER TRANSFER TATTOOS,215,341,5464,4356.4,741.9333589555904,19.816208545357412,462
22712,CARD DOLLY GIRL,190,312,6744,2666.02,728.3461143885731,19.815033387228638,463
22950,36 DOILIES VINTAGE CHRISTMAS,218,258,7104,9662.4,729.4752583739474,19.81445383204724,464
22243,5 HOOK HANGER RED MAGIC TOADSTOOL,173,308,7485,11366.25,552.2022866766762,19.813186464576653,465
22750,FELTCRAFT PRINCESS LOLA DOLL,303,498,2652,9682.14,792.3267956697432,19.81308015129548,466
21216,"SET 3 RED SPOT TIN TEA,COFFEE,SUGAR",246,485,3350,15337.22,713.6390987101952,19.81261104826578,467
21875,KINGS CHOICE MUG,204,301,6479,7216.15,644.7425130327445,19.8099127858596,468
10002,INFLATABLE POLITICAL GLOBE,159,290,8567,6713.07,572.6378814208764,19.804286694532905,469
85049G,CHOCOLATE BOX RIBBONS,265,420,3546,4301.75,767.9356753613863,19.7999865972377,470
21381,MINI WOODEN HAPPY BIRTHDAY GARLAND,228,359,4813,7710.61,706.0322736240078,19.799109653347415,471
22704,WRAP RED APPLES,185,263,8050,3301.0,812.2997798499346,19.795247363159497,472
21260,FIRST AID TIN,288,418,3240,10325.1,716.9348139459746,19.787934811176115,473
21539,RED RETROSPOT BUTTER DISH,278,558,2487,11693.25,750.488483121756,19.776595708835536,474
21876,POTTERING MUG,216,359,4897,5668.93,712.5483763532634,19.76258362250273,475
21935,SUKI  SHOULDER BAG,201,411,4580,7210.46,676.1867365197154,19.758963640637475,476
40016,CHINESE DRAGON PAPER LANTERNS,129,190,15122,4885.94,565.6907146835116,19.74377992125295,477
21243,PINK  POLKADOT PLATE,199,374,4959,7862.3099999999995,678.1462076531354,19.73440441223742,478
22740,POLKADOT PEN,153,194,12263,10092.83,747.714296552492,19.724375581529024,479
22055,MINI CAKE STAND  HANGING STRAWBERY,223,417,3926,6077.84,726.9125892673686,19.722758538957805,480
22047,EMPIRE GIFT WRAP,198,240,7575,3079.5,836.9660184582331,19.71084239308106,481
48173C,DOORMAT BLACK FLOCK,207,434,3992,22221.29,519.7594304565155,19.705182217853224,482
22959,WRAP CHRISTMAS VILLAGE,203,224,7838,3183.96,853.3177464638446,19.70108695023736,483
22028,PENNY FARTHING BIRTHDAY CARD,183,338,5747,2333.17,727.4647622673508,19.69754311218835,484
22571,ROCKING HORSE RED CHRISTMAS,238,316,4731,3859.11,789.4267475302989,19.697468550907068,485
22171,3 HOOK PHOTO SHELF ANTIQUE WHITE,246,493,2909,20720.42,610.0184219412656,19.687832213981437,486
23204,CHARLOTTE BAG APPLES DESIGN,163,353,6104,4863.4,654.3571041882088,19.686026727502778,487
22065,CHRISTMAS PUDDING TRINKET POT,203,270,6401,4650.65,670.1382476956808,19.684604535253726,488
23321,SMALL WHITE HEART OF WICKER,275,418,3031,4823.03,813.5762349320429,19.675249532401548,489
22855,FINE WICKER HEART,247,314,4465,5348.69,838.0685423815231,19.67024981739072,490
22665,RECIPE BOX BLUE SKETCHBOOK DESIGN,296,468,2457,6942.710000000001,762.8225397301666,19.651438197374958,491
22300,COFFEE MUG DOG + BALL DESIGN,240,374,3784,8666.94,762.4363311050208,19.650524125332616,492
21244,BLUE POLKADOT PLATE,203,355,4690,7430.74,669.9384152979071,19.646451783024702,493
22144,CHRISTMAS CRAFT LITTLE FRIENDS,277,380,3187,6556.7300000000005,785.1718062534527,19.637569528727443,494
22089,PAPER BUNTING VINTAGE PAISLEY,275,401,3040,8397.95,741.9767425317877,19.636794642013534,495
20682,RED SPOTTY CHILDS UMBRELLA,275,441,2741,8640.53,746.2289000537079,19.628153607917106,496
22771,CLEAR DRAWER KNOB ACRYLIC EDWARDIAN,168,335,5869,7106.09,659.0572338022406,19.62461978770842,497
20969,RED FLORAL FELTCRAFT SHOULDER BAG,255,456,2847,10249.7,680.5881858666937,19.624233107905635,498
22791,T-LIGHT GLASS FLUTED ANTIQUE,171,253,7596,8652.24,641.4281013628425,19.62033745533521,499
22431,WATERING CAN BLUE ELEPHANT,239,458,3004,5661.32,706.448159571144,19.617721980371844,500
20829,GLITTER HANGING BUTTERFLY STRING,194,372,4530,8993.39,592.6776595639496,19.6132759228747,501
22429,ENAMEL MEASURING JUG CREAM,332,474,2063,8501.79,778.9312553125899,19.60385842061654,502
23240,SET OF 4 KNICK KNACK TINS DOILY,253,376,3394,13547.5,741.5075808605361,19.59963849445934,503
22227,HANGING HEART MIRROR DECORATION,181,358,4973,3220.45,668.8851157691404,19.59930869992842,504
47599A,PINK PARTY BAGS,185,300,5780,10635.68,542.3258559427887,19.595188895544553,505
85049C,ROMANTIC PINKS RIBBONS,279,417,2762,3424.07,772.2722752141827,19.594343360617422,506
21700,BIG DOUGHNUT FRIDGE MAGNETS,180,313,5646,4717.98,675.0056251504868,19.586769726846917,507
23170,REGENCY TEA PLATE ROSES,188,281,5995,9262.59,679.2226645603541,19.582501945220244,508
84971S,SMALL HEART FLOWERS HOOK,170,307,6056,4958.88,675.4654995559368,19.580733246457182,509
21833,CAMOUFLAGE LED TORCH,187,298,5671,9317.11,681.4864718074818,19.5801826044326,510
47556B,TEA TIME TEA TOWELS,204,402,3826,10589.1,617.6973724630571,19.571783026510793,511
22191,IVORY DINER WALL CLOCK,313,542,1853,15094.3,721.8272307031159,19.57160305196799,512
22432,WATERING CAN PINK BUNNY,244,401,3196,5827.92,725.2060048518529,19.56767844822359,513
22440,BALLOON WATER BOMB PACK OF 35,168,230,8048,3120.36,609.9283959725435,19.5656195645386,514
22398,MAGNETS PACK OF 4 SWALLOWS,239,343,3805,3437.4,766.5989917740494,19.56561462857148,515
22465,HANGING METAL STAR LANTERN,237,334,3910,6157.4400000000005,779.2311879780382,19.557949580252057,516
22739,RIBBON REEL CHRISTMAS SOCK BAUBLE,273,353,3199,5262.71,794.5367250540011,19.553331108309663,517
22544,MINI JIGSAW SPACEBOY,170,224,8056,3251.64,668.0141946699981,19.552060516484275,518
22812,PACK 3 BOXES CHRISTMAS PANNETONE,243,314,4025,7606.07,758.3207416471305,19.55026947031857,519
22716,CARD CIRCUS PARADE,217,304,4635,1904.32,801.4557692868983,19.546414043856142,520
48129,DOOR MAT TOPIARY,226,448,2988,18127.9,554.4519128002092,19.534667067507595,521
37448,CERAMIC CAKE DESIGN SPOTTED MUG,185,399,4076,5857.24,662.927425199279,19.530327923640435,522
22596,CHRISTMAS STAR WISH LIST CHALKBOARD,221,293,4635,4489.75,759.0118774412354,19.5278643536706,523
21878,PACK OF 6 SANDCASTLE FLAGS ASSORTED,209,272,5274,4180.5199999999995,653.8984011463476,19.527313284246695,524
23243,SET OF TEA COFFEE SUGAR TINS PANTRY,217,316,4355,20638.03,591.541643566699,19.52270632071922,525
22078,RIBBON REEL LACE DESIGN,229,354,3666,7456.099999999999,673.4338977185563,19.517326266469937,526
21179,NO JUNK MAIL METAL SIGN,222,342,3874,2990.34,681.1751990489241,19.507203160413507,527
21259,VICTORIAN SEWING BOX SMALL,274,512,2098,11999.61,664.0113797153099,19.506263262657974,528
22605,WOODEN CROQUET GARDEN SET,352,511,1634,19776.6,713.5884909700042,19.50419076530416,529
20992,JAZZ HEARTS PURSE NOTEBOOK,184,311,5096,2696.14,609.2491505463183,19.499766423227847,530
20977,36 PENCILS TUBE WOODLAND,238,348,3511,4361.39,729.5038556031335,19.495476428888946,531
22729,ALARM CLOCK BAKELIKE ORANGE,220,472,2776,10221.69,653.1025898864775,19.486384577316485,532
22185,SLATE TILE NATURAL HANGING,265,337,3202,5119.12,784.7765258389397,19.478385353873875,533
85061W,WHITE JEWELLED HEART DECORATION,184,296,5220,4232.7,663.7263993231594,19.474532197291573,534
22668,PINK BABY BUNTING,268,346,3041,8522.31,757.6818471164121,19.464306632367936,535
22945,CHRISTMAS METAL TAGS ASSORTED,193,223,6531,5325.93,730.2499930448847,19.463972665008722,536
21561,DINOSAUR LUNCH BOX WITH CUTLERY,243,417,2772,6587.13,659.069178451608,19.460334703433738,537
20978,36 PENCILS TUBE SKULLS,226,354,3508,4302.92,685.3628223972315,19.460154182540034,538
22493,PAINT YOUR OWN CANVAS SET,216,310,4157,6549.05,682.1795369599798,19.452479734137654,539
84536A,ENGLISH ROSE NOTEBOOK A7 SIZE,200,360,3866,1624.13,655.5808647923843,19.452417157999253,540
22614,PACK OF 12 SPACEBOY TISSUES,205,268,5059,1536.57,731.4732072154245,19.451709310672932,541
22332,SKULLS PARTY BAG + STICKER SET,221,317,3944,6074.0,634.5872738676669,19.44493299793243,542
23077,DOUGHNUT LIP GLOSS,164,227,7382,8790.7,701.201732904156,19.442226441914187,543
22548,HEADS AND TAILS SPORTING FUN,265,341,3050,3550.97,740.6019536174887,19.441531730560975,544
22170,PICTURE FRAME WOOD TRIPLE PORTRAIT,259,477,2215,14052.95,681.9611802884142,19.433751411374157,545
22776,SWEETHEART CAKESTAND 3 TIER,365,514,1449,13605.55,746.400422964125,19.42611906947972,546
21890,S/6 WOODEN SKITTLES IN COTTON BAG,290,359,2605,7464.47,741.647211424381,19.42499905630644,547
37503,TEA TIME CAKE STAND IN GIFT BOX,252,455,2357,23494.55,640.2838693661458,19.421451379339224,548
22501,PICNIC BASKET WICKER LARGE,305,452,1956,17832.4,666.363732955852,19.41864519483149,549
22241,GARLAND WOODEN HAPPY EASTER,227,317,3699,4349.31,690.6296143925144,19.407485110366935,550
22593,CHRISTMAS GINGHAM STAR,208,264,4838,4028.84,730.3150327925151,19.406527444744352,551
22623,BOX OF VINTAGE JIGSAW BLOCKS,292,442,2057,10312.81,729.0495518850105,19.4032322954562,552
22746,POPPY'S PLAYHOUSE LIVINGROOM,276,403,2373,4853.42,709.3661544923923,19.3977639593181,553
22837,HOT WATER BOTTLE BABUSHKA,208,354,3560,15935.6,633.4860249300317,19.392248724718005,554
22600,CHRISTMAS RETROSPOT STAR WOOD,232,283,3930,3245.34,757.0662693877453,19.376661817148765,555
22142,CHRISTMAS CRAFT WHITE FAIRY,248,322,3210,4512.9,725.5988996412332,19.36944291377688,556
85232B,SET/3 RUSSIAN DOLL STACKING TINS,205,435,2870,13755.7,593.4722006481192,19.36793409225968,557
22302,COFFEE MUG PEARS  DESIGN,186,309,4447,9155.26,616.4367082462088,19.3678907502642,558
22242,5 HOOK HANGER MAGIC TOADSTOOL,182,299,4659,7264.95,572.2581164710363,19.360039354617314,559
22537,MAGIC DRAWING SLATE DINOSAUR,193,244,5343,2151.9,626.5910055426948,19.352846084824538,560
22169,FAMILY ALBUM WHITE PICTURE FRAME,246,519,1976,15707.94,628.8368620509493,19.352552971374067,561
22327,ROUND SNACK BOXES SET OF 4 SKULLS,238,433,2433,6903.750000000001,658.416053691422,19.34679935957939,562
20970,PINK FLORAL FELTCRAFT SHOULDER BAG,254,452,2183,7993.37,699.1271292023501,19.346069007506255,563
22904,CALENDAR PAPER CUT DESIGN,236,353,3003,8543.890000000001,661.1576864762388,19.345057067152933,564
22610,PENS ASSORTED FUNNY FACE,127,184,10622,4399.58,611.751288693911,19.343162829777953,565
84032B,CHARLIE + LOLA RED HOT WATER BOTTLE,258,360,2677,5576.1900000000005,634.4623975217764,19.338531546283534,566
22818,CARD CHRISTMAS VILLAGE,209,238,4950,2057.4,787.1396341013286,19.3309159380104,567
21983,PACK OF 12 BLUE PAISLEY TISSUES,187,237,5541,1645.5299999999997,680.994787720378,19.32882336192435,568
21411,GINGHAM HEART  DOORSTOP RED,324,455,1658,6487.7,735.2569245692818,19.320288282034568,569
21830,ASSORTED CREEPY CRAWLIES,146,218,7628,3161.17,656.5260592516851,19.319216370685467,570
22816,CARD MOTORBIKE SANTA,203,234,5096,2087.04,763.9280555605995,19.31411291832842,571
21745,GAOLERS KEYS DECORATIVE GARDEN,226,425,2521,8428.77,607.8510399952617,19.312196880275636,572
22588,CARD HOLDER GINGHAM HEART,282,352,2419,6119.67,754.2106918610926,19.303437773727268,573
22755,SMALL PURPLE BABUSHKA NOTEBOOK,212,350,3210,2488.6099999999997,629.5555572051288,19.296416083264806,574
20751,FUNKY WASHING UP GLOVES ASSORTED,236,373,2693,5561.820000000001,644.9446306226179,19.291098295519973,575
84596F,SMALL MARSHMALLOWS PINK BOWL,178,352,3726,2420.0099999999998,571.3867714096681,19.27721276225331,576
23230,WRAP ALPHABET DESIGN,159,204,7175,2881.5,683.1912563213597,19.276681198110865,577
23231,WRAP  VINTAGE DOILY,162,224,6375,2629.5,698.9644826062756,19.270146823481234,578
23205,CHARLOTTE BAG VINTAGE ALPHABET,170,293,4650,3680.02,597.7641231387189,19.270080853065437,579
21186,WHITE DOVE HONEYCOMB PAPER GARLAND,181,266,4779,7374.75,606.3886281523478,19.263451170962547,580
22358,KINGS CHOICE TEA CADDY,283,367,2221,6286.43,730.415215516925,19.26322014652971,581
22023,EMPIRE BIRTHDAY CARD,165,295,4692,1889.07,629.6485402208434,19.25617455847502,582
22601,CHRISTMAS RETROSPOT ANGEL WOOD,214,272,3913,3231.67,701.8324898132452,19.252424971268645,583
22441,GROW YOUR OWN BASIL IN ENAMEL MUG,270,355,2378,4927.8,725.4800473757599,19.25148506203469,584
22670,FRENCH WC SIGN BLUE METAL,195,285,4090,4895.11,598.93352674942,19.25065118797977,585
22738,RIBBON REEL SNOWY VILLAGE,220,285,3627,5796.43,679.5290222645926,19.250591323572632,586
21715,GIRLS VINTAGE TIN SEASIDE BUCKET,243,303,3078,7225.0199999999995,693.9615568687037,19.246556074623925,587
22562,MONSTERS STENCIL CRAFT,209,302,3576,4145.62,590.3113677425836,19.243120075485855,588
21591,COSY HOUR CIGAR BOX MATCHES,237,306,3113,3859.33,674.5620529053901,19.242781773652617,589
21756,BATH BUILDING BLOCK WORD,313,485,1485,8821.78,747.260890211259,19.239444835086452,590
75049L,LARGE CIRCULAR MIRROR MOBILE,91,200,12235,10970.55,385.0897851068681,19.23723119037891,591
22331,WOODLAND PARTY BAG + STICKER SET,213,318,3296,5192.08,640.4801073572379,19.231935360878424,592
22419,LIPSTICK PEN RED,169,255,5167,2146.97,576.5227826494086,19.23121692699226,593
46000S,POLYESTER FILLER PAD 40x40cm,218,334,3057,4432.65,666.9055223147902,19.228718648130574,594
22466,FAIRY TALE COTTAGE NIGHTLIGHT,164,261,5171,9019.05,562.8488044144743,19.225304717553424,595
22574,HEART WOODEN CHRISTMAS DECORATION,205,254,4243,3595.6299999999997,686.6934413649043,19.22240121368188,596
22754,SMALL RED BABUSHKA NOTEBOOK,200,328,3348,2484.72,607.9853394990918,19.215779731618653,597
23171,REGENCY TEA PLATE GREEN,166,237,5570,8549.06,590.1059513485683,19.215594336109046,598
21584,RETRO SPOT SMALL TUBE MATCHES,219,297,3373,5416.65,644.6067635033012,19.21457529596368,599
22366,DOORMAT AIRMAIL,236,405,2295,14371.81,580.9504286165655,19.21333705817632,600
22059,CERAMIC STRWBERRY DESIGN MUG,159,320,4264,5843.04,561.1178121838234,19.204812398289622,601
21714,CITRONELLA CANDLE GARDEN POT,218,305,3261,3587.37,690.0483722793603,19.20275261494984,602
48116,DOORMAT MULTICOLOUR STRIPE,177,371,3282,18600.91,454.0029656636067,19.197190322066824,603
21718,RED METAL BEACH SPADE,212,292,3480,4148.82,651.099740397541,19.19653966253793,604
21903,MAN FLU METAL SIGN,211,319,3197,6273.76,582.08268143964,19.195188163859683,605
22024,RAINY LADIES BIRTHDAY CARD,159,272,4950,1983.02,618.1100476566588,19.191990465780208,606
85049D,BRIGHT BLUES RIBBONS,256,363,2298,2845.14,690.2724783796417,19.186459477295145,607
22654,DELUXE SEWING KIT,269,394,2010,11357.34,642.9987327519689,19.18369511367215,608
21716,BOYS VINTAGE TIN SEASIDE BUCKET,229,291,3180,7389.98,673.2390649438535,19.17978400294062,609
85199S,SMALL HANGING IVORY/RED WOOD BIRD,170,257,4784,1989.51,611.018034051325,19.16786444531133,610
22594,CHRISTMAS GINGHAM TREE,202,253,4065,3413.13,692.0469931227537,19.160955240248615,611
84950,ASSORTED COLOUR T-LIGHT HOLDER,143,200,7212,4536.46,540.5547394176954,19.15675844013875,612
21313,GLASS HEART T-LIGHT HOLDER,158,235,5535,4114.11,588.0701033661876,19.151763504543347,613
23232,WRAP VINTAGE PETALS  DESIGN,151,194,7001,2824.42,655.3041194658192,19.150831180924634,614
22898,CHILDRENS APRON APPLES DESIGN,227,329,2743,5115.57,651.2972745518526,19.145610272260743,615
21872,GLAMOROUS  MUG,158,262,4927,4859.71,436.448711926083,19.143746739611352,616
22737,RIBBON REEL CHRISTMAS PRESENT,248,312,2638,4326.62,710.9404822425819,19.141811423508187,617
22244,3 HOOK HANGER MAGIC GARDEN,163,273,4560,8240.4,519.9861179122536,19.13829171092397,618
23295,SET OF 12 MINI LOAF BAKING CASES,175,262,4354,3438.7,574.2832589570614,19.12171791650252,619
22041,"RECORD FRAME 7"" SINGLE SIZE",93,303,7004,15395.77,358.3601015971526,19.114701942447333,620
22564,ALPHABET STENCIL CRAFT,178,269,4126,4675.63,505.80186916045994,19.111113794591713,621
22353,LUNCH BOX WITH CUTLERY FAIRY CAKES,197,362,2769,6634.35,558.7209186934607,19.109272464140773,622
23308,SET OF 60 VINTAGE LEAF CAKE CASES,168,241,4855,2548.31,589.5457862370243,19.106806773819095,623
23309,SET OF 60 I LOVE LONDON CAKE CASES,136,226,6352,3062.2,484.84682397614364,19.10161336457606,624
22690,DOORMAT HOME SWEET HOME BLUE,237,347,2367,14346.57,550.1091727589871,19.094274149449845,625
22193,RED DINER WALL CLOCK,243,503,1583,12978.76,614.47486026738,19.08745306573894,626
21590,KINGS CHOICE CIGAR BOX MATCHES,201,278,3443,4135.03,590.7609122994199,19.083868344770192,627
22634,CHILDS BREAKFAST SET SPACEBOY,297,422,1518,14018.05,673.2348059296959,19.070273168147455,628
21811,CHRISTMAS HANGING HEART WITH BELL,168,230,4883,3645.35,600.7721631045672,19.06603626067546,629
22245,"HOOK, 1 HANGER ,MAGIC GARDEN",161,266,4404,3591.6,548.4116927667911,19.065340532002914,630
22714,CARD BIRTHDAY COWBOY,169,230,4826,1903.1100000000001,616.8450897193029,19.060196583232546,631
72760B,VINTAGE CREAM 3 BASKET CAKE STAND,280,417,1600,14854.2,608.5456105600821,19.052219814855217,632
84792,ENCHANTED BIRD COATHANGER 5 HOOK,232,400,2007,8500.39,617.7765596967545,19.04989436168389,633
85178,VICTORIAN SEWING KIT,155,228,5247,5716.37,534.3215480819083,19.0491803414277,634
21679,SKULLS  STICKERS,166,248,4506,3599.2200000000003,566.1772127420346,19.04883373157211,635
22692,DOORMAT WELCOME TO OUR HOME,258,407,1769,11841.37,593.9204477779762,19.04683006167157,636
21504,SKULLS GREETING CARD,151,268,4550,1831.8,589.6874257884768,19.04169416846476,637
21071,VINTAGE BILLBOARD DRINK ME MUG,152,300,4036,4350.21,475.81423332769157,19.04080530699425,638
22906,12 MESSAGE CARDS WITH ENVELOPES,236,292,2674,4256.1,639.1323838085291,19.039937409482306,639
23322,LARGE WHITE HEART OF WICKER,242,358,2118,5902.200000000001,661.1441899198877,19.035083390097128,640
22627,MINT KITCHEN SCALES,281,494,1319,10946.69,645.4821406503303,19.03185184908722,641
22635,CHILDS BREAKFAST SET DOLLY GIRL,297,408,1506,13930.55,651.6399148643893,19.0286848411747,642
72351A,SET/6 TURQUOISE BUTTERFLY T-LIGHTS,160,320,3535,6802.49,503.84085381123106,19.023596911872012,643
20674,GREEN POLKADOT BOWL,180,337,2984,3608.09,571.9393407155891,19.022897952575548,644
23343,JUMBO BAG VINTAGE CHRISTMAS,198,263,3471,6857.9800000000005,621.4513537165719,19.021740003651047,645
20984,12 PENCILS TALL TUBE POSY,164,206,5333,1749.1299999999999,561.8739474960056,19.020520971907906,646
22636,CHILDS BREAKFAST SET CIRCUS PARADE,287,420,1495,12134.98,667.728354465012,19.01614347235275,647
22713,CARD I LOVE LONDON,140,228,5589,2199.16,555.2689611683928,19.011216460081553,648
21355,TOAST ITS - I LOVE YOU,201,263,3344,3988.4,602.365908797278,18.99943877310985,649
22813,PACK 3 BOXES BIRD PANNETONE,195,255,3527,6559.07,587.9243098081622,18.99177852083676,650
85048,15CM CHRISTMAS GLASS BALL 20 LIGHTS,250,341,2035,14991.25,636.5230870097137,18.9790060538648,651
22424,ENAMEL BREAD BIN CREAM,280,509,1218,14621.54,597.9134126443558,18.978551524533387,652
21428,SET3 BOOK BOX GREEN GINGHAM FLOWER,198,323,2688,10407.8,501.370749920193,18.970972996785687,653
22941,CHRISTMAS LIGHTS 10 REINDEER,245,319,2190,17095.3,593.2429917767257,18.9657658713216,654
22979,PANTRY WASHING UP BRUSH,190,254,3537,5240.51,548.2489023026206,18.964853847924786,655
23076,ICE CREAM SUNDAE LIP GLOSS,151,187,6002,7321.0599999999995,646.1168470277515,18.96033710692807,656
21786,POLKADOT RAIN HAT,121,200,6990,2589.15,472.51883147321263,18.95970483930432,657
22377,BOTTLE BAG RETROSPOT,193,278,3160,5657.09,574.6827431611152,18.957713653100313,658
20996,JAZZ HEARTS ADDRESS BOOK,145,226,5151,1374.3500000000001,500.51957021446333,18.95569690697393,659
22460,EMBOSSED GLASS TEALIGHT HOLDER,176,251,3797,4587.35,605.129500027146,18.947808711457483,660
22371,AIRLINE BAG VINTAGE TOKYO 78,260,456,1419,6511.87,593.4158476877852,18.947615948812206,661
22046,TEA PARTY  WRAPPING PAPER,140,196,6075,2487.5,612.6815152570914,18.94406548283182,662
22174,PHOTO CUBE,158,271,3898,5915.9,504.9520178746072,18.943181657498826,663
22152,PLACE SETTING WHITE STAR,140,201,5768,2341.49,533.2806330860458,18.917281622036263,664
22741,FUNKY DIVA PEN,110,166,8807,7405.61,542.7218544579575,18.910939692131606,665
22109,FULL ENGLISH BREAKFAST PLATE,180,340,2633,9438.8,495.95194271316444,18.90663839085257,666
22895,SET OF 2 TEA TOWELS APPLE AND PEARS,203,312,2536,7435.240000000001,568.1621365301503,18.90306074398365,667
22899,CHILDREN'S APRON DOLLY GIRL,218,307,2396,4804.25,584.1951543723019,18.90114474722446,668
22573,STAR WOODEN CHRISTMAS DECORATION,190,240,3508,2961.52,610.822627294841,18.9001567371205,669
22603,CHRISTMAS RETROSPOT TREE WOOD,190,242,3452,2816.42,614.950823041333,18.892333568777172,670
23296,SET OF 6 TEA TIME BAKING CASES,176,240,3754,4388.42,551.6057469261426,18.891790230262718,671
21713,CITRONELLA CANDLE FLOWERPOT,211,300,2508,4352.55,598.3209951907791,18.89133608578731,672
79029,GLASS HONEYPOT WASP CATCHER,198,286,2784,4968.0,533.3892971593287,18.8847901928455,673
21577,SAVE THE PLANET COTTON TOTE BAG,230,317,2162,4540.5,597.8895964489666,18.88372051925503,674
79323W,WHITE CHERRY LIGHTS,173,311,2923,17247.25,561.1106217195635,18.88276630789368,675
22433,WATERING CAN GREEN DINOSAUR,193,326,2496,4497.32,565.3869178099452,18.880663620240355,676
21934,SKULL SHOULDER BAG,153,326,3114,4922.1,498.5600219185003,18.870897204532437,677
22399,MAGNETS PACK OF 4 CHILDHOOD MEMORY,166,238,3916,4559.84,497.876369616628,18.867538698014094,678
22439,6 ROCKET BALLOONS,180,260,3307,2174.15,590.9529149474523,18.8671164947321,679
22938,CUPCAKE LACE PAPER SET 6,209,222,3315,6149.629999999999,654.3592207130617,18.86079381843277,680
23310,BUBBLEGUM RING ASSORTED,109,155,9043,3719.04,535.0091066461499,18.860193206439813,681
22535,MAGIC DRAWING SLATE BUNNIES,177,223,3876,1538.64,549.91509512331,18.856246539818052,682
22207,FRYING PAN UNION FLAG,178,301,2848,11213.32,456.05585975328927,18.85253615771353,683
22521,CHILDS GARDEN TROWEL PINK,241,307,2064,1734.12,637.2063925081225,18.851923014525394,684
22141,CHRISTMAS CRAFT TREE TOP ANGEL,220,315,2200,4519.1900000000005,612.2187842691374,18.850571996631125,685
22962,JAM JAR WITH PINK LID,163,229,4062,3220.26,567.3277482546831,18.84762263273512,686
22115,METAL SIGN EMPIRE TEA,212,302,2370,4265.88,570.420741590638,18.846092057284203,687
21624,VINTAGE UNION JACK DOORSTOP,267,333,1684,9833.28,577.5729029560239,18.83164881627402,688
22520,CHILDS GARDEN TROWEL BLUE,238,308,2040,1716.84,629.2461181945013,18.8309999916391,689
21033,JUMBO BAG CHARLIE AND LOLA TOYS,155,284,3385,6413.07,467.9762887857876,18.829749750211267,690
22061,LARGE CAKE STAND  HANGING STRAWBERY,199,399,1879,16257.4,518.2867658011905,18.828808969480015,691
23173,REGENCY TEAPOT ROSES,203,296,2474,21270.92,506.61907807556884,18.825847807649705,692
21749,LARGE RED SPOT WINDMILL,139,198,5344,10112.4,398.56638912924825,18.81886407079294,693
37449,CERAMIC CAKE STAND + HANGING CAKES,187,371,2105,18701.98,490.16161635372316,18.807881509797017,694
22672,FRENCH BATHROOM SIGN BLUE METAL,207,274,2568,4126.92,613.5823863931492,18.805581174477773,695
46000M,POLYESTER FILLER PAD 45x45cm,192,321,2362,3661.1,593.3801103826248,18.8049290116362,696
85227,SET OF 6 3D KIT CARDS FOR KIDS,193,250,2999,2482.1299999999997,594.7458161526354,18.799678665845356,697
82599,FANNY'S REST STOPMETAL SIGN,180,347,2317,4705.8,536.8081726980502,18.799159534939996,698
15034,PAPER POCKET TRAVELING FAN,105,150,9099,1055.46,444.9937842390507,18.79674862343193,699
84032A,CHARLIE+LOLA PINK HOT WATER BOTTLE,209,311,2215,4604.67,532.1897981786784,18.793569766394125,700
85062,PEARL CRYSTAL PUMPKIN T-LIGHT HLDR,159,257,3505,5572.89,541.6110395256103,18.790364465636625,701
22725,ALARM CLOCK BAKELIKE CHOCOLATE,190,363,2077,7659.09,547.0596495124912,18.788588467342542,702
22992,REVOLVER WOODEN RULER,154,208,4406,7953.84,496.94261368327227,18.776708833726044,703
22751,FELTCRAFT PRINCESS OLIVIA DOLL,218,343,1891,6859.85,553.4355549886045,18.775103136801725,704
22154,ANGEL DECORATION 3 BUTTONS,136,184,5595,2332.62,514.7420626306938,18.770144086691822,705
22349,DOG BOWL CHASING BALL DESIGN,211,290,2293,8715.25,536.2560811961858,18.76796183953282,706
22649,STRAWBERRY FAIRY CAKE TEAPOT,188,376,1984,9555.5,549.7408992429697,18.767366395628944,707
23263,SET OF 3 WOODEN HEART DECORATIONS,187,280,2673,3477.38,573.9787018952297,18.766127389825584,708
37446,MINI CAKE STAND WITH HANGING CAKES,153,278,3258,4354.7,501.9420322384621,18.757340063072554,709
85049B,LUSH GREENS RIBBONS,217,310,2054,2537.86,597.7819999900211,18.752319101898657,710
22073,RETRO SPOT STORAGE JAR,218,344,1843,6700.29,610.3926548302532,18.7523085509644,711
22986,WRAP GINGHAM ROSE,146,183,5141,2127.22,616.3319461943311,18.75056573221356,712
22550,HOLIDAY FUN LUDO,244,306,1811,6449.08,571.5490643500768,18.730292444734847,713
22035,VINTAGE CARAVAN GREETING CARD,147,238,3846,1572.94,568.2195900002488,18.728724728447922,714
22155,STAR DECORATION RUSTIC,142,190,4968,2086.56,525.4811519479753,18.726091949908856,715
21088,SET/6 FRUIT SALAD PAPER CUPS,86,94,16344,1693.12,293.8737765792847,18.721462329413434,716
20961,STRAWBERRY BATH SPONGE,159,282,2982,3654.45,465.8363057555768,18.72130549739181,717
22575,METAL MERRY CHRISTMAS WREATH,187,267,2678,5070.3,574.1682491744396,18.720627812885414,718
22522,CHILDS GARDEN FORK BLUE,228,286,2046,1696.98,598.8273146637102,18.717334804975152,719
51014A,"FEATHER PEN,HOT PINK",128,202,5128,3398.7599999999998,512.3082494211421,18.71568437079273,720
22523,CHILDS GARDEN FORK PINK,231,293,1968,1652.52,603.2733615630113,18.715598217644114,721
22970,LONDON BUS COFFEE MUG,150,228,3871,8742.45,458.678304495543,18.712528288765633,722
85206A,CREAM FELT EASTER EGG BASKET,227,274,2134,3413.1,613.3180732195584,18.712338652283737,723
23198,PANTRY MAGNETIC  SHOPPING LIST,188,283,2489,3518.49,565.8707077354067,18.710759242679604,724
22378,WALL TIDY RETROSPOT,160,276,2984,4743.43,487.23030948383035,18.706776896998505,725
22192,BLUE DINER WALL CLOCK,235,459,1224,10143.28,577.4137289691225,18.70575441748758,726
22072,RED RETROSPOT TEA CUP AND SAUCER,179,368,1997,7148.19,539.8765897705538,18.703655454139238,727
22148,EASTER CRAFT 4 CHICKS,197,231,2881,5209.95,568.1140185669532,18.701244178920312,728
21068,VINTAGE BILLBOARD LOVE/HATE MUG,135,238,4067,3972.29,427.64364332198426,18.700025194836012,729
22357,KINGS CHOICE BISCUIT TIN,243,297,1808,7773.959999999999,561.0088526774445,18.6947911971939,730
47599B,BLUE PARTY BAGS,160,244,3333,6249.74,453.2985536766025,18.69459063883993,731
21488,RED WHITE SCARF  HOT WATER BOTTLE,209,292,2128,7799.6,539.6793960895708,18.690687804628016,732
22365,DOORMAT RESPECTABLE HOUSE,181,325,2185,13477.27,443.3075909644282,18.680732737179987,733
84030E,ENGLISH ROSE HOT WATER BOTTLE,208,334,1840,7459.41,535.4241174797976,18.674528965022954,734
21832,CHOCOLATE CALCULATOR,179,249,2835,4567.59,538.9510072899814,18.664567656404476,735
22580,ADVENT CALENDAR GINGHAM SACK,235,335,1606,9271.140000000001,588.2708945183567,18.663067330726328,736
23192,BUNDLE OF 3 ALPHABET EXERCISE BOOKS,178,250,2833,4496.97,530.5972046597287,18.662283165223165,737
22892,SET OF SALT AND PEPPER TOADSTOOLS,148,256,3316,4035.56,536.0717330580173,18.659838429787733,738
47568,ENGLISH ROSE DESIGN PEG BAG,177,316,2247,4447.28,542.1525696240697,18.658481535182947,739
21041,RED RETROSPOT OVEN GLOVE DOUBLE,179,315,2220,6275.0,502.04658070418054,18.65441188837155,740
22996,TRAVEL CARD WALLET VINTAGE TICKET,130,253,3785,1558.02,465.76472881234236,18.651596921988954,741
21588,RETRO SPOT GIANT  TUBE MATCHES,166,243,3084,7110.9,462.2176372443971,18.649468974049448,742
22121,NOEL WOODEN BLOCK LETTERS,269,340,1360,8033.740000000001,592.2803176399065,18.64627943893336,743
22669,RED BABY BUNTING,228,287,1893,5484.35,635.3839289590026,18.64312875743621,744
22436,12 COLOURED PARTY BALLOONS,151,221,3693,2336.25,541.8727257080691,18.641023063477743,745
22989,SET 2 PANTRY DESIGN TEA TOWELS,196,255,2463,7564.47,529.8374232659402,18.63792249787096,746
21096,SET/6 FRUIT SALAD  PAPER PLATES,83,93,15672,2534.08,269.32904731369996,18.633806346767386,747
20963,APPLE BATH SPONGE,153,268,2965,3635.62,459.9738002714278,18.626633504713347,748
22224,WHITE LOVEBIRD LANTERN,216,281,1997,5698.35,588.6067410858017,18.621706383687073,749
22494,EMERGENCY FIRST AID TIN,190,280,2272,2845.96,527.8975329669346,18.61948392123292,750
22964,3 PIECE SPACEBOY COOKIE CUTTER SET,195,263,2356,4700.81,524.3415130816063,18.619208665312964,751
23294,SET OF 6 SNACK LOAF BAKING CASES,156,219,3510,2725.2,484.0897478266489,18.613529527869105,752
15056P,EDWARDIAN PARASOL PINK,171,297,2349,11350.36,443.56064666751297,18.606758570457064,753
22179,SET 10 NIGHT OWL LIGHTS,186,372,1720,11061.34,499.38562676166794,18.603347832709943,754
22026,BANQUET BIRTHDAY  CARD,130,246,3700,1517.28,508.52100398859307,18.600943992215285,755
85049F,BABY BOOM RIBBONS,199,284,2051,2536.39,552.55332333976,18.577376753107345,756
21911,GARDEN METAL SIGN,196,250,2360,3586.8,536.8701011430022,18.575497204955287,757
23356,LOVE HOT WATER BOTTLE,219,304,1726,9582.7,546.2137463475119,18.56808040110645,758
21818,GLITTER HEART DECORATION,163,209,3352,2226.86,545.5024335847977,18.564584705007896,759
22711,WRAP CIRCUS PARADE,140,165,4927,2021.34,583.8131771009577,18.56343618394807,760
23319,BOX OF 6 MINI 50'S CRACKERS,187,228,2656,6064.860000000001,540.1548906473954,18.555116912144,761
23144,ZINC T-LIGHT HOLDER STARS SMALL,142,192,4127,3258.4100000000003,521.3334967978631,18.55108312632619,762
21491,SET OF THREE VINTAGE GIFT WRAPS,181,219,2820,5153.4,543.9842919846474,18.542480944431155,763
21563,RED HEART SHAPE LOVE BUCKET,161,278,2495,6131.650000000001,461.8108335484662,18.541252846543067,764
22572,ROCKING HORSE GREEN CHRISTMAS,172,223,2909,2372.81,538.850842011586,18.540846006518358,765
23078,ICE CREAM PEN LIP GLOSS,126,169,5183,6347.71,545.686932218163,18.533317761540964,766
85038,6 CHOCOLATE LOVE HEART T-LIGHTS,178,262,2362,4642.24,485.1230687784561,18.527227115205427,767
22360,GLASS JAR ENGLISH CONFECTIONERY,185,271,2189,5975.31,475.6682624804381,18.523205562819747,768
22066,LOVE HEART TRINKET POT,163,223,2989,2461.27,513.8433706962635,18.51454114606397,769
84839,SWEETHEART KEY CABINET,218,345,1446,8021.7,500.8843228652256,18.51275823150571,770
21340,CLASSIC METAL BIRDCAGE PLANT HOLDER,212,333,1540,16103.21,464.10429418872724,18.51261999400624,771
21810,CHRISTMAS HANGING STAR WITH BELL,132,181,4522,3015.22,495.41280679196683,18.511286584776393,772
23175,REGENCY MILK JUG PINK,168,227,2837,8287.75,473.17997399657753,18.5100992015975,773
22161,HEART DECORATION RUSTIC HANGING,128,183,4547,1426.8500000000001,486.8047085743337,18.497191016841086,774
84568,GIRLS ALPHABET IRON ON PATCHES,46,68,33217,6341.969999999999,308.9160383026525,18.49510128296626,775
22732,3D VINTAGE CHRISTMAS STICKERS,168,205,3072,3763.79,542.6269721593592,18.48818444584314,776
21658,GLASS  BEURRE DISH,160,333,1987,7511.45,463.27120121335014,18.487429745177685,777
21328,BALLOONS  WRITING SET,228,320,1449,2387.81,576.0989287479233,18.484481962098876,778
84510A,SET OF 4 ENGLISH ROSE COASTERS,182,285,2033,2503.08,539.8128278771813,18.48323754026978,779
22963,JAM JAR WITH GREEN LID,152,200,3453,2733.03,512.415459097285,18.481031088158133,780
22943,CHRISTMAS LIGHTS 10 VINTAGE BAUBLES,183,248,2316,10626.54,500.7021467206689,18.48041717850607,781
23108,SET OF 10 LED DOLLY LIGHTS,207,272,1863,11023.79,497.3703998248357,18.477489870131812,782
22583,PACK OF 6 HANDBAG GIFT BOXES,237,264,1665,4203.15,563.0822386393725,18.470181322384484,783
22480,RED TEA TOWEL CLASSIC DESIGN,191,237,2298,2763.06,530.2357223216362,18.469995570462437,784
22412,METAL SIGN NEIGHBOURHOOD WITCH,159,293,2231,4545.6,479.2504551784647,18.469406906073708,785
21452,TOADSTOOL MONEY BOX,207,296,1696,4885.6,569.664918142521,18.467887483738245,786
22276,WASH BAG VINTAGE ROSE PAISLEY,201,290,1781,4375.05,521.8990526177004,18.467082572603452,787
22582,PACK OF 6 SWEETIE GIFT BOXES,201,223,2314,5655.61,518.6997412407953,18.46707871577658,788
21329,DINOSAURS  WRITING SET,224,318,1447,2357.15,559.6064163706216,18.459230077934926,789
22421,LIPSTICK PEN FUSCHIA,148,208,3336,1364.18,476.8667034259733,18.459108036661643,790
85042,ANTIQUE LILY FAIRY LIGHTS,139,278,2649,11986.95,425.4527558638266,18.455169123410936,791
22710,WRAP I LOVE LONDON,100,152,6654,2598.6800000000003,450.8586984241764,18.448682169062906,792
21992,VINTAGE PAISLEY STATIONERY SET,206,266,1854,3120.84,532.3906293149504,18.445607426707156,793
22747,POPPY'S PLAYHOUSE BATHROOM,210,286,1687,3419.7,525.4407495110341,18.44264002439159,794
21207,SKULL AND CROSSBONES  GARLAND,155,195,3326,5092.7,456.07306302686226,18.43779694249853,795
22434,BALLOON PUMP WITH 10 BALLOONS,178,232,2431,4476.45,481.0622296077842,18.434893502492514,796
22483,RED GINGHAM TEDDY BEAR,206,279,1738,4862.38,524.3265584356787,18.4285739107889,797
22091,EMPIRE TISSUE BOX,165,212,2816,2046.06,478.64140207162035,18.41670772194234,798
22533,MAGIC DRAWING SLATE BAKE A CAKE,145,174,3875,1510.8600000000001,452.7917409802516,18.41095156864251,799
22025,RING OF ROSES BIRTHDAY CARD,139,192,3661,1457.7,512.1470615424118,18.410097336748645,800
23318,BOX OF 6 MINI VINTAGE CRACKERS,167,207,2828,6375.06,482.3171705170896,18.409180630406144,801
22753,SMALL YELLOW BABUSHKA NOTEBOOK,174,289,1946,1567.07,485.9967166727626,18.408711902276234,802
23103,JINGLE BELL HEART DECORATION,153,220,2891,4726.95,509.19787300225494,18.404818887210038,803
22736,RIBBON REEL MAKING SNOWMEN,191,247,2056,3370.64,548.2377131086746,18.39992800784572,804
47504K,ENGLISH ROSE GARDEN SECATEURS,184,233,2259,2527.37,502.193766932462,18.398797032702358,805
47567B,TEA TIME KITCHEN APRON,164,293,2008,10659.300000000001,453.3215809489288,18.394917606054197,806
22809,SET OF 6 T-LIGHTS SANTA,199,253,1916,5534.72,545.2076012504533,18.394168376612217,807
23174,REGENCY SUGAR BOWL GREEN,155,226,2742,10706.64,440.51148502324463,18.391613515668542,808
22402,MAGNETS PACK OF 4 VINTAGE COLLAGE,142,210,3205,2853.2799999999997,429.87611929421377,18.387482096905472,809
22132,RED LOVE HEART SHAPE CUP,144,224,2944,2433.7599999999998,476.391078645656,18.380698240710682,810
22539,MINI JIGSAW DOLLY GIRL,123,149,5137,2038.84,440.2116269287153,18.37533603737112,811
10135,COLOURING PENCILS BROWN TUBE,156,216,2801,2866.16,499.4178677021422,18.37423188578572,812
22468,BABUSHKA LIGHTS STRING OF 10,184,318,1615,10128.39,480.1390573933165,18.37325616694421,813
22350,CAT BOWL,161,233,2503,6371.61,445.6216309634085,18.368562182810074,814
22795,SWEETHEART RECIPE BOOK STAND,199,347,1359,8750.05,477.6259439611204,18.365759825052606,815
21586,KINGS CHOICE GIANT TUBE MATCHES,161,223,2599,6037.950000000001,463.1180621419488,18.362509111096998,816
21906,PHARMACIE FIRST AID TIN,202,293,1568,10645.6,447.87021227748437,18.3549794991135,817
84880,WHITE WIRE EGG HOLDER,175,312,1694,9284.650000000001,451.7625270315928,18.352125205392856,818
72008,FROSTED BOX 9 WHITE T-LIGHT CANDLES,134,189,3627,1440.18,467.2066156145948,18.348735661833942,819
22208,WOOD STAMP SET THANK YOU,195,257,1834,2335.61,531.6304586375173,18.345874004640805,820
15044A,PINK PAPER PARASOL,106,178,4835,12626.890000000001,309.639676452389,18.344057852037345,821
21587,COSY HOUR GIANT TUBE MATCHES,191,237,2025,5034.150000000001,534.8867947344677,18.343584730507885,822
21069,VINTAGE BILLBOARD TEA MUG,106,174,4921,4934.4,331.63473181375207,18.339085039336425,823
22840,ROUND CAKE TIN VINTAGE RED,242,322,1171,8718.73,517.5508397009369,18.337180736700162,824
84670,JAPANESE CROCHETED ANIMAL,110,163,5021,2015.22,452.2528975488654,18.33098016885406,825
23172,REGENCY TEA PLATE PINK,137,196,3361,5263.33,481.8885413880613,18.330748727863757,826
22236,CAKE STAND 3 TIER MAGIC GARDEN,238,369,1032,12416.4,483.4522736718648,18.33018902668942,827
21067,VINTAGE RED TEATIME MUG,122,169,4364,3174.11,383.6255334883241,18.32935626069638,828
22581,WOOD STOCKING CHRISTMAS SCANDISPOT,169,217,2452,1989.54,527.1691654102946,18.32536054409784,829
35400,WOODEN BOX ADVENT CALENDAR,231,318,1217,10513.2,528.0635993982266,18.316893922720997,830
22566,FELTCRAFT HAIRBAND PINK AND PURPLE,166,214,2507,2042.8099999999997,486.1702953266283,18.31587274229723,831
21042,RED SPOTTY APRON,194,327,1405,7872.25,487.9130076750098,18.3145172393185,832
22733,3D STICKERS TRADITIONAL CHRISTMAS,167,196,2710,3372.54,531.0658356642315,18.312240557639914,833
21578,WOODLAND DESIGN  COTTON TOTE BAG,176,268,1881,4214.25,499.05607368623475,18.31095143232099,834
21158,MOODY GIRL DOOR HANGER,164,228,2367,1551.51,429.32027008192307,18.309468473458715,835
22896,PEG BAG APPLES DESIGN,173,269,1900,4497.05,467.3023472158403,18.307612600701333,836
23182,TOILET SIGN OCCUPIED OR VACANT,124,230,3090,2563.76,451.4209412220404,18.30698138995621,837
22315,200 RED + WHITE BENDY STRAWS,171,270,1912,2303.36,427.3899534562858,18.306041267133406,838
23236,DOILEY STORAGE TIN,169,240,2167,6003.63,492.44674715510456,18.302155733100456,839
22110,BIRD HOUSE HOT WATER BOTTLE,186,275,1713,3860.06,481.738505513698,18.298094581729462,840
23439,HAND WARMER RED LOVE HEART,160,222,2440,4932.0,477.44705201091745,18.28873920683754,841
22070,SMALL RETRO SPOT MUG IN BOX  RED,205,258,1638,4985.47,512.2946624337536,18.286545809232948,842
22991,GIRAFFE WOODEN RULER,142,182,3324,6057.139999999999,430.4726251449111,18.281555736191283,843
37450,CERAMIC CAKE BOWL + HANGING CAKES,131,294,2217,6080.55,418.83219142855273,18.274138446836503,844
22128,PARTY CONES CANDY ASSORTED,135,175,3590,4288.0,491.19662560126403,18.269324875000287,845
22847,BREAD BIN DINER STYLE IVORY,223,381,1001,15506.19,493.9211824448758,18.266819942106427,846
22613,PACK OF 20 SPACEBOY NAPKINS,149,206,2752,2136.46,446.9232873470527,18.263800592504232,847
37447,CERAMIC CAKE DESIGN SPOTTED PLATE,136,248,2485,3590.0899999999997,474.7203216139477,18.25586409436349,848
22674,FRENCH TOILET SIGN BLUE METAL,169,226,2183,2636.48,507.9107667103216,18.249661791396463,849
22075,6 RIBBONS ELEGANT CHRISTMAS,166,207,2409,3693.55,458.69423378776696,18.242913918602774,850
70006,LOVE HEART POCKET WARMER,131,156,4036,3323.46,405.13781385792277,18.24230484878762,851
22334,DINOSAUR PARTY BAG + STICKER SET,169,231,2113,3323.29,471.7636454818292,18.238872975146755,852
85184C,S/4 VALENTINE DECOUPAGE HEART BOX,172,234,2030,3957.28,454.1625012918896,18.229160670222324,853
22153,ANGEL DECORATION STARS ON DRESS,110,157,4700,1953.84,430.8063120756241,18.22765576536343,854
21866,UNION JACK FLAG LUGGAGE TAG,180,276,1642,2045.94,474.1967819269603,18.226793655490432,855
21896,POTTING SHED TWINE,177,213,2156,4348.9800000000005,442.1182512930857,18.22423321170309,856
85040A,S/4 PINK FLOWER CANDLES IN BOWL,170,279,1710,2817.3,479.87821316357656,18.221286433564103,857
22291,HANGING CHICK CREAM DECORATION,134,199,3029,4096.849999999999,419.2036670130391,18.219910043489882,858
22478,BIRDHOUSE GARDEN MARKER,163,200,2428,3200.6,482.71444846516005,18.19840626488545,859
22576,SWALLOW WOODEN CHRISTMAS DECORATION,154,198,2588,2186.54,491.51094479903344,18.195756921395276,860
85231B,CINAMMON SET OF 9 T-LIGHTS,167,264,1791,1515.33,488.44091984915843,18.194781398924356,861
21272,SALLE DE BAIN HOOK,162,225,2164,2684.36,490.32284084875863,18.19446084051564,862
21407,BROWN CHECK CAT DOORSTOP,223,318,1107,4525.0,502.87086769694633,18.187149021947114,863
20966,SANDWICH BATH SPONGE,131,224,2664,3292.0,375.7854319615653,18.186861661390736,864
23256,CHILDRENS CUTLERY SPACEBOY,180,250,1723,6891.25,469.686060071963,18.176352421621246,865
22186,RED STAR CARD HOLDER,194,241,1650,4320.54,512.598813898182,18.17107372864056,866
21215,IVORY PAPER CUP CAKE CASES,115,169,3909,1941.69,401.1320622545706,18.16068128113604,867
16014,SMALL CHINESE STYLE SCISSOR,38,76,25626,8296.92,163.9011888264353,18.15876883015888,868
15039,SANDALWOOD FAN,116,164,3974,2702.7,376.97513351458394,18.155899435786772,869
22606,WOODEN SKITTLES GARDEN SET,249,312,970,12995.74,470.9999809978916,18.145990576693727,870
22708,WRAP DOLLY GIRL,105,143,4975,1993.5,456.27328852263344,18.145634028107082,871
22980,PANTRY SCRUBBING BRUSH,172,212,2060,3282.4,474.04764694949927,18.145530341097665,872
21107,CREAM SLICE FLANNEL PINK SPOT,156,213,2256,6117.6,414.99690009357636,18.144013597187694,873
23286,BLUE VINTAGE SPOT BEAKER,110,144,4706,4362.54,351.26618904787347,18.143069985134048,874
23233,WRAP POPPIES  DESIGN,114,139,4700,1906.0,482.86430641257425,18.142105081996686,875
22318,FIVE HEART HANGING DECORATION,193,271,1433,4198.55,521.8496692292076,18.141883246518894,876
21082,SET/20 FRUIT SALAD PAPER NAPKINS,92,114,7050,1754.1,257.05521242044244,18.138456351235547,877
22284,HEN HOUSE DECORATION,150,219,2268,3544.8,454.52771033642557,18.13800186794713,878
22285,"DECORATION HEN ON NEST, HANGING",152,196,2499,3810.75,444.1631239286368,18.137687660986717,879
21327,SKULLS WRITING SET,189,288,1371,2259.75,492.09308308592796,18.13747556855875,880
22430,ENAMEL WATERING CAN CREAM,214,283,1231,5645.49,506.97427778549945,18.136006410382333,881
84990,60 GOLD AND SILVER FAIRY CAKE CASES,110,159,4226,2019.98,361.8087573407946,18.13395181711295,882
35004C,SET OF 3 COLOURED  FLYING DUCKS,108,223,3067,14591.15,310.27561890580796,18.13177509657133,883
22272,FELTCRAFT DOLL MARIA,203,270,1348,3699.6600000000003,481.12297980387956,18.127357670931673,884
21257,VICTORIAN SEWING BOX MEDIUM,187,325,1211,9105.29,429.89548395309083,18.123366510825917,885
22485,SET OF 2 WOODEN MARKET CRATES,256,313,918,11207.699999999999,528.9425406649283,18.12175519315916,886
22094,RED POLKA DOT TISSUE BOX,144,188,2690,1994.47,417.5448177096941,18.116148908207123,887
84884A,ANT WHITE WIRE HEART SPIRAL,180,251,1607,5652.01,469.45041059569013,18.11067256851616,888
21245,GREEN POLKADOT PLATE,135,238,2248,3639.44,430.0329641727916,18.10735938962688,889
21258,VICTORIAN SEWING BOX LARGE,173,322,1295,15094.109999999999,378.6494157838843,18.103745499349408,890
22354,RETROSPOT PADDED SEAT CUSHION,151,230,2071,7431.67,446.65269746221054,18.102567834747443,891
22540,MINI JIGSAW CIRCUS PARADE,104,134,5119,2007.93,397.95395693233047,18.100144846629505,892
11001,ASSTD DESIGN RACING CAR PEN,108,161,4105,6320.09,396.5156511559762,18.099148815040408,893
21163,DO NOT TOUCH MY STUFF DOOR HANGER,142,193,2602,1534.34,368.4022058658791,18.0951226943178,894
16235,RECYCLED PENCIL WITH RABBIT ERASER,111,142,4507,909.57,431.26856135537184,18.09495237671467,895
22675,FRENCH KITCHEN SIGN BLUE METAL,167,210,2026,2448.7,488.13189103420325,18.090134259331325,896
21819,GLITTER CHRISTMAS STAR,143,179,2766,1749.32,471.63886225819823,18.088289130253138,897
23313,VINTAGE CHRISTMAS BUNTING,167,228,1852,8624.92,461.6903338139027,18.08224720924286,898
21447,12 IVORY ROSE PEG PLACE SETTINGS,139,218,2309,2797.33,402.8562036315298,18.075716955941644,899
22098,BOUDOIR SQUARE TISSUE BOX,140,196,2546,1620.25,402.0569116328526,18.074635094095616,900
22956,36 FOIL HEART CAKE CASES,158,190,2302,4479.27,408.75794325960914,18.063145530087546,901
21922,UNION STRIPE WITH FRINGE  HAMMOCK,186,308,1209,9086.91,444.3824033225289,18.06282553234312,902
22897,OVEN MITT APPLES DESIGN,172,225,1780,2527.72,475.1137912944108,18.058756877059725,903
23581,JUMBO BAG PAISLEY PARK,141,177,2739,5284.22,432.17098060483556,18.05332380727546,904
22772,PINK DRAWER KNOB ACRYLIC EDWARDIAN,94,196,3693,4363.16,373.5533677210864,18.051545781097715,905
22175,PINK OWL SOFT TOY,152,272,1651,4575.43,430.2426083095945,18.04965167065832,906
23167,SMALL CERAMIC TOP STORAGE JAR,101,140,4784,3519.32,378.2305410295457,18.046974007549494,907
22525,CHILDRENS GARDEN GLOVES PINK,180,228,1654,2037.1,493.74943798088293,18.04377532263123,908
22810,SET OF 6 T-LIGHTS SNOWMEN,170,222,1793,5278.030000000001,479.4593450176315,18.04103837058152,909
23188,VINTAGE  2 METER FOLDING RULER,143,201,2342,3851.14,442.20241333189426,18.037268435485,910
23306,SET OF 36 DOILIES PANTRY DESIGN,154,180,2423,3429.89,470.30150632404866,18.035096495374276,911
22336,DOVE DECORATION PAINTED ZINC,124,137,3932,1871.8600000000001,424.55669930782983,18.032725194891317,912
22609,PENS ASSORTED SPACEBALL,94,124,5709,1943.31,439.1251926313306,18.0321649315529,913
10133,COLOURING PENCILS BROWN TUBE,134,181,2743,1669.18,460.9539853166993,18.026453454361,914
37495,FAIRY CAKE BIRTHDAY CANDLE SET,193,266,1295,4683.45,485.9301138370537,18.022144694375797,915
22920,HERB MARKER BASIL,120,171,3207,1921.0500000000002,373.49487769012495,18.0166879913966,916
21115,ROSE CARAVAN DOORSTOP,236,318,881,5660.71,477.7458182800485,18.01544329992677,917
79323P,PINK CHERRY LIGHTS,131,227,2208,13053.800000000001,416.14622082916924,18.01244275496093,918
21788,KIDS RAIN MAC BLUE,131,161,3101,2463.83,436.5427842647656,18.01020060155524,919
85064,CREAM SWEETHEART LETTER RACK,167,231,1699,7536.67,374.1145252807199,18.00908488111388,920
22482,BLUE TEA TOWEL CLASSIC DESIGN,148,195,2266,2668.34,429.8479072566419,18.008273615683507,921
85040B,SET/4 BLUE FLOWER CANDLES IN BOWL,122,221,2407,3690.7499999999995,335.911646520051,18.001413543673408,922
22292,"SPRING DEC , HANGING CHICK  YELLOW",142,175,2610,3489.2999999999997,420.56054587537767,18.000817193997186,923
84828,JUNGLE POPSICLES ICE LOLLY HOLDERS,136,218,2180,2674.47,434.29108028283457,17.996591421846254,924
85199L,LARGE HANGING IVORY & RED WOOD BIRD,123,171,3059,1933.63,427.1752560165503,17.993946237364916,925
22798,ANTIQUE GLASS DRESSING TABLE POT,144,222,2013,5775.67,439.2616916470952,17.9917835871592,926
22597,CHRISTMAS MUSICAL ZINC HEART,132,161,3020,1850.3799999999999,450.2481779743961,17.991288644840807,927
37340,MULTICOLOUR SPRING FLOWER MUG,64,78,12664,2377.7400000000002,260.9231107500152,17.990432684798435,928
22180,RETROSPOT LAMP,214,337,889,8619.35,470.70598313660156,17.984905386336866,929
22361,GLASS JAR DAISY FRESH COTTON WOOL,175,245,1492,4115.8,420.075161161384,17.984358328509703,930
22653,BUTTON BOX,142,211,2127,4019.0099999999998,416.00470433186695,17.982368755393455,931
20681,PINK SPOTTY CHILDS UMBRELLA,180,270,1312,4165.0,459.8819794581882,17.98068572644832,932
21126,SET OF 6 GIRLS CELEBRATION CANDLES,155,194,2115,2045.43,447.92141660708603,17.980138358791475,933
84535B,FAIRY CAKES NOTEBOOK A6 SIZE,127,225,2224,1381.79,413.7083552750742,17.980077457792245,934
22093,MOTORING TISSUE BOX,150,209,2016,1254.6599999999999,391.82713014283894,17.973753905486603,935
22187,GREEN CHRISTMAS TREE CARD HOLDER,179,229,1541,4955.63,472.03829967593055,17.97187171393668,936
21363,HOME SMALL WOOD LETTERS,215,319,912,4514.400000000001,466.3690024298165,17.960335284072904,937
22784,LANTERN CREAM GAZEBO,193,262,1233,5804.03,486.32690991394355,17.958028395706428,938
22076,6 RIBBONS EMPIRE,173,208,1730,2803.58,480.31400485224543,17.957844106355548,939
22063,CERAMIC BOWL WITH STRAWBERRY DESIGN,131,236,2003,5240.6900000000005,395.1154899827938,17.95376252592626,940
21494,ROTATING LEAVES T-LIGHT HOLDER,119,203,2552,3318.14,393.3107498616287,17.950636153867745,941
22127,PARTY CONES CARNIVAL ASSORTED,125,143,3439,3990.95,435.99684026136896,17.949321956894924,942
22524,CHILDRENS GARDEN GLOVES BLUE,174,217,1633,2015.41,485.2461583431375,17.94806731213255,943
22400,MAGNETS PACK OF 4 HOME SWEET HOME,139,193,2291,1961.19,409.164804850172,17.946680659507262,944
22215,CAKE STAND WHITE TWO TIER LACE,225,293,930,7637.55,476.2861617927365,17.940374043888035,945
79067,CORONA MEXICAN TRAY,155,268,1470,5203.7,393.36340486831295,17.938265107452814,946
22844,VINTAGE CREAM DOG FOOD CONTAINER,197,317,971,7963.49,439.1926197294397,17.92967421793515,947
20886,BOX OF 9 PEBBLE CANDLES,157,236,1631,3054.1499999999996,433.47022810474033,17.92821670968615,948
21864,UNION JACK FLAG PASSPORT COVER,157,249,1539,3035.1,393.3527019988499,17.923593646296887,949
21993,FLORAL FOLK STATIONERY SET,162,221,1676,2675.28,433.2773998232282,17.921189344502253,950
22587,FELTCRAFT HAIRBAND RED AND BLUE,165,202,1793,1486.61,457.53213185259995,17.91739681001707,951
22338,STAR DECORATION PAINTED ZINC,111,136,3937,1448.83,405.01337325093345,17.916908056322292,952
21058,PARTY INVITES WOODLAND,141,196,2159,1775.87,424.7506310921487,17.91689428701746,953
23275,SET OF 3 HANGING OWLS OLLIE BEAK,114,188,2761,3261.65,362.1593485694698,17.91038947739213,954
20752,BLUE POLKADOT WASHING UP GLOVES,177,255,1313,2307.3,420.176296137336,17.907792193816203,955
22592,CARDHOLDER HOLLY WREATH METAL,175,210,1610,5958.57,437.8609129749637,17.90695251169119,956
20985,HEART CALCULATOR,149,198,1994,2359.07,406.15419266241076,17.902339448144712,957
21162,TOXIC AREA  DOOR HANGER,142,197,2101,1332.4099999999999,369.50212168024865,17.90175621239134,958
22085,PAPER CHAIN KIT SKULLS,134,182,2404,6437.8,353.75215272673483,17.90006611381971,959
84691,PACK 20 DOLLY PEGS,124,179,2623,2042.35,374.9115325944886,17.893725738256492,960
72756,FAIRY CAKE CANDLES,114,127,4003,5446.07,417.27367159878725,17.89201153271798,961
22757,LARGE RED BABUSHKA NOTEBOOK,134,189,2296,2523.62,400.6753929544911,17.891658053288012,962
21642,ASSORTED TUTTI FRUTTI PEN,119,145,3350,1968.4599999999998,427.9620378871551,17.88811245222769,963
22971,QUEENS GUARD COFFEE MUG,137,196,2151,5053.05,407.8184181427573,17.88461033517687,964
22586,FELTCRAFT HAIRBAND PINK AND BLUE,157,200,1836,1541.8799999999999,444.1143207340269,17.881789026301167,965
23165,LARGE CERAMIC TOP STORAGE JAR,132,176,2471,3856.35,423.0891509686764,17.879281679373165,966
23503,PLAYING CARDS KEEP CALM & CARRY ON,158,188,1933,2411.21,480.03662807396404,17.877996893293115,967
22364,GLASS JAR DIGESTIVE BISCUITS,152,204,1848,5420.96,369.87336306552373,17.87584813191797,968
62018,SOMBRERO,64,112,7884,10289.0,187.10781108984852,17.874492588005115,969
23166,MEDIUM CERAMIC TOP STORAGE JAR,110,160,3224,3677.2000000000003,378.9428227111707,17.86962279552667,970
47580,TEA TIME DES TEA COSY,149,251,1512,3598.36,395.454231252593,17.861914095396035,971
22199,FRYING PAN RED RETROSPOT,142,248,1596,6161.46,363.48545295489384,17.856179674939625,972
23353,6 GIFT TAGS VINTAGE CHRISTMAS,138,156,2597,2131.75,455.8377820222058,17.853216935709543,973
22341,LOVE GARLAND PAINTED ZINC,125,135,3306,5204.780000000001,392.77097285247015,17.852733505669324,974
22984,CARD GINGHAM ROSE,106,171,3074,1240.06,414.9151146888942,17.85138349151598,975
21171,BATHROOM METAL SIGN,139,222,1804,2452.6,357.43093115247376,17.847130064836403,976
21789,KIDS RAIN MAC PINK,127,165,2647,2154.73,420.38097918777595,17.845577969333057,977
22071,SMALL WHITE RETROSPOT MUG IN BOX,185,216,1391,3908.91,440.7822853441342,17.844140868148024,978
22498,WOODEN REGATTA BUNTING,202,283,972,5591.400000000001,452.39708727365945,17.842564299388997,979
21125,SET 6 FOOTBALL CELEBRATION CANDLES,149,186,1984,2011.52,419.73070927375085,17.83511810407213,980
23493,VINTAGE DOILY TRAVEL SEWING KIT,156,189,1864,3574.8,461.22770999730545,17.834286209586708,981
22731,3D STICKERS CHRISTMAS STAMPS,134,165,2463,3031.17,431.80427708866137,17.82680389144838,982
23254,CHILDRENS CUTLERY DOLLY GIRL,168,222,1447,5803.450000000001,426.5780114177177,17.815009059328855,983
23177,TREASURE ISLAND BOOK BOX,138,172,2263,4658.55,354.26139297240104,17.812653966951544,984
21777,RECIPE BOX WITH METAL HEART,166,306,1057,8046.150000000001,391.58436746125807,17.808977172422196,985
21241,GREEN SPOTTY CUP,122,208,2106,1727.7,400.10526546807705,17.807539021141416,986
23320,GIANT 50'S CHRISTMAS CRACKER,163,194,1686,4624.62,454.4658956069089,17.803573068933915,987
22705,WRAP GREEN PEARS,106,138,3625,1522.5,451.3222431318899,17.803188158907393,988
21389,IVORY HANGING DECORATION  BIRD,142,184,2037,1728.33,442.41979450123046,17.8029246691209,989
85053,FRENCH ENAMEL CANDLEHOLDER,154,232,1491,2957.16,410.86662188549224,17.802336351248652,990
22231,JIGSAW TREE WITH BIRDHOUSE,149,198,1795,2181.5099999999998,417.6332797664937,17.797257367682892,991
21211,SET OF 72 SKULL PAPER  DOILIES,133,174,2281,3134.65,369.83110184979745,17.79543330429645,992
22095,LADS ONLY TISSUE BOX,106,161,3072,3161.08,284.88509009288924,17.790834731824773,993
22565,FELTCRAFT HAIRBANDS PINK AND WHITE,154,195,1737,1474.11,450.9481681419681,17.7820300819751,994
23297,SET 40 HEART SHAPE PETIT FOUR CASES,107,123,3936,6171.2,364.04332118503163,17.780587083672994,995
22477,WATERING CAN GARDEN MARKER,143,170,2134,2831.2,407.3453804257392,17.777698781741385,996
22978,PANTRY ROLLING PIN,132,173,2264,8656.669999999998,349.7108489737078,17.77473446535342,997
21383,PACK OF 12 STICKY BUNNIES,160,179,1804,1160.6000000000001,458.9951952902753,17.772677086641654,998
22985,"WRAP, BILLBOARD FONTS DESIGN",94,123,4415,1766.3,408.4719571563046,17.767148045162507,999
22768,FAMILY PHOTO FRAME CORNICE,196,264,995,9149.34,421.91802913845936,17.76668081230881,1000
23168,CLASSIC CAFE SUGAR DISPENSER,115,180,2469,2832.1,369.25342029200266,17.764060651994214,1001
23005,TRAVEL CARD WALLET I LOVE LONDON,88,147,3936,1595.52,329.7821838510741,17.764022934439993,1002
22222,CAKE PLATE LOVEBIRD WHITE,174,267,1101,4144.35,418.71468653889815,17.76065494414723,1003
21431,GREEN GINGHAM FLOWER JEWELLERY BOX,165,221,1397,2257.0499999999997,442.92058817393684,17.75746309302258,1004
21564,PINK  HEART SHAPE LOVE BUCKET,122,240,1735,4083.57,348.25298612966134,17.756320184083368,1005
22099,CARAVAN SQUARE TISSUE BOX,144,185,1904,1299.8,383.49786513917974,17.754717703694578,1006
84536B,FAIRY CAKES NOTEBOOK A7 SIZE,112,197,2289,935.8199999999999,384.6208093373687,17.75196194595516,1007
23082,SET 6 PAPER TABLE LANTERN HEARTS,153,190,1738,6197.34,419.1267191168697,17.750291544814544,1008
22374,AIRLINE BAG VINTAGE JET SET RED,203,304,821,3952.75,445.22801304648345,17.750172165507806,1009
84849B,FAIRY SOAP SOAP HOLDER,122,224,1839,2966.79,374.82074309722555,17.745805608179868,1010
23191,BUNDLE OF 3 RETRO NOTE BOOKS,141,195,1823,2942.63,415.1876510034979,17.742728887466054,1011
23000,TRAVEL CARD WALLET TRANSPORT,109,179,2554,1069.8,364.35705115372383,17.739244719320432,1012
85172,HYACINTH BULB T-LIGHT CANDLES,101,124,3966,1599.48,402.42585981282673,17.739051971100903,1013
23285,PINK VINTAGE SPOT BEAKER,94,116,4543,4269.23,297.08183828021765,17.737613786799283,1014
21224,SET/4 SKULL BADGES,132,197,1913,2383.65,420.7234653994642,17.735566730929186,1015
23241,TREASURE TIN GYMKHANA DESIGN,134,214,1720,3467.2000000000003,373.472162467783,17.72657360277763,1016
22628,PICNIC BOXES SET OF 3 RETROSPOT,153,224,1434,6650.3,378.69974130670937,17.72197313281177,1017
20967,GREY FLORAL FELTCRAFT SHOULDER BAG,175,260,1081,3988.59,422.50749076874916,17.721570861767272,1018
22715,CARD WEDDING DAY,119,160,2568,1048.32,432.2709808393672,17.720168104876393,1019
21159,MOODY BOY  DOOR HANGER,131,190,1967,1271.23,340.8362476908523,17.7198484282452,1020
72802C,VANILLA SCENT CANDLE JEWELLED BOX,127,212,1815,5208.09,351.61420232947205,17.71771398879028,1021
72807C,SET/3 VANILLA SCENTED CANDLE IN BOX,148,211,1561,6284.89,378.1598132570045,17.714254911017104,1022
22758,LARGE PURPLE BABUSHKA NOTEBOOK,124,188,2082,2165.6,369.233359285215,17.711625193622915,1023
21077,SET/20 WOODLAND PAPER NAPKINS,108,164,2733,1980.33,327.77338359029005,17.71081437341362,1024
23354,6 GIFT TAGS 50'S CHRISTMAS,139,160,2173,1779.8300000000002,449.5188378144841,17.707370855274924,1025
22639,SET OF 4 NAPKIN CHARMS HEARTS,168,210,1372,3297.36,448.26201708242473,17.70651025416711,1026
15060B,FAIRY CAKE DESIGN UMBRELLA,165,263,1112,4044.42,423.5850137494793,17.702751242778405,1027
23328,SET 6 SCHOOL MILK BOTTLES IN CRATE,149,205,1572,5731.8,391.7810330932852,17.699251365944114,1028
22965,3 TRADITIONAl BISCUIT CUTTERS  SET,159,189,1593,3231.92,416.1392362837308,17.696199746744476,1029
22119,PEACE WOODEN BLOCK LETTERS,217,292,756,5068.76,457.51501720112554,17.694030925243602,1030
23147,SINGLE ANTIQUE ROSE HOOK IVORY,143,212,1566,2268.2999999999997,431.01723784995806,17.688023707641445,1031
85049H,URBAN BLACK RIBBONS,147,201,1600,1623.33,409.0574077560797,17.683863684162034,1032
17091J,VANILLA INCENSE IN TIN,93,138,3654,2047.29,331.8806309034485,17.681620087584577,1033
21354,TOAST ITS - BEST MUM,118,164,2425,2824.85,362.82825301675825,17.679068056516105,1034
22957,SET 3 PAPER VINTAGE CHICK PAPER EGG,162,179,1606,4478.5,417.8998818013868,17.668831417434482,1035
21201,TROPICAL  HONEYCOMB PAPER GARLAND,102,175,2594,5891.099999999999,312.6543934023026,17.666554778867777,1036
22615,PACK OF 12 CIRCUS PARADE TISSUES,102,125,3617,1066.4499999999998,384.9986483710585,17.664687561136354,1037
23288,GREEN VINTAGE SPOT BEAKER,91,116,4356,4135.24,281.7967446543639,17.663501537964237,1038
85216,ASSORTED CAKES FRIDGE MAGNETS,112,147,2795,1747.63,410.3348918108212,17.660545195830156,1039
22744,MAKE YOUR OWN MONSOON CARD KIT,168,216,1266,3256.8200000000006,422.2329123939305,17.654203248784672,1040
22097,SWALLOW SQUARE TISSUE BOX,132,181,1914,1145.94,345.1612796693356,17.651828716913293,1041
21534,DAIRY MAID LARGE MILK JUG,191,284,846,4047.0,435.15173421084995,17.65168524694849,1042
22283,6 EGG HOUSE PAINTED WOOD,185,278,892,6635.24,396.79407781242276,17.651545036411065,1043
23349,ROLL WRAP VINTAGE CHRISTMAS,139,160,2054,2459.14,430.6082622531442,17.6510779145241,1044
22168,ORGANISER WOOD ANTIQUE WHITE,240,294,646,5357.8,453.32670272370643,17.644118584331377,1045
21463,MIRRORED DISCO BALL,147,254,1217,6502.3,342.9728473930616,17.643441267192383,1046
21123,SET/10 IVORY POLKADOT PARTY CANDLES,110,170,2414,3005.44,373.5463947666772,17.640648323901665,1047
22406,MONEY BOX KINGS CHOICE DESIGN,129,152,2293,2887.51,351.76275096924684,17.63602466953733,1048
23351,ROLL WRAP 50'S CHRISTMAS,138,158,2058,2449.02,433.9408116410099,17.63335384237871,1049
22275,WEEKEND BAG VINTAGE ROSE PAISLEY,166,277,970,7835.3,360.58216537461533,17.62394139439872,1050
22203,MILK PAN RED RETROSPOT,153,250,1163,4256.64,373.590755732955,17.622023169836794,1051
21206,STRAWBERRY HONEYCOMB  GARLAND,115,186,2051,2808.15,358.6963756092846,17.61126901425161,1052
22426,ENAMEL WASH BOWL CREAM,163,249,1082,3736.7,396.42022199882905,17.608817592687437,1053
20658,RED RETROSPOT LUGGAGE TAG,149,217,1350,1682.94,403.2282989763686,17.603730694845545,1054
22081,RIBBON REEL FLORA + FAUNA,157,197,1397,2309.61,436.94518800393604,17.593659986515256,1055
21059,PARTY INVITES DINOSAURS,150,188,1525,1272.85,416.2727419874534,17.589432063718967,1056
22650,CERAMIC PIRATE CHEST MONEY BANK,135,199,1599,2272.95,417.10461689328554,17.588731160511962,1057
22532,MAGIC DRAWING SLATE LEAP FROG,116,137,2689,1019.94,332.96018817021957,17.586724092550845,1058
21161,KEEP OUT BOYS DOOR HANGER,118,158,2294,1624.22,291.50456766028714,17.58651581782641,1059
23154,SET OF 4 JAM JAR MAGNETS,113,175,2158,4333.37,368.3743419197882,17.584082873947455,1060
22057,CERAMIC PLATE STRAWBERRY DESIGN,103,154,2670,3276.2999999999997,335.7822712050915,17.57802422917058,1061
22604,SET OF 4 NAPKIN CHARMS CUTLERY,136,186,1674,3925.51,370.58686356529915,17.57465798694188,1062
21100,CHARLIE AND LOLA CHARLOTTE BAG,119,158,2221,2864.05,354.07156182611544,17.56255891520185,1063
23176,ABC TREASURE BOOK BOX,135,158,1957,4078.51,355.8522796250813,17.56123791104674,1064
21677,HEARTS  STICKERS,128,178,1830,1556.28,420.8819618423117,17.559815754876936,1065
82001S,VINYL RECORD FRAME SILVER,82,186,2719,9415.6,265.49396648012646,17.558336383941228,1066
22819,"BIRTHDAY CARD, RETRO SPOT",114,152,2398,981.24,413.1351895574424,17.558177312595383,1067
22021,BLUE FELT EASTER EGG BASKET,158,203,1298,2094.9,412.8615867347826,17.556374212735047,1068
23247,BISCUIT TIN 50'S CHRISTMAS,154,182,1482,4153.58,400.1776624841257,17.554733611898598,1069
84509A,ENGLISH ROSE PLACEMATS,157,243,1088,3883.64,392.10744761616104,17.55277838125313,1070
85132C,CHARLIE AND LOLA FIGURES TINS,130,175,1816,4642.68,381.35890993917906,17.550623386635475,1071
23583,LUNCH BAG PAISLEY PARK,123,159,2084,3236.6,364.0294820356963,17.53797951507177,1072
22120,WELCOME  WOODEN BLOCK LETTERS,171,279,857,8264.3,413.72439843637954,17.536888179470665,1073
72232,FENG SHUI PILLAR CANDLE,63,105,6080,1155.1999999999998,271.57453702310704,17.53524661259185,1074
21990,MODERN FLORAL STATIONERY SET,138,190,1546,2505.9700000000003,369.80340774478884,17.530820211750388,1075
22117,METAL SIGN HER DINNER IS SERVED,134,182,1660,4862.8,311.7910680421196,17.529936040893144,1076
21110,LARGE CAKE TOWEL PINK SPOTS,161,212,1188,5231.599999999999,370.7966768327597,17.52975639763259,1077
21143,ANTIQUE GLASS HEART DECORATION,126,150,2133,4072.95,419.13699111201134,17.527220355135213,1078
22052,VINTAGE CARAVAN GIFT WRAP,101,119,3321,1374.82,421.94576088680935,17.520786846239556,1079
22775,PURPLE DRAWERKNOB ACRYLIC EDWARDIAN,84,160,2961,3605.06,312.82904073550895,17.517675616302526,1080
22743,MAKE YOUR OWN FLOWERPOWER CARD KIT,165,216,1122,2964.3,409.2592246831047,17.515644096635448,1081
22546,MINI JIGSAW PURDEY,93,118,3612,1469.02,314.80814344285994,17.514712006529173,1082
21471,STRAWBERRY RAFFIA FOOD COVER,157,220,1156,4104.6,378.0315222673139,17.514343461738395,1083
20665,RED RETROSPOT PURSE,160,215,1159,3402.2500000000005,430.38250721439437,17.51285805676904,1084
22651,GENTLEMAN SHIRT REPAIR KIT,103,136,2830,2277.58,352.5256591509443,17.5127571100814,1085
22626,BLACK KITCHEN SCALES,187,276,769,6349.13,407.6764720460911,17.506849983865017,1086
21826,EIGHT PIECE DINOSAUR SET,132,184,1620,1983.96,378.833553501906,17.501503475035754,1087
22319,HAIRCLIPS FORTIES FABRIC ASSORTED,122,140,2296,1431.68,434.56461915694973,17.500303448439684,1088
84580,MOUSE TOY WITH PINK T-SHIRT,179,280,786,2950.92,405.399085614446,17.49953976864136,1089
22706,WRAP COWBOYS,95,107,3815,1522.3,397.77143013295546,17.493437451160233,1090
21807,WHITE CHRISTMAS STAR DECORATION,105,122,3025,1261.86,382.4915759852974,17.490620343832788,1091
21249,WOODLAND  HEIGHT CHART STICKERS,145,178,1507,4079.6500000000005,386.4037034282284,17.489531976116993,1092
21394,RED SPOTTY BEAKER,88,119,3677,1665.79,336.5521287277318,17.48625251767845,1093
47503A,ASS FLORAL PRINT MULTI SCREWDRIVER,112,149,2311,1159.46,359.6612593316246,17.483891342600863,1094
72349B,SET/6 PURPLE BUTTERFLY T-LIGHTS,107,206,1745,3398.82,325.78151302476914,17.479932756789136,1095
22405,MONEY BOX POCKET MONEY DESIGN,156,172,1436,1744.72,423.5532857740917,17.479850285925114,1096
22696,WICKER WREATH LARGE,167,197,1170,2221.16,412.63738845813003,17.47784437369551,1097
23148,MINIATURE ANTIQUE ROSE HOOK IVORY,117,192,1707,1414.89,387.12797891493204,17.476453187719066,1098
22449,SILK PURSE BABUSHKA PINK,149,220,1171,3869.78,402.6988613263046,17.475264965750966,1099
22718,CARD CAT AND TREE,106,154,2340,969.84,391.3352597328042,17.474587418872062,1100
22999,TRAVEL CARD WALLET VINTAGE LEAF,94,162,2502,1049.4,328.25483721230216,17.47287238383908,1101
22136,LOVE HEART SOCK HANGER,112,184,1850,2937.3,323.5742318114234,17.471224956364164,1102
22767,TRIPLE PHOTO FRAME CORNICE,171,244,912,8388.88,385.398406779453,17.465488567953148,1103
21609,SET 12 LAVENDER  BOTANICAL T-LIGHTS,135,197,1420,3949.0000000000005,343.48745802004186,17.46003804452769,1104
21730,GLASS STAR FROSTED T-LIGHT HOLDER,147,233,1102,5159.13,371.73028453218865,17.45832240837532,1105
22251,BIRDHOUSE DECORATION MAGIC GARDEN,136,178,1556,1845.44,375.8060879522718,17.457882903502878,1106
84849D,HOT BATHS SOAP HOLDER,116,217,1487,2432.39,340.62565102081595,17.45185721297988,1107
85176,SEWING SUSAN 21 NEEDLE SET,102,158,2294,1776.26,324.0408083858545,17.442121312944515,1108
22321,BIRD DECORATION RED SPOT,112,149,2213,1860.77,402.43715520806796,17.44057922607718,1109
21470,FLOWER VINE RAFFIA FOOD COVER,148,250,997,3634.6800000000003,365.6744641075805,17.43515252138871,1110
48189,DOOR MAT FRIENDSHIP,148,203,1220,6987.139999999999,326.5154204655847,17.42949177390038,1111
22545,MINI JIGSAW BUNNIES,98,120,3092,1264.16,333.54766875439793,17.4278071684164,1112
84975,HEART SHAPED MIRROR,113,165,1936,3063.0400000000004,336.7253033356712,17.417081900158035,1113
85217,ASSORTED ICE CREAM FRIDGE MAGNETS,95,135,2805,1748.01,367.3540584961949,17.416518337866297,1114
22968,ROSE COTTAGE KEEPSAKE BOX,160,219,1033,9367.75,358.23038830444835,17.4162219664052,1115
22917,HERB MARKER ROSEMARY,120,174,1724,1108.6000000000001,375.5947349639804,17.413558848985716,1116
22133,PINK LOVE HEART SHAPE CUP,103,162,2151,1779.99,328.58599873035513,17.41229402122981,1117
51014L,"FEATHER PEN,LIGHT PINK",94,140,2715,1818.55,365.59771669954506,17.409552270657294,1118
23032,DRAWER KNOB CRACKLE GLAZE IVORY,102,164,2138,3422.1,355.97321334587934,17.40876817121262,1119
84596G,SMALL CHOCOLATES PINK BOWL,102,195,1799,1079.51,323.2934084269711,17.40838559134441,1120
22792,FLUTED ANTIQUE CANDLE HOLDER,104,136,2509,2052.31,378.174560533715,17.40197930811148,1121
84754,S/15 SILVER GLASS BAUBLES IN BAG,120,149,1983,2369.31,371.92743567905484,17.399296127537816,1122
22846,BREAD BIN DINER STYLE RED,172,279,741,11386.56,371.1368290162652,17.39743044083441,1123
22262,FELT EGG COSY CHICKEN,125,173,1636,1392.94,378.31367817839697,17.395957783537142,1124
22972,CHILDREN'S SPACEBOY MUG,126,163,1719,2797.31,381.2395949063322,17.39413308409029,1125
22817,CARD SUKI BIRTHDAY,96,154,2374,971.16,370.43013023355127,17.390888811891372,1126
85231G,ORANGE SCENTED SET/9 T-LIGHTS,133,198,1338,1113.8999999999999,373.5911244280846,17.390822970366575,1127
23169,CLASSIC GLASS COOKIE JAR,152,203,1140,4575.0,383.1028471363528,17.388218265098725,1128
23159,SET OF 5 PANCAKE DAY MAGNETS,102,167,2042,4119.6900000000005,339.22074639087276,17.38086756245052,1129
84279P,CHERRY BLOSSOM  DECORATIVE FLASK,153,223,1010,3655.02,372.506047028713,17.36729387328914,1130
22841,ROUND CAKE TIN VINTAGE GREEN,193,255,699,5290.33,399.9791446719605,17.364115938586295,1131
22311,OFFICE MUG WARMER BLACK+SILVER,107,170,1868,5351.200000000001,277.26386991103794,17.356953591082444,1132
22845,VINTAGE CREAM CAT FOOD CONTAINER,166,256,803,4810.179999999999,365.5057348308087,17.356669166490942,1133
22671,FRENCH LAUNDRY SIGN BLUE METAL,126,174,1545,2479.01,374.4258437660336,17.352399289529473,1134
23350,ROLL WRAP VINTAGE SPOT,128,152,1736,2094.4,387.85545097780437,17.350165091995212,1135
21537,RED RETROSPOT PUDDING BOWL,163,214,970,4021.5,397.82545680072263,17.348830924243188,1136
22916,HERB MARKER THYME,117,170,1690,1086.5,362.9179492675882,17.345423529866906,1137
21614,SET OF 12 ROSE BOTANICAL T-LIGHTS,121,174,1582,4378.900000000001,332.11148362339355,17.335884078537784,1138
22425,ENAMEL COLANDER CREAM,182,242,758,3647.91,398.6906732764666,17.334549373577598,1139
22717,CARD DOG AND BALL,109,139,2190,893.88,388.4257619609511,17.334236127997187,1140
22518,CHILDS GARDEN BRUSH BLUE,134,193,1286,2477.58,334.5890194564901,17.333202145097886,1141
22519,CHILDS GARDEN BRUSH PINK,133,193,1292,2496.18,333.66814123600983,17.330418337786096,1142
21472,LADYBIRD + BEE RAFFIA FOOD COVER,152,225,968,3553.2,361.6726970494193,17.327237532555486,1143
22451,SILK PURSE RUSSIAN DOLL RED,132,195,1284,4186.2,362.7594323189539,17.32697778478159,1144
22815,CARD PSYCHEDELIC APPLES,97,144,2352,970.5600000000001,365.73083170070845,17.325147609818508,1145
22918,HERB MARKER PARSLEY,117,170,1649,1039.8500000000001,361.9171371487945,17.320878747862952,1146
21063,PARTY INVITES JAZZ HEARTS,134,184,1326,1104.48,370.3534544337479,17.31630663784896,1147
85206B,PINK FELT EASTER EGG BASKET,137,161,1476,2306.6,365.8709148054973,17.312618302920967,1148
16033,MINI HIGHLIGHTER PENS,43,49,15001,1530.12,245.61518868048,17.31215144387599,1149
21090,SET/6 COLLAGE PAPER PLATES,111,138,2117,970.0699999999999,361.19036965996304,17.311200330587138,1150
85174,S/4 CACTI CANDLES,119,214,1275,5555.13,324.2076851911211,17.309615234814444,1151
21809,CHRISTMAS HANGING TREE WITH BELL,100,128,2512,2064.71,343.1178036827896,17.304165458746525,1152
23238,SET OF 4 KNICK KNACK TINS LONDON,118,184,1481,5934.95,328.81260103159156,17.300627124045885,1153
35832,WOOLLY HAT SOCK GLOVE ADVENT STRING,126,156,1633,4836.55,393.3714983761233,17.29921916722685,1154
23126,FELTCRAFT GIRL AMELIE KIT,163,218,903,4380.09,388.6820169365173,17.295767518032875,1155
23266,SET OF 3 WOODEN STOCKING DECORATION,128,185,1346,1746.25,352.4932329707931,17.291194254485237,1156
21680,WOODLAND  STICKERS,98,134,2414,1977.02,349.65454401083883,17.28984919465969,1157
21625,VINTAGE UNION JACK APRON,172,224,826,5525.7,376.5383631734868,17.28719669172589,1158
51014C,"FEATHER PEN,COAL BLACK",83,138,2754,1898.32,334.50939116899286,17.28646345356102,1159
22268,EASTER DECORATION SITTING BUNNY,104,138,2195,1026.59,318.9703917892422,17.28282708591764,1160
21883,STARS GIFT TAPE,114,144,1916,958.14,364.19855756043523,17.280182613829467,1161
23311,VINTAGE CHRISTMAS STOCKING,144,166,1319,3325.65,413.77728990551066,17.280114570417748,1162
22210,WOOD STAMP SET BEST WISHES,142,181,1227,1506.54,361.45831506534273,17.279993426043788,1163
22051,BLUE SCANDINAVIAN PAISLEY WRAP,93,110,3050,1265.0,390.28357392233283,17.27604966829901,1164
22919,HERB MARKER MINT,118,174,1526,979.9000000000001,365.8297193807378,17.274969772253677,1165
22217,T-LIGHT HOLDER HANGING LACE,125,142,1759,2122.65,383.44656265811864,17.272195625243583,1166
22589,CARDHOLDER GINGHAM STAR,151,176,1177,3050.78,395.4702732251896,17.271603617631637,1167
22796,PHOTO FRAME 3 CLASSIC HANGING,175,254,705,6827.7,382.4444944905743,17.271362777689816,1168
23215,JINGLE BELL HEART ANTIQUE SILVER,97,120,2665,5164.5199999999995,307.95188144072154,17.269092525005966,1169
22854,CREAM SWEETHEART EGG HOLDER,153,198,1025,4858.15,380.0988809081924,17.263680452868837,1170
22997,TRAVEL CARD WALLET UNION JACK,89,158,2191,918.78,317.18599371761405,17.261283520618402,1171
21823,PAINTED METAL HEART WITH HOLLY BELL,118,141,1854,1937.7,366.2592341851911,17.260590525754324,1172
22050,PINK PAISLEY ROSE GIFT WRAP,95,106,3050,1249.0,389.58885324740936,17.260401710646413,1173
22676,"FRENCH BLUE METAL DOOR SIGN, 1",94,207,1577,1974.89,308.47041869493745,17.255328472707678,1174
21432,SET OF 3 CASES WOODLAND DESIGN,150,223,919,5251.05,339.3537313232103,17.25329955871305,1175
22608,PENS ASSORTED FUNKY JEWELED,68,89,5005,1331.05,315.4240118074355,17.252308646919246,1176
23290,SPACEBOY CHILDRENS BOWL,102,139,2149,2484.65,315.7419576051886,17.249594531960646,1177
23229,VINTAGE DONKEY TAIL GAME,129,158,1477,5123.14,337.1305916074924,17.23488375418396,1178
22277,COSMETIC BAG VINTAGE ROSE PAISLEY,135,175,1273,2568.39,338.0539006928298,17.233055716906314,1179
22443,GROW YOUR OWN HERBS SET OF 3,192,236,663,5064.6900000000005,380.3617089801137,17.22903247951645,1180
21541,DINOSAURS WATER TRANSFER TATTOOS,117,145,1761,1452.05,368.1118650483107,17.228496052670128,1181
23109,LED TEA LIGHTS,123,152,1593,4448.27,364.72147727489454,17.224721346347636,1182
22779,WOODEN OWLS LIGHT GARLAND,95,163,1911,7186.389999999999,272.8175131369252,17.220119712903383,1183
21039,RED SPOTTY SHOPPING BAG,130,188,1213,3074.61,360.3954499423041,17.218620309880237,1184
22416,SET OF 36 DOILIES SPACEBOY DESIGN,112,141,1866,2590.5,315.98384750179474,17.215303019855327,1185
22479,DAISY GARDEN MARKER,118,142,1759,2362.45,333.48150929533324,17.215037211403633,1186
22343,PARTY PIZZA DISH RED RETROSPOT,84,123,2840,1734.32,297.3479124747161,17.214844203949543,1187
22801,ANTIQUE GLASS PEDESTAL BOWL,147,191,1051,3831.2,365.8687470501126,17.21315603908955,1188
22049,WRAP CHRISTMAS SCREEN PRINT,88,102,3250,962.5,370.77247702837525,17.21008327826568,1189
22949,36 DOILIES DOLLY GIRL,119,128,1913,2658.65,332.00491225988003,17.204254719156616,1190
21439,BASKET OF TOADSTOOLS,101,148,1943,2351.23,311.4555750618773,17.201422104250113,1191
22228,BUNNY WOODEN PAINTED WITH BIRD,137,158,1338,1052.6599999999999,380.02749061851324,17.195836233068608,1192
22299,PIG KEYRING WITH LIGHT & SOUND,87,107,3074,3618.8199999999997,321.4662105268364,17.190528221843046,1193
23196,VINTAGE LEAF MAGNETIC NOTEPAD,125,173,1332,1883.3999999999999,352.5284399086006,17.190524526344717,1194
21556,CERAMIC STRAWBERRY MONEY BOX,126,167,1356,3245.4,324.7156406507021,17.18118272569672,1195
22218,CAKE STAND LACE WHITE,141,181,1110,4394.0,325.24454857474024,17.172849534317688,1196
22293,"SPRING DEC , HANGING CHICK  GREEN",108,144,1813,2448.85,328.818171333117,17.1713712553248,1197
22995,TRAVEL CARD WALLET SUKI,82,169,2028,848.88,286.04761138092266,17.169937384672675,1198
72800E,4 IVORY DINNER CANDLES SILVER FLOCK,123,198,1157,2062.63,334.6224134393941,17.16803604846247,1199
23332,IVORY WICKER HEART LARGE,132,173,1233,2024.85,371.7924092754388,17.167420631901617,1200
21845,DAIRY MAID STRIPE MUG,94,134,2192,2959.28,323.75690270720463,17.15217741845686,1201
22445,PENCIL CASE LIFE IS BEAUTIFUL,131,191,1108,3217.1200000000003,345.34104856449943,17.15151128196452,1202
23158,SET OF 5 LUCKY CAT MAGNETS,78,154,2291,4603.62,290.31515609165257,17.150053047220897,1203
21705,BAG 500g SWIRLY MARBLES,112,145,1693,2470.5299999999997,312.759641368991,17.145842315632677,1204
22773,GREEN DRAWER KNOB ACRYLIC EDWARDIAN,85,156,2064,2508.96,312.9108428241132,17.143478606996947,1205
22145,CHRISTMAS CRAFT HEART STOCKING,144,159,1199,2437.9,373.04606672051295,17.14198439343049,1206
22304,COFFEE MUG BLUE PAISLEY DESIGN,90,132,2295,4382.06,285.3643118912183,17.14013239217806,1207
21542,WOODLAND WATER TRANSFER TATTOOS,111,142,1718,1417.8999999999999,351.97739943157455,17.130841506937852,1208
35471D,SET OF 3 BIRD LIGHT PINK FEATHER,120,162,1380,838.56,334.62815984967403,17.120103899812797,1209
21333,CLASSIC WHITE FRAME,142,189,1001,2928.9500000000003,378.75284639190755,17.119621984065205,1210
21781,MA CAMPAGNE CUTLERY BOX,147,306,598,8654.1,314.7891253441163,17.11932161946676,1211
82567,"AIRLINE LOUNGE,METAL SIGN",127,262,805,1662.91,314.2917641008032,17.11626803860401,1212
22067,CHOC TRUFFLE GOLD TRINKET POT,99,164,1641,2570.13,321.6774816895567,17.114785949901048,1213
22780,LIGHT GARLAND BUTTERFILES PINK,97,155,1765,6602.13,267.61172888934556,17.111295867084014,1214
21973,SET OF 36 MUSHROOM PAPER DOILIES,110,153,1570,2190.1,319.3668480071251,17.105950441981584,1215
16236,KITTY PENCIL ERASERS,95,125,2218,460.18,322.4158590656449,17.105442021351905,1216
22458,CAST IRON HOOK GARDEN FORK,119,149,1489,3604.71,317.5070172224176,17.104658435817807,1217
22261,FELT EGG COSY WHITE RABBIT,116,138,1647,1320.91,331.5740295977424,17.103965578397865,1218
21905,MORE BUTTER METAL SIGN,113,166,1405,1885.69,277.4252269618996,17.10269633318186,1219
22176,BLUE OWL SOFT TOY,119,205,1081,3088.9500000000003,338.1393572932561,17.101934370978054,1220
23190,BUNDLE OF 3 SCHOOL EXERCISE BOOKS,118,148,1505,2405.69,347.881022751871,17.10028220741683,1221
22838,3 TIER CAKE TIN RED AND CREAM,160,199,828,11228.18,309.92601257097624,17.099941886667793,1222
22689,DOORMAT MERRY CHRISTMAS RED,156,184,918,6511.16,334.6645636351787,17.09988775278232,1223
22403,MAGNETS PACK OF 4 VINTAGE LABELS,124,143,1479,993.25,331.36918996131914,17.097924403636462,1224
22514,CHILDS GARDEN SPADE BLUE,143,184,998,1928.28,332.3257609881179,17.09692390330288,1225
20755,BLUE PAISLEY POCKET BOOK,67,77,5007,965.55,177.67803398291107,17.095008444645632,1226
22618,COOKING SET RETROSPOT,172,216,706,6709.34,368.0803785787801,17.09421961393481,1227
22200,FRYING PAN PINK POLKADOT,111,213,1094,4451.54,274.58172013306734,17.082984528567547,1228
23367,SET 12 COLOUR PENCILS SPACEBOY,108,135,1764,1144.2,338.11909453781715,17.07990873733259,1229
21116,OWL DOORSTOP,139,215,864,4131.9,321.93612471484323,17.07965033722535,1230
84078A,SET/4 WHITE RETRO STORAGE CUBES,134,207,930,33418.5,259.04063780077854,17.079072135416816,1231
21626,VINTAGE UNION JACK PENNANT,129,151,1322,2577.9,372.7735652548483,17.079072135416816,1232
16169E,WRAP 50'S  CHRISTMAS,93,98,2788,1158.96,375.9881169884455,17.071853020032083,1233
21467,CHERRY CROCHET FOOD COVER,136,202,928,2819.02,313.7559071339107,17.06729564368375,1234
22723,SET OF 6 HERB TINS SKETCHBOOK,146,201,867,3276.8900000000003,348.3722210364431,17.06489199884029,1235
21880,RED AND WHITE SPOT TAPE,108,128,1825,907.95,349.0206485230893,17.061043347745727,1236
23194,GYMKHANA TREASURE BOOK BOX,113,137,1627,3404.2799999999997,281.04386491056147,17.058559680114186,1237
85015,SET OF 12  VINTAGE POSTCARD SET,100,111,2261,1917.87,328.7614852511832,17.05762404481242,1238
20716,PARTY FOOD SHOPPER BAG,115,161,1359,1664.55,342.43782331081377,17.056426505068846,1239
22278,OVERNIGHT BAG VINTAGE ROSE PAISLEY,149,218,775,3780.25,331.41960731204205,17.053859544095978,1240
21949,SET OF 6 STRAWBERRY CHOPSTICKS,85,126,2328,2662.83,251.93548225794484,17.051728652596438,1241
15044D,RED PAPER PARASOL,97,174,1478,4058.1400000000003,285.2055025014193,17.048874915304886,1242
21913,VINTAGE SEASIDE JIGSAW PUZZLES,151,182,910,3306.16,337.04438518347365,17.047909570947656,1243
23234,BISCUIT TIN VINTAGE CHRISTMAS,136,158,1162,3223.48,358.4581613660012,17.04764328056702,1244
21675,BUTTERFLIES STICKERS,114,147,1484,1261.3999999999999,370.3408613641111,17.045314453364167,1245
22286,"DECORATION , WOBBLY RABBIT , METAL",110,131,1724,1900.02,318.75581218463174,17.045314453364163,1246
85047,WHITE BEADED GARLAND STRING 20LIGHT,132,195,965,5858.95,319.4622683470578,17.041627621664787,1247
21824,PAINTED METAL STAR WITH HOLLY BELLS,111,129,1728,1656.4199999999998,348.3257120585158,17.041331807433966,1248
23101,SILVER STARS TABLE DECORATION,122,134,1514,1214.38,352.2959424740522,17.040629851754318,1249
23100,SILVER BELLS TABLE DECORATION,119,142,1452,1764.6,353.70680862072646,17.031722036612237,1250
22209,WOOD STAMP SET HAPPY BIRTHDAY,134,162,1131,1425.92,352.7498146516167,17.03076623800832,1251
85183B,CHARLIE & LOLA WASTEPAPER BIN FLORA,111,138,1595,2457.25,300.1069987761041,17.028228582435542,1252
84818,DANISH ROSE PHOTO FRAME,110,141,1575,1989.05,323.49675875285465,17.02800252933142,1253
21214,SET OF 72 IVORY PAPER DOILIES,105,124,1873,2562.25,313.19103892534343,17.027583294212736,1254
22211,WOOD STAMP SET FLOWERS,131,165,1131,1504.88,346.16346054627496,17.026530969706045,1255
20702,PINK PADDED MOBILE,147,229,723,3047.25,342.0672421394186,17.020082975073024,1256
20956,PORCELAIN T-LIGHT HOLDERS ASSORTED,102,122,1944,2318.43,346.32931815573846,17.0199305996546,1257
21084,SET/6 COLLAGE PAPER CUPS,95,117,2163,589.03,339.64409688031816,17.014746455899875,1258
22921,HERB MARKER CHIVES,104,152,1521,976.6500000000001,322.3362365485483,17.01217880997159,1259
16011,ANIMAL STICKERS,70,97,3498,733.38,289.7679428101217,17.007879848079575,1260
21648,ASSORTED TUTTI FRUTTI SMALL PURSE,87,111,2469,2963.13,312.6236747409525,17.00780911539532,1261
21112,"SWISS ROLL TOWEL, PINK  SPOTS",97,120,2051,4895.93,274.4200254056776,17.007328230557974,1262
23292,SPACEBOY CHILDRENS CUP,95,135,1860,2208.91,302.07015014444886,17.005872333846142,1263
21291,SMALL SPOTTY CHOCOLATE GIFT BAG,88,117,2310,1953.42,339.98720419295114,17.004756604472185,1264
21466,RED FLOWER CROCHET FOOD COVER,135,222,799,2964.18,322.6145172798864,17.0044383848641,1265
22529,MAGIC DRAWING SLATE GO TO THE FAIR,97,119,2061,828.1800000000001,287.6548789349133,17.003890886029524,1266
21070,VINTAGE BILLBOARD MUG,94,147,1714,1613.97,276.18847543227935,16.998257524964693,1267
22129,PARTY CONES CANDY DECORATION,90,98,2667,2112.08,327.2484581413216,16.995063763686954,1268
22459,CAST IRON HOOK GARDEN TROWEL,121,145,1343,3182.81,320.0289071359936,16.99103318752469,1269
22915,ASSORTED BOTTLE TOP  MAGNETS,88,106,2503,982.14,321.4600041570384,16.987109936414033,1270
22410,MONEY BOX HOUSEKEEPING DESIGN,126,155,1200,1484.65,352.5027218331741,16.98495291578811,1271
22974,CHILDRENS DOLLY GIRL MUG,111,141,1490,2403.54,332.44392370129697,16.981528243661092,1272
21717,EASTER TIN BUCKET,119,140,1400,3343.2,342.6815415720668,16.98119317949722,1273
22497,SET OF 2 TINS VINTAGE BATHROOM,152,193,796,3333.0,349.233402740998,16.97915075924598,1274
22814,CARD PARTY GAMES,92,124,2030,818.04,334.0313968975886,16.977196792035944,1275
79323LP,LIGHT PINK CHERRY LIGHTS,106,157,1394,8166.7,307.0789510766189,16.97607356174434,1276
23582,VINTAGE DOILY JUMBO BAG RED,103,127,1770,3460.1,319.59630610960727,16.975720800843824,1277
22994,TRAVEL CARD WALLET RETROSPOT,83,146,1904,798.24,291.85725068835757,16.97348667318285,1278
72802B,OCEAN SCENT CANDLE IN JEWELLED BOX,107,173,1244,3468.38,278.8373470004814,16.968077335237556,1279
22721,SET OF 3 CAKE TINS SKETCHBOOK,154,206,724,3332.18,336.3741677510185,16.96231556503929,1280
22591,CARDHOLDER GINGHAM CHRISTMAS TREE,130,152,1157,3059.09,338.73022550573523,16.96008490272653,1281
22789,T-LIGHT HOLDER SWEETHEART HANGING,124,162,1135,2161.21,355.76101980862785,16.95733253739016,1282
22396,MAGNETS PACK OF 4 RETRO PHOTO,103,132,1669,1282.73,292.9628210882159,16.955318932773928,1283
22265,EASTER DECORATION NATURAL CHICK,103,128,1719,1089.35,330.40825773546936,16.954282873310543,1284
21873,IF YOU CAN'T STAND THE HEAT MUG,88,136,1890,2153.34,253.32045531503155,16.953478364218725,1285
22454,MEASURING TAPE RUSSIAN DOLL RED,107,152,1391,3829.8500000000004,287.59356619244863,16.95106598941102,1286
22677,"FRENCH BLUE METAL DOOR SIGN, 2",94,178,1351,1688.76,295.07813587649,16.950602954044207,1287
21706,"FOLDING UMBRELLA , RED/WHITE SPOT",126,170,1055,3927.28,308.1408560558988,16.94809410722746,1288
22781,GUMBALL MAGAZINE RACK,150,205,734,5369.62,331.27365544215866,16.945026504817342,1289
20773,BLUE PAISLEY NOTEBOOK,75,90,3298,881.6999999999999,164.16455330283955,16.942967518031764,1290
21469,POLKA DOT RAFFIA FOOD COVER,125,167,1073,3080.66,295.81492680856974,16.939391161423547,1291
21357,TOAST ITS - DINOSAUR,104,163,1318,1640.42,289.21939831408383,16.938455930699035,1292
21947,SET OF 6 HEART CHOPSTICKS,109,153,1337,1664.46,317.2918762902477,16.93636420889422,1293
21397,BLUE  SPOTTY EGG CUP,97,114,2006,1643.52,324.73411086458964,16.934295955830162,1294
21806,WHITE CHRISTMAS HEART DECORATION,90,99,2476,1031.28,328.3555759578403,16.9308331219943,1295
22118,JOY WOODEN BLOCK LETTERS,166,206,650,3211.28,329.53961865640474,16.929222247890692,1296
21356,TOAST ITS - FAIRY FLOWER,113,172,1133,1394.3,309.1165590590972,16.922996527179972,1297
16045,POPART WOODEN PENCILS ASST,52,59,7000,336.0,287.46212585720394,16.91844475075142,1298
23346,SPACEBOY BEAKER,84,109,2368,2722.0,258.07656999267056,16.91335482644152,1299
22673,FRENCH GARDEN SIGN BLUE METAL,118,154,1197,1473.59,339.2689018623432,16.91095738870617,1300
23264,SET OF 3 WOODEN SLEIGH DECORATIONS,110,166,1184,1564.52,304.6699970822775,16.90502206729832,1301
22842,BISCUIT TIN VINTAGE RED,156,189,735,4671.650000000001,324.71897535477393,16.904499996237668,1302
18097C,WHITE TALL PORCELAIN T-LIGHT HOLDER,105,151,1361,3102.15,290.02280344646954,16.904029101667803,1303
18007,ESSENTIAL BALM 3.5g TIN IN ENVELOPE,38,49,11241,1000.26,140.0758738350748,16.90299669511981,1304
23546,WRAP PAISLEY PARK,85,96,2625,1102.5,349.9288449160831,16.90227532961963,1305
23156,SET OF 5 MINI GROCERY MAGNETS,96,155,1443,2906.18,288.3050774638271,16.899739305205692,1306
21361,LOVE LARGE WOOD LETTERS,172,237,529,6517.95,340.88191586515455,16.89843927471542,1307
23329,DECORATIVE WICKER HEART LARGE,116,152,1217,1996.05,343.2446559503592,16.897577304460036,1308
22266,EASTER DECORATION HANGING BUNNY,89,109,2190,892.0,286.9392780111483,16.892403375718146,1309
22472,TV DINNER TRAY DOLLY GIRL,116,182,1011,4516.33,264.33470382437145,16.89134393748659,1310
84558A,3D DOG PICTURE PLAYING CARDS,111,157,1218,3477.9000000000005,276.094743423481,16.886880033803333,1311
21528,DAIRY MAID TRADITIONAL TEAPOT,138,204,748,4438.8,299.84953805698916,16.87622289578632,1312
18098C,PORCELAIN BUTTERFLY OIL BURNER,104,175,1149,2909.55,301.5937345540482,16.87196156655297,1313
84763,ZINC FINISH 15CM PLANTER POTS,101,142,1447,1753.27,300.3721626717177,16.86575601648984,1314
22305,COFFEE MUG PINK PAISLEY DESIGN,80,117,2202,4488.400000000001,249.07026919324417,16.862709125940448,1315
84989A,75 GREEN FAIRY CAKE CASES,89,115,2014,998.5,251.43233722257202,16.861774335817415,1316
23083,SET 6 PAPER TABLE LANTERN STARS,104,137,1447,5190.88,297.6120989476024,16.859152608260388,1317
22048,BIRTHDAY BANQUET GIFT WRAP,84,93,2615,1082.3,345.75605273558483,16.855347751337412,1318
15044B,BLUE PAPER PARASOL,91,141,1598,4299.7,253.2641154474232,16.85474934748426,1319
22774,RED DRAWER KNOB ACRYLIC EDWARDIAN,68,121,2475,2908.71,257.7983365890999,16.852527183135003,1320
20960,WATERMELON BATH SPONGE,84,140,1729,2157.45,261.06058450062415,16.84728783436031,1321
85071B,RED CHARLIE+LOLA PERSONAL DOORSIGN,91,105,2122,1111.06,272.80947480725183,16.845813132864365,1322
37500,TEA TIME TEAPOT IN GIFT BOX,134,199,764,5823.04,313.7995939097426,16.843467978813003,1323
21422,PORCELAIN ROSE SMALL,68,103,2875,2294.51,263.1273690353748,16.84265312257957,1324
21446,12 RED ROSE PEG PLACE SETTINGS,112,169,1071,1329.63,305.1040917386925,16.84046759739335,1325
22249,DECORATION WHITE CHICK MAGIC GARDEN,120,135,1250,1045.86,338.72819948649965,16.840143941799706,1326
82597,BOMBS AWAY METAL SIGN,106,162,1177,2383.1400000000003,301.4211568116964,16.8381523994802,1327
21204,DAISIES  HONEYCOMB GARLAND,104,136,1421,2243.85,304.01054173365816,16.833760886348834,1328
22942,CHRISTMAS LIGHTS 10 SANTAS,127,157,1010,7912.400000000001,311.39330998343667,16.833320515967056,1329
85065,CREAM SWEETHEART TRAYS,157,226,568,6584.0,314.1698684371793,16.8314254846347,1330
47570B,TEA TIME TABLE CLOTH,122,180,915,8714.43,277.3403542843767,16.83069775131237,1331
22220,CAKE STAND LOVEBIRD 2 TIER WHITE,159,209,603,5617.45,332.7211471646258,16.82585554388611,1332
22040,BOTANICAL ROSE GIFT WRAP,79,91,2740,1112.8,328.3196641159556,16.81989330802571,1333
22559,SEASIDE FLYING DISC,112,129,1371,1650.19,325.27173230293835,16.818947077453753,1334
21747,SMALL SKULL WINDMILL,82,125,1922,2221.9,260.555866505897,16.816764260336857,1335
21650,ASSORTED TUTTI FRUTTI BRACELET,79,93,2666,817.96,285.1000827151416,16.8140309411259,1336
20777,CHRYSANTHEMUM NOTEBOOK,68,82,3495,966.75,148.60297225928576,16.812321849169283,1337
22946,WOODEN ADVENT CALENDAR CREAM,134,180,818,11774.4,307.3050842602016,16.811855893557325,1338
22800,ANTIQUE TALL SWIRLGLASS TRINKET POT,129,159,958,3540.88,328.43429045765123,16.808599340572847,1339
22515,CHILDS GARDEN SPADE PINK,130,157,962,1849.68,305.4522220186795,16.807845768026244,1340
23399,HOME SWEET HOME HANGING HEART,107,131,1395,1182.6299999999999,335.6628546460169,16.80629943303291,1341
23287,RED VINTAGE SPOT BEAKER,97,126,1596,1294.2,312.56662036145894,16.805036713344176,1342
23345,DOLLY GIRL BEAKER,82,107,2216,2532.0,247.92222767630656,16.80488204453713,1343
85184D,S/4 BLUE ROUND DECOUPAGE BOXES,46,50,8283,4412.69,112.82159955428475,16.804054456949856,1344
84279B,CHERRY BLOSSOM DECORATIVE FLASK,138,184,767,2782.65,320.82892378088843,16.79861949135669,1345
21735,TWO DOOR CURIO CABINET,133,195,749,8788.5,289.1193393294687,16.796027665711783,1346
22339,CHRISTMAS TREE PAINTED ZINC,74,87,2982,1161.1799999999998,275.81861487927546,16.795509712529267,1347
23265,SET OF 3 WOODEN TREE DECORATIONS,113,163,1052,1380.2,300.3358855206662,16.79546338835267,1348
84598,BOYS ALPHABET IRON ON PATCHES,28,38,17377,3361.17,189.60861333495407,16.793817793515274,1349
21448,12 DAISY PEGS IN WOOD BOX,127,173,880,1452.0,318.90206518780883,16.792143189070323,1350
22309,TEA COSY RED  STRIPE,108,156,1135,2684.87,271.81003592276323,16.78286228685855,1351
22805,BLUE DRAWER KNOB ACRYLIC EDWARDIAN,80,133,1787,2190.43,291.5041358480728,16.78114191035681,1352
84508A,CAMOFLAGE DESIGN TEDDY,49,101,3799,8058.450000000001,123.01252975654366,16.779752164426895,1353
22359,GLASS JAR KINGS CHOICE,109,144,1214,3714.5799999999995,253.3446977635546,16.77971346398764,1354
85068,CREAM SWEETHEART SHELF + HOOKS,125,168,907,5984.31,282.02905954588203,16.777425000475844,1355
21867,PINK UNION JACK  LUGGAGE TAG,109,182,959,1194.33,285.4810060101153,16.77689980309572,1356
22495,SET OF 2 ROUND TINS CAMEMBERT,146,166,784,2212.7200000000003,330.0196925220993,16.774110116977898,1357
23145,ZINC T-LIGHT HOLDER STAR LARGE,100,119,1589,1491.8200000000002,335.41139521951067,16.774101554837582,1358
84459B,YELLOW METAL CHICKEN HEART,111,132,1292,1830.04,308.1567417814612,16.773568378288704,1359
22074,6 RIBBONS SHIMMERING PINKS,103,126,1457,1466.53,300.38843376121514,16.773398898168566,1360
22599,CHRISTMAS MUSICAL ZINC STAR,89,102,2071,1184.09,305.0173458870442,16.770808261939273,1361
16238,PARTY TIME PENCIL ERASERS,85,111,1975,413.35,293.12178898769815,16.761676045856415,1362
23333,IVORY WICKER HEART MEDIUM,113,134,1235,1531.15,326.78939544704247,16.761108864850563,1363
22420,LIPSTICK PEN BABY PINK,93,129,1548,649.01,280.58308775899513,16.756194073142453,1364
22611,VINTAGE UNION JACK SHOPPING BAG,127,174,844,3993.0,318.3107729794595,16.756152865200306,1365
16046,TEATIME PEN CASE & PENS,42,43,9951,1045.23,124.19146729036744,16.750918564590783,1366
23157,SET OF 6 NATIVITY MAGNETS,81,109,2061,4082.48,269.6138627637446,16.738631277633576,1367
21358,TOAST ITS - HAPPY BIRTHDAY,122,149,1007,1251.55,311.1057576208345,16.73854309809999,1368
23323,WHITE WICKER STAR,126,160,907,1873.2,328.3469737373939,16.73683583004435,1369
21395,BLUE POLKADOT BEAKER,72,92,2732,1262.04,266.79185920535775,16.736214120229715,1370
21384,IVORY HANGING DECORATION  BUTTERFLY,97,111,1687,1427.71,321.3942670435005,16.73476602512157,1371
22474,SPACEBOY TV DINNER TRAY,127,167,858,3791.94,278.87027061801507,16.731763165307132,1372
22134,MINI LADLE LOVE HEART RED,76,121,1945,765.46,260.8929966413523,16.721357729332894,1373
22122,SET OF 2 FANCY FONT TEA TOWELS,111,154,1051,3036.4500000000003,286.69809274373495,16.720372381511996,1374
23302,KNEELING MAT HOUSEWORK  DESIGN,101,143,1242,1674.38,263.4237863402478,16.720069204370983,1375
22664,TOY TIDY DOLLY GIRL DESIGN,96,161,1158,2298.78,285.305036046968,16.71762015707552,1376
17084R,ASSORTED INCENSE PACK,26,58,11345,2047.65,159.3139777585432,16.709994847796562,1377
20778,GARDEN PATH NOTEBOOK,63,77,3589,881.85,137.99158483978036,16.701499391531588,1378
22342,HOME GARLAND PAINTED ZINC,103,109,1557,1970.25,334.20581808531006,16.696029491364484,1379
20758,ABSTRACT CIRCLES POCKET BOOK,52,62,5332,881.8,133.75887920577418,16.695095850544256,1380
22409,MONEY BOX BISCUITS DESIGN,97,111,1606,2132.8999999999996,257.1157420332127,16.685590715703178,1381
72586,SET OF 6 HALLOWEEN GHOST T-LIGHTS,86,97,2064,866.88,258.99930777300096,16.68376110272029,1382
85183A,CHARLIE & LOLA WASTEPAPER BIN BLUE,97,124,1433,2112.25,252.08582938610402,16.681504237132437,1383
23193,BUFFALO BILL TREASURE BOOK BOX,87,111,1777,3594.43,213.27808026357343,16.67908010184715,1384
21640,ASSORTED TUTTI FRUTTI  FOB NOTEBOOK,83,116,1778,1498.82,278.528987599442,16.676797421306905,1385
21865,PINK UNION JACK  PASSPORT COVER,120,194,738,1544.88,290.0190202691242,16.674088025108688,1386
21743,STAR PORTABLE TABLE LIGHT,105,126,1291,3578.05,278.9652875935192,16.671572864913205,1387
85212,MINI PAINTED GARDEN DECORATION,74,86,2657,966.29,273.82637806470757,16.668725471464086,1388
35971,ROSE FOLKART HEART DECORATIONS,84,113,1785,1609.54,272.00435575538415,16.666583466321256,1389
21066,VINTAGE RED MUG,76,102,2178,1392.6,252.0047885929968,16.66515574502794,1390
21927,BLUE/CREAM STRIPE CUSHION COVER,88,165,1166,1442.3,268.9209523265469,16.66281579037524,1391
79066K,RETRO MOD TRAY,89,154,1234,996.22,258.8748771124055,16.66206103631159,1392
23002,TRAVEL CARD WALLET SKULLS,75,122,1838,770.52,266.8713212530432,16.65989492026307,1393
21294,ETCHED GLASS COASTER,76,108,2037,1505.65,270.13118588100156,16.654877517865497,1394
85035C,ROSE 3 WICK MORRIS BOX CANDLE,105,138,1156,2240.32,266.26410058218346,16.651498754436435,1395
22269,EGG CUP NATURAL CHICKEN,98,136,1254,1108.6200000000001,282.37491491685734,16.6499916275286,1396
21894,POTTING SHED SEED ENVELOPES,110,140,1085,1326.38,302.7299780705213,16.648546592184385,1397
22948,METAL DECORATION NAUGHTY CHILDREN,80,113,1837,1597.4499999999998,286.6390713662626,16.647080905982566,1398
22902,TOTE BAG I LOVE LONDON,90,123,1503,2887.34,272.81465985277833,16.647024576631672,1399
85114B,IVORY ENCHANTED FOREST PLACEMAT,88,137,1379,2199.35,267.1382389083811,16.645728833040597,1400
22926,IVORY GIANT GARDEN THERMOMETER,137,186,653,3813.3500000000004,314.25519491570265,16.64146965346899,1401
22695,WICKER WREATH SMALL,118,138,1018,1438.3799999999999,318.2911550077191,16.640174459464944,1402
22944,CHRISTMAS METAL POSTCARD WITH BELLS,66,78,3183,2412.79,252.82434111773486,16.640034018822263,1403
21925,UNION STRIPE CUSHION COVER,96,149,1152,1417.2,300.42287504062597,16.635468792868696,1404
22807,SET OF 6 T-LIGHTS TOADSTOOLS,104,153,1035,2923.09,284.1342135429692,16.63403537539058,1405
22890,NOVELTY BISCUITS CAKE STAND 3 TIER,125,193,681,6360.97,293.2115382558764,16.62916972385827,1406
21330,WOODLAND ANIMAL  WRITING SET,99,123,1341,2106.65,261.35710582390703,16.627368069124756,1407
23089,GLASS BON BON JAR,82,108,1833,2960.67,254.80496181954422,16.624443142842154,1408
21486,PINK HEART DOTS HOT WATER BOTTLE,121,162,832,2433.12,288.1277252741216,16.622804887706863,1409
22157,ANGEL DECORATION WITH LACE PADDED,86,110,1714,1456.8999999999999,285.3710364676159,16.622606679566957,1410
47593B,SCOTTIE DOGS BABY BIB,82,115,1714,839.4399999999999,242.50616453714008,16.619599158503,1411
22678,"FRENCH BLUE METAL DOOR SIGN, 3",84,159,1212,1515.01,275.11445027881,16.618676980668194,1412
22422,TOOTHPASTE TUBE PEN,94,118,1456,937.4000000000001,289.81662352152256,16.617135190907277,1413
20774,GREEN FERN NOTEBOOK,65,72,3409,824.85,139.02983422552083,16.614581753452377,1414
22967,SET 3 SONG BIRD PAPER EGGS ASSORTED,115,124,1130,3139.1000000000004,284.59226534351683,16.612761404524786,1415
10125,MINI FUNKY DESIGN TAPES,79,109,1860,1469.2,244.431505968847,16.611376257108546,1416
85132A,CHARLIE + LOLA BISCUITS TINS,95,144,1171,3921.25,275.4309101512817,16.607548904025368,1417
85226A,WHITE/BLUE PULL BACK RACING CAR,91,109,1604,819.8000000000001,275.4851139201146,16.603147978405573,1418
84929,ASSTD FRUIT+FLOWERS FRIDGE MAGNETS,74,81,2640,869.04,295.95122844745606,16.603120273097694,1419
85071A,BLUE CHARLIE+LOLA PERSONAL DOORSIGN,88,104,1732,1287.0,252.72941067838337,16.60020600960527,1420
23242,TREASURE TIN BUFFALO BILL,94,141,1196,2410.4,260.00010360944424,16.597277654759775,1421
22862,LOVE HEART NAPKIN BOX,133,173,690,2916.5,317.65023401833963,16.59503492293311,1422
22481,BLACK TEA TOWEL CLASSIC DESIGN,117,144,940,1033.84,302.19814841289417,16.59436150647162,1423
22680,"FRENCH BLUE METAL DOOR SIGN, 5",88,150,1195,1494.97,277.1613348147892,16.59265414105764,1424
47591C,BLUE FAIRY CAKE CHILD'S APRON,110,145,990,1790.7,269.19476827525216,16.591851357350656,1425
84559A,3D SHEET OF DOG STICKERS,99,140,1134,964.68,266.6995726502368,16.588318006281764,1426
17091A,LAVENDER INCENSE IN TIN,74,105,2003,1235.14,236.26398278719526,16.583827669853132,1427
21192,WHITE BELL HONEYCOMB PAPER,85,102,1788,2748.2000000000003,263.40038596195797,16.578488367991863,1428
22107,PIZZA PLATE IN BOX,112,173,799,2866.06,281.65861972113305,16.571054845594798,1429
23312,VINTAGE CHRISTMAS GIFT SACK,114,129,1047,4213.85,302.3078233885868,16.56710544369982,1430
22859,EASTER TIN BUNNY BOUQUET,107,124,1159,1847.55,289.83074676480123,16.56662024852693,1431
21802,CHRISTMAS TREE HEART DECORATION,76,86,2335,980.6999999999999,283.52925679544694,16.565908884456384,1432
85017B,ENVELOPE 50 BLOSSOM IMAGES,87,103,1705,1000.8299999999999,273.3267915052653,16.563634441671205,1433
79191C,RETRO PLASTIC ELEPHANT TRAY,92,114,1449,1104.93,265.9038860120447,16.556850456931127,1434
22372,AIRLINE BAG VINTAGE WORLD CHAMPION,149,207,495,2416.03,310.27980268276747,16.554749300522502,1435
23035,DRAWER KNOB CERAMIC IVORY,78,118,1644,2285.4,271.8686511180377,16.554067008778024,1436
21061,PARTY INVITES FOOTBALL,99,117,1307,922.67,277.61879185956366,16.5521093424709,1437
21398,RED  SPOTTY COFFEE  MUG,77,92,2116,1947.21,264.289660572478,16.547063590977714,1438
16216,LETTER SHAPE PENCIL SHARPENER,59,67,3760,333.18,220.076486460296,16.546292425868543,1439
22863,SOAP DISH BROCANTE,109,133,1033,2893.7500000000005,284.38505773610194,16.539510220811703,1440
84559B,3D SHEET OF CAT STICKERS,91,143,1144,972.4,258.08831313061205,16.53476179261338,1441
23283,DOORMAT VINTAGE LEAVES DESIGN,113,159,824,5495.22,264.59707079887374,16.526755649963,1442
21803,CHRISTMAS TREE STAR DECORATION,71,85,2428,1019.76,270.0112328295136,16.526248344271735,1443
22450,SILK PURSE RUSSIAN DOLL BLUE,114,159,816,2707.2000000000003,301.7447055610915,16.52574503845708,1444
23330,DECORATIVE WICKER HEART MEDIUM,105,129,1086,1349.94,298.85563490937267,16.522150431688857,1445
84012,MAGIC SHEEP WOOL GROWING FROM PAPER,95,113,1366,2141.9,256.0639430057384,16.520920476586284,1446
21948,SET OF 6 CAKE CHOPSTICKS,68,108,1981,2283.4300000000003,211.45224833232004,16.517316101716336,1447
23378,PACK OF 12 50'S CHRISTMAS TISSUES,77,88,2135,802.41,283.5359244547756,16.51203539650182,1448
23289,DOLLY GIRL CHILDRENS BOWL,90,115,1398,1661.1,274.0888159460073,16.507962672288695,1449
47505,MINATURE COLOURED GARDENING SET,128,159,714,3321.8,295.1769127882943,16.507268762289506,1450
22053,EMPIRE DESIGN ROSETTE,54,59,4466,3883.92,150.1782350177067,16.50615006880669,1451
22735,RIBBON REEL SOCKS AND MITTENS,102,124,1140,1846.12,291.55486248457925,16.502703075394013,1452
22955,36 FOIL STAR CAKE CASES,108,128,1043,2101.9900000000002,289.79973326715907,16.501975055033398,1453
23571,TRADITIONAL NAUGHTS & CROSSES,105,117,1168,1898.4,301.55263036943484,16.498027680049802,1454
22975,SPACEBOY CHILDRENS EGG CUP,101,129,1101,1381.09,291.7094232347429,16.497389253452713,1455
22414,DOOR MAT NEIGHBOURHOOD WITCH,86,152,1090,6075.44,202.3295756678769,16.49119602588009,1456
23368,SET 12 COLOUR PENCILS DOLLY GIRL,87,112,1457,944.65,267.34334499360943,16.48954554575915,1457
23163,REGENCY SUGAR TONGS,79,113,1586,3630.98,247.56404744690323,16.487825803594788,1458
22230,JIGSAW TREE WITH WATERING CAN,90,117,1345,718.77,259.1666453127186,16.486436641187186,1459
23146,TRIPLE HOOK ANTIQUE IVORY ROSE,124,174,659,2134.5099999999998,301.54736047627136,16.485339546246287,1460
21391,FRENCH EMROIDR LAVENDER SCENT HEART,102,119,1163,1421.7,304.2914223341096,16.48183835930306,1461
22312,OFFICE MUG WARMER POLKADOT,93,168,903,2959.59,245.18886721879238,16.480022857585254,1462
72802A,ROSE SCENT CANDLE IN JEWELLED BOX,101,157,890,3646.78,261.4505371489365,16.47991227378205,1463
21399,BLUE  SPOTTY  COFFEE MUG,72,90,2156,1354.44,254.49412828230845,16.477792594054396,1464
22756,LARGE YELLOW BABUSHKA NOTEBOOK,102,143,961,1112.45,268.2336096668816,16.47355673847134,1465
85194L,HANGING SPRING FLOWER EGG LARGE,85,100,1638,1336.1399999999999,278.7670446206021,16.4713093918386,1466
21403,BLUE EGG  SPOON,71,99,1955,417.06,255.5705041917066,16.460493155598908,1467
23291,DOLLY GIRL CHILDRENS CUP,83,119,1396,1690.1399999999999,265.16858308674654,16.46039090088232,1468
22452,MEASURING TAPE BABUSHKA PINK,99,150,923,2600.65,256.64010984716913,16.451162094444697,1469
23006,TRAVEL CARD WALLET FLOWER MEADOW,76,115,1561,654.18,261.73255862749585,16.45111794335968,1470
21109,LARGE CAKE TOWEL CHOCOLATE SPOTS,112,135,904,3274.7999999999997,244.0281468113249,16.44797764814832,1471
23080,RED METAL BOX TOP SECRET,102,162,827,6496.889999999999,237.49781206048144,16.447492343421658,1472
23237,SET OF 4 KNICK KNACK TINS LEAF,113,142,849,3422.15,287.69579462325805,16.444279428138763,1473
22930,BAKING MOULD HEART MILK CHOCOLATE,105,127,1019,2448.77,267.79731507036814,16.44302726431,1474
21060,PARTY INVITES BALLOON GIRL,97,117,1195,853.15,269.7023509805851,16.442390037646813,1475
23506,MINI PLAYING CARDS SPACEBOY,76,81,2189,894.18,239.41706814503232,16.442181491928483,1476
22036,DINOSAUR BIRTHDAY CARD,76,109,1630,673.8,281.21611122232764,16.441234390267113,1477
21011,GLITTER SNOW PEAR TREE DECORATION,80,97,1737,1234.6499999999999,269.14302822076087,16.43990693916835,1478
72807B,SET/3 OCEAN SCENT CANDLE JEWEL BOX,101,144,929,3774.0099999999998,253.41358637341756,16.436891141852144,1479
84944,SET OF 6 KASHMIR FOLKART BAUBLES,111,137,888,2442.8,282.0688946957333,16.435849791966206,1480
23012,GLASS APOTHECARY BOTTLE PERFUME,113,150,790,2920.84,280.4969475039687,16.426776252977074,1481
84006,MAGIC TREE -PAPER FLOWERS,73,120,1505,1279.25,224.23552314561434,16.41706804716075,1482
20760,GARDEN PATH POCKET BOOK,43,55,5470,1258.3,124.82195619203627,16.41675801871724,1483
22691,DOORMAT WELCOME SUNRISE,115,169,680,4317.400000000001,249.77761188827293,16.41295093430614,1484
22314,OFFICE MUG WARMER CHOC+BLUE,88,161,929,3163.7900000000004,232.65616334765815,16.411417291111825,1485
22202,MILK PAN PINK RETROSPOT,91,152,950,3404.1,224.9273062951987,16.409740560986865,1486
22526,WHEELBARROW FOR CHILDREN,147,177,503,5942.37,278.8764458762571,16.40157209212757,1487
23110,PARISIENNE KEY CABINET,129,180,560,3100.0,284.52533635338375,16.395752387244105,1488
22709,WRAP WEDDING DAY,65,73,2700,1058.0,272.93112202357946,16.39509718902321,1489
23389,SPACEBOY MINI BACKPACK,109,143,829,3300.35,260.28577375131096,16.39171936615906,1490
21203,BUTTERFLIES  HONEYCOMB GARLAND,84,105,1435,2223.75,248.0992506394784,16.37570710021055,1491
23118,PARISIENNE JEWELLERY DRAWER,118,174,618,4323.72,258.76360646480975,16.372014739719642,1492
22679,"FRENCH BLUE METAL DOOR SIGN, 4",80,144,1093,1368.07,260.90868685405684,16.36877888007494,1493
20846,ZINC HEART LATTICE T-LIGHT HOLDER,93,113,1196,1466.88,286.74893413606804,16.36706693622247,1494
22306,SILVER MUG BONE CHINA TREE OF LIFE,93,107,1262,1856.1899999999998,284.0314479677233,16.366671131744713,1495
21445,12 PINK ROSE PEG PLACE SETTINGS,81,108,1433,1702.3300000000002,218.99135908338297,16.366290150652965,1496
22937,BAKING MOULD CHOCOLATE CUPCAKES,110,122,936,2410.03,301.94472141725174,16.364397838923175,1497
22096,PINK PAISLEY SQUARE TISSUE BOX,99,125,1013,610.81,241.2434680675116,16.363110277090698,1498
17033,"BROCADE PURSE,SMALL ARCH BUTTON",58,67,3171,836.23,243.4666083484692,16.359162731836566,1499
85177,BASKET OF FLOWERS SEWING KIT,76,99,1651,1343.6499999999999,252.06469143741754,16.3587175619227,1500
23052,RECYCLED ACAPULCO MAT TURQUOISE,127,194,507,4166.75,279.8034466011509,16.355511270061847,1501
23162,REGENCY TEA STRAINER,84,120,1230,4312.610000000001,249.9553437556196,16.354023928271513,1502
21581,SKULLS  DESIGN  COTTON TOTE BAG,100,123,1007,1439.15,243.02184626495347,16.35112553107761,1503
22033,BOTANICAL ROSE GREETING CARD,77,104,1528,634.56,284.59743307088553,16.34303838277618,1504
22543,MINI JIGSAW BAKE A CAKE,63,75,2569,1035.62,220.3142839375226,16.341277601535268,1505
22362,GLASS JAR PEACOCK BATH SALTS,123,161,620,1781.88,278.01952060082186,16.3392089827709,1506
22547,MINI JIGSAW DINOSAUR,75,97,1666,702.67,256.5281069621073,16.3344817017077,1507
23004,TRAVEL CARD WALLET PANTRY,64,110,1713,720.28,216.77253922593061,16.330502570365695,1508
22476,EMPIRE UNION JACK TV DINNER TRAY,128,164,578,2738.7799999999997,273.57265122884735,16.327060355835247,1509
85014D,PINK/BROWN DOTS RUFFLED UMBRELLA,73,86,1913,6613.549999999999,163.4577667555721,16.326923783871656,1510
23210,WHITE ROCKING HORSE HAND PAINTED,67,98,1821,2180.49,237.22601369844753,16.322317633130602,1511
85054,FRENCH ENAMEL POT W LID,99,150,811,1989.5100000000002,270.43934162599703,16.321950362964692,1512
21012,ANTIQUE ALL GLASS CANDLESTICK,88,109,1250,1707.32,239.3650149419701,16.32081524599147,1513
22973,CHILDREN'S CIRCUS PARADE MUG,81,111,1317,2129.09,263.4180240544107,16.3090888336218,1514
72818,CHRISTMAS DECOUPAGE CANDLE,65,88,2059,1114.73,215.96926229049814,16.30875237354219,1515
22742,MAKE YOUR OWN PLAYTIME CARD KIT,108,135,813,1990.3500000000004,271.75267467922316,16.305963133967737,1516
20729,RED SPOTTY CANDY BAG,38,66,4616,1142.4,122.0654409300106,16.3057546880276,1517
22146,EASTER CRAFT IVY WREATH WITH CHICK,91,97,1332,2321.4,233.41009329988634,16.301943375898322,1518
21817,GLITTER CHRISTMAS TREE,84,101,1384,964.3399999999999,272.4734918944808,16.301079488396027,1519
21972,SET OF 36 DINOSAUR PAPER DOILIES,99,125,950,1377.5,273.0964150675637,16.298966155484962,1520
84993A,75 GREEN PETIT FOUR CASES,81,115,1256,527.52,231.15752034093492,16.296792646960867,1521
22264,FELT FARM ANIMAL WHITE BUNNY,77,85,1778,844.4599999999999,251.25336043441735,16.294862810608933,1522
21464,DISCO BALL ROTATOR BATTERY OPERATED,115,199,513,2176.25,245.76437811033549,16.294130823109565,1523
84519A,TOMATO CHARLIE+LOLA COASTER SET,80,137,1062,2390.94,216.26080661762782,16.290553218171592,1524
20832,RED FLOCK LOVE HEART PHOTO FRAME,81,97,1474,929.64,260.6571011217063,16.288099994708745,1525
22279,POCKET BAG BLUE PAISLEY RED SPOT,100,113,1021,1571.86,276.51084629698744,16.280835735999403,1526
23534,STOP FOR TEA WALL ART,96,123,974,4965.68,228.05963094356545,16.277430015106265,1527
17021,NAMASTE SWAGAT INCENSE,41,65,4214,1096.44,171.0630150949889,16.27372923074575,1528
22496,SET OF 2 ROUND TINS DUTCH CHEESE,136,152,554,1579.5800000000002,285.5957236491439,16.269386960966997,1529
21726,MULTI HEARTS  STICKERS,89,122,1048,877.8,246.56629484043958,16.26758663409898,1530
20757,RED DAISY POCKET BOOK,43,49,5273,832.43,111.19491688269403,16.26675700625964,1531
22267,EASTER DECORATION EGG BUNNY,85,99,1347,1211.67,233.78949366351262,16.265894773713853,1532
21324,HANGING MEDINA LANTERN SMALL,99,123,932,2393.0,246.11487148672458,16.263856952440474,1533
22475,SKULL DESIGN TV DINNER TRAY,99,178,644,2909.2,213.77859664012206,16.26180630862462,1534
23091,ZINC HERB GARDEN CONTAINER,136,167,500,3061.07,287.09315480707846,16.26055100631625,1535
15044C,PURPLE PAPER PARASOL,92,148,830,2334.1000000000004,239.83715327282715,16.25917559395416,1536
85232D,SET/3 DECOUPAGE STACKING TINS,112,163,616,2914.8,256.88422860195203,16.252123270441928,1537
23340,VINTAGE CHRISTMAS CAKE FRILL,80,85,1636,2627.4,261.4946253942402,16.24941702829708,1538
21805,WHITE CHRISTMAS TREE DECORATION,72,77,2000,822.72,261.9191522401414,16.248570602421715,1539
22068,BLACK PIRATE TREASURE CHEST,97,154,746,1219.92,260.6191479736138,16.244457780722637,1540
22181,SNOWSTORM PHOTO FRAME FRIDGE MAGNET,78,97,1464,1194.48,243.36187415023034,16.24402585258876,1541
21278,VINTAGE KITCHEN PRINT PUDDINGS,61,67,2689,1336.95,149.119049345678,16.243938562817085,1542
22982,PANTRY PASTRY BRUSH,101,123,893,1114.67,270.65943662860855,16.240960154062822,1543
23197,SKETCHBOOK MAGNETIC SHOPPING LIST,83,133,1003,1459.1499999999999,230.10734690227886,16.2404038990459,1544
22254,FELT TOADSTOOL LARGE,87,104,1218,1486.02,267.6016574800388,16.237083294117,1545
21187,WHITE BELL HONEYCOMB PAPER GARLAND,85,102,1269,1976.25,245.10971588475087,16.23584846393578,1546
37502,TEA TIME MUG IN GIFT BOX,95,145,801,2286.15,262.05191850082605,16.23506342104269,1547
22905,CALENDAR IN SEASON DESIGN,98,128,879,2397.36,255.21368169741734,16.234854161968514,1548
22125,UNION JACK HOT WATER BOTTLE,116,156,609,3520.55,269.7263352281102,16.23187869731342,1549
22473,TV DINNER TRAY VINTAGE PAISLEY,108,146,696,2501.2400000000002,246.95466903436022,16.228565879768404,1550
35924,HANGING FAIRY CAKE DECORATION,59,93,1977,3499.8,166.7174765791787,16.22748085667476,1551
72799E,IVORY PILLAR CANDLE SILVER FLOCK,91,112,1067,2143.9700000000003,244.86031220981096,16.22271941528152,1552
22442,GROW YOUR OWN FLOWERS SET OF 3,120,139,653,4108.71,234.46805980681992,16.220540319663243,1553
21651,HANGING GLASS ETCHED TEALIGHT,78,104,1332,2111.4,256.26502707437794,16.218595522803255,1554
23570,TRADITIONAL PICK UP STICKS GAME,98,115,961,1201.25,279.68872154975617,16.21772449190666,1555
23119,PACK OF 6 LARGE FRUIT STRAWS,70,86,1786,1043.78,245.55918767138874,16.216881510855327,1556
22320,BIRDS MOBILE VINTAGE DESIGN,123,160,550,3223.86,270.00289930132084,16.213420739742418,1557
22043,CHRISTMAS CARD SCREEN PRINT,74,80,1800,515.52,281.1841406234176,16.208034613384704,1558
21465,PINK FLOWER CROCHET FOOD COVER,110,146,666,2347.61,245.96665559604094,16.202752834006695,1559
21828,EIGHT PIECE SNAKE  SET,88,125,969,1170.21,233.2616188218486,16.202214348181048,1560
23102,SILVER HEARTS TABLE DECORATION,97,106,1035,832.6500000000001,268.2190759314398,16.200918735951905,1561
23426,METAL SIGN DROP YOUR PANTS,89,123,970,2435.38,237.89510847425922,16.198417704226628,1562
22042,CHRISTMAS CARD SINGING ANGEL,79,86,1553,558.42,284.6039446491004,16.19652228425606,1563
23155,KNICKERBOCKERGLORY MAGNET ASSORTED,68,90,1721,1370.3500000000001,247.4848989918827,16.196207696101784,1564
21062,PARTY INVITES SPACEMAN,96,113,975,804.63,274.21246719769346,16.19437201331097,1565
21351,CINAMMON & ORANGE WREATH,98,116,925,2899.75,259.0332080163289,16.188168019578526,1566
22922,FRIDGE MAGNETS US DINER ASSORTED,72,84,1722,1399.2,261.0079053307673,16.18493293416664,1567
84937,KASHMIR FOLKART TUMBLERS,50,83,2487,4829.92,183.22851452071694,16.18187688542671,1568
21683,MEDIUM MEDINA STAMPED METAL BOWL,91,126,909,2604.7500000000005,245.79190833734856,16.179420263018528,1569
21619,4 VANILLA BOTANICAL CANDLES,104,125,802,1477.5,258.42886421057443,16.17859697105576,1570
21292,SMALL STRIPES CHOCOLATE GIFT BAG,63,74,2209,1308.37,246.5806139068609,16.17711899140778,1571
23212,HEART WREATH DECORATION WITH BELL,68,101,1505,1770.37,231.0196496997632,16.17629172624137,1572
21248,DOOR HANGER  MUM + DADS ROOM,93,115,969,1136.25,234.36432824333704,16.174181044873798,1573
21744,SNOWFLAKE PORTABLE TABLE LIGHT,115,136,664,2004.2400000000002,276.20377942644836,16.173358157590343,1574
23508,MINI PLAYING CARDS DOLLY GIRL,67,73,2096,855.12,214.34679475507355,16.171835829282198,1575
23029,DRAWER KNOB CRACKLE GLAZE GREEN,80,115,1120,1809.6000000000001,263.02296587685754,16.170015768850963,1576
23280,FOLDING BUTTERFLY MIRROR HOT PINK,61,98,1709,1306.2700000000002,196.3843350812778,16.166502884676387,1577
22376,AIRLINE BAG VINTAGE JET SET WHITE,134,178,433,2077.99,275.69557795312846,16.165705118379588,1578
16012,FOOD/DRINK SPUNGE STICKERS,56,70,2588,542.28,241.2946881889545,16.164758124627404,1579
22707,WRAP MONSTER FUN,66,76,2025,850.5,269.49803613720997,16.162316726053277,1580
22683,"FRENCH BLUE METAL DOOR SIGN, 8",82,128,974,1219.32,253.00409725703,16.161090483156116,1581
84969,BOX OF 6 ASSORTED COLOUR TEASPOONS,98,161,646,2759.74,241.0191305840594,16.155062479867876,1582
22347,PIZZA SLICE DISH,50,76,2641,2936.4500000000003,176.58754578968652,16.15492253966028,1583
22682,"FRENCH BLUE METAL DOOR SIGN, 7",80,127,999,1249.3600000000001,250.71279629917169,16.154234697574193,1584
79030G,"TUMBLER, NEW ENGLAND",67,91,1652,1153.32,241.9039887610094,16.15164338004617,1585
21287,SCENTED VELVET LOUNGE CANDLE,47,62,3417,1551.63,186.20652857095627,16.15114660097496,1586
21707,"FOLDING UMBRELLA , BLACK/BLUE  SPOT",95,116,919,3770.27,220.36637035344506,16.150895796308678,1587
20767,BLUE PAISLEY JOURNAL,105,133,725,1480.3600000000001,240.42873521142985,16.148828908887772,1588
16218,CARTOON  PENCIL SHARPENERS,47,55,3830,325.90000000000003,203.7816346769731,16.147433846343688,1589
22843,BISCUIT TIN VINTAGE GREEN,122,149,557,3483.73,250.07317450969555,16.147178611849984,1590
23504,PLAYING CARDS JUBILEE UNION JACK,91,108,1025,1278.73,250.26527362310077,16.1465594850089,1591
21111,"SWISS ROLL TOWEL, CHOCOLATE  SPOTS",92,110,992,2187.6000000000004,246.10243113934723,16.142860358510763,1592
22415,WHITE TISSUE REAM,155,202,322,2559.9,272.9439657542727,16.14071430951398,1593
23374,RED SPOT PAPER GIFT BAG,68,78,1875,1477.5,242.59505354610383,16.14045148663045,1594
84596L,BISCUITS SMALL BOWL LIGHT BLUE,71,122,1153,675.99,213.83777252618302,16.139839921456517,1595
85203,HANGING WOOD AND FELT BUTTERFLY,90,106,1044,435.6,259.75414919982995,16.135460505377665,1596
23028,DRAWER KNOB CRACKLE GLAZE BLUE,79,105,1195,1914.39,246.97216625680912,16.132203663296526,1597
22893,MINI CAKE STAND T-LIGHT HOLDER,62,84,1892,771.6,233.95808987333623,16.131704134091173,1598
22060,LARGE CAKE STAND HANGING HEARTS,107,136,682,5158.82,241.02464502394156,16.128607012523133,1599
21279,VINTAGE KITCHEN PRINT FRUITS,51,55,3465,1328.55,122.39251590657906,16.127351879592126,1600
23184,BULL DOG BOTTLE OPENER,103,154,625,3009.27,255.14154723413492,16.127166387160717,1601
22778,GLASS CLOCHE SMALL,90,123,893,3240.63,215.7628020933779,16.1268468472954,1602
23132,SMALL IVORY HEART WALL ORGANISER,93,113,939,4595.219999999999,205.43005476465837,16.12537310592855,1603
22894,TABLECLOTH RED APPLES DESIGN,115,161,527,4712.5,255.39417599098238,16.11028281004501,1604
23352,ROLL WRAP 50'S RED CHRISTMAS,89,98,1102,1347.26,271.2843463435333,16.100718539718358,1605
23031,DRAWER KNOB CRACKLE GLAZE PINK,76,116,1088,1756.8,244.66335519015828,16.0989944795844,1606
23507,MINI PLAYING CARDS BUFFALO BILL,60,64,2462,969.84,180.29064505044798,16.094396532189485,1607
21773,DECORATIVE ROSE BATHROOM BOTTLE,79,98,1231,1077.71,235.90875165545387,16.093540628901938,1608
84341B,SMALL PINK MAGIC CHRISTMAS TREE,70,83,1631,801.2,207.0677061331544,16.09105821140868,1609
22681,"FRENCH BLUE METAL DOOR SIGN, 6",75,125,1007,1259.3600000000001,240.83241763926335,16.082738695869125,1610
21926,RED/CREAM STRIPE CUSHION COVER,83,127,896,1104.8,243.3898312354115,16.081902924821726,1611
22221,CAKE STAND LOVEBIRD 2 TIER PINK,94,120,837,6039.349999999999,200.88488861203936,16.080685537679365,1612
22438,BALLOON ART MAKE YOUR OWN FLOWERS,94,105,951,1500.93,249.04074798003518,16.07588102050397,1613
20684,STRAWBERRY DREAM CHILDS UMBRELLA,113,153,545,1732.25,257.88229059475265,16.07577002655303,1614
35957,SMALLFOLKART BAUBLE CHRISTMAS DEC,48,59,3259,827.8199999999999,206.85028234433588,16.07564733469348,1615
21904,HOUSE WRECKING METAL SIGN,100,127,739,1160.4,230.0781741852862,16.07380096695909,1616
23299,FOOD COVER WITH BEADS SET 2,96,107,911,3297.67,253.41166914167317,16.072482195701934,1617
20772,GARDEN PATH JOURNAL,93,115,875,1589.1,235.6273800431451,16.07225106431276,1618
22310,IVORY KNITTED MUG COSY,60,104,1489,2294.37,195.04148377463923,16.071365613270338,1619
21191,LARGE WHITE HONEYCOMB PAPER BELL,84,99,1112,2117.9,245.20760311027698,16.062635793753955,1620
22250,DECORATION  BUTTERFLY  MAGIC GARDEN,92,103,977,801.3299999999999,252.36524518825664,16.06250006232945,1621
16259,PIECE OF CAMO STATIONERY SET,40,48,4697,675.9300000000001,202.23629364950173,16.06028453003379,1622
82613D,METAL SIGN CUPCAKE SINGLE HOOK,94,122,805,724.05,251.52396494449502,16.058144989479587,1623
22044,CHRISTMAS CARD STACK OF PRESENTS,71,76,1693,506.82,266.12455564539886,16.05531941608174,1624
21611,SET OF 12 LILY BOTANICAL T-LIGHTS,93,134,739,2122.4500000000003,237.52276674354474,16.055219746906648,1625
22642,SET OF 4 NAPKIN CHARMS STARS,96,109,876,2098.25,255.80253012535914,16.051698336667982,1626
21616,4 PEAR BOTANICAL DINNER CANDLES,100,122,751,1823.75,253.1196237163274,16.050041196163516,1627
22233,JIGSAW RABBIT AND BIRDHOUSE,99,113,818,1039.1200000000001,251.48949811878907,16.049452718235656,1628
84459A,PINK METAL CHICKEN HEART,86,97,1088,1526.08,236.28790228203815,16.043890720258116,1629
21794,CLASSIC FRENCH STYLE BASKET NATURAL,110,137,605,2892.07,256.6696078111215,16.043663872538854,1630
21653,GLASS ETCHED T-LIGHT HOLDER LARGE,75,100,1208,2407.8,222.41481358842668,16.043402707742384,1631
22516,CHILDS GARDEN RAKE BLUE,99,119,772,1461.18,229.63712740465076,16.04294097735756,1632
22375,AIRLINE BAG VINTAGE JET SET BROWN,122,170,440,2041.6000000000001,254.6235666414533,16.04289278732192,1633
47591B,SCOTTIES DES CHILD'S APRON,104,132,662,1041.9,244.8734751443718,16.04108446856514,1634
84596E,SMALL LICORICE DES PINK BOWL,86,120,876,844.37,229.1381779047396,16.038205656623507,1635
21593,SWALLOW CIGAR BOX MATCHES,69,93,1391,1629.31,198.01418167980975,16.03028686521373,1636
16048,TEATIME ROUND PENCIL SHARPENER,48,58,3166,469.02,195.20687580946299,16.029897788554983,1637
72807A,SET/3 ROSE CANDLE IN JEWELLED BOX,88,125,814,3316.06,225.09063817817176,16.02810638992448,1638
23122,PARTY CHARMS 50 PIECES,67,71,1862,1362.5800000000002,205.202354939811,16.026117194793752,1639
21482,MUSHROOM BLUE HOT WATER BOTTLE,101,133,665,1889.7500000000002,248.62997217574411,16.02410228377557,1640
22162,HEART GARLAND RUSTIC PADDED,84,122,869,2505.9500000000003,240.9199371213872,16.023328823511363,1641
16016,LARGE CHINESE STYLE SCISSOR,49,88,2042,1639.5,184.2159035267864,16.02283396997791,1642
22337,ANGEL DECORATION PAINTED ZINC,61,71,2032,1205.6,196.23757668833193,16.021068317689494,1643
22839,3 TIER CAKE TIN GREEN AND CREAM,118,163,461,6334.3099999999995,233.5097890404494,16.014554812017465,1644
21284,RETRO SPOT CANDLE  SMALL,72,87,1398,1416.38,243.82885950477703,16.011309230292078,1645
22260,FELT EGG COSY BLUE RABBIT,79,100,1110,907.62,227.45641558596364,16.01016294115477,1646
21801,CHRISTMAS TREE DECORATION WITH BELL,62,73,1920,806.4,230.86621113265568,16.00780098236426,1647
23393,HOME SWEET HOME CUSHION COVER,115,140,546,2047.5,268.15763553258216,16.006798883906512,1648
35095B,RED VICTORIAN FABRIC OVAL BOX,63,81,1703,609.0500000000001,203.5846564236254,16.006336038013185,1649
22660,DOORMAT I LOVE LONDON,85,135,762,4637.76,197.38673956707433,16.004260213274016,1650
22911,PAPER CHAIN KIT LONDON,101,125,690,1950.3400000000001,236.8303770295499,15.999394544003419,1651
21742,LARGE ROUND WICKER PLATTER,142,165,373,2219.35,270.95038690154325,15.999088216030984,1652
85194S,HANGING SPRING FLOWER EGG SMALL,73,83,1427,711.35,240.6373249293139,15.998912034947011,1653
23127,FELTCRAFT GIRL NICOLE KIT,116,140,536,2639.84,258.5824180952579,15.99693191968479,1654
21620,SET OF 4 ROSE BOTANICAL CANDLES,101,129,666,1494.5,248.46545323214693,15.995297309655477,1655
22821,GIFT BAG PSYCHEDELIC APPLES,74,93,1251,813.51,258.4216055868549,15.993280447466358,1656
23382,BOX OF 6 CHRISTMAS CAKE DECORATIONS,81,98,1084,3866.2799999999997,226.30545199974154,15.991174363373403,1657
22977,DOLLY GIRL CHILDRENS EGG CUP,91,102,928,1160.0,260.00889425263716,15.990626304092515,1658
21774,DECORATIVE CATS BATHROOM BOTTLE,73,99,1187,1126.27,204.53951456633988,15.989261779114853,1659
21421,PORCELAIN ROSE LARGE,58,86,1710,1989.3,205.79957796686054,15.988278836452498,1660
85039B,S/4 IVORY MINI ROSE CANDLE IN BOWL,74,96,1204,1404.4,206.4977166840146,15.98643393796445,1661
79164,BLACK WINE GLASS,40,60,3496,2396.88,147.64150195507202,15.984106667940996,1662
21288,STRIPEY CHOCOLATE NESTING BOXES,95,116,777,1828.15,240.68925601918215,15.983248650443983,1663
21869,POTTING SHED COFFEE MUG,81,102,1032,1205.64,227.37867447830436,15.981670704613528,1664
85034C,3 ROSE MORRIS BOXED CANDLES,89,109,872,1677.36,237.77012936517738,15.972225591962282,1665
23255,CHILDRENS CUTLERY CIRCUS PARADE,93,115,791,3171.59,228.90351098764404,15.971446365190793,1666
23480,MINI LIGHTS WOODLAND MUSHROOMS,81,99,1052,3735.2400000000002,226.28427430441863,15.971287945386322,1667
84327A,PINK JUMPER LARRY THE LAMB,77,116,945,1780.3200000000002,200.95127737567995,15.971125330539227,1668
85204,HANGING WOOD AND FELT FLOWER,62,70,1926,334.44,197.46304924754392,15.969534271847214,1669
22229,BUNNY WOODEN PAINTED WITH FLOWER,96,106,829,631.9699999999999,255.17056635764382,15.968965513755933,1670
21725,SWEETIES  STICKERS,78,105,1027,872.9499999999999,232.20026653830786,15.968257392594198,1671
22976,CIRCUS PARADE CHILDRENS EGG CUP,73,107,1076,1349.84,223.11206470694816,15.968130997484778,1672
21617,4 LILY  BOTANICAL DINNER CANDLES,92,128,716,1917.5,230.26051060030238,15.96748773811455,1673
20986,BLUE CALCULATOR RULER,79,112,950,1117.55,200.65844338150987,15.966928515931613,1674
47480,HANGING PHOTO CLIP ROPE LADDER,59,93,1523,2379.0299999999997,181.0538130619659,15.966733080738695,1675
22700,BLACK AND WHITE DOG BOWL,72,85,1367,3084.77,185.03541432984514,15.965911835584393,1676
16008,SMALL FOLDING SCISSOR(POINTED EDGE),50,69,2404,333.22,188.56098029828408,15.965626057313546,1677
22858,EASTER TIN KEEPSAKE,92,99,922,1478.1,240.8600539475124,15.9653989136442,1678
23497,CLASSIC CHROME BICYCLE BELL,66,79,1600,2216.6,213.72235453728325,15.965102967061561,1679
21879,HEARTS GIFT TAPE,74,85,1329,509.37,241.09882219444268,15.964769631005616,1680
71038,WHITE HANGING BEADS CANDLE HOLDER,84,139,719,3800.15,233.05211628417385,15.963544891109722,1681
23013,GLASS APOTHECARY BOTTLE TONIC,100,133,631,2334.7900000000004,244.3825746815913,15.961849710939028,1682
21615,4 LAVENDER BOTANICAL DINNER CANDLES,89,104,903,1915.75,234.11938525072514,15.960599380879962,1683
84519B,CARROT CHARLIE+LOLA COASTER SET,84,134,742,1451.5400000000002,218.4805630100478,15.958622079646506,1684
21576,LETS GO SHOPPING COTTON TOTE BAG,109,135,568,1259.42,256.2303094515142,15.957015685654799,1685
85041,SET/4 PINK ORCHID CANDLES IN BOWL,61,75,1805,2376.33,152.53609918877785,15.956737459308354,1686
21402,RED  EGG  SPOON,71,88,1323,238.26,238.65570674808964,15.953715225245148,1687
22822,CREAM WALL PLANTER HEART SHAPED,116,142,506,2868.21,250.7014385185832,15.953529568648847,1688
22947,WOODEN ADVENT CALENDAR RED,98,133,638,7082.5,243.04977298649627,15.952864104463035,1689
23211,RED ROCKING HORSE HAND PAINTED,60,86,1594,1896.74,211.94265977851146,15.95141099804684,1690
90167,BEADED LOVE HEART JEWELLERY SET,53,74,2084,1655.96,211.74939493871898,15.948996294333487,1691
22685,"FRENCH BLUE METAL DOOR SIGN, 0",74,117,953,1190.65,239.163302654993,15.948836409450262,1692
22686,"FRENCH BLUE METAL DOOR SIGN, No",65,107,1183,1402.2,204.54041415748864,15.948439784594596,1693
22719,GUMBALL MONOCHROME COAT RACK,65,105,1202,1354.3,188.82926582325328,15.94566755211317,1694
20756,GREEN FERN POCKET BOOK,36,39,5672,810.8000000000001,90.31602794166405,15.943270724084726,1695
21392,RED SPOTTY PUDDING BOWL,30,35,7517,1379.31,93.90814447935476,15.942561567065379,1696
22939,ADULT APRON APPLE DELIGHT,97,137,618,2959.98,230.25025169913394,15.940326436512375,1697
20703,BLUE PADDED SOFT MOBILE,119,159,435,1842.75,259.2343163034826,15.940307801364908,1698
85231L,LAVENDER SCENTED SET/9 T-LIGHTS,80,100,1021,813.25,216.77299738559685,15.939086442277349,1699
48197,DOOR MAT BIRD ON THE WIRE,78,134,780,4401.24,193.24211714114182,15.935297780745138,1700
16219,HOUSE SHAPE PENCIL SHARPENER,49,57,2864,346.89,206.00235050754625,15.932789645123403,1701
22500,SET OF 2 TINS JARDIN DE PROVENCE,126,146,444,2136.6,261.78072248043287,15.932693955403568,1702
23376,PACK OF 12 VINTAGE CHRISTMAS TISSUE,64,70,1796,670.1999999999999,235.19032432414681,15.930941033720512,1703
20770,ABSTRACT CIRCLE JOURNAL,88,104,886,1790.4,218.82961077015685,15.930441702199243,1704
85186A,EASTER BUNNY GARLAND OF FLOWERS,76,80,1326,556.92,247.16190866740018,15.92893061085833,1705
21643,ASSORTED TUTTI FRUTTI MIRROR,70,94,1215,1495.95,225.8157815222382,15.919878831167969,1706
35809A,ENAMEL PINK TEA CONTAINER,74,108,1002,1248.1200000000001,222.91193188873544,15.91958678372739,1707
22034,ROBIN CHRISTMAS CARD,67,79,1506,623.88,248.18737931504995,15.919410538476484,1708
21910,WAY OUT METAL SIGN,81,97,1019,1306.95,187.38167424045585,15.919244632213143,1709
22517,CHILDS GARDEN RAKE PINK,95,113,747,1405.68,217.1591767989133,15.917949617836811,1710
21645,ASSORTED TUTTI FRUTTI ROUND BOX,80,109,914,1508.1,231.53796525813505,15.913853585740377,1711
20776,ABSTRACT CIRCLES NOTEBOOK,48,51,3177,682.05,100.17148125477728,15.907071363788715,1712
23121,PACK OF 6 COCKTAIL PARASOL STRAWS,59,63,2107,810.0600000000001,204.82729933105182,15.906722555243025,1713
85032A,ROMANTIC IMAGES GIFT WRAP SET,82,94,1023,957.85,214.31302564124513,15.904189304996592,1714
21827,EIGHT PIECE CREEPY CRAWLIE SET,85,115,808,1005.44,224.72857898715176,15.903736404418362,1715
21613,S/12 VANILLA  BOTANICAL T-LIGHTS,105,128,589,1711.1500000000003,250.964893396124,15.903374035373503,1716
85036A,GARDENIA 1 WICK MORRIS BOXED CANDLE,104,136,559,2169.67,221.55212021253448,15.901878059714843,1717
85078,SCANDINAVIAN 3 HEARTS NAPKIN RING,56,77,1810,511.94,221.2792059559596,15.901394552407556,1718
21741,COSY SLIPPER SHOES LARGE GREEN,100,124,634,1851.1000000000001,239.17390772275846,15.897059253036254,1719
21348,PINK SPOTS CHOCOLATE NESTING BOXES,87,111,811,1876.45,220.70036292587162,15.895336025934977,1720
21199,PINK  HEART CONFETTI IN TUBE,81,88,1092,1152.3600000000001,234.537012316464,15.892037105172932,1721
22190,LOCAL CAFE MUG,76,108,948,1698.8100000000002,191.587017949956,15.890562102692755,1722
22270,HAPPY EASTER HANGING DECORATION,101,125,617,2261.91,236.16941101032907,15.887743177693439,1723
21056,DOCTOR'S BAG SOFT TOY,108,159,454,4055.46,220.41034488507987,15.886819116413921,1724
20669,RED HEART LUGGAGE TAG,98,126,630,785.22,240.651342738936,15.886612799134394,1725
22247,BUNNY DECORATION MAGIC GARDEN,83,98,951,775.0699999999999,233.92913022491086,15.884501683769269,1726
22931,BAKING MOULD HEART WHITE CHOCOLATE,89,102,852,1994.1100000000001,218.45681389540627,15.883298206051581,1727
22232,JIGSAW TOADSTOOLS 3 PIECE,84,101,911,1066.35,233.48619402541146,15.88326405984892,1728
20731,POSY CANDY BAG,40,46,4101,1180.25,121.03707132850552,15.882949607046692,1729
17164B,ASS COL SMALL SAND GECKO P'WEIGHT,62,78,1577,630.3,195.70010186690507,15.876496080264374,1730
85230F,JASMINE VOTIVE CANDLE,46,58,2824,690.3199999999999,193.40665172848836,15.873948689196318,1731
20733,GOLD MINI TAPE MEASURE,57,90,1483,1078.75,177.420310686801,15.873798940790596,1732
21014,SWISS CHALET TREE DECORATION,70,83,1302,644.9399999999999,229.50887430298266,15.865921253009473,1733
84510B,SET OF 4 FAIRY CAKES COASTERS,71,96,1110,1305.8,224.8366862400719,15.86439288715907,1734
21382,SET/4 SPRING FLOWER DECORATION,70,104,1039,1357.8500000000001,203.57624970900923,15.863616219334258,1735
84509G,SET OF 4 FAIRY CAKE PLACEMATS,90,116,727,1786.75,220.35693073019186,15.863334489511292,1736
84581,DOG TOY WITH PINK CROCHET SKIRT,117,161,404,1511.44,248.32165776324894,15.86216802680459,1737
23093,SMALL PARISIENNE HEART PHOTO FRAME,90,104,808,1856.24,241.0706432260594,15.860618773732865,1738
85197,SET OF 12 MINI BUNNIES IN A BUCKET,62,72,1670,961.5600000000001,135.4396894268263,15.854771696135316,1739
20686,DOLLY MIXTURE CHILDREN'S UMBRELLA,104,145,500,1619.38,239.57836224480366,15.854173072950722,1740
21737,SET 3 WICKER LOG BASKETS,117,162,398,7340.099999999999,220.84167813774914,15.85339624216229,1741
21644,ASSORTED TUTTI FRUTTI HEART BOX,68,110,994,1242.5,218.77683973589617,15.846379443068187,1742
20692,FLORAL ELEPHANT SOFT TOY,74,114,877,3425.75,183.4079952016951,15.840066835534676,1743
20759,CHRYSANTHEMUM POCKET BOOK,32,39,5729,859.25,90.06926105830055,15.838857825289203,1744
21280,VINTAGE KITCHEN PRINT VEGETABLES,43,51,3304,1683.6,121.89092194341652,15.838625104785475,1745
21724,PANDA AND BUNNIES STICKER SHEET,73,116,872,741.1999999999999,202.1169586901649,15.838174583841528,1746
22287,"DECORATION , WOBBLY CHICKEN, METAL",74,81,1228,1274.4,215.00339045975574,15.838163470366597,1747
21638,ASSORTED TUTTI FRUTTI NOTEBOOK,76,106,913,1917.3000000000002,233.51835126953392,15.83446482776974,1748
23535,BICYCLE SAFTEY WALL ART,81,100,905,4608.71,204.61419122767816,15.830879070148493,1749
85035A,GARDENIA 3 WICK MORRIS BOXED CANDLE,96,133,575,1992.67,222.09316683514982,15.828658439150185,1750
35810A,ENAMEL PINK COFFEE CONTAINER,68,100,1070,1228.1100000000001,224.18907363735025,15.825575091886268,1751
35004B,SET OF 3 BLACK FLYING DUCKS,57,108,1179,4731.95,166.15561714266812,15.825060610235273,1752
22363,GLASS JAR MARMALADE,89,116,706,1948.7400000000002,209.58173551310378,15.823014271024594,1753
85118,HEART T-LIGHT HOLDER,55,62,2105,1127.8899999999999,206.4485646937322,15.821032109820603,1754
22612,TEA COSY VINTAGE UNION JACK,80,93,972,3825.93,187.1955000578701,15.818128019128448,1755
21676,FLOWERS  STICKERS,72,94,1066,756.76,237.5599707981305,15.816942584050684,1756
21785,RAIN PONCHO,68,74,1427,1112.1499999999999,216.3751804476824,15.8156247610331,1757
85067,CREAM SWEETHEART WALL CABINET,106,148,462,7251.759999999999,192.9068391014154,15.814502194493599,1758
21530,DAIRY MAID TOASTRACK,82,111,790,1055.38,220.24968084268215,15.810637446859348,1759
23270,SET OF 2 CERAMIC PAINTED HEARTS,76,93,1012,1402.6,223.0424326812364,15.807771708372371,1760
23112,PARISIENNE CURIO CABINET,115,155,403,2937.5,244.68787416855992,15.804861076317053,1761
85114C,RED ENCHANTED FOREST PLACEMAT,68,113,927,1493.55,204.98980870539265,15.803336685777957,1762
22702,BLACK AND WHITE CAT BOWL,61,75,1548,3045.2999999999997,161.15362332982394,15.80323256574829,1763
23130,MISTLETOE HEART WREATH GREEN,91,111,707,2877.57,229.79032295749101,15.802731542037854,1764
85200,BUNNY EGG BOX,80,91,977,1216.45,250.12838843671366,15.801747401756298,1765
21682,LARGE MEDINA STAMPED METAL BOWL,107,128,522,2538.51,240.98939714759496,15.801525095550815,1766
20764,ABSTRACT CIRCLES SKETCHBOOK,97,127,579,1654.38,216.66533654353262,15.800025846130655,1767
21246,RED RETROSPOT BIG BOWL,92,129,600,2936.4,240.3698275965457,15.798728878144047,1768
16225,RATTLE SNAKE EGGS,69,86,1191,882.19,189.64915369025368,15.79779120832924,1769
23129,HEART SHAPED HOLLY WREATH,90,111,710,2962.1,232.49728665902012,15.796030807615185,1770
21820,GLITTER HEART GARLAND WITH BELLS,96,112,660,2426.87,234.12100551073434,15.795852637067409,1771
21688,SILVER PLATE CANDLE BOWL SMALL,88,98,820,2419.0000000000005,251.53147522195079,15.794279329319156,1772
79320,FLAMINGO LIGHTS,67,122,862,3940.7000000000003,199.17806096043887,15.792106751631952,1773
20652,BLUE POLKADOT LUGGAGE TAG,69,85,1194,665.76,173.80552699955808,15.788744002668478,1774
21589,SWALLOW GIANT TUBE MATCHES,73,86,1115,2573.25,204.1279270465581,15.787479354800011,1775
37424,WHITE WITH BLACK CATS MUG,28,47,5155,977.11,99.27117628728378,15.786413204953444,1776
40018F,CHERRY DESIGN PAPERLANTERNS,68,96,1064,2000.44,185.88867605096652,15.779547561244168,1777
23014,GLASS APOTHECARY BOTTLE ELIXIR,93,122,615,2266.59,226.88617763434894,15.778726101175941,1778
23251,VINTAGE RED ENAMEL TRIM MUG,66,83,1259,1513.27,218.01882917963775,15.774376418179802,1779
21684,SMALL MEDINA STAMPED METAL BOWL,59,78,1495,1121.1599999999999,185.0694952521464,15.774342573223544,1780
22684,"FRENCH BLUE METAL DOOR SIGN, 9",75,106,869,1085.65,233.37830787008778,15.772055386396865,1781
85185B,PINK HORSE SOCK PUPPET,102,133,509,1479.9500000000003,232.65991912760236,15.766979513898919,1782
21106,CREAM SLICE FLANNEL CHOCOLATE SPOT,91,112,672,1905.6000000000001,230.82961696546838,15.76092172540611,1783
21897,POTTING SHED CANDLE CITRONELLA,83,97,848,2561.7200000000003,198.0335637306293,15.759843463825234,1784
22914,BLUE COAT RACK PARIS FASHION,104,133,495,2260.89,224.77768186109438,15.758376076833361,1785
22925,BLUE GIANT GARDEN THERMOMETER,114,149,403,2374.8700000000003,238.47074439813508,15.756982300420656,1786
22325,MOBILE VINTAGE HEARTS,117,143,409,1988.85,244.18917608028838,15.75665508374002,1787
23510,MINI PLAYING CARDS GYMKHANA,58,60,1927,746.34,171.80872586488337,15.752649783249522,1788
23371,SET 36 COLOUR PENCILS SPACEBOY,66,92,1109,1313.29,195.6443805026627,15.749407406850601,1789
35001W,HAND OPEN SHAPE DECO.WHITE,76,106,838,2419.24,164.3420682529949,15.748844962782798,1790
22428,ENAMEL FIRE BUCKET CREAM,117,146,397,2744.13,243.98210512704645,15.747569216528838,1791
85059,FRENCH ENAMEL WATER BASIN,100,132,511,1561.56,237.30816011600066,15.74379427010252,1792
84031A,CHARLIE+LOLA RED HOT WATER BOTTLE,85,118,671,2144.31,206.6134320171931,15.743729129888186,1793
85230E,STRAWBRY SCENTED VOTIVE CANDLE,43,64,2397,614.4899999999999,188.88102160336294,15.740967239401357,1794
37410,BLACK AND WHITE PAISLEY FLOWER MUG,13,18,25685,3019.57,51.68803623136513,15.737197684154701,1795
21393,BLUE  SPOTTY PUDDING BOWL,33,37,5239,1145.43,101.63093949799679,15.728023461657635,1796
21579,LOLITA  DESIGN  COTTON TOTE BAG,78,88,958,1337.9,196.83611074168135,15.7239752970826,1797
21364,PEACE SMALL WOOD LETTERS,112,137,431,2977.65,212.01424731147446,15.723067092113656,1798
22687,DOORMAT CHRISTMAS VILLAGE,84,99,790,4583.86,181.61535421728945,15.721119410246063,1799
22891,TEA FOR ONE POLKADOT,95,133,518,2222.18,223.09184588909295,15.714091874584636,1800
21647,ASSORTED TUTTI FRUTTI LARGE PURSE,84,100,774,1625.4,229.5417912207297,15.710634802684925,1801
22288,"DECORATION , HANGING METAL RABBIT",69,79,1177,1306.25,204.48393901098132,15.70209524093477,1802
79190B,RETRO PLASTIC POLKA TRAY,54,89,1331,499.02,149.80951963612193,15.701579706663072,1803
20993,JAZZ HEARTS MEMO PAD,23,24,10945,1305.49,87.64327098303471,15.69765902692001,1804
21721,CANDY SHOP  STICKER SHEET,71,87,1030,872.38,219.32757530174842,15.692287417511224,1805
23187,FRENCH STYLE STORAGE JAR BONBONS,54,62,1882,562.8199999999999,210.53249239993502,15.691089440281157,1806
84569D,PACK 6 HEART/ICE-CREAM PATCHES,81,95,827,1036.17,227.33113159611935,15.690080593117347,1807
21720,CAKE SHOP  STICKER SHEET,72,86,1025,856.6899999999999,226.11257044021866,15.68979058553369,1808
22322,BIRD DECORATION GREEN  SPOT,72,87,1012,860.1999999999999,238.8658490956886,15.68846775987528,1809
85131A,BEADED PEARL HEART WHITE ON STICK,62,74,1376,1081.6,203.2377337598515,15.688285338656499,1810
22598,CHRISTMAS MUSICAL ZINC TREE,65,72,1349,781.09,212.60425053824324,15.687974054607292,1811
22990,COTTON APRON PANTRY DESIGN,102,121,516,2398.0,219.52919971292562,15.686792907471322,1812
22252,BIRDCAGE DECORATION TEALIGHT HOLDER,76,100,834,1035.6,217.3085537729324,15.686357663545799,1813
70007,HI TEC ALPINE HAND WARMER,75,89,947,989.8100000000001,206.40867204502413,15.684897512871618,1814
85186C,BUNNY EGG GARLAND,74,77,1107,464.94,228.32326782999723,15.684508807533131,1815
23090,VINTAGE GLASS T-LIGHT HOLDER,59,74,1432,1159.3200000000002,217.6396132354276,15.679358103586583,1816
51008,AFGHAN SLIPPER SOCK PAIR,38,63,2581,8249.45,151.09992195175022,15.678764300895907,1817
84509B,FAIRY CAKE PLACEMATS,92,129,530,1901.1000000000001,217.99551901706405,15.674895964850778,1818
21401,BLUE PUDDING SPOON,66,79,1193,269.46,203.77858368181083,15.671783548017395,1819
84985A,SET OF 72 GREEN PAPER DOILIES,92,116,585,848.25,214.86617450182032,15.668093217528025,1820
21991,BOHEMIAN COLLAGE STATIONERY SET,82,102,743,1166.6000000000001,207.09850409421034,15.665610630859327,1821
72817,SET OF 2 CHRISTMAS DECOUPAGE CANDLE,71,95,913,930.23,207.16934844786428,15.658844881938041,1822
85036C,ROSE 1 WICK MORRIS BOXED CANDLE,80,95,811,1499.93,191.42552157007498,15.658297686301953,1823
23239,SET OF 4 KNICK KNACK TINS POPPIES,89,111,621,2477.25,225.88982780375778,15.651248634364539,1824
23050,RECYCLED ACAPULCO MAT GREEN,101,155,386,3177.3,223.15969673855983,15.63325351356359,1825
22135,LADLE LOVE HEART PINK,53,98,1148,466.92,186.97710664574373,15.630751174547619,1826
22313,OFFICE MUG WARMER PINK,66,96,944,2897.44,177.42500640567866,15.630588525388092,1827
22172,METAL SHELF WITH RAIL,121,151,330,2762.5,238.33116828092392,15.630019940956597,1828
21468,BUTTERFLY CROCHET FOOD COVER,87,112,606,2087.92,198.05946048153282,15.613253424250047,1829
22246,MAGIC GARDEN FELT GARLAND,76,93,831,1590.33,208.31051748667727,15.610932644944896,1830
20768,GREEN FERN JOURNAL,86,105,651,1241.55,203.03249597238707,15.609391774693304,1831
21792,CLASSIC FRENCH STYLE BASKET GREEN,104,125,453,2252.55,221.36071678400032,15.60833945515035,1832
22831,WHITE BROCANTE SOAP DISH,87,101,668,1913.0000000000002,226.47336820637426,15.608093687890705,1833
84676,BATH DUCK WATERING CAN,74,96,824,1992.92,191.71799613272944,15.607582478374374,1834
23366,SET 12 COLOURING PENCILS DOILY,73,86,930,604.5,219.90824822256283,15.606232489135822,1835
84507B,STRIPES DESIGN MONKEY DOLL,51,87,1307,1592.25,144.7908862681827,15.604835065076777,1836
23380,PACK OF 12 VINTAGE DOILY TISSUES,65,71,1258,490.62,222.854565152936,15.604393895086826,1837
23437,50'S CHRISTMAS GIFT BAG LARGE,65,66,1351,1604.75,219.0961422750192,15.603687618020302,1838
22344,PARTY PIZZA DISH PINK POLKADOT,60,77,1251,599.97,188.30260642490157,15.600080242522946,1839
21532,DAIRY MAID SUGAR JAM BOWL,57,74,1360,1333.1999999999998,130.3270300206265,15.593906126734193,1840
22345,PARTY PIZZA DISH BLUE WHITE SPOT,59,78,1248,596.64,190.5741940813743,15.5938909248147,1841
20871,OPULENT VELVET SET/3 CANDLES,68,72,1173,1672.8,198.91577033814528,15.592737946133692,1842
35953,FOLKART STAR CHRISTMAS DECORATIONS,55,61,1702,1058.52,211.71316261808562,15.592632756442931,1843
84247G,"DECOUPAGE,GREETING CARD,",51,82,1368,569.52,199.93764426307246,15.591920151666475,1844
16169N,WRAP BLUE RUSSIAN FOLKART,51,55,2025,626.25,212.08798408254842,15.590414094125205,1845
21503,TOYBOX  WRAP,54,61,1726,708.92,223.64542047715673,15.588608648424241,1846
21209,MULTICOLOUR HONEYCOMB FAN,60,75,1269,978.3299999999999,194.02655763276718,15.58837938391228,1847
21408,SPOTTY PINK DUCK DOORSTOP,98,121,486,1784.56,210.21452467439093,15.587405017950436,1848
23360,SET 8 CANDLES VINTAGE DOILY,72,80,993,1849.9499999999998,217.9288765167127,15.586645802477403,1849
22316,200 BENDY SKULL STRAWS,55,86,1203,1344.15,150.3786313329608,15.5846644352585,1850
22923,FRIDGE MAGNETS LES ENFANTS ASSORTED,61,71,1310,1066.7,218.77527051655014,15.582345987824848,1851
23545,WRAP RED VINTAGE DOILY,54,58,1800,740.0,223.89560687331695,15.580967974314147,1852
21437,24 HANGING EASTER EGGS FLORAL TUB,88,99,655,2225.85,198.42384926471797,15.57996734466432,1853
23436,VINTAGE CHRISTMAS GIFT BAG LARGE,60,61,1536,1760.4,207.27285009771413,15.575595992756998,1854
85111,SILVER GLITTER FLOWER VOTIVE HOLDER,42,54,2455,747.4699999999999,155.91733796663516,15.574822590193067,1855
85196,EASTER BUNNIES ON A STICK,58,64,1512,770.76,214.26645555611594,15.573774427589711,1856
22282,12 EGG HOUSE PAINTED WOOD,90,139,453,4924.97,186.11888386377458,15.570599127167501,1857
23152,IVORY SWEETHEART WIRE LETTER RACK,92,129,476,1754.76,218.0984985422384,15.567650434497182,1858
85231E,STRAWBERRY SCENTED SET/9 T-LIGHTS,76,92,804,652.2,198.8857869957891,15.567247192425505,1859
40001,WHITE BAMBOO RIBS LAMPSHADE,37,70,2125,1536.61,136.78673252245403,15.562263595669595,1860
21812,GARLAND WITH HEARTS AND BELLS,90,109,572,2789.4,221.84045151935183,15.562225589024006,1861
22167,"WALL MIRROR , DIAMANTE OVAL SHAPE",80,146,480,3390.6,191.65611851320256,15.560749011556936,1862
22794,SWEETHEART WIRE MAGAZINE RACK,111,159,318,2501.7000000000003,226.15163201523387,15.558863789313765,1863
85198,ASSORTED FARMYARD ANIMALS IN BUCKET,37,38,3836,1431.44,129.4439865832806,15.553593896102985,1864
20775,DAISY NOTEBOOK,35,44,3477,697.05,81.01141332368758,15.544394123140659,1865
85169A,IVORY LOVE BIRD CANDLE,72,88,866,940.32,201.96648340805822,15.544134787661072,1866
22116,METAL SIGN HIS DINNER IS SERVED,84,106,618,846.5400000000001,198.91946162210286,15.543585363636819,1867
85221,ASSORTED COLOUR SILK COIN PURSE,35,43,3551,1667.5900000000001,147.72512841596074,15.54297467648643,1868
20657,TROPICAL LUGGAGE TAG,50,65,1670,506.64,118.89694321532448,15.542657903346145,1869
22513,DOORSTOP FOOTBALL DESIGN,90,124,492,1545.44,195.4123023228624,15.53968241786184,1870
16169K,WRAP FOLK ART,51,54,1950,606.25,210.8033459055226,15.53467424443701,1871
37501,TEA TIME TEA SET IN GIFT BOX,99,137,402,2769.9,219.87321407477094,15.53136043309198,1872
23068,ALUMINIUM STAMPED HEART,83,101,646,1541.3000000000002,219.40799918318191,15.528135906628485,1873
35095A,BLUE VICTORIAN FABRIC OVAL BOX,51,68,1543,554.33,175.49916425160538,15.52748195376341,1874
21054,NURSE'S BAG SOFT TOY,112,151,321,2852.95,217.91976376692566,15.525819885103026,1875
22933,BAKING MOULD EASTER EGG MILK CHOC,75,84,855,2210.2500000000005,186.23617158509174,15.525654972918389,1876
84247L,FAWN AND MUSHROOM GREETING CARD,61,80,1100,462.0,221.8117206563665,15.525557676440211,1877
85132B,CHARLIE AND LOLA TABLE TINS,67,93,863,2490.85,184.6023083643096,15.524375256250167,1878
85230B,CINNAMON SCENTED VOTIVE CANDLE,43,60,2047,539.87,182.1873133340967,15.519682484250971,1879
23326,HANGING MINI COLOURED BOTTLES,41,44,2884,1694.04,180.72317387189787,15.511612286995888,1880
85032D,YULETIDE IMAGES GIFT WRAP SET,77,78,883,1031.1100000000001,205.03563065191221,15.510613741794256,1881
23049,RECYCLED ACAPULCO MAT RED,91,151,388,3185.0,208.02675589372632,15.509248441513762,1882
22852,DOG BOWL VINTAGE CREAM,93,123,464,1940.9,217.19399344555617,15.505613753462397,1883
22763,KEY CABINET MA CAMPAGNE,83,103,619,4848.29,166.3392766984839,15.504927176023823,1884
21219,SET/4 BADGES BALLOON GIRL,69,93,816,1021.73,222.23198210152154,15.497429119179365,1885
23390,DOLLY GIRL MINI BACKPACK,83,104,607,2399.05,190.61849092514282,15.494952030967003,1886
23445,ICE CREAM BUBBLES,51,60,1687,1356.21,203.75191843520005,15.493417257910643,1887
84534B,FAIRY CAKE NOTEBOOK A5 SIZE,69,104,727,617.9499999999999,200.30689135742813,15.492756640403568,1888
17084N,FAIRY DREAMS INCENSE,39,60,2191,443.86,178.60638242821193,15.492322966355154,1889
16169M,WRAP DAISY CARPET,51,53,1900,573.75,209.3252439951496,15.490363107634131,1890
23189,SET OF 12 FORK CANDLES,63,81,1015,2741.35,186.5456829746056,15.489230958762352,1891
21667,GLASS CAKE COVER AND PLATE,117,138,324,5187.8,222.01065423690656,15.488983739926093,1892
35954,SMALL FOLKART STAR CHRISTMAS DEC,50,57,1800,610.18,183.991180898306,15.4883659884467,1893
21349,IVY HEART WREATH,100,113,461,2983.75,213.32121033301593,15.486883856317494,1894
47504E,ENGLISH ROSE SCISSORS,31,37,4372,871.4,79.69510436732155,15.486526613939033,1895
23395,BELLE JARDINIERE CUSHION COVER,93,119,470,1756.98,214.19046307563727,15.485644619068466,1896
85214,TUB 24 PINK FLOWER PEGS,92,131,431,711.15,205.24514154246634,15.483827003983738,1897
21198,WHITE HEART CONFETTI IN TUBE,68,74,1021,1094.25,206.09496663580282,15.48111138889722,1898
21945,STRAWBERRIES  DESIGN FLANNEL,54,64,1471,819.6899999999999,166.96739872987763,15.47609775441693,1899
21205,MULTICOLOUR 3D BALLS GARLAND,82,105,592,1444.8,203.13661032995856,15.46747410090639,1900
22853,CAT BOWL VINTAGE CREAM,87,111,526,1682.5,217.7375854808409,15.463036234314663,1901
85060,WOOD FAN WITH FLOWER DESIGN,51,72,1367,1608.43,181.48770440009406,15.462808257912315,1902
23334,IVORY WICKER HEART SMALL,55,63,1442,896.9399999999999,189.629568425912,15.458714332868693,1903
21188,3D HEARTS  HONEYCOMB PAPER GARLAND,66,91,838,2410.5000000000005,198.63340066124331,15.458691902907212,1904
21768,WALL MOUNTED VINTAGE ORGANISER,92,120,456,5447.94,168.41942761930912,15.453073429644203,1905
20671,BLUE TEATIME PRINT BOWL,67,103,725,892.5699999999999,185.15944447725448,15.451448619142276,1906
22092,BLUE PAISLEY TISSUE BOX,75,101,659,475.03,179.24313737155921,15.447945988591073,1907
85035B,CHOCOLATE 3 WICK MORRIS BOX CANDLE,70,91,782,1770.42,173.74002612036367,15.447601150081159,1908
22849,BREAD BIN DINER STYLE MINT,94,141,377,5787.91,204.76095205524643,15.44459814482139,1909
22163,HEART STRING MEMO HOLDER HANGING,72,90,765,1412.19,200.46638640347095,15.442501117405833,1910
85071C,"CHARLIE+LOLA""EXTREMELY BUSY"" SIGN",64,75,1027,583.8299999999999,166.91341404626044,15.440491056197079,1911
22307,GOLD MUG BONE CHINA TREE OF LIFE,68,78,928,1419.37,207.16781257496226,15.437663095878118,1912
21696,SMALL SILVER TRELLIS CANDLEPOT,77,89,718,2118.1000000000004,226.88528080679944,15.434379854740904,1913
22165,"DIAMANTE HEART SHAPED WALL MIRROR,",73,113,594,4212.26,168.89168698829553,15.428824947144296,1914
21557,SET OF 6 FUNKY BEAKERS,66,124,598,1720.2600000000002,172.83839224240944,15.428267954808717,1915
21540,DAIRY MAID BUTTER DISH,52,72,1294,2178.5,114.9736975051559,15.42701732883415,1916
20771,CHRYSANTHEMUM  JOURNAL,84,105,555,1031.56,195.97498962982908,15.426858644852965,1917
17096,ASSORTED LAQUERED INCENSE HOLDERS,24,33,5866,1032.18,110.66001680226654,15.422335058410221,1918
23541,WALL ART CLASSIC PUDDINGS,71,90,759,5588.39,159.44166237096383,15.42084405881328,1919
23133,LARGE IVORY HEART WALL ORGANISER,68,104,686,4550.26,166.43457709497366,15.420401146977131,1920
23244,STORAGE TIN VINTAGE LEAF,72,84,801,1448.9299999999998,199.4608867143117,15.420219305505222,1921
21612,SET 12 WILDFLOWER BOTANICAL T-LIGHT,75,96,670,1894.9000000000003,194.70524041681108,15.414213455761395,1922
21529,RETRO SPOT CERAMIC TOASTRACK,92,113,464,1555.8000000000002,212.55356044387628,15.410835347135109,1923
85032B,BLOSSOM IMAGES GIFT WRAP SET,75,84,761,736.8,190.5179594571014,15.409331152463295,1924
21655,HANGING RIDGE GLASS T-LIGHT HOLDER,55,68,1272,1974.0,181.23390868202566,15.408589793889817,1925
85173,SET/6 FROG PRINCE T-LIGHT CANDLES,61,89,876,1436.53,173.02959307348257,15.403451047747541,1926
22820,GIFT BAG BIRTHDAY,61,70,1110,721.6800000000001,207.97429057482165,15.402830051726038,1927
21190,PINK HEARTS PAPER GARLAND,68,81,862,1341.3,181.77560206204288,15.40124044294494,1928
20734,SILVER MINI TAPE MEASURE,50,68,1379,1079.8500000000001,148.83730186035638,15.395770915472834,1929
22927,GREEN GIANT GARDEN THERMOMETER,91,128,408,2355.6,204.29922276299936,15.395316137453516,1930
22258,FELT FARM ANIMAL RABBIT,65,67,1079,958.27,193.62559750398538,15.3938787673208,1931
21055,TOOL BOX SOFT TOY,107,151,294,2692.74,211.632823838272,15.392987104310317,1932
21693,SMALL HAMMERED SILVER CANDLEPOT,73,85,758,2233.7000000000003,216.17959247022614,15.390414166853308,1933
23404,HOME SWEET HOME BLACKBOARD,72,98,666,2852.09,181.92972470770619,15.388369337198604,1934
21723,ALPHABET HEARTS STICKER SHEET,63,89,833,708.05,182.6631890567895,15.384926156048685,1935
85160B,BLACK BIRD GARDEN DESIGN MUG,26,28,6134,929.02,83.73454015988418,15.384898053135815,1936
23007,SPACEBOY BABY GIFT SET,96,122,400,6278.0,197.55868495818535,15.380856761182368,1937
85016,SET OF 6 VINTAGE NOTELETS KIT,55,65,1293,1342.05,164.11193139528015,15.38049990782242,1938
23365,SET 12 COLOUR PENCILS LOVE LONDON,71,81,809,523.45,205.39413272157122,15.380419613946792,1939
22194,BLACK DINER WALL CLOCK,97,138,349,2884.05,203.97813369596642,15.377374566284722,1940
22453,MEASURING TAPE RUSSIAN DOLL BLUE,69,98,684,1929.0000000000002,181.00589087563523,15.373033930446175,1941
21281,VINTAGE KITCHEN PRINT SEAFOOD,34,36,3644,1552.2,92.20780310701981,15.367377618576395,1942
21462,"NURSERY A,B,C PAINTED LETTERS",112,135,306,2014.3,214.34327320095545,15.366890452035591,1943
21200,MULTICOLOUR HONEYCOMB PAPER GARLAND,56,66,1233,1635.25,162.08247275931083,15.365760091690849,1944
22223,CAKE PLATE LOVEBIRD PINK,80,113,507,1874.85,194.27620044220922,15.361129050645417,1945
85034A,3 GARDENIA MORRIS BOXED CANDLES,75,92,659,1897.11,187.13698659334034,15.35557266846006,1946
16047,POP ART PEN CASE & PENS,19,21,10555,988.3900000000001,60.09119662581946,15.351224424535522,1947
85188A,GREEN METAL SWINGING BUNNY,65,79,877,742.3299999999999,196.07021742412653,15.349327970335423,1948
22688,DOORMAT PEACE ON EARTH BLUE,68,76,871,4712.41,141.82097122816168,15.348701350359924,1949
23396,LE JARDIN BOTANIQUE CUSHION COVER,92,114,432,1614.48,208.9633867514695,15.348269349518995,1950
22100,SKULLS SQUARE TISSUE BOX,65,74,934,566.36,164.97826917202957,15.347689384851423,1951
23551,PACK OF 12 PAISLEY PARK TISSUES,61,65,1129,440.30999999999995,206.8148403335872,15.346762038777902,1952
21898,POTTING SHED ROSE CANDLE,70,85,754,2332.1800000000003,162.20235215026443,15.343744922543848,1953
22471,TV DINNER TRAY AIR HOSTESS,81,107,518,1904.08,189.9146918001679,15.34075435755436,1954
85202,HANGING WOOD AND FELT HEART,74,84,719,300.54,205.991690857222,15.339390582036728,1955
21009,ETCHED GLASS STAR TREE DECORATION,68,75,871,1088.75,211.64958122299024,15.33562926879257,1956
72484,ROSES IN WHITE HEART CANDLE,45,54,1805,958.21,159.07147754532318,15.334844315698497,1957
21666,RIDGED GLASS T-LIGHT HOLDER,45,63,1540,931.4000000000001,163.65014149129976,15.327711315168882,1958
20738,GREEN MINI TAPE MEASURE,44,63,1574,1261.2,149.88056877705543,15.327556124389725,1959
22448,PIN CUSHION BABUSHKA RED,71,92,674,2141.16,183.1728858134618,15.323978303041843,1960
22248,DECORATION  PINK CHICK MAGIC GARDEN,73,81,738,618.98,206.0345220131675,15.316082261416625,1961
22509,SEWING BOX RETROSPOT DESIGN,117,136,276,4087.2,205.96846039969267,15.31468305648113,1962
23227,FILIGREE HEART BUTTERFLY WHITE,47,69,1322,1609.56,178.94915232633502,15.307353417072207,1963
23434,3 RAFFIA RIBBONS 50'S CHRISTMAS,64,66,1007,921.95,205.843920531888,15.294803337917916,1964
20766,GARDEN PATH SKETCHBOOK,87,108,453,1263.48,187.98642014057384,15.2867818947487,1965
23388,WOODLAND MINI BACKPACK,77,91,605,2390.75,179.3243033932124,15.285377389807945,1966
23213,STAR WREATH DECORATION WITH BELL,57,78,946,1142.18,189.08137484567948,15.283189956199518,1967
22256,FELT FARM ANIMAL CHICKEN,71,76,781,944.33,204.84427885984752,15.282326281415052,1968
21015,DARK BIRD HOUSE TREE DECORATION,58,67,1079,403.71,183.7920381907344,15.281761469200092,1969
22255,FELT TOADSTOOL  SMALL,64,75,874,742.9,200.15736486305374,15.279344496539583,1970
23252,VINTAGE RED ENAMEL TRIM JUG,84,100,502,1838.3400000000001,202.21606348609117,15.278361943431317,1971
22031,BOTANICAL LAVENDER BIRTHDAY CARD,61,75,915,389.01,213.37749728567852,15.277884090005552,1972
20931,BLUE POT PLANT CANDLE,84,92,545,1602.8500000000001,193.75155540719942,15.277869725388477,1973
21518,BANK ACCOUNT  GREETING  CARD,58,70,1028,421.68,204.57313226161278,15.276560056781085,1974
72598,SET/12 TAPER CANDLES,62,74,911,703.79,174.74078870776293,15.276262830002175,1975
47585A,PINK FAIRY CAKE CUSHION COVER,61,77,890,1717.5,170.9670676352912,15.276187639205492,1976
23438,RED SPOT GIFT BAG LARGE,53,60,1305,1547.25,184.68560285280003,15.274582220573963,1977
85039A,SET/4 RED MINI ROSE CANDLE IN BOWL,52,77,1039,966.69,161.31311706547245,15.273976732377132,1978
21251,DINOSAUR HEIGHT CHART STICKER SET,85,96,514,1359.1000000000001,199.38776122690132,15.273225175420627,1979
85034B,3 WHITE CHOC MORRIS BOXED CANDLES,66,79,799,1838.23,191.5272865663573,15.271330981732774,1980
47504H,ENGLISH ROSE SPIRIT LEVEL,61,83,822,796.22,161.3768897789183,15.270907384565476,1981
23550,WRAP ALPHABET POSTER,50,53,1550,635.0,204.1924350969477,15.26746484246514,1982
21719,LOVELY BONBON STICKER SHEET,63,85,774,656.3399999999999,186.99810346563422,15.266093408966526,1983
21157,RED SPOTTY WASHBAG,64,106,612,1280.28,184.21307658657432,15.265581040293753,1984
85071D,CHARLIE+LOLA MY ROOM DOOR SIGN,67,76,813,472.59,164.27404069280783,15.26527349303233,1985
85160A,WHITE BIRD GARDEN DESIGN MUG,20,22,8800,1323.2,69.53068366004968,15.262637284026384,1986
23096,PETIT TRAY CHIC,66,86,728,1167.84,188.89363231622391,15.262274470054209,1987
16156N,"WRAP, FRIENDSHIP ON GREEN",51,55,1450,609.0,207.30175096872372,15.256603662200764,1988
23370,SET 36 COLOURING PENCILS DOILY,61,73,919,1124.43,173.92768120732603,15.25557314829235,1989
20866,BLUE ROSE FABRIC MIRROR,66,75,824,797.33,169.94424458111664,15.250809346011978,1990
23431,NATURAL HANGING QUILTED HEARTS,54,57,1308,1014.3600000000001,181.71379306901716,15.24479496168879,1991
23268,SET OF 2 CERAMIC CHRISTMAS REINDEER,52,61,1268,1739.48,167.23417721616497,15.243410766311602,1992
23120,PACK OF 6 SMALL FRUIT STRAWS,48,58,1439,569.82,168.1091731669503,15.241756134586392,1993
84912A,PINK ROSE WASHBAG,52,89,871,2216.25,134.2549134714476,15.240891007791367,1994
23161,REGENCY CAKE FORK,50,56,1428,1671.6,187.49325391950023,15.239607078488742,1995
21652,GLASS ETCHED T-LIGHT HOLDER MEDIUM,64,72,874,1639.5,204.84568910828736,15.239070597401643,1996
82613B,"METAL SIGN,CUPCAKE SINGLE HOOK",71,92,619,557.95,190.3583229353237,15.23898509020845,1997
35958,FOLKART ZINC STAR CHRISTMAS DEC,56,67,1066,906.0999999999999,190.76110229584302,15.23516522431241,1998
21710,FOLDING UMBRELLA  PINK/WHITE  SPOT,74,80,679,1989.66,171.60803528588272,15.234030066378903,1999
21153,RED SPOTTY TABLECLOTH,90,122,368,3811.2000000000003,194.9716870569972,15.233840505929795,2000
23281,FOLDING BUTTERFLY MIRROR RED,46,74,1169,892.39,144.60210361696107,15.23239474303817,2001
22924,FRIDGE MAGNETS LA VIE EN ROSE,55,64,1128,927.5999999999999,194.6811801586368,15.228826524780448,2002
22340,NOEL GARLAND PAINTED ZINC,60,71,928,879.9,189.7967932497855,15.221648722003206,2003
85232A,SET/3 POLKA DOT STACKING TINS,95,120,350,1698.9,203.74084333516527,15.220924960530443,2004
20802,SMALL GLASS SUNDAE DISH CLEAR,63,71,881,1114.89,191.07935275064483,15.217741258382517,2005
21656,RIDGED GLASS POSY VASE,63,80,779,1079.1499999999999,193.0210746309744,15.212626157715748,2006
21841,BABY MOUSE RED GINGHAM DRESS,95,111,375,1564.25,205.20753775028953,15.212436206152823,2007
84509F,SET OF 4 NEW ENGLAND PLACEMATS,32,43,2776,2418.0,74.134138666627,15.20982368269154,2008
22953,BIRTHDAY BANNER TAPE,65,84,717,872.52,169.4662852317195,15.208775567564967,2009
20990,SPRING FLOWER CHOPSTICKS SET/5,53,86,855,1577.25,150.3670838960967,15.2071625413606,2010
77101A,UNION FLAG WINDSOCK,54,68,1056,1185.48,142.1743746148399,15.20462967569997,2011
23128,FELTCRAFT BOY JEAN-PAUL KIT,97,108,374,1802.98,204.88794158547321,15.203241386870125,2012
85063,CREAM SWEETHEART MAGAZINE RACK,101,146,266,4314.7,188.6784567119619,15.202654058463256,2013
35160,BUDDHA INCENSE HOLDER ASSORTED,33,53,2176,1587.24,116.50781078171792,15.201047632414983,2014
21821,GLITTER STAR GARLAND WITH BELLS,72,89,607,2246.01,182.8251536431331,15.200443993444823,2015
85025C,PINK HEART SHAPE PHOTO FRAME,70,87,637,1020.85,179.40182431491363,15.198354974864312,2016
21692,SILVER LATTICE VANILLA CANDLE POT,78,100,498,1848.78,194.0274616224895,15.197174465059799,2017
72816,SET/3 CHRISTMAS DECOUPAGE CANDLES,53,63,1149,1239.25,163.42272574179228,15.195384351281241,2018
21386,IVORY HANGING DECORATION  EGG,61,70,900,551.34,191.25724004327193,15.193319519694745,2019
21944,KITTENS DESIGN FLANNEL,43,62,1429,735.93,136.93016370096487,15.192754083563745,2020
72799F,IVORY PILLAR CANDLE GOLD FLOCK,57,64,1050,1802.7,156.7812639513769,15.192327651319008,2021
79160,HEART SHAPE WIRELESS DOORBELL,42,123,741,1398.66,117.0724205001961,15.190830924465981,2022
21884,CAKES AND BOWS GIFT  TAPE,54,60,1175,442.39000000000004,176.27122488906792,15.188081177864355,2023
37342,POLKADOT COFFEE CUP & SAUCER PINK,48,62,1273,1081.99,176.1874088611598,15.184871860634267,2024
23543,WALL ART KEEP CALM,53,62,1155,6321.27,119.75882642910801,15.18483982218813,2025
21765,HANGING METAL BIRD BATH,100,116,331,2565.45,200.0988002228065,15.182429420555504,2026
23221,REINDEER HEART DECORATION SILVER,52,73,999,844.53,177.70360351793227,15.182112285738429,2027
37343,POLKADOT MUG PINK,54,72,974,1412.1,176.07981752271257,15.180230097378708,2028
22062,CERAMIC BOWL WITH LOVE HEART DESIGN,63,88,685,1031.15,169.72754288064502,15.178397080817696,2029
23372,SET 36 COLOUR PENCILS DOLLY GIRL,54,70,996,1172.04,161.19117685943235,15.174763832235625,2030
21547,CERAMIC BIRDHOUSE CRESTED TIT SMALL,65,86,677,1641.8000000000002,156.8466034730876,15.174710148621404,2031
23494,VINTAGE DOILY DELUXE SEWING KIT,85,105,422,2449.9,193.79349303019808,15.165158569411851,2032
22253,6 CROCHET STRAWBERRIES,60,67,928,1085.14,170.56801790719527,15.164490308163256,2033
21618,4 WILDFLOWER BOTANICAL CANDLES,78,89,540,1444.0,185.57687161429268,15.16267680164377,2034
85114A,BLACK ENCHANTED FOREST PLACEMAT,43,78,1105,1703.25,138.0925641706866,15.162142668467563,2035
85110,BLACK SILVER FLOWER T-LIGHT HOLDER,17,18,11224,1069.96,84.46276390896783,15.16070944967306,2036
20867,PINK ROSE FABRIC MIRROR,63,69,853,802.97,167.50798379753843,15.1573095191976,2037
21520,BOOZE & WOMEN GREETING CARD,60,67,914,378.12,202.86674194841783,15.14930563462494,2038
23397,FOOT STOOL HOME SWEET HOME,91,121,334,3089.3,184.18284660260474,15.139940153607364,2039
22461,SAVOY ART DECO CLOCK,78,125,373,3140.15,171.01904172075552,15.12998555683303,2040
20765,CHRYSANTHEMUM SKETCHBOOK,87,105,396,1067.33,177.43697529028074,15.124712189277465,2041
21051,RIBBONS PURSE,70,82,621,1218.0,186.62944012591956,15.114460577577095,2042
84912B,GREEN ROSE WASHBAG,52,79,863,2186.25,131.24827899742158,15.11389131703006,2043
23131,MISTLETOE HEART WREATH CREAM,63,75,741,3001.83,162.4806262726281,15.098965666813381,2044
21454,PAINTED PINK RABBIT,75,81,578,491.29999999999995,197.73309892646918,15.09875506512358,2045
16169P,WRAP GREEN RUSSIAN FOLKART,44,46,1700,512.75,180.99280887037676,15.09578168387624,2046
21738,COSY SLIPPER SHOES SMALL  RED,86,100,408,1184.4,193.48742306276648,15.094743791538647,2047
17165D,ASS COL LARGE SAND FROG P'WEIGHT,60,84,691,656.0699999999999,164.86204316093657,15.093111076281298,2048
21846,PINK DIAMANTE PEN IN GIFT BOX,46,80,939,1848.67,142.48537809869822,15.090476631646547,2049
79163,BLACK CHAMPAGNE GLASS,40,52,1645,1009.71,156.78699928850355,15.089967361493445,2050
85189,HANGING BUTTERFLY  EGG,53,58,1121,912.29,172.54482582440255,15.089389576552637,2051
21318,GLASS CHALICE BLUE SMALL,63,70,782,684.96,178.38552085397174,15.08469565639179,2052
22032,BOTANICAL LILY GREETING CARD,59,69,843,353.22,201.06558423965367,15.080992298867418,2053
22393,PAPERWEIGHT VINTAGE COLLAGE,67,78,658,1190.65,181.57808278416485,15.079679092145636,2054
22103,MIRROR MOSAIC T-LIGHT HOLDER ROUND,43,49,1604,1378.44,131.46747208706023,15.077091674910523,2055
85226C,BLUE PULL BACK RACING CAR,54,66,954,462.3,146.34135215474814,15.073737145104168,2056
22317,FIVE CATS HANGING DECORATION,81,94,446,1312.2200000000003,196.8054659638263,15.063154733478363,2057
85032C,CURIOUS IMAGES GIFT WRAP SET,66,79,648,673.5,171.32080548484893,15.062151970768937,2058
21289,LARGE STRIPES CHOCOLATE GIFT BAG,48,56,1239,1295.15,180.06750561172112,15.05773822454426,2059
84789,ENCHANTED BIRD PLANT CAGE,77,107,410,1394.3,168.34388362382037,15.057433268310046,2060
47503E,ASS FLORAL PRINT SCISSORS,21,22,6828,1169.4,57.474385935473855,15.055470198248555,2061
22538,MINI JIGSAW GO TO THE FAIR,48,54,1280,537.6,167.36445699096075,15.054549785239832,2062
22280,POCKET BAG PINK PAISELY BROWN SPOT,74,82,552,905.03,185.73509779847964,15.051686722855244,2063
21076,SET/20 COLLAGE PAPER NAPKIN,60,73,760,585.52,164.72601576723102,15.049572315239168,2064
21064,BOOM BOX SPEAKER BOYS,59,84,665,3545.9500000000003,126.87777351716967,15.038285489252806,2065
20761,BLUE PAISLEY SKETCHBOOK,81,102,400,1158.6200000000001,169.43389291008037,15.035409662800458,2066
84837,WHITE SWEETHEARTS CABINET 4 DRAWERS,108,131,233,2850.75,192.5318834395279,15.029470920173216,2067
21610,SET 12 PEAR BOTANICAL T-LIGHTS,71,86,535,1511.0500000000002,174.4266733860728,15.026708398741441,2068
20762,GREEN FERN SKETCHBOOK,80,101,405,1130.46,165.55048565306313,15.025775127558443,2069
20707,CRAZY DAISY HEART DECORATION,44,58,1262,891.66,139.1480391188853,15.02544505602653,2070
84031B,CHARLIE LOLA BLUE HOT WATER BOTTLE,69,94,503,1611.51,161.7144948493836,15.024948401721268,2071
21043,APRON MODERN VINTAGE COTTON,75,83,523,1367.85,178.47797997264007,15.023041823450686,2072
35923,CANDY HEART HANGING DECORATION,44,57,1269,795.8100000000001,140.19970377928354,15.013877679769376,2073
22860,EASTER TIN CHICKS PINK DAISY,79,82,498,821.7,191.37143931232228,15.013473338222,2074
23377,PACK OF 12 DOLLY GIRL TISSUES,54,62,955,372.45,186.7210239015336,15.013225824675406,2075
84819,DANISH ROSE ROUND SEWING BOX,63,72,705,1129.05,171.97028052650072,15.008957762001303,2076
22058,CERAMIC LOVE HEARTS DESIGN MUG,70,90,504,750.9599999999999,180.41291929221512,14.998097812833526,2077
23373,VINTAGE CHRISTMAS PAPER GIFT BAG,52,54,1117,875.9399999999999,177.34408038703083,14.996921752499638,2078
21882,SKULLS TAPE,56,64,875,379.87,173.23062119235684,14.99280462866658,2079
85093,CANDY SPOT EGG WARMER HARE,55,57,997,659.43,181.94552132036338,14.991547977593033,2080
23008,DOLLY GIRL BABY GIFT SET,84,101,372,5797.4,173.86643332187546,14.989202489418403,2081
23273,HEART T-LIGHT HOLDER WILLIE WINKIE,65,71,679,1122.99,193.1214960626072,14.988413659212632,2082
22848,BREAD BIN DINER STYLE PINK,71,124,358,5459.549999999999,163.8165931744855,14.988302244806636,2083
20748,KENSINGTON COFFEE SET,83,107,354,3307.5,172.78367941565435,14.98506581544295,2084
20941,FROG CANDLE,51,66,923,713.37,159.4306176918576,14.984648409614078,2085
23569,TRADTIONAL ALPHABET STAMP SET,70,84,531,2542.05,177.88702023728447,14.981974622873278,2086
23531,WALL ART BIG LOVE,53,67,873,4723.110000000001,125.70122198028248,14.981572127395918,2087
47503K,ASSORTED FLORAL SECATEURS,29,33,3143,1297.65,78.62045725666744,14.980809059827413,2088
85006,SET 4 NURSERY DES ROUND BOXES,30,33,3029,1252.55,82.00504465611755,14.976665627604723,2089
22308,TEA COSY BLUE STRIPE,70,89,497,1225.08,166.15256113185924,14.973089624396232,2090
85224,ASSORTED COLOUR SILK GLASSES CASE,34,46,1931,1036.74,124.65332523657655,14.971806677971935,2091
21634,ASSORTED MINI MADRAS NOTEBOOK,40,46,1646,1376.3799999999999,165.72664612087777,14.970430398592008,2092
23235,STORAGE TIN VINTAGE LEAF,70,74,592,1610.08,176.21470832944397,14.96536238957535,2093
20801,LARGE PINK GLASS SUNDAE DISH,56,64,850,797.74,170.8721566736495,14.96385066630356,2094
21010,ETCHED GLASS BIRD TREE DECORATION,60,64,794,992.5,187.41811766637113,14.963603248723281,2095
23348,CHILDRENS TOY COOKING UTENSIL SET,66,90,516,1041.96,173.67074796663516,14.963595000416245,2096
84826,ASSTD DESIGN 3D PAPER STICKERS,43,44,1582,877.4,157.62252787743543,14.957929183569593,2097
22281,EASTER TREE YELLOW BIRDS,78,93,418,2162.5,166.52982833067782,14.950613554659164,2098
23274,STAR T-LIGHT HOLDER WILLIE WINKIE,59,69,739,1206.83,182.18669442655562,14.949489990469676,2099
82607A,GLASS BONBON JAR PARFUME AUX FLEURE,63,85,563,678.48,177.143137679966,14.948284631111237,2100
85129D,BEADED CRYSTAL HEART PINK SMALL,58,83,624,786.19,174.26937339456526,14.946105892485434,2101
23403,LETTER HOLDER HOME SWEET HOME,63,90,529,1732.81,145.24634265008612,14.942619596422688,2102
23250,VINTAGE RED TRIM ENAMEL BOWL,51,69,846,1037.34,166.56408250219945,14.941439655282842,2103
23092,LARGE ANTIQUE WHITE PHOTO FRAME,75,97,412,2847.76,164.01101120494044,14.939148411917937,2104
23061,VINTAGE EMBOSSED HEART,58,68,751,933.71,184.3213428711193,14.93438027245282,2105
23505,PLAYING CARDS I LOVE LONDON,61,66,734,854.5,159.9212443009141,14.931697503648895,2106
22647,CERAMIC LOVE HEART MONEY BANK,53,60,923,773.4499999999999,161.2054531271642,14.92856998237927,2107
23375,50'S CHRISTMAS PAPER GIFT BAG,54,56,964,770.4799999999999,182.25670789698907,14.922512554406008,2108
21360,JOY LARGE WOOD LETTERS,78,89,422,2593.9,149.59438573140847,14.916629701843565,2109
21440,12 MINI TOADSTOOL PEGS,71,87,473,591.25,174.60067412780154,14.91521025518934,2110
21808,"CHRISTMAS GARLAND STARS,TREES",60,68,712,1860.0,164.48521194649493,14.914461789184866,2111
23051,RECYCLED ACAPULCO MAT BLUE,83,118,299,2444.35,176.37084948325537,14.913722766611045,2112
15058A,BLUE WHITE SPOTS GARDEN PARASOL,71,100,409,2419.55,169.56605730155337,14.907943795555669,2113
20803,SMALL PINK GLASS SUNDAE DISH,47,58,1049,656.97,152.89319728163113,14.90528389796518,2114
23267,SET OF 4 SANTA PLACE SETTINGS,54,62,856,1049.84,172.8314766635444,14.903905830221785,2115
21636,MADRAS NOTEBOOK MEDIUM,57,67,751,755.85,167.2036319340959,14.902687039672365,2116
21654,RIDGED GLASS FINGER BOWL,48,57,1037,660.3299999999999,156.35781738606218,14.89731437238288,2117
85130A,BEADED PEARL HEART WHITE LARGE,57,72,695,1144.3500000000001,167.76859400346214,14.89625211202923,2118
84840,SWEETHEART CARRY-ALL BASKET,101,117,243,2031.5,190.6249062191336,14.892825663043137,2119
84821,DANISH ROSE DELUXE COASTER,42,57,1173,687.21,161.12976815255166,14.889815126628024,2120
21442,GREEN BIRDHOUSE DECORATION,58,69,707,504.46999999999997,171.65198536442963,14.888476779648798,2121
22857,ASSORTED EASTER GIFT TAGS,52,54,1002,832.98,178.48853068661288,14.888375886746529,2122
35015,JACOBS LADDER SMALL,35,38,2064,123.84,146.37518583620607,14.87996608998089,2123
23186,FRENCH STYLE STORAGE JAR CAFE,39,50,1413,654.45,143.8814141774422,14.87488293329478,2124
21942,SKULLS DESIGN FLANNEL,37,59,1261,639.35,116.33432205001287,14.872383765049644,2125
16168M,FUNKY MONKEY GIFT BAG MEDIUM,37,48,1536,407.52,146.79793734785156,14.866994201375608,2126
23342,MINT DINER WALL CLOCK,85,123,267,2249.1,178.94043603149282,14.865615842369401,2127
22290,STANDING METAL RABBIT WITH EGG,60,68,675,1206.0,155.5361639816345,14.861173444813534,2128
84817,DANISH ROSE DECORATIVE PLATE,56,62,789,769.14,157.62370302748445,14.85821893968715,2129
21709,FOLDING UMBRELLA  CHOC/WHITE  SPOT,63,70,623,2513.26,137.9116445996661,14.857713328770416,2130
23053,RECYCLED ACAPULCO MAT PINK,92,113,266,2176.9,185.71630121959703,14.856046599948002,2131
21881,CUTE CATS TAPE,43,57,1108,423.1,142.5258762654912,14.855846631815048,2132
72128,COLUMBIAN CANDLE ROUND,57,71,672,385.56,137.51145869535344,14.848854459207203,2133
21311,SET/4 BIRD MIRROR MAGNETS,58,71,658,480.01,155.45650117840378,14.844927097424282,2134
21923,RED/CREAM STRIPE FRINGE HAMMOCK,79,106,324,2475.8,170.42927167840446,14.838680651465525,2135
75131,METAL TUBE CHIME ON BAMBOO,38,59,1187,1487.3899999999999,96.08649497175088,14.837932708274337,2136
22913,RED COAT RACK PARIS FASHION,73,92,400,1790.64,157.29092044207206,14.830626013663995,2137
22408,MONEY BOX CONFECTIONERY DESIGN,66,70,578,701.99,169.92773442481192,14.828674974005278,2138
21352,EUCALYPTUS & PINECONE  WREATH,63,68,622,1934.3000000000002,174.47401225834327,14.827536106744384,2139
23282,FOLDING BUTTERFLY MIRROR IVORY,53,81,620,500.70000000000005,156.5047566251625,14.827034375762008,2140
84847,FLORAL BATHROOM SET,31,36,2311,1028.01,71.81445602977561,14.82252204523622,2141
21441,BLUE BIRDHOUSE DECORATION,55,70,684,487.26,160.3764334342322,14.81745040603869,2142
85107,CUT GLASS T-LIGHT HOLDER OCTAGON,47,53,1049,1874.13,146.35673972975675,14.816730500623734,2143
85130D,BEADED CRYSTAL HEART PINK LARGE,56,72,653,766.3100000000001,156.62745133309835,14.816618060440142,2144
22389,PAPERWEIGHT SAVE THE PLANET,66,70,570,1115.34,172.48978214171217,14.81476170608829,2145
21208,PASTEL COLOUR HONEYCOMB FAN,53,60,822,647.88,162.0473404643496,14.812814111414657,2146
22390,PAPERWEIGHT CHILDHOOD MEMORIES,52,66,762,1343.5,151.9265612892152,14.812242564227544,2147
21708,FOLDING UMBRELLA  CREAM/MULTI  SPOT,66,81,491,1776.85,162.3559329852441,14.809890583147528,2148
72801G,S/4 BURGUNDY WINE DINNER CANDLES,41,48,1310,761.02,123.23249977473438,14.808035400157696,2149
85018D,YULETIDE IMAGES S/6 PAPER BOXES,56,62,750,911.7,151.6376497925444,14.807591645990218,2150
72803A,ROSE SCENT CANDLE JEWELLED DRAWER,50,77,674,1323.94,120.07413213993574,14.803247150286447,2151
16015,MEDIUM CHINESE STYLE SCISSOR,33,55,1409,629.88,119.41408375454509,14.803057198723526,2152
23359,SET OF 12 T-LIGHTS VINTAGE DOILY,57,59,769,1445.55,175.543053787942,14.801178087616249,2153
21007,ETCHED GLASS DROPLET DECORATION,35,38,1903,848.3299999999999,144.2992218709818,14.798792799937067,2154
21413,PERIWINKLE T-LIGHT HOLDER,24,33,3135,1063.35,71.51507703095324,14.795939730954661,2155
22201,FRYING PAN BLUE POLKADOT,70,97,382,1533.5,151.00218909182064,14.795682344892533,2156
22177,5 HOOK BLACKBOARD ORGANISER,88,99,298,2559.74,159.4410754789094,14.794250129110917,2157
21804,WHITE CHRISTMAS GARLAND STARS TREES,72,80,449,1675.1100000000001,175.31509400862944,14.794156178585194,2158
21016,LIGHT BIRD HOUSE TREE DECORATION,55,62,753,516.21,161.98270678167813,14.79387878513464,2159
21222,SET/4 BADGES BEETLES,66,77,508,643.47,179.00819164136186,14.79384946263108,2160
23228,FILIGREE HEART BIRD WHITE,41,58,1068,1310.21,154.20519741704445,14.789685973214134,2161
21924,BLUE/CREAM STRIPE FRINGE HAMMOCK,79,109,299,2268.05,167.25801727549648,14.786289475122498,2162
21548,CERAMIC BIRDHOUSE FINCH BLUE ROOF,53,75,642,1538.55,131.5029982324508,14.785862111088225,2163
21286,RETRO SPOT CANDLE  LARGE,49,59,876,1357.08,165.85490489584296,14.782874560022428,2164
23433,HANGING QUILTED PATCHWORK APPLES,53,58,821,676.1500000000001,177.84278657819624,14.778261885526174,2165
C2,CARRIAGE,44,237,242,12196.0,87.26575960419544,14.771994606782343,2166
23226,FILIGREE HEART DAISY WHITE,44,58,977,1201.09,160.87654890968665,14.769709603710858,2167
22932,BAKING MOULD TOFFEE CUP CHOCOLATE,46,58,935,2079.15,121.75052257915857,14.76930052209337,2168
37423,WHITE WITH BLACK CATS PLATE,16,24,6085,711.13,61.65597225339817,14.765835499381332,2169
82615,PINK MARSHMALLOW SCARF KNITTING KIT,58,73,590,1579.7,133.2491821110123,14.763418554515988,2170
23160,REGENCY TEA SPOON,42,49,1198,1409.3,159.97965244836718,14.762466276149222,2171
37327,ASSTD MULTICOLOUR CIRCLES MUG,38,47,1374,662.36,151.10182218205333,14.76097166713821,2172
22346,PARTY PIZZA DISH GREEN WHITE SPOT,40,57,1079,508.78999999999996,125.07918242233711,14.758731397368994,2173
21822,GLITTER CHRISTMAS TREE WITH BELLS,53,72,650,1026.96,163.2943836821929,14.757953129921233,2174
23331,DECORATIVE WICKER HEART SMALL,44,54,1035,644.37,147.4735482942135,14.757118097822218,2175
85230A,OPIUM SCENTED VOTIVE CANDLE,28,45,1920,476.15999999999997,127.40990541104262,14.756538389244128,2176
21739,COSY SLIPPER SHOES SMALL GREEN,74,91,368,1076.39,173.6611728508591,14.750073334625878,2177
16258A,SWIRLY CIRCULAR RUBBERS IN BAG,48,62,823,296.58,141.87809190720228,14.74912555441163,2178
85187,S/12 MINI RABBIT EASTER,71,82,424,680.4,164.04046520951752,14.74759589573707,2179
23526,DOG LICENCE WALL ART,51,60,791,3805.37,128.56433308265449,14.736678974569166,2180
72122,COFFEE SCENT PILLAR CANDLE,69,81,436,414.2,173.99587106658097,14.735147684409203,2181
21825,PAINTED METAL TREE WITH HOLLY BELLS,57,62,684,972.5999999999999,164.79489270704187,14.732996575200177,2182
23034,DRAWER KNOB CERAMIC BLACK,47,64,794,1110.5,156.55738185951074,14.72393039545786,2183
21732,RED HANGING METAL STAR TLIGHT HLDR,48,54,917,3176.67,125.14659274103538,14.721350873963587,2184
16162L,THE KING GIFT BAG,16,17,8083,553.79,64.04233041604388,14.721227180475893,2185
84356,POMPOM CURTAIN,50,80,593,2803.35,134.74307933696065,14.71315410675941,2186
23138,SINGLE WIRE HOOK IVORY HEART,49,63,756,1036.6,149.2317197969196,14.700269342225265,2187
21538,DAIRY MAID  PUDDING BOWL,40,44,1302,1882.5,82.0180449437863,14.692659133599474,2188
72800F,4 IVORY DINNER CANDLES GOLD FLOCK,48,59,813,1022.07,124.72061828728314,14.688125226335266,2189
21784,SHOE SHINE BOX,75,131,237,2334.95,151.68853121168158,14.685805936544178,2190
72800B,4 PURPLE FLOCK DINNER CANDLES,41,63,885,1067.47,111.09349160027882,14.683269652248121,2191
85213,MINI  ZINC GARDEN DECORATIONS,43,44,1198,615.1,142.8756905012769,14.680095278716095,2192
21396,RED SPOTTY EGG CUP,45,57,885,1051.53,148.22269871591763,14.675801357640594,2193
23369,SET 36 COLOUR PENCILS LOVE LONDON,55,62,668,762.04,131.66269550742226,14.674270477254911,2194
22760,"TRAY, BREAKFAST IN BED",75,95,321,3847.95,143.95403754789905,14.669633077298576,2195
22511,RETROSPOT BABUSHKA DOORSTOP,77,87,341,894.67,163.65931972265997,14.668856378230402,2196
85222,ASSORTED COLOUR SILK COSMETIC PURSE,39,41,1395,1537.5,135.42272492439886,14.667915355719622,2197
20878,SET/9 CHRISTMAS T-LIGHTS SCENTED,55,61,674,815.14,160.48295196768586,14.667198766652772,2198
21545,CERAMIC BIRDHOUSE BUTTERFLY SMALL,52,64,679,1530.0,115.84321940580313,14.66677198161791,2199
22323,PINK POLKADOT KIDS BAG,56,72,560,1364.4,151.84472749701595,14.663231614505637,2200
23681,LUNCH BAG RED VINTAGE DOILY,49,55,831,1291.1499999999999,141.28451096915433,14.661207136984505,2201
23123,COCKTAIL SWORDS 50 PIECES,52,56,769,597.35,148.0139806555349,14.659733696234401,2202
79323GR,GREEN CHERRY LIGHTS,59,74,515,3049.85,149.27600370178885,14.657939441239975,2203
20730,STRAWBERRY CANDY BAG,33,40,1658,523.0,89.86052907522435,14.653902881510913,2204
23489,VINTAGE BELLS GARLAND,61,70,522,1489.38,169.359357551841,14.64939572615133,2205
85017A,ENVELOPE 50 ROMANTIC IMAGES,45,53,925,600.49,132.15508794663188,14.648499677699549,2206
21641,ASSORTED TUTTI FRUTTI KEYRING BALL,37,42,1406,653.26,136.15647911734192,14.648001332534337,2207
21085,SET/6 WOODLAND PAPER CUPS,41,55,969,569.37,127.11716433685756,14.640317380515945,2208
35598D,PINK/WHITE CHRISTMAS TREE 60CM,35,42,1472,989.22,124.21082041053863,14.639775470612303,2209
82613A,"METAL SIGN,CUPCAKE SINGLE HOOK",60,78,472,590.0,152.6731072943842,14.639417105132265,2210
22204,MILK PAN BLUE RETROSPOT,63,90,388,1400.66,144.93363729695227,14.633321933494965,2211
21895,POTTING SHED SOW 'N' GROW SET,60,69,529,1540.25,135.14919194805623,14.632246112768838,2212
22934,BAKING MOULD EASTER EGG WHITE CHOC,61,65,552,1503.6000000000001,153.1027157881186,14.63214712859385,2213
22069,BROWN  PIRATE TREASURE CHEST,56,76,513,811.89,159.25660111924762,14.6290799551434,2214
79341,WILLOW BRANCH LIGHTS.,49,63,703,4121.25,131.9430088053048,14.62768444494586,2215
23400,SHELF WITH 4 HOOKS HOME SWEET HOME,64,80,422,2084.8599999999997,128.49312803249916,14.616208603614353,2216
21424,WOODLAND STORAGE BOX LARGE,48,58,769,1701.19,138.75433023381476,14.615748256864075,2217
20622,VIPPASSPORT COVER,55,77,508,882.6800000000001,133.38217490215177,14.614508533975263,2218
84674,FLYING PIG WATERING CAN,62,85,409,1000.1500000000001,146.08211922900557,14.613639182343393,2219
84596J,MIXED NUTS LIGHT GREEN BOWL,48,66,669,455.28000000000003,133.71042516520205,14.603790629886603,2220
21580,RABBIT  DESIGN  COTTON TOTE BAG,73,85,344,756.0,162.99628854322808,14.601956806489039,2221
85230G,ORANGE VOTIVE CANDLE,29,43,1656,418.79999999999995,128.01985487351246,14.598151033006978,2222
23432,PRETTY HANGING QUILTED HEARTS,46,50,905,740.59,160.33534882550885,14.591012540477363,2223
21458,2 PICTURE BOOK EGGS EASTER BUNNY,51,57,718,732.5,146.35576869010566,14.589548086848893,2224
51020A,SUMMER FUN DESIGN SHOWER CAP,35,47,1253,449.77,102.04232393948178,14.588813670556867,2225
85170A,SET/6 IVORY BIRD T-LIGHT CANDLES,44,60,787,1353.1200000000001,124.97490698460362,14.58703444380151,2226
22102,MIRROR MOSAIC T-LIGHT HOLDER,32,37,1717,989.85,95.50116079687098,14.583009823737065,2227
23225,CHERUB HEART DECORATION SILVER,33,55,1123,945.21,125.0531617593956,14.576361245804947,2228
84249D,FAIRY CAKE GREETINGS CARD,47,54,809,335.46,165.96337511726398,14.575568443806848,2229
85170D,SET/6 PINK BIRD T-LIGHT CANDLES,48,75,571,759.8,132.3488949513616,14.571692629776756,2230
84466,TOP SECRET PEN SET,34,49,1213,1235.45,100.51795899731161,14.569047038537004,2231
21795,SET OF 3 BLUE STRIPE BASKET,63,75,435,3620.2200000000003,113.03614222155296,14.567258666995036,2232
21400,RED PUDDING SPOON,48,53,799,162.18,159.31678583196577,14.565416072342828,2233
21167,WHITE SAGE INCENSE,29,42,1639,336.69,132.36753330097872,14.564849018173962,2234
84993B,75 BLACK PETIT FOUR CASES,54,73,516,216.72,136.03710550368828,14.55944115294507,2235
21283,NATURAL BARK CANDLE SMALL,59,67,513,1568.25,153.3867934222133,14.556075532853374,2236
21202,DOLLY HONEYCOMB GARLAND,49,52,790,936.3000000000001,138.45178568591402,14.555612886747923,2237
20840,FRENCH FLORAL CUSHION COVER,46,56,781,1143.6299999999999,150.0044205120535,14.55505361008992,2238
47421,ASSORTED COLOUR LIZARD SUCTION HOOK,20,68,1436,561.36,83.48572603268202,14.548941828399709,2239
23547,WRAP FLOWER SHOP,40,44,1125,472.5,162.64765022640677,14.546661365174263,2240
22811,SET OF 6 T-LIGHTS CACTI,42,57,827,2208.25,106.66297854089734,14.540656280625242,2241
84795C,OCEAN STRIPE HAMMOCK,68,102,288,2205.6,151.14295270480577,14.535262180939329,2242
21775,DECORATIVE FLORE BATHROOM BOTTLE,59,71,474,552.66,154.02005437774523,14.534325485272797,2243
23347,I LOVE LONDON BEAKER,43,60,760,916.0,131.6005496241537,14.529696855953258,2244
84520D,PACK OF 20 FAIRY CAKE PAPER NAPKINS,53,60,617,504.28999999999996,149.88396634515502,14.526346368195277,2245
22038,BOTANICAL LAVENDER GIFT WRAP,41,43,1100,460.0,164.8331099621634,14.525833388924308,2246
85036B,CHOCOLATE 1 WICK MORRIS BOX CANDLE,56,65,539,1385.81,141.92429272692988,14.524275149419296,2247
23164,REGENCY CAKE SLICE,57,67,511,2316.86,148.21063432965036,14.518275340762035,2248
85116,BLACK CANDELABRA T-LIGHT HOLDER,34,46,1224,1253.81,115.18568827393412,14.5161917861783,2249
21220,SET/4 BADGES DOGS,56,72,482,610.97,158.54287440343282,14.513527362635514,2250
21146,ANTIQUE GLASS RIDGED HANGING BALL,47,52,787,1477.05,152.3289398005911,14.510991014317892,2251
20950,SET/6  ANGEL T-LIGHTS WHITE/GOLD,52,60,619,269.11,152.3979933103705,14.51088525576457,2252
21687,SILVER PLATE CANDLE BOWL LARGE,55,78,450,1634.58,139.80846315457245,14.50626688270485,2253
23501,KEY RING BASEBALL BOOT UNION JACK,43,48,924,1108.8,139.87284998853573,14.505803669541312,2254
21637,ASSORTED SANSKRIT MINI NOTEBOOK,37,42,1219,1469.03,146.90127340552715,14.50539241314725,2255
21285,RETRO SPOT CANDLE  MEDIUM,42,58,782,1116.5,142.35304978931498,14.501870255590084,2256
85017C,ENVELOPE 50 CURIOUS IMAGES,41,51,907,570.5699999999999,130.11566662566622,14.50015771546609,2257
35951,FOLKART BAUBLE CHRISTMAS DECORATION,35,40,1339,671.51,143.39183332677482,14.497515898105375,2258
51020B,STRIPY DESIGN SHOWER CAP,35,55,980,457.96,105.45051225426815,14.497443088756622,2259
21813,GARLAND WITH STARS AND BELLS,61,71,442,2141.7000000000003,152.34639982845536,14.497370274106283,2260
21695,SMALL SILVER FLOWER CANDLE POT,57,66,506,1483.1000000000001,161.64178852995377,14.493646633528568,2261
85124C,GREEN JUICY FRUIT PHOTO FRAME,50,92,411,1015.65,133.02533949283838,14.485448475227109,2262
21410,COUNTRY COTTAGE  DOORSTOP GREEN,79,99,242,972.5,161.35887112933426,14.480258264002522,2263
79190A,RETRO PLASTIC 70'S TRAY,39,68,702,294.84,119.6213609721607,14.478342850521862,2264
22777,GLASS CLOCHE LARGE,62,71,425,3366.85,134.43853239257368,14.474240191676959,2265
72800D,S/4 BLUE DINNER CANDLE SILVER FLOCK,44,68,620,959.4,119.79452549942623,14.472100076301057,2266
22912,YELLOW COAT RACK PARIS FASHION,73,89,288,1311.84,147.2672589245836,14.470301451646867,2267
35241,ENAMEL BLUE RIM BISCUIT BIN,74,93,272,1286.2,152.00939592320242,14.470254690991272,2268
85014C,BLUE/BROWN DOTS RUFFLED UMBRELLA,54,64,537,2155.95,114.80943492457025,14.469579015289892,2269
17165B,ASS COL LARGE SAND GECKO P'WEIGHT,42,54,808,749.5799999999999,122.78336987265627,14.464332217984525,2270
84968A,SET OF 16 VINTAGE ROSE CUTLERY,59,107,294,3662.1,134.0869909115882,14.463451145686141,2271
72819,CUPID DESIGN SCENTED CANDLES,53,57,608,972.7,142.52648059958378,14.461245324820592,2272
82613C,"METAL SIGN,CUPCAKE SINGLE HOOK",53,68,510,421.7,145.03500198294103,14.459460141365238,2273
84678,CLASSICAL ROSE SMALL VASE,50,62,590,1052.1,142.03484361887558,14.456776376521956,2274
35968,FOLK ART METAL HEART T-LIGHT HOLDER,48,54,700,266.0,150.79357467531193,14.451661370377687,2275
23081,GREEN METAL BOX ARMY SUPPLIES,56,84,388,3070.14,130.5209506437695,14.449281867943313,2276
16049,TEATIME GEL PENS ASST,22,25,3144,542.88,115.4449526048408,14.447159923085172,2277
37413,ICON MUG REVOLUTIONARY,45,65,618,251.33999999999997,126.67530746122449,14.446401411200117,2278
84968C,SET OF 16 VINTAGE PISTACHIO CUTLERY,58,90,348,4177.799999999999,128.96198877611278,14.443468872624997,2279
84673B,BLUE FLY SWAT,60,73,412,293.28,135.8312468826146,14.438386550338514,2280
85130C,BEADED CRYSTAL HEART BLUE  LARGE,48,57,645,725.41,142.62720656933288,14.423062812439646,2281
22324,BLUE POLKADOT KIDS BAG,51,64,541,1308.73,140.38558785954987,14.420896989916711,2282
22123,PING MICROWAVE APRON,61,71,409,1017.31,146.80408119694616,14.4199576637595,2283
37482P,CUBIC MUG PINK POLKADOT,48,58,631,596.01,142.445680223364,14.418247136163203,2284
84352,SILVER CHRISTMAS TREE BAUBLE STAND,83,111,193,3147.35,149.50066504543864,14.417173829201735,2285
85180A,RED HEARTS LIGHT CHAIN,55,60,531,1311.55,148.588004262985,14.412869044250105,2286
85130B,BEADED CRYSTAL HEART GREEN LARGE,43,52,770,722.1,138.74577670735397,14.402169921033712,2287
35648,VINTAGE BEAD PINK PURSE,40,58,742,858.7,132.98138840180513,14.401805555327787,2288
22797,CHEST OF DRAWERS GINGHAM HEART,82,107,199,3305.0499999999997,148.9654708306557,14.399289201468854,2289
22216,T-LIGHT HOLDER WHITE LACE,40,48,883,709.99,131.8690305577083,14.389849427452578,2290
21040,MODERN VINTAGE COTTON SHOPPING BAG,43,46,856,1014.0,116.90846657792373,14.387775154226098,2291
23249,VINTAGE RED ENAMEL TRIM PLATE,46,55,669,1075.05,143.9505263917274,14.38277700483022,2292
20854,BLUE PATCH PURSE PINK HEART,63,77,352,563.0,142.09694161984012,14.38205996698256,2293
20976,12 PENCILS SMALL TUBE POSY,51,64,519,337.35,135.4972512862404,14.379459800052537,2294
40003,WHITE BAMBOO RIBS LAMPSHADE,32,46,1128,1194.0,108.55161883747506,14.375742727326202,2295
84986B,SET OF 36 SILVER PAPER DOILIES,57,66,445,645.25,139.77025411146738,14.365454581957449,2296
84625A,PINK NEW BAROQUECANDLESTICK CANDLE,38,58,752,893.3,123.2430911111588,14.365164317835259,2297
22101,MIRROR MOSAIC VOTIVE HOLDER,38,41,1052,939.12,109.57114535632255,14.36062977654699,2298
20856,DENIM PATCH PURSE PINK BUTTERFLY,65,83,310,511.5,150.54658529762713,14.360264453048973,2299
21160,KEEP OUT GIRLS DOOR HANGER,44,49,764,486.67999999999995,114.01541368132145,14.358561329025001,2300
37461,FUNKY MONKEY MUG,35,66,711,699.15,98.30865867759687,14.356289469259051,2301
22701,PINK DOG BOWL,50,68,483,874.84,122.14394096993382,14.348017044038217,2302
21814,HEART T-LIGHT HOLDER,49,60,555,802.3499999999999,147.45170330926373,14.34366516385204,2303
21195,PINK  HONEYCOMB PAPER BALL,48,54,627,1029.18,136.00211537305069,14.341693649811296,2304
85008,SET OF 3 CONEY ISLAND OVAL BOXES,75,86,254,937.05,142.62688454599638,14.33790500409934,2305
85084,HOLLY TOP CHRISTMAS STOCKING,48,57,592,543.52,127.77842386692565,14.337457707654771,2306
23054,RECYCLED ACAPULCO MAT LAVENDER,70,98,238,1958.7,149.46835912920838,14.334263279107416,2307
23271,CHRISTMAS TABLE SILVER CANDLE SPIKE,40,43,930,736.06,145.78855232804165,14.334020977899636,2308
21323,HANGING MEDINA LANTERN LARGE,44,52,702,2192.75,101.21158828738008,14.332311295133106,2309
84016,FLAG OF ST GEORGE CAR FLAG,41,43,906,359.52,133.2435010148769,14.332001702316767,2310
17039,INLAID WOOD INCENSE HOLDER,20,29,2656,606.24,84.54653773660067,14.330672765145392,2311
85098B,BLUE FLYING SINGING CANARY,60,83,324,1157.4,138.30872481378117,14.325515845346361,2312
23499,SET 12 VINTAGE DOILY CHALK,44,49,738,309.96,139.63125962049006,14.323983416146667,2313
23214,JINGLE BELL HEART ANTIQUE GOLD,51,60,521,1100.7,150.00882413985755,14.319785170637378,2314
21426,WOODLAND STORAGE BOX SMALL,38,45,921,1252.5,112.83697525261388,14.318748266175335,2315
85045,GREEN CHRISTMAS TREE STRING 20LIGHT,56,66,432,1995.6000000000001,132.623257510076,14.318481615228006,2316
16169C,WRAP BLUE REINDEER,36,37,1175,493.5,148.18328963391167,14.318378200829182,2317
15058B,PINK POLKADOT GARDEN PARASOL,62,88,293,1857.3500000000001,139.83900490461096,14.315350863462353,2318
47422,ASSORTED MONKEY SUCTION CUP HOOK,25,58,1063,410.46000000000004,90.51412323987681,14.305424651828792,2319
23530,WALL ART ONLY ONE PERSON,36,48,899,3586.95,105.32017426089944,14.30513297407916,2320
23381,PACK OF 12 VINTAGE LEAF TISSUES,44,46,769,299.90999999999997,151.69502417119557,14.303200606328108,2321
20615,BLUE POLKADOT PASSPORT COVER,53,72,412,553.24,130.23249471811386,14.3028910806737,2322
35962,12 ASS ZINC CHRISTMAS DECORATIONS,51,59,520,1092.0,139.06739450685038,14.301338322556894,2323
84989B,75 BLACK FAIRY CAKE CASES,34,46,986,479.9,107.41466716287178,14.300165702632954,2324
85188B,PINK METAL SWINGING BUNNY,48,50,646,549.0999999999999,146.59021786914232,14.295992225335853,2325
85159B,"WHITE TEA,COFFEE,SUGAR JARS",47,61,542,1057.3,135.85753438250856,14.29544471588692,2326
35981C,WHITE SNOW SCANDINAVIAN STOCKING,52,56,533,254.74,145.95662413243602,14.293739020346866,2327
84569A,PACK 3 IRON ON DOG PATCHES,56,61,454,567.5,147.79719892584907,14.290483071830593,2328
23394,POSTE FRANCE CUSHION COVER,62,86,291,1091.25,140.25723674453704,14.285796647314397,2329
20617,FIRST CLASS PASSPORT COVER,53,67,433,823.98,118.56293288829623,14.281536285840787,2330
21562,HAWAIIAN GRASS SKIRT,43,57,623,875.46,121.39011912236123,14.280783012834107,2331
21307,SET/4 BUTTERFLY MIRROR MAGNETS,40,53,718,577.22,113.37730828190067,14.28041747098963,2332
21455,PAINTED YELLOW WOODEN DAISY,55,58,476,404.59999999999997,150.32115964812567,14.27040562552921,2333
20991,JAZZ HEARTS MAGNETIC MEMO PAD,12,16,7058,850.9000000000001,46.24394270249169,14.260221378913226,2334
84569B,PACK 3 FIRE ENGINE/CAR PATCHES,54,63,437,546.25,138.65422784928208,14.248435178968588,2335
10120,DOGGY RUBBER,46,54,595,124.95,130.92260138470138,14.24772145400788,2336
20654,FIRST CLASS LUGGAGE TAG,61,79,309,377.13,133.8089226633937,14.245733317198166,2337
85025B,EAU DE NILE HEART SHAPE PHOTO FRAME,50,58,509,811.0500000000001,131.64344443404823,14.243773802348416,2338
23511,EMBROIDERED RIBBON REEL EMILY,58,60,424,838.42,140.3867483635973,14.240500477003447,2339
15058C,ICE CREAM DESIGN GARDEN PARASOL,53,68,407,1915.65,126.55376108106755,14.234357725565694,2340
79302M,"ART LIGHTS,FUNK MONKEY",37,69,570,1523.9,103.5491114725316,14.233470611431756,2341
21456,2 PICTURE BOOK EGGS EASTER CHICKS,41,50,706,717.5,123.68215414244216,14.230525916904266,2342
21657,MILK BOTTLE WITH GLASS STOPPER,72,88,232,1576.4,145.1581954228315,14.230134264446232,2343
17107D,"FLOWER FAIRY,5 SUMMER B'DRAW LINERS",62,76,311,793.05,144.27184825270442,14.2299433360547,2344
21427,SKULLS STORAGE BOX SMALL,50,68,428,667.2,123.68672020272874,14.227389056249603,2345
23111,PARISIENNE SEWING BOX,66,99,223,2619.5,134.84211330889934,14.221508857234099,2346
84218,BOX/12 CHICK & EGG IN BASKET,69,84,251,473.84999999999997,135.75372802958546,14.220575586051101,2347
21457,2 PICTURE BOOK EGGS EASTER DUCKS,45,48,664,665.0,125.38121166959294,14.220248735255577,2348
23461,SWEETHEART BIRD HOUSE,41,47,742,2547.5,86.27855692484695,14.219566673909018,2349
23327,HANGING CLEAR MINI BOTTLE,29,30,1601,943.35,117.94119721342231,14.214192713775606,2350
23217,LAUREL HEART ANTIQUE SILVER,33,49,875,1037.36,111.99458137409317,14.2137496209807,2351
85055,FRENCH ENAMEL UTENSIL HOLDER,61,78,303,1101.05,139.0526143786423,14.213609938918335,2352
22829,SWEETHEART WIRE WALL TIDY,73,93,213,2046.85,145.16057579688987,14.213335890496026,2353
72131,COLUMBIAN CANDLE RECTANGLE,38,51,730,664.38,107.20285351536222,14.209218824460851,2354
22785,CUSHION COVER PINK UNION FLAG,69,80,259,1584.53,142.99169205487115,14.203626027737325,2355
72225C,LAVENDER SCENT CAKE CANDLE,23,33,1805,433.21,100.4621413526914,14.20328408894104,2356
23406,HOME SWEET HOME KEY HOLDER,48,74,400,1936.0400000000002,101.51164993668547,14.203269838953506,2357
85106,CUT GLASS HEXAGON T-LIGHT HOLDER,38,41,894,1634.3999999999999,103.66278901787618,14.198054982687871,2358
23379,PACK OF 12 RED APPLE TISSUES,37,37,1000,359.76,121.93317760946468,14.183927098767992,2359
22788,BROCANTE COAT RACK,47,64,461,3629.85,105.80139421157335,14.181153171885267,2360
23549,WRAP BIRD GARDEN,35,39,1000,420.0,143.28403605629686,14.181153171885267,2361
21836,GINGHAM OVEN GLOVE RED HEART,77,80,227,851.25,152.04598478196442,14.180503610316471,2362
85109,PINK BOUDOIR T-LIGHT HOLDER,17,18,4203,462.15000000000003,68.31862440384356,14.178602469059445,2363
35001G,HAND OPEN SHAPE GOLD,42,54,606,1801.8000000000002,105.64510713314282,14.177062091985533,2364
47502,POLKADOT CUTLERY 24 PCS IN TRAY,39,57,615,6281.650000000001,90.75014748464721,14.172569428193874,2365
21221,SET/4 BADGES CUTE CREATURES,52,58,452,575.89,145.18579872012793,14.163721482940876,2366
79190D,RETRO PLASTIC DAISY TRAY,38,66,537,225.54,95.26621934976852,14.156112825682396,2367
85167B,BLACK GRAND BAROQUE PHOTO FRAME,37,51,710,1399.9,106.44939717796122,14.155502308111053,2368
22541,MINI JIGSAW LEAP FROG,31,36,1184,468.47999999999996,109.90746027621184,14.154151869013182,2369
20735,BLACK MINI TAPE MEASURE,28,59,805,580.45,81.67778621144072,14.153724134715201,2370
23314,VINTAGE CHRISTMAS TABLECLOTH,60,73,308,3617.9,128.38856466259188,14.148280234275227,2371
22935,BAKING MOULD ROSE MILK CHOCOLATE,40,46,719,2077.75,109.70226792397237,14.142970880424468,2372
23135,SMALL ZINC HEART WALL ORGANISER,25,34,1517,5258.05,57.76442742792156,14.138593557466471,2373
84673A,PINK FLY SWAT,50,63,422,251.26000000000002,112.8108878094751,14.138080895130274,2374
72800C,S/4 PINK DINNER CANDLE SILVER FLOCK,40,55,599,776.77,105.98712072902111,14.135853412655603,2375
47594B,SCOTTIES DESIGN WASHBAG,60,76,292,569.4,137.24249545404146,14.134851895044061,2376
21815,STAR  T-LIGHT HOLDER,46,51,562,812.5,138.37771196635464,14.134670948431177,2377
23075,PARLOUR CERAMIC WALL HOOK,51,64,403,1653.25,131.8625637157918,14.127045866438216,2378
23010,CIRCUS PARADE BABY GIFT SET,64,79,258,4023.1,126.53397226642187,14.113241966269054,2379
35967,FOLK ART METAL STAR T-LIGHT HOLDER,40,49,654,254.16,134.91056736634982,14.110230307767704,2380
35965,FOLKART HEART NAPKIN RINGS,55,75,314,643.58,131.91148779232032,14.108657669847114,2381
72728,ROSE SCENT CANDLES IN GLASS,43,49,605,490.84999999999997,134.34042405665951,14.103092625415721,2382
84849A,HELLO SAILOR BLUE SOAP HOLDER,48,63,424,690.64,126.36910935301024,14.102792550394714,2383
20893,HANGING BAUBLE T-LIGHT HOLDER SMALL,39,59,554,1245.3000000000002,104.97697789269523,14.102192130082472,2384
17038,PORCELAIN BUDAH INCENSE HOLDER,18,27,2493,219.3,86.81559085476732,14.098286615581626,2385
17109D,FLOWER FAIRY INCENSE BOUQUET,30,33,1247,574.73,83.90034279827238,14.08964527803068,2386
23483,HANGING  BUTTERFLY T-LIGHT HOLDER,33,40,938,1076.74,121.6329150228657,14.084748070528732,2387
21793,CLASSIC FRENCH STYLE BASKET BROWN,63,75,267,1243.49,132.6306069275189,14.080603404156857,2388
21474,SWEETHEART CREAM STEEL FOLDIN BENCH,69,91,201,4009.95,140.41438693346544,14.078551516499605,2389
22289,"DECORATION , HANGING METAL CHICKEN",41,45,669,671.25,109.58743892225128,14.073588727157475,2390
22104,MIRROR MOSAIC CANDLE PLATE,30,40,1014,676.86,94.99440240890885,14.070203162665342,2391
84199,GLOW IN DARK DOLPHINS,49,52,484,99.12,125.6660964356688,14.066463809917751,2392
20653,CHERRY BLOSSOM LUGGAGE TAG,23,27,1901,395.18,56.568566878977286,14.060919583628486,2393
79030D,"TUMBLER, BAROQUE",34,40,887,548.79,116.58560335402835,14.057891871185891,2394
84247E,PACK/12 XMAS FUN CARD,63,64,305,880.5500000000001,127.39279080119361,14.056855455207689,2395
72801C,4 ROSE PINK DINNER CANDLES,39,45,690,490.26,103.65401300645773,14.055660674370701,2396
84535A,ENGLISH ROSE NOTEBOOK A6 SIZE,44,48,575,300.15,111.07897833334367,14.054590448576839,2397
23502,PLAYING CARDS VINTAGE DOILY,47,52,495,595.23,129.56242020631512,14.04806885118494,2398
17012C,ORIGAMI LAVENDER INCENSE/CANDL SET,37,44,736,714.1,96.50276437615845,14.04683654168604,2399
23088,ZINC HEART FLOWER T-LIGHT HOLDER,43,46,606,752.26,142.26009155474674,14.042866026687818,2400
23065,LARGE DECO JEWELLERY STAND,68,79,226,2727.8,129.1826719501416,14.041083156752546,2401
84791,GINGHAM HEART DECORATION,63,72,267,787.6500000000001,142.44032995546362,14.040329505018917,2402
23412,HEART MIRROR ANTIQUE WHITE,57,64,331,2119.1400000000003,121.46911239170217,14.039965249358545,2403
21690,SILVER  CANDLEPOT JARDIN,64,73,258,966.7,134.1225786283997,14.035280424799344,2404
23392,SPACEBOY ROCKET LOLLY MAKERS,46,53,487,957.28,114.68256165809129,14.02944705412748,2405
85144,JARDIN ETCHED GLASS BUTTER DISH,60,69,289,1061.35,123.44796515407158,14.02925002920319,2406
47310M,SMALL POP BOX FUNKY MONKEY,30,72,545,637.19,96.48953202432527,14.027065621378442,2407
84750B,BLACK SMALL GLASS CAKE STAND,41,53,540,909.8399999999999,112.96464993520259,14.020072943694124,2408
23407,SET OF 2 TRAYS HOME SWEET HOME,74,85,188,1829.7199999999998,141.0488759201745,14.01358242484946,2409
20661,BLUE SPOTTY PURSE,36,41,783,650.3700000000001,93.27151981116545,14.012996551278,2410
21796,SET OF 3 RED STRIPE BASKETS,56,65,322,2756.69,99.08087274579277,14.010358333083634,2411
84051,ASS COLOUR GLOWING TIARAS,43,45,597,457.05,123.47358205646312,14.006421784357988,2412
22407,MONEY BOX FIRST ADE DESIGN,50,60,388,467.97,120.38453036391107,14.006278840516082,2413
72130,COLUMBIAN CANDLE ROUND,34,43,777,310.65,102.2372711278691,13.996264219586067,2414
21262,WHITE GOOSE FEATHER CHRISTMAS TREE,52,60,369,1158.5500000000002,136.04364837091197,13.994668783363704,2415
22903,CALENDAR FAMILY FAVOURITES,34,49,679,1861.33,89.18396778667291,13.98946386508771,2416
23048,SET OF 10 LANTERNS FAIRY LIGHT STAR,49,53,439,1745.99,112.29531899584987,13.987781778904727,2417
22143,CHRISTMAS CRAFT HEART DECORATIONS,51,53,422,838.2,118.04328162923728,13.98759994419198,2418
84815,SET OF 3 DANISH ROSE PLANTERS,34,36,909,1035.25,72.1343732709314,13.979710573644534,2419
21189,WHITE HONEYCOMB PAPER GARLAND,46,51,481,764.45,125.31410985206952,13.979335434342087,2420
16161M,WRAP  PINK FLOCK,33,35,950,397.0,134.29579701577683,13.967393525617663,2421
84968B,S/16 VINTAGE IVORY CUTLERY,50,79,283,3509.25,118.42229370266529,13.962826505559413,2422
20659,ECONOMY LUGGAGE TAG,51,83,264,347.22,120.27881357028855,13.961790343410962,2423
21839,MUMMY MOUSE RED GINGHAM RIBBON,70,80,200,1069.0,131.43915799151455,13.96043393977283,2424
20655,QUEEN OF SKIES LUGGAGE TAG,51,85,256,311.02,113.29287587257957,13.954667099730155,2425
22446,PIN CUSHION BABUSHKA PINK,53,74,281,912.08,126.5469353791662,13.948379231038698,2426
21849,SILVER DIAMANTE PEN IN GIFT BOX,42,55,470,1069.84,106.32598761670093,13.94140990044513,2427
23424,GINGHAM RECIPE BOOK BOX,56,67,291,1382.85,129.74077373216122,13.939312775278939,2428
22782,SET 3 WICKER STORAGE BASKETS,66,72,230,3233.5,124.61597906797854,13.93756977106115,2429
82605,OLD DOC RUSSEL METAL SIGN,62,83,212,445.20000000000005,124.55055591317648,13.935243690944272,2430
82616C,MIDNIGHT GLAMOUR SCARF KNITTING KIT,42,61,420,649.27,102.81835408958482,13.930967334421036,2431
37444A,YELLOW BREAKFAST CUP AND SAUCER,15,25,2686,433.94,48.48058370451361,13.926865868876755,2432
21425,SKULLS STORAGE BOX LARGE,41,58,450,928.14,103.2368785315697,13.926674401691766,2433
71101E,STANDING FAIRY POLE SUPPORT,32,44,751,604.03,116.21292717292492,13.925906375186639,2434
21255,"FRENCH BOTTLE , LAVENDER",46,55,422,677.1,123.04551221194683,13.922871471491487,2435
85129A,"WHITE PEARL BEADED HEART, SMALL",47,58,389,486.25,127.25455325067773,13.914885193937303,2436
16169F,WRAP BLIZZARD,33,33,950,399.0,133.75968818670134,13.910235111777713,2437
23269,SET OF 2 CERAMIC CHRISTMAS TREES,40,50,522,737.6999999999999,124.15504120339544,13.904979163493557,2438
21378,SMALL TALL CAMPHOR WOOD TOADSTOOL,42,51,488,575.64,117.52913869954313,13.904806323749863,2439
10134,COLOURING PENCILS BROWN TUBE,40,44,591,676.05,104.41649347081389,13.903741191358634,2440
20839,FRENCH PAISLEY CUSHION COVER,47,52,426,517.84,135.74828696265635,13.898276937688639,2441
20747,PICCADILLY TEA SET,48,70,310,4227.5,105.75545044131226,13.894293087331175,2442
21662,VINTAGE GLASS COFFEE CADDY,57,77,238,1380.1000000000001,121.80431893271728,13.893615389167522,2443
17109B,FLOWER FAIRY INCENSE LAVENDER,13,16,4541,892.9099999999999,52.23854017261901,13.893393396336977,2444
48195,DOOR MAT GREEN PAISLEY,56,73,255,1424.09,111.16490956795698,13.892293805518282,2445
10123C,HEARTS WRAPPING TAPE,37,44,629,227.41,96.7566980383374,13.889968468882284,2446
85124B,BLUE JUICY FRUIT PHOTO FRAME,40,78,331,827.85,113.26360598948467,13.888154888087819,2447
85208,SET/12 FUNKY FELT FLOWER PEG IN BAG,53,56,348,691.44,118.49318439459742,13.887107236601253,2448
22762,CUPBOARD 3 DRAWER MA CAMPAGNE,78,92,145,2088.5499999999997,133.54748234365567,13.885653967328615,2449
84625C,BLUE NEW BAROQUE CANDLESTICK CANDLE,26,54,720,901.8000000000001,91.68629952162965,13.883809188521749,2450
23003,TRAVEL CARD WALLET VINTAGE ROSE,37,51,540,225.35999999999999,107.23561992811291,13.882249157154295,2451
21374,MIRRORED WALL ART SKULLS,49,53,392,632.5,116.04304670621424,13.874816663861683,2452
82616B,FRAPPUCINO SCARF KNITTING KIT,45,60,376,595.28,112.15325486559297,13.871760448110418,2453
23552,BICYCLE PUNCTURE REPAIR KIT,30,33,998,1897.68,89.65523693601588,13.867102507749863,2454
90057,DIAMANTE RING ASSORTED IN BOX.,22,27,1632,2450.88,95.8771316341041,13.86587281907482,2455
23220,REINDEER HEART DECORATION GOLD,32,52,600,499.76000000000005,105.67068071912169,13.86539440955381,2456
23509,MINI PLAYING CARDS FUN FAIR,33,34,882,366.84,98.55852008476879,13.865033786709535,2457
85124A,PINK JUICY FRUIT PHOTO FRAME,43,69,338,841.2,118.23695432693818,13.85868498334807,2458
84659A,WHITE TRAVEL ALARM CLOCK,52,65,297,729.96,120.5578355186478,13.857040142083953,2459
47594A,CAROUSEL DESIGN WASHBAG,57,66,265,516.75,127.45784619277117,13.848631938719084,2460
21694,SMALL REGAL  SILVER CANDLEPOT,44,53,424,1212.4,123.61151863687617,13.847735705259012,2461
21247,SET OF RED SALAD SERVERS,43,59,388,578.12,119.82123563482033,13.842113539758806,2462
85215,ASSORTED CHEESE FRIDGE MAGNETS,32,44,690,442.74,116.63560260585186,13.84130987500447,2463
22510,GINGHAM BABUSHKA DOORSTOP,58,68,249,627.11,118.96832077214376,13.833104866365225,2464
22981,PANTRY APPLE CORER,45,57,379,520.75,103.3979805948845,13.829255659755946,2465
21306,SET/4 DAISY MIRROR MAGNETS,38,47,540,267.3,107.36117192704225,13.828181935884018,2466
16156L,WRAP CAROUSEL,31,34,900,378.0,126.40617026392492,13.824589221897478,2467
22184,CAKE STAND VICTORIAN FILIGREE LARGE,56,67,259,1532.7,120.57529954041469,13.823240604026186,2468
22263,FELT EGG COSY LADYBIRD,33,41,704,469.03999999999996,99.88084664765576,13.822227945711798,2469
23500,KEY RING BASEBALL BOOT ASSORTED,36,39,679,823.55,123.28410866646487,13.821890164928313,2470
22643,SET OF 4 NAPKIN CHARMS LEAVES,56,57,303,693.29,126.86398001845474,13.820521979787191,2471
84813,SET OF 4 DIAMOND NAPKIN RINGS,50,62,311,2200.87,115.52451845740639,13.817963546925341,2472
75013B,"STRING OF 8 BUTTERFLIES,PINK",47,57,359,569.4,110.90002153753542,13.817748052904467,2473
84596K,JELLY BABIES YELLOW SMALL BOWL,45,61,348,407.64,106.91962317722394,13.810847703736613,2474
84926E,FLOWERS TILE COASTER,32,37,792,381.86,111.14168371760458,13.809916942827712,2475
22799,SWEETHEART WIRE FRUIT BOWL,68,76,185,1477.0,128.71858993464073,13.803658600164146,2476
20619,TROPICAL PASSPORT COVER,42,63,356,530.63,99.54591193758858,13.797818980832872,2477
20857,BLUE ROSE PATCH PURSE PINK BUTTERFL,55,70,245,404.25,125.26551791653685,13.793363103708828,2478
21681,GIANT MEDINA STAMPED METAL BOWL,59,71,225,2134.35,116.1012445768511,13.791545680510442,2479
84843,WHITE SOAP RACK WITH 2 BOTTLES,55,74,229,1268.95,115.56622965848062,13.780919113194656,2480
21194,PINK  HONEYCOMB PAPER FAN,44,50,419,449.69,116.08751492447735,13.77874283377206,2481
35598B,BLACK CHRISTMAS TREE 60CM,29,39,800,720.1,91.81503544191823,13.775937782844451,2482
21282,NATURAL BARK CANDLE LARGE,48,57,337,1369.25,118.35043692808,13.775309204140065,2483
21837,CROSS STITCH ALPHABET CUSHION COVER,61,70,217,1291.15,129.50214097028083,13.774309324875496,2484
23490,T-LIGHT HOLDER HANGING LOVE BIRD,50,55,335,1223.13,123.17814583638813,13.77428848342268,2485
84971L,LARGE HEART FLOWERS HOOK,37,43,571,684.11,118.1158495324218,13.770914785024445,2486
23222,CHRISTMAS TREE HANGING GOLD,33,46,596,537.24,112.13520550026868,13.768425239718823,2487
84795B,SUNSET CHECK HAMMOCK,48,74,258,1949.1000000000001,113.67704156171675,13.766136473346474,2488
22214,CANDLE PLATE LACE WHITE,41,50,436,1045.24,114.00163494467394,13.749428446103284,2489
21319,GLASS CHALICE GREEN  SMALL,42,46,462,620.46,113.1890640739995,13.749074771489855,2490
23134,LARGE ZINC HEART WALL ORGANISER,25,33,1057,6356.7300000000005,58.24790285645576,13.748592675055889,2491
21661,VINTAGE GLASS TEA CADDY,54,77,217,1267.15,117.94512041082,13.748537074711152,2492
84750A,PINK SMALL GLASS CAKE STAND,41,48,446,812.0999999999999,110.8128148169401,13.732048511007564,2493
84660A,WHITE STITCHED WALL CLOCK,29,37,804,765.4300000000001,94.23237371503336,13.729625818807104,2494
20769,DAISY JOURNAL,42,53,393,682.97,101.73898158793378,13.72653507155577,2495
22512,DOORSTOP RACING CAR DESIGN,46,55,346,861.6400000000001,102.74341180419137,13.724824072392067,2496
23033,DRAWER KNOB CERAMIC RED,34,47,538,739.3,110.83003287929235,13.716264643306303,2497
22504,CABIN BAG VINTAGE RETROSPOT,51,70,244,5451.4,108.17214360445286,13.715181806167472,2498
21274,EMBOSSED HEART 3 DRAWER SHELF,61,89,161,2038.35,105.04453135202063,13.714540390607741,2499
21549,CERAMIC BIRDHOUSE RED ROOF SMALL,36,44,539,1222.8500000000001,85.24963914580827,13.709149541972863,2500
23153,ZINC SWEETHEART WIRE LETTER RACK,59,68,216,803.63,126.00057785609764,13.708348420359819,2501
21379,CAMPHOR WOOD PORTOBELLO MUSHROOM,37,45,511,433.25,104.09042487113692,13.70455218125499,2502
23338,EGG FRYING PAN RED,46,67,279,569.2800000000001,102.97717608400316,13.704444910055415,2503
85086A,CANDY SPOT HEART DECORATION,44,49,396,336.59999999999997,127.31837611825244,13.702621775885657,2504
23401,RUSTIC MIRROR WITH LACE HEART,42,50,405,1918.0099999999998,86.32418815592663,13.699378908019622,2505
21173,LOO ROLL  METAL SIGN,44,60,323,530.55,113.31985476115297,13.69827986973596,2506
21065,BOOM BOX SPEAKER GIRLS,36,47,499,933.95,85.1930339746922,13.696727021974308,2507
17012B,ORIGAMI JASMINE INCENSE/CANDLE SET,36,40,581,560.25,100.94689146849454,13.690960427079972,2508
84748,FOLK FELT HANGING MULTICOL GARLAND,27,31,984,1246.8,78.10971573600243,13.690582054147018,2509
21026,SPACE OWL,45,50,375,467.37,114.5111844282897,13.690056172603317,2510
20704,MR ROBOT SOFT TOY,51,55,300,1048.2,115.68930132815991,13.683705674065452,2511
84469,ROSE DES PADDED FLOOR CUSHION,34,38,640,2052.33,108.50852681837166,13.681939164539731,2512
35964,FOLKART CLIP ON STARS,31,37,717,366.93,103.61716998560699,13.679791631574336,2513
84625D,WHITE NEWBAROQUE CANDLESTICK CANDLE,32,42,613,699.5500000000001,104.7630642927398,13.677702605307186,2514
17164D,ASS COL SMALL SAND FROG P'WEIGHT,26,27,1147,445.74,90.43007879254607,13.673817953059045,2515
23079,TOADSTOOL BEDSIDE LIGHT,62,75,180,1590.0,123.08418396796935,13.67236509794369,2516
21000,ROSE DU SUD COSMETICS BAG,35,38,615,1488.75,75.17195104770778,13.670327548119275,2517
23066,SMALL DECO JEWELLERY STAND,59,66,214,1707.9,117.92033852509542,13.669675209740728,2518
21691,SILVER VANILLA FLOWER CANDLE POT,55,64,236,883.56,124.24248888988804,13.667799101765917,2519
22183,CAKE STAND VICTORIAN FILIGREE MED,53,57,273,1381.05,116.20230812956689,13.662555163498766,2520
84842,HELLO SAILOR BATHROOM SET,21,25,1495,675.05,53.212149691534066,13.65968914991422,2521
21665,TRIANGULAR RIDGED GLASS POSY HOLDER,34,38,624,390.0,113.89375802731317,13.65666135735546,2522
21130,COLOURFUL STANDING GNOME,29,39,707,1119.15,85.90572916092758,13.652520929469812,2523
35972,DAISY FOLKART HEART DECORATION,42,50,386,482.5,112.34925841709511,13.65145044144767,2524
44234,ASSORTED CIRCULAR MOBILE,22,31,1150,220.62,79.13248064444754,13.64961652745076,2525
21490,SET OF THREE 50'S GIFT WRAPS,36,37,600,1051.5,98.26009022102795,13.647099006905817,2526
23087,ZINC  HEART T-LIGHT HOLDER,32,38,654,777.1800000000001,113.89615638362366,13.64470444323138,2527
84510F,SET OF 4 NEW ENGLAND COASTERS,23,31,1094,417.5,55.35520265279611,13.642299375398274,2528
72023F,RED ORGANIC CANDLE IN GLASS,34,38,613,627.0500000000001,98.53676228360656,13.638904635766202,2529
47574A,ENGLISH ROSE SCENTED HANGING FLOWER,38,52,404,429.0,94.26355712282326,13.637740626788307,2530
20868,SILVER FABRIC MIRROR,31,36,706,403.57,86.98006970407664,13.637684481340525,2531
22808,SET OF 6 T-LIGHTS EASTER CHICKS,47,50,338,977.9000000000001,119.49770200275611,13.629026751012667,2532
84578,ELEPHANT TOY WITH BLUE T-SHIRT,67,77,155,576.93,122.97103474499994,13.626072539115235,2533
21250,SET OF SKULL WALL STICKERS,43,49,375,894.45,101.46566727324215,13.625801782736302,2534
23559,WOODLAND BUNNIES LOLLY MAKERS,41,46,417,825.6,106.81492641135287,13.623298652518184,2535
84976,RECTANGULAR SHAPED MIRROR,35,37,601,616.61,110.89246349011977,13.621362543491315,2536
23536,VILLAGE SHOW WALL ART,36,42,514,2692.1800000000003,86.02629295260222,13.616284929001523,2537
23358,HOT STUFF HOT WATER BOTTLE,43,47,382,1254.9,117.25097866342352,13.603425634006797,2538
79051A,SMOKEY GREY COLOUR D.O.F. GLASS,30,36,703,261.46999999999997,106.12541629459727,13.601683473287412,2539
23427,STOOL HOME SWEET HOME,60,75,173,1994.5,107.79379919180724,13.600662503674172,2540
72801D,4 SKY BLUE DINNER CANDLES,32,45,528,376.56,85.54102448728867,13.596137389813874,2541
84660C,PINK STITCHED WALL CLOCK,24,50,624,720.8,77.64353834573528,13.588453107328927,2542
84569C,PACK 4 FLOWER/BUTTERFLY PATCHES,44,49,350,437.5,114.81888229687284,13.579471718664331,2543
20933,YELLOW POT PLANT CANDLE,37,41,492,1242.2000000000003,85.78648916986832,13.575764952052443,2544
23316,RED REFECTORY CLOCK,56,72,188,1744.6,115.73996950641889,13.575257724042585,2545
22640,SET OF 4 NAPKIN CHARMS 3 KEYS,48,58,271,580.33,112.69668354959724,13.575159808312343,2546
23056,FLOWERS CHANDELIER T-LIGHT HOLDER,28,32,810,2480.94,71.23184260947981,13.562071445568368,2547
22054,MINI CAKE STAND HANGING HEARTS,45,51,323,523.35,118.43540125961599,13.560628630862851,2548
21689,SILVER VANILLA  FLOWER CANDLE POT,45,51,322,1170.06,108.294360556475,13.557537438293178,2549
23113,PANTRY CHOPPING BOARD,24,27,1096,5487.96,62.2979223050336,13.551414795318635,2550
84685,BEACH HUT KEY CABINET,45,52,313,733.75,111.26018224494133,13.54832629594947,2551
35637A,IVORY STRING CURTAIN WITH POLE,35,39,530,1221.5,81.134713714311,13.547160413811985,2552
37441,ASSORTED WHITE EMBOSSED CHINA MUGS,29,37,668,1294.8,95.88117768257602,13.544567601516771,2553
84507C,BLUE CIRCLES DESIGN MONKEY DOLL,27,62,427,599.25,80.2927924868663,13.534462432148533,2554
21144,PINK POODLE HANGING DECORATION,38,40,469,207.10999999999999,110.01884178491011,13.529866407538059,2555
85094,CANDY SPOT EGG WARMER RABBIT,36,38,519,195.39,105.73399598575716,13.528308370349343,2556
21091,SET/6 WOODLAND PAPER PLATES,30,33,708,521.16,95.03105574896306,13.524203255633434,2557
84688,BEACH HUT DESIGN BLACKBOARD,39,47,388,1025.0,98.40452266472182,13.523659808640273,2558
85170C,SET/6 EAU DE NIL BIRD T-LIGHTS,38,45,415,588.53,100.98118980096301,13.522888302880006,2559
72815,3 WICK CHRISTMAS BRIAR CANDLE,52,57,240,900.0,116.16121920259138,13.515531857589195,2560
16054,POPART RECT PENCIL SHARPENER ASST,25,30,915,122.10000000000001,99.16701169072073,13.512100107180759,2561
62096A,PINK/YELLOW FLOWERS HANDBAG,44,48,333,434.45,111.2670916866529,13.509623780857648,2562
21478,SILVER SKULL HOT WATER BOTTLE,55,73,176,651.36,107.81288931654127,13.505566516513149,2563
37492B,BLUE YELLOW FLOWER PIGGY BANK,33,43,488,937.1999999999999,83.92200325227408,13.502912648009294,2564
23335,EGG FRYING PAN IVORY,47,59,253,515.2,105.38411114568206,13.502879840148529,2565
21678,PAISLEY PATTERN  STICKERS,35,41,482,330.74,106.6825270792313,13.501205210392051,2566
22703,PINK CAT BOWL,47,63,236,496.71,108.55838616468512,13.498144235402695,2567
21365,MIRRORED WALL ART STARS,42,48,343,455.05,106.66896883571832,13.493662071177587,2568
72127,COLUMBIAN CANDLE ROUND,41,49,344,412.14,95.40670900255856,13.493237040742875,2569
23026,DRAWER KNOB VINTAGE GLASS STAR,35,44,446,898.41,108.79167381996307,13.49274002284,2570
23548,WRAP MAGIC FOREST,30,30,750,315.0,118.53731155744283,13.489380060734426,2571
21473,SWEETHEART CREAM STEEL TABLE RECT,60,81,143,2852.85,114.49222705900677,13.487406411013566,2572
22786,PILLOWCUSHION COVER PINK UNION JACK,54,65,197,1115.5900000000001,117.4012442361672,13.48525495795343,2573
22638,SET OF 4 NAPKIN CHARMS CROWNS,47,48,304,592.97,107.62792237977409,13.48333308562593,2574
84313C,ORANGE TV TRAY TABLE,29,47,497,1061.15,75.184558766858,13.4829984695947,2575
84854,GIRLY PINK TOOL SET,42,57,286,1331.7,91.45971886612936,13.481125341999604,2576
21550,CERAMIC BIRDHOUSE CRESTED TIT LARGE,42,56,291,1473.45,94.2444461954384,13.481005185796395,2577
17129F,BLUE GLASS GEMS IN BAG,18,40,916,611.14,57.91000109755288,13.479118518127212,2578
85129C,BEADED CRYSTAL HEART BLUE SMALL,36,47,398,498.85,104.59941295188658,13.47108034044198,2579
35004G,SET OF 3 GOLD FLYING DUCKS,40,56,301,1148.9099999999999,99.5774176616167,13.467050351913727,2580
21373,MIRRORED WALL ART SNOWFLAKES,38,42,418,357.3,107.90339766568812,13.462632681745347,2581
17109C,FLOWER FAIRY INCENSE ROSE,13,15,3124,661.23,47.34339217882068,13.458835614025542,2582
21317,GLASS SPHERE CANDLE STAND MEDIUM,46,51,285,941.45,99.84498805129948,13.457383131111339,2583
21842,PINK HEART CANDY BUTTON CALCULATOR,32,38,541,1257.15,93.49681977409098,13.455335209035773,2584
21133,PAINTED BIRD ASSORTED CHRISTMAS,38,41,423,714.87,111.8891349708147,13.450964719644972,2585
35991,SET/6 BLACK SNOWFLAKE T-LIGHTS,40,44,375,196.87,105.12925245350425,13.449823699864522,2586
21145,ANTIQUE GLASS PLACE SETTING,32,37,551,688.75,113.61710770075143,13.44764176746996,2587
22783,SET 3 WICKER OVAL BASKETS W LIDS,34,40,480,6293.22,77.48115300718807,13.444787398299482,2588
84795D,SEASIDE STRIPE HAMMOCK,52,72,177,1371.15,108.03352973763735,13.442534904992598,2589
23057,BEADED CHANDELIER T-LIGHT HOLDER,31,34,613,1382.59,83.00585120543231,13.441078892436282,2590
23542,70'S ALPHABET WALL ART,35,44,423,2958.63,74.89195496019875,13.439914883458387,2591
47021G,SET/6 BEAD COASTERS GAUZE BAG GOLD,26,43,575,342.93,82.75697970018186,13.436134160618483,2592
23553,LANDMARK FRAME CAMDEN TOWN,32,39,515,5719.85,64.0811073367583,13.43149378106198,2593
84926D,LA PALMIERA TILE COASTER,27,34,693,319.55,97.84280024447095,13.430024532171423,2594
23498,CLASSIC BICYCLE CLIPS,24,27,970,1334.2999999999997,76.83410652557012,13.429406803334729,2595
84968D,SET OF 16 VINTAGE RED CUTLERY,38,51,333,3881.37,85.16883901514117,13.425946357687774,2596
22928,YELLOW GIANT GARDEN THERMOMETER,47,68,203,1236.95,106.02772195511082,13.423427509349366,2597
23224,CHERUB HEART DECORATION GOLD,28,41,553,481.07,95.86403283393877,13.422130135017127,2598
21750,LARGE SKULL WINDMILL,43,51,293,603.3000000000001,105.82090355526543,13.41901311983837,2599
84800L,LARGE WHITE/PINK ROSE ART FLOWER,30,35,599,883.3100000000001,101.48917498116063,13.414435798157403,2600
23513,EMBROIDERED RIBBON REEL SUSIE,36,38,460,873.28,92.52641033966451,13.407877601770519,2601
23515,EMBROIDERED RIBBON REEL DAISY,37,38,447,844.5,90.33603510487238,13.405941038271017,2602
84660B,BLACK STITCHED WALL CLOCK,22,40,702,773.0600000000001,74.92954768541692,13.404423174444123,2603
21711,FOLDING UMBRELLA  WHITE/RED  SPOT,44,47,305,1144.15,96.91913669075336,13.401448602630591,2604
47570,ENGLISH ROSE TABLE CLOTH,47,65,206,2085.9,100.87684593320171,13.393574546199684,2605
85103,SILVER T-LIGHT SETTING,46,54,250,1557.1,98.13227719088896,13.382933726074313,2606
84910A,PINK PAISLEY CUSHION COVER,37,40,414,1070.1000000000001,76.78797022036042,13.37943674666139,2607
79191B,RETRO PLASTIC POLKA TRAY,36,43,395,304.07,93.62903713014406,13.376521757816967,2608
84925F,PSYCHEDELIC WALL THERMOMETER,28,30,711,857.9300000000001,74.01660392704035,13.369360945883596,2609
22832,BROCANTE SHELF WITH HOOKS,62,66,150,1599.7,115.02446715938832,13.365107182597423,2610
72529W,WHITE ADVENT CANDLE,37,37,440,822.72,89.16336519829463,13.364217194899616,2611
20943,SET/6 GINGERBREAD STAR T-LIGHTS,43,45,313,391.25,112.57952477435248,13.36222401631561,2612
23223,CHRISTMAS TREE HANGING SILVER,28,42,506,468.54,100.70222785967637,13.35700694927122,2613
40018E,TEA TIME PAPER LANTERNS,37,48,336,634.4,98.2764020396877,13.349489388189374,2614
84968E,S/16 VINTAGE BLACK CUTLERY,38,56,281,3280.35,85.8797787127551,13.34851998490231,2615
23419,HOME SWEET HOME BOTTLE,39,43,355,724.48,106.55905619050738,13.347999818884228,2616
21336,GOLD WASHBAG,13,24,1789,404.59,44.12328897766023,13.34790405331826,2617
17136A,BLUE STONES ON WIRE FOR CANDLE,25,31,751,62.42,97.66593840443991,13.34656876477105,2618
79072,TEATIME CAKE TIN WITH HANDLE,41,63,231,2178.45,98.87778846074721,13.343290073309351,2619
85141,JARDIN ETCHED GLASS FRUITBOWL,52,64,180,1274.2,104.90903123336132,13.343176214713584,2620
20998,ROSE DU SUD OVEN GLOVE,50,56,212,622.6,110.82114976349249,13.336169066268301,2621
72750B,FLOWER FAIRY SET 3 CANDLES LAVENDER,31,38,495,1041.25,89.65642200264504,13.3358734756543,2622
35810B,ENAMEL BLUE RIM COFFEE CONTAINER,41,48,298,439.83000000000004,103.23287698780376,13.329933489784683,2623
84033,FLAG OF ST GEORGE,40,42,347,572.55,103.86603878533253,13.326974662172345,2624
22182,CAKE STAND VICTORIAN FILIGREE SMALL,46,51,249,891.75,101.55412689776664,13.322852238153732,2625
21414,SCALLOP SHELL SOAP DISH,17,20,1614,779.4,48.46804142920411,13.321984431276345,2626
84687,BEACH HUT SHELF W 3 DRAWERS,42,50,277,936.1500000000001,94.80305506130865,13.320646862108525,2627
35649,VINTAGE BEAD COSMETIC BAG,17,18,1771,1179.07,38.758281570153045,13.31467486822763,2628
21359,RELAX LARGE WOOD LETTERS,53,61,178,1723.1,101.2150818548558,13.30350423745012,2629
35969,FOLKART CROWN TABLE DECORATIONS,34,38,438,356.94,92.62774246979978,13.303409120694232,2630
37479B,CUBIC MUG FLOCK BLUE ON BROWN,19,23,1242,1016.58,53.79032377687241,13.299069195412649,2631
21223,SET/4 BADGES WOODLAND ANIMAL,33,35,486,569.5,94.9255480379573,13.298143586154861,2632
20618,QUEEN OF THE SKIES PASSPORT COVER,46,68,182,377.28000000000003,96.49108295660255,13.29374025914874,2633
47469,ASSORTED SHAPES PHOTO CLIP SILVER,20,25,1082,504.58000000000004,65.21012795570412,13.290109222745896,2634
23085,ANTIQUE SILVER BAUBLE LAMP,43,48,272,2506.3,104.65156338648879,13.285481727213847,2635
82616A,BUBBLE GUM SCARF KNITTING KIT,41,45,303,567.45,92.84783124061364,13.283338716178685,2636
85169D,PINK LOVE BIRD CANDLE,37,43,350,383.98,98.19364206419738,13.282562017110513,2637
47589,CONGRATULATIONS BUNTING,57,68,145,790.25,109.05436573444487,13.278156136852015,2638
35471A,SET OF 3 BIRD L.BLUE FEATHER,38,51,287,301.15,92.4657404007526,13.277765844847021,2639
23341,PINK DINER WALL CLOCK,50,66,169,1405.9,105.76064130927625,13.272316689165553,2640
21635,MADRAS NOTEBOOK LARGE,35,39,400,855.0,94.79616707120971,13.266359819876616,2641
21415,CLAM SHELL SMALL,38,51,283,584.46,96.09733193867838,13.26377960287228,2642
20894,HANGING BAUBLE T-LIGHT HOLDER LARGE,44,56,222,635.7,102.24452937042341,13.256885529064988,2643
37464,ROBOT MUG IN DISPLAY BOX,44,45,274,328.82,99.56286275753669,13.252074983925986,2644
22039,BOTANICAL LILY GIFT WRAP,26,28,725,300.5,105.56445418344198,13.2506827108156,2645
20763,DAISY SKETCHBOOK,46,50,236,573.11,95.42059817468835,13.250033375569515,2646
79323G,GOLD  CHERRY LIGHTS,37,50,292,1773.4,92.59715034653377,13.249584401467779,2647
47518F,ICON PLACEMAT POP ART ELVIS,20,29,894,143.57999999999998,73.08552754338726,13.242543537660435,2648
79323S,SILVER CHERRY LIGHTS,38,45,312,1873.3,89.66937879053928,13.238406233158894,2649
84926A,WAKE UP COCKEREL TILE COASTER,25,37,567,233.54999999999998,88.80530005582854,13.237804116469018,2650
23418,LAVENDER TOILETTE BOTTLE,39,42,325,662.08,101.94099071653355,13.236976951174206,2651
20989,URBAN CHIC CHOPSTICKS SET/5,29,47,387,724.65,80.93578195838045,13.23340373219332,2652
20798,CLEAR MILKSHAKE GLASS,32,38,433,844.5,96.39875834939633,13.233113741696531,2653
23107,WHITE HEARTS WIRE PLANT POT HOLDER,44,45,268,753.72,109.61296147854019,13.230015265861255,2654
84927D,LA PALMIERA TILE HOOK,22,24,950,195.0,58.20836110646488,13.21188410334274,2655
23315,IVORY REFECTORY CLOCK,50,62,169,1566.35,96.07067158343978,13.21075879616612,2656
21377,SMALL CAMPHOR WOOD FIELD  MUSHROOM,33,37,421,487.05,89.56640786982301,13.20895199837856,2657
84510C,SET OF 4 POLKADOTS COASTERS,43,61,198,246.12,100.42131660224976,13.204628843687845,2658
21664,RIDGED GLASS STORAGE JAR CREAM LID,43,52,230,836.5799999999999,96.61907647881212,13.196899257992175,2659
20936,FORKED CACTUS CANDLE,36,48,296,667.6800000000001,95.27368366088352,13.19647034955755,2660
20932,PINK POT PLANT CANDLE,46,48,231,775.85,100.02353972815986,13.188705271486995,2661
21698,MOCK LOBSTER FRIDGE MAGNET,33,42,363,235.79,92.92112619750348,13.184714507946465,2662
23452,HEART MINI PORTRAIT FRAME,38,44,301,583.35,106.38042726729684,13.180651153274836,2663
72780,BLACK SILOUETTE CANDLE PLATE,30,36,458,370.58,91.86526082465325,13.173955327189915,2664
84856L,LARGE TAHITI BEACH BAG,45,54,207,1153.65,98.8342899121724,13.173512661422883,2665
85019B,BLOSSOM  IMAGES NOTEBOOK SET,27,30,603,813.75,87.15218083430959,13.169765912595164,2666
21943,CAKES AND RABBITS DESIGN FLANNEL,35,38,372,292.08,98.41896824790189,13.168659004229571,2667
85019A,ROMANTIC IMAGES NOTEBOOK SET,29,33,512,718.0,77.58940496238803,13.167833751449086,2668
84658,WHITE STITCHED CUSHION COVER,47,52,204,1099.8,103.16289497586877,13.164502903598422,2669
23512,EMBROIDERED RIBBON REEL ROSIE,33,35,425,798.74,80.80442942969773,13.164318809341642,2670
85031A,ROMANTIC IMAGES SCRAP BOOK SET,35,37,380,626.7,82.62357635860774,13.163904473309197,2671
85119,WATERING CAN SINGLE HOOK PISTACHIO,34,36,401,545.53,85.17800454731717,13.16271806275266,2672
23357,HOT WATER BOTTLE SEX BOMB,42,45,262,1112.0,97.19552894750426,13.161995544360423,2673
85159A,"BLACK TEA,COFFEE,SUGAR JARS",33,39,380,688.6,94.07320492640848,13.1580393538568,2674
22806,SET OF 6 T-LIGHTS WEDDING CAKE,36,38,356,992.6000000000001,95.38587901585656,13.15221534055351,2675
21536,DAIRY MAID  SMALL  MILK JUG,42,54,216,453.6,102.76616444112585,13.148430654466495,2676
21316,SMALL CHUNKY GLASS ROMAN  BOWL,30,31,513,608.7900000000001,88.96286079004297,13.141946372740037,2677
16161G,WRAP BAD HAIR DAY,25,26,725,72.5,101.88147445145523,13.141483418850607,2678
21851,LILAC DIAMANTE PEN IN GIFT BOX,30,42,381,726.77,74.5811369840142,13.140607928785284,2679
46000R,POLYESTER FILLER PAD 45x30cm,38,55,231,334.95,89.9043137435837,13.135650708531106,2680
23067,HANGING ENGRAVED METAL HEART,47,52,198,821.7,103.48342275634145,13.134797749184505,2681
84467,ENGLISH ROSE DESIGN QUILTED THROW,38,43,294,4238.1,95.81147349197792,13.134726636387727,2682
20831,GOLD PHOTO FRAME,30,46,346,556.92,86.83507786428453,13.133459586142063,2683
23514,EMBROIDERED RIBBON REEL SALLY,36,39,339,661.62,92.42006411668193,13.128742984368369,2684
21134,VICTORIAN METAL POSTCARD CHRISTMAS,37,39,330,544.5,97.0290209350807,13.128583989217384,2685
21275,ZINC TOP  2 DOOR WOODEN SHELF,43,46,242,1477.9,101.74773400836709,13.127398678968866,2686
17001,HEAVENS SCENT FRAGRANCE OILS ASSTD,19,21,1139,278.46999999999997,78.56632407164822,13.125558268300848,2687
72814,SET/3 CHRISTMAS BRIAR CANDLES,41,47,244,876.6,96.42592808155442,13.110128839735987,2688
21276,TWO EMBOSSED HEART MINI DRAWERS,24,28,676,1544.1999999999998,83.62891906183164,13.10384292776695,2689
47471,RAINBOW PEGS PHOTO CLIP STRING,32,38,380,225.58,79.36987123631066,13.102868582722827,2690
23408,PHOTO FRAME LINEN AND LACE SMALL,41,46,244,507.52,104.64877535568027,13.089075430538156,2691
47504G,ENGLISH ROSE TAPE MEASURE,38,47,257,316.69,91.95989957230675,13.087722241959156,2692
23181,BULL DOG BOTTLE TOP WALL CLOCK,52,60,148,1197.0,103.25340638956008,13.085112083670893,2693
22394,PAPERWEIGHT KINGS CHOICE,38,41,293,459.39,91.93413479197015,13.084811031751697,2694
22164,STRING OF STARS CARD HOLDER,39,40,291,776.8500000000001,98.21631281901072,13.079205323086526,2695
23086,ZINC  STAR T-LIGHT HOLDER,22,26,768,899.52,80.0252451415512,13.076422051439124,2696
37444B,BLUE BREAKFAST CUP AND SAUCER,13,16,1997,341.39,36.40098615627209,13.072172632879973,2697
21555,CERAMIC STRAWBERRY TRINKET TRAY,35,45,286,707.7,93.04285542821766,13.071642550704826,2698
35646,VINTAGE BEAD PINK EVENING BAG,28,40,398,597.13,89.02383522888239,13.069829313580644,2699
22391,PAPERWEIGHT HOME SWEET HOME,40,44,255,499.89,103.00051978506072,13.06541200095419,2700
23391,I LOVE LONDON MINI BACKPACK,39,46,250,997.5,90.4666215956075,13.064479994955779,2701
85136C,RED SHARK HELICOPTER,60,68,111,882.45,99.3705210356981,13.063479240065664,2702
35811A,ENAMEL PINK SUGAR CONTAINER,24,47,391,581.5799999999999,76.56704737766121,13.061338675566553,2703
21417,COCKLE SHELL DISH,34,48,272,569.7,88.09901878743949,13.056640154785,2704
21476,STEEL SWEETHEART ROUND TABLE CREAM,51,71,124,1819.1499999999999,97.9471339751378,13.056223574899786,2705
84637,KITCHEN FLOWER POTS WALL PLAQUE,28,32,486,861.3000000000001,71.2191469841063,13.052067514535544,2706
85166B,BLACK METAL BAROQUE PHOTO FRAME,28,31,501,798.75,72.31463289345587,13.051631852477929,2707
23566,EGG CUP MILKMAID HEIDI,30,31,467,553.51,92.33030084271941,13.04819140320252,2708
23178,JAM CLOCK MAGNET,40,43,256,691.86,96.36181778354127,13.046837785517788,2709
21027,NINJA RABBIT PINK,37,44,269,330.55,94.66943373998616,13.04267060849508,2710
17084P,DRAGONS BLOOD INCENSE,22,23,825,163.25,91.7981302786077,13.030142819798073,2711
85113,POLKA DOT PISTACHIO PAIL,36,43,279,566.22,94.7783932880646,13.029897149731735,2712
21147,JINGLE BELLS TREE DECORATION,31,43,321,537.78,88.30499936461501,13.024477082262397,2713
85162C,WHITE RETRODISC LAMPSHADE,11,41,898,1775.1,55.072019265974426,13.023859302542988,2714
20705,MRS ROBOT SOFT TOY,41,43,244,883.8000000000001,87.56128795639846,13.023117462746356,2715
71270,PHOTO CLIP LINE,27,52,304,381.21000000000004,73.56056614747501,13.022808200334737,2716
20863,BLUE PATCH PENCIL CASE PINK HEART,35,42,286,567.39,74.72742086025023,13.004201269909295,2717
84827,ASS DES PHONE SPONGE CRAFT STICKER,21,23,839,462.55,77.24867288329537,13.002498175543622,2718
84584,PINK GINGHAM CAT WITH SCARF,45,48,195,497.25,98.8783307303022,12.998576353830238,2719
21017,RED BIRD HOUSE TREE DECORATION,26,33,480,321.12,74.49259217589524,12.998064660726252,2720
23055,IVORY CHANDELIER T-LIGHT HOLDER,27,30,504,978.0,65.97949432225467,12.99075014393571,2721
17012A,ORIGAMI VANILLA INCENSE/CANDLE SET,25,28,580,532.2,74.98708622395172,12.990143124859866,2722
20830,SILVER PHOTO FRAME,33,43,289,486.9,85.43712924687132,12.980431081514942,2723
84663A,GRASS HOPPER WOODEN WALL CLOCK,32,37,344,599.32,78.73217742564574,12.977638138224226,2724
84968F,S/16 VINTAGE SKY BLUE CUTLERY,47,59,149,1856.55,90.33516610653197,12.976180867226248,2725
84951A,SET OF 4 PISTACHIO LOVEBIRD COASTER,30,37,365,410.58,84.14610599982656,12.974206697612898,2726
85169B,BLACK LOVE BIRD CANDLE,31,43,305,321.49,85.6053746500378,12.97351063867037,2727
22137,BATHROOM SET LOVE HEART DESIGN,23,30,578,1393.1,65.42618677221364,12.973343512406089,2728
84799,SPRIG LAVENDER ARTIFICIAL FLOWER,24,27,614,488.62,86.99403278617714,12.972702602849921,2729
72800A,S/4 BLACK DINNER CANDLE SILVER FLOC,18,33,662,679.26,52.41696719308926,12.967574493968463,2730
21946,PARTY TIME DESIGN FLANNEL,24,29,567,297.60999999999996,73.00577445482314,12.962194625251508,2731
21438,TUB 24 HANGING EASTER EGGS SPOTTY,33,33,365,1195.95,75.3528310635652,12.95535438263369,2732
84931B,BLUE SCOTTIE DOG W FLOWER PATTERN,42,48,199,502.05,94.34374495019556,12.951337780352226,2733
35647,VINTAGE BEAD PINK SHADE,18,42,513,637.5,59.14183809959502,12.947862360315167,2734
21332,MOROCCAN BEATEN METAL MIRROR,36,42,262,1442.9,80.90421703599205,12.944272060515551,2735
21268,VINTAGE BLUE TINSEL REEL,29,36,374,205.8,83.75980797363535,12.93904132027679,2736
23554,LANDMARK FRAME OXFORD STREET,30,34,382,4268.15,62.40296256997135,12.937370255155205,2737
79071B,ENGLISH ROSE METAL WASTE BIN,48,57,145,427.75000000000006,90.00886747999989,12.935869930365381,2738
71279,PINK GLASS CANDLEHOLDER,33,49,243,707.2500000000001,91.97315796934149,12.93555175533751,2739
46000U,POLYESTER FILLER PAD 30CMx30CM,36,48,227,283.75,90.10552595075325,12.932083839709293,2740
22765,NEWSPAPER STAND,32,38,319,3377.97,59.210915654783214,12.928390203389899,2741
84686,BEACH HUT MIRROR,32,36,336,648.22,73.2506696745633,12.927508404463065,2742
21253,SET OF PICTURE FRAME  STICKERS,38,48,212,560.24,85.97742190389441,12.916674109949698,2743
85211,S/4 GROOVY CAT MAGNETS,39,45,220,313.3,88.22254628857713,12.915683552120782,2744
17091B,JASMINE TEA INCENSE IN TIN,34,42,269,293.05,83.25900180422512,12.914970136181351,2745
23556,LANDMARK FRAME COVENT GARDEN,29,33,396,4424.55,62.533640893613466,12.911494186965507,2746
23398,HANGING HEART BONHEUR,31,33,370,311.38,89.9662553506595,12.908298490023324,2747
90058B,CRYSTAL STUD EARRINGS ASSORTED COL,21,21,829,437.41999999999996,89.50622081071577,12.903510607507275,2748
23402,HOME SWEET HOME 3 PEG HANGER,37,44,232,847.9200000000001,89.40548042214246,12.895287103062405,2749
84457,SET/3 RABBITS FLOWER SKIPPPING ROPE,37,40,254,215.89999999999998,92.85861206829078,12.89242177158912,2750
20699,MOUSEY LONG LEGS SOFT TOY,41,44,209,522.15,96.555419655755,12.891439638771157,2751
85117,NIGHTINGALE COATHOOK WHITE,29,40,321,500.04999999999995,77.3154100749456,12.889320993910871,2752
85039C,S/4 BLACK MINI ROSE CANDLE IN BOWL,25,37,398,243.22,71.50931974188262,12.88464411463773,2753
20850,ZINC HEART LATTICE PLANTER BOWL,19,23,820,713.8,54.26294941390677,12.884309213354364,2754
84509C,SET OF 4 POLKADOT PLACEMATS,40,49,191,658.6500000000001,85.76582994576587,12.883090444160235,2755
22106,MIRROR MOSAIC HURRICANE LAMP,27,33,411,1073.45,68.99417462479921,12.879588384140892,2756
85028S,FRENCH CHATEAU SMALL FRUITBOWL,28,31,421,626.25,69.87208620355528,12.878037046822213,2757
21722,SWEET PUDDING STICKER SHEET,32,39,294,249.89999999999998,84.04719843367423,12.872362371920236,2758
46000P,POLYESTER FILLER PAD 65CMx65CM,37,47,212,901.0,88.73991926301275,12.870079336343702,2759
47503J,SET/3 FLORAL GARDEN TOOLS IN BAG,31,42,281,2001.95,79.6866151988995,12.868843089431403,2760
17012F,ORIGAMI SANDLEWOOD INCENSE/CAND SET,26,33,420,389.4,78.48988662131009,12.864830224302871,2761
72799C,PINK PILLAR CANDLE SILVER FLOCK,27,32,416,620.24,68.86329224034627,12.861798293440486,2762
72267,PREMIUM CHURCH CANDLE,37,39,251,487.74,86.92843797130453,12.855894701351744,2763
23094,LE GRAND TRAY CHIC SET,53,60,115,1437.5,93.1465701507884,12.853448101843952,2764
35920,FOUR RABBIT EASTER DECORATIONS,17,19,1059,267.75,48.66323121121138,12.852128218556269,2765
20666,ECONOMY HOLIDAY PURSE,20,20,864,320.0,48.586249340451985,12.851774382378725,2766
37444C,PINK BREAKFAST CUP AND SAUCER,13,16,1598,342.26,40.600438560061974,12.849404386505428,2767
84795A,PASTEL STRIPE HAMMOCK,34,55,193,1450.3500000000001,83.84630421864497,12.848557911287891,2768
22856,ASSORTED EASTER DECORATIONS  BELLS,20,22,786,873.0600000000001,65.5246520427308,12.848244902069975,2769
84820,DANISH ROSE TRINKET TRAYS,37,39,249,719.15,84.7724699923532,12.847926531702567,2770
79323B,BLACK CHERRY LIGHTS,34,47,224,1374.2,81.2292783073731,12.842649474601725,2771
85135B,BLUE DRAGONFLY HELICOPTER,58,67,93,739.35,95.51174254478876,12.840339931351831,2772
22056,CERAMIC PLATE LOVE HEART DESIGN,23,25,600,625.8,65.22998805643259,12.834745302904636,2773
84508B,STRIPES DESIGN TEDDY,37,61,158,402.9,84.29015423526882,12.83362474699171,2774
21728,METAL MEDINA LANTERN,33,36,296,2696.1,63.75020231709953,12.831010576063086,2775
20935,ROUND CACTUS CANDLE,33,37,287,517.85,81.35127516583383,12.826907164478493,2776
85088,CANDY SPOT HAND BAG,35,41,245,504.97,83.15810042009922,12.826520092671842,2777
84846A,SCENTED CANDLE IN DIGITALIS TIN,37,40,237,497.7,94.0573088394545,12.823428900102169,2778
20819,SILVER TEDDY BEAR,38,48,193,487.46,82.51277010911761,12.8232401033036,2779
21740,COSY SLIPPER SHOES LARGE RED,44,48,167,492.65000000000003,93.16355267453503,12.822446767284205,2780
17013D,ORIGAMI ROSE INCENSE IN TUBE,16,20,1036,495.66,65.18868463085205,12.821822990009167,2781
22259,FELT FARM ANIMAL HEN,27,29,439,309.71,77.8968490574166,12.820176618749667,2782
72801E,4 FESTIVE GREEN DINNER CANDLES,19,23,768,402.24,55.06905923178568,12.818877073407581,2783
84859A,SILVER DISCO HANDBAG,33,43,245,476.71,83.65506374126068,12.815881694466785,2784
22641,SET OF 4 NAPKIN CHARMS INSTRUMENT,38,40,229,515.15,86.27657183456968,12.815213021757149,2785
85220,SMALL FAIRY CAKE FRIDGE MAGNETS,4,5,12236,6875.0,23.836082582217802,12.813416809647823,2786
84562A,PINK/WHITE RIBBED MELAMINE JUG,45,59,132,985.8000000000001,86.9804568965165,12.813335086932948,2787
35653,VINTAGE BEAD NOTEBOOK,39,52,172,507.4000000000001,85.25674083309535,12.812462962163838,2788
20662,FIRST CLASS HOLIDAY PURSE,21,23,685,358.87000000000006,54.07194062864632,12.799973911432147,2789
84741C,CITRUS GARLAND FELT FLOWERS,42,46,178,347.09999999999997,93.44714239136772,12.798733523244376,2790
20838,FRENCH LATTICE CUSHION COVER,32,33,321,327.78999999999996,93.93961152421171,12.79741963162705,2791
85104,SILVER GLASS T-LIGHT SET,38,48,188,539.88,85.35413960515322,12.797128959299915,2792
17012D,ORIGAMI ROSE INCENSE/CANDLE SET,29,37,315,332.34999999999997,80.3895736261058,12.794525754975453,2793
23485,BOTANICAL GARDENS WALL CLOCK,39,44,199,4336.6,72.55680082799057,12.793859310432293,2794
35607A,PINK FLUFFY CHRISTMAS DECORATION,26,27,475,90.25,81.39726156251986,12.793459230410953,2795
21477,STRING OF 20 ROSE LIGHTS,35,37,262,2962.5,70.83322921881471,12.79325913036026,2796
85169C,EAU DE NIL LOVE BIRD CANDLE,25,35,382,411.21999999999997,61.87255939398426,12.789650465658237,2797
47563A,RETRO LONGBOARD IRONING BOARD COVER,34,53,188,305.0,73.50296574339872,12.78607912311333,2798
21264,WHITE GOOSE FEATHER TREE 60CM,35,41,235,546.25,86.16348283861434,12.785020361765088,2799
35915B,BLUE KNITTED HEN,28,28,422,586.86,70.23854910983111,12.781963839019227,2800
20934,SET/3 POT PLANT CANDLES,44,46,167,877.15,88.48495879557024,12.780774070883638,2801
84682,CLASSICAL ROSE DISH,31,38,283,528.85,80.11114306270314,12.778271787090578,2802
23524,HORSE & PONY WALL ART,27,31,394,1175.73,64.36859865727412,12.776826177876053,2803
85205B,PINK FELT EASTER RABBIT GARLAND,36,43,215,548.25,90.17317660018156,12.77038595424665,2804
22105,MIRROR MOSAIC GOBLET CANDLE HOLDER,22,24,607,911.75,57.95014101292363,12.764544922763518,2805
85125,SMALL ROUND CUT GLASS CANDLESTICK,30,41,267,1222.95,79.01855931567121,12.76264380327937,2806
85131D,BEADED CRYSTAL HEART PINK ON STICK,23,30,468,265.86,72.4405315847285,12.76264380327937,2807
23517,EMBROIDERED RIBBON REEL REBECCA,36,37,247,673.03,82.43653485647276,12.761932818535591,2808
16053,POPART COL BALLPOINT PEN ASST,8,8,4298,182.57999999999998,44.29893057537928,12.76058687116872,2809
81952V,ROUND PURPLE CLOCK W/SUCKER,24,31,433,134.83,78.60071539334841,12.757656261768332,2810
21480,PINK STRIPE HOT WATER BOTTLE,35,38,246,682.5,82.61565063877477,12.756468921213735,2811
23529,DOLLY GIRL WALL ART,21,25,604,1858.56,53.78367749283226,12.75436744941064,2812
84396,6 HOOK JEWELLERY STAND BLACK DRESS,22,28,516,1071.6,70.29644304317333,12.750832920424052,2813
84761,IVORY HANGING BIRD PLANTER,31,44,238,596.0999999999999,88.13393940332652,12.748861944501558,2814
62096B,PURPLE/TURQ FLOWERS HANDBAG,39,43,194,260.0,88.03554003882306,12.746068646595944,2815
21816,CHRISTMAS TREE T-LIGHT HOLDER,27,33,359,520.55,84.89365170331702,12.74466906624152,2816
23469,CARD HOLDER LOVE BIRD SMALL,37,39,224,857.36,85.84332879306308,12.74256601604474,2817
23528,SPACEBOY WALL ART,25,29,437,1287.63,63.70294654238145,12.741512830060085,2818
21269,ANTIQUE CREAM CUTLERY SHELF,52,58,108,918.0,93.07115858704587,12.739177239686985,2819
47503F,ASS FLORAL PRINT TORCH,10,11,2571,736.55,31.528944273299686,12.73524100794388,2820
21320,GLASS CHALICE GREEN  LARGE,28,33,343,688.41,78.2566953755236,12.734298011976033,2821
16052,TEATIME PUSH DOWN RUBBER,18,21,810,249.35,74.1837493753726,12.73374948664017,2822
84675,FROG KING WATERING CAN,39,44,187,467.65000000000003,81.67106289856589,12.731983906714206,2823
20898,VINTAGE NOTEBOOK TRAVELOGUE,32,34,290,569.9,74.10775050492462,12.725178890127387,2824
84422,PINK/BLUE DISC/MIRROR STRING,18,23,733,362.55,57.13321159287522,12.7210018381289,2825
21350,GINGHAM HEART WREATH,37,39,219,630.0500000000001,90.65276966248975,12.720093160192683,2826
16043,POP ART PUSH DOWN RUBBER,11,12,2142,179.04,45.33575127311589,12.719818002723114,2827
47481,50CM METAL STRING WITH  7 CLIPS,30,34,305,234.76999999999998,73.21103971838971,12.712920367926941,2828
23525,BUFFALO BILL WALL ART,23,26,508,1556.6399999999999,60.23880680911455,12.706338712902797,2829
85023B,EAU DE NILE JEWELLED PHOTOFRAME,31,35,285,661.95,75.13804919489246,12.705246652075688,2830
84856S,SMALL TAHITI BEACH BAG,24,28,451,1774.59,59.27655163790202,12.699853834686905,2831
21850,BLUE  DIAMANTE PEN IN GIFT BOX,25,38,322,680.7,67.66878196374262,12.699310507373784,2832
21256,"FRENCH BOTTLE, BRASSERIE DES ARTIST",31,35,282,446.1,80.96480481884683,12.694701738899074,2833
85020,ROUND PINK HEART MIRROR,34,40,225,472.5,82.98811583363808,12.689455127466008,2834
85033S,SET/6 SILVER REINDEER T-LIGHTS,33,38,243,254.15,82.02001350411031,12.687090396039011,2835
10123G,ARMY CAMO WRAPPING TAPE,11,11,2245,156.53,33.710760185601785,12.686719434874389,2836
23009,I LOVE LONDON BABY GIFT SET,40,50,153,2397.35,80.7662931407432,12.682350301842263,2837
21030,SPACE CADET RED,36,38,220,273.62,85.03783832840675,12.672642260291624,2838
84932C,SMALL ORIENTAL BLUE FOLDING STOOL,31,34,282,615.4,88.50726262005819,12.666530861932378,2839
35911A,MULTICOLOUR RABBIT EGG WARMER,35,38,223,279.45,83.1489053685336,12.658726636440797,2840
84773,RED ROSE AND LACE C/COVER,34,46,190,560.5,84.99995327653376,12.657769091246102,2841
23183,MOTHER'S KITCHEN SPOON REST,38,51,152,593.21,85.89138726364855,12.64524328610351,2842
90200D,PINK SWEETHEART BRACELET,35,47,178,744.5,82.02083347814067,12.642105755204756,2843
85179B,WHITE BITTY LIGHT CHAIN,32,38,239,995.43,77.76432392497958,12.640708130938119,2844
23317,BLUE REFECTORY CLOCK,43,54,126,1199.7,86.13261607651981,12.635709905609323,2845
18094C,WHITE AND BLUE CERAMIC OIL BURNER,21,41,331,375.35,66.8152428613088,12.633847040558173,2846
79144B,PAINTED LIGHTBULB STAR+ MOON,32,36,250,101.4,81.3534916287168,12.632878413242487,2847
16212,FUNKY GIRLZ ASST MAGNETIC MEMO PAD,28,29,350,227.5,76.16673598545165,12.629279435114494,2848
21459,YELLOW EASTER EGG HUNT START POST,32,36,249,463.95,82.21183932529058,12.628886391972951,2849
21038,SET/4 MODERN VINTAGE COTTON NAPKINS,38,48,158,325.70000000000005,80.2951051100582,12.624286146460504,2850
21028,NINJA RABBIT BLACK,31,39,235,292.72,80.01136056412408,12.618447161939272,2851
23564,EGG CUP MILKMAID INGRID,25,26,428,504.76,78.05472117315426,12.615390322953829,2852
23025,DRAWER KNOB VINTAGE GLASS BALL,31,36,253,536.49,87.42294277410238,12.613988082462487,2853
23470,CARD HOLDER LOVE BIRD LARGE,42,45,151,892.15,83.53580422920966,12.613722033028933,2854
84638,SMALL KITCHEN FLOWER POTS PLAQUE,26,30,355,707.25,61.43268998494807,12.604754801341507,2855
23336,EGG FRYING PAN PINK,36,49,159,332.77,79.85724043307363,12.598114733306197,2856
47578A,ENGLISH ROSE SMALL SCENTED FLOWER,33,39,216,183.6,84.21472238749078,12.595137332270557,2857
23073,GEORGIAN TRINKET BOX,42,52,128,1519.0,75.65596170266991,12.591304433607355,2858
21659,GLASS CAKE STAND,45,56,111,1606.6499999999999,83.43074478136958,12.59019153561874,2859
23518,EMBROIDERED RIBBON REEL RACHEL,29,30,314,830.66,71.19752114448734,12.587757224972934,2860
72132,COLUMBIAN CUBE CANDLE,20,24,556,475.8,55.37673024758134,12.585963502518908,2861
20670,VIP HOLIDAY PURSE,19,21,662,290.58000000000004,47.448947712012625,12.583549717098169,2862
35980C,REDWHITE STRIPE SCANDINAVIAN HEART,27,27,370,140.6,83.575042577144,12.580611082957843,2863
84689,S/2 BEACH HUT TREASURE CHESTS,28,33,293,651.85,66.95992116974162,12.577236121941317,2864
85031B,BLOSSOM IMAGES SCRAP BOOK SET,25,26,409,603.75,66.82643318485748,12.570090563724165,2865
84951B,SET OF 4 BLACK LOVEBIRD COASTERS,26,34,301,347.97,74.06647579644847,12.561611944868613,2866
20855,PINK PATCH PURSE BLUE HEART,41,46,143,235.95,83.2972052718949,12.557630519569429,2867
21371,MIRRORED WALL ART POPPIES,26,33,308,344.4,76.29266864089033,12.555538667518237,2868
40046A,RED DAISY PAPER LAMPSHADE,25,33,319,385.07,74.52487273351568,12.552778058431416,2869
84927F,PSYCHEDELIC TILE HOOK,35,39,195,175.23,78.95243529008695,12.550513051800564,2870
84898F,YELLOW FLOWERS FELT HANDBAG KIT,37,46,157,329.7,84.53917161847272,12.550328794463411,2871
84927E,FLOWERS TILE HOOK,22,24,489,203.34,57.88441166635239,12.548775431902023,2872
84977,WIRE FLOWER T-LIGHT HOLDER,32,39,212,265.0,85.22330933651214,12.546679181289843,2873
46118,FUNKY MONKEY CUSHION COVER,23,35,324,275.4,70.39132589732147,12.545397951133793,2874
21412,VINTAGE GOLD TINSEL REEL,30,39,225,107.94,80.74760950079455,12.54340165787137,2875
23216,LAUREL HEART ANTIQUE GOLD,22,30,391,454.76,68.498782579463,12.540743260204758,2876
21197,MULTICOLOUR  CONFETTI IN TUBE,26,28,353,513.81,80.22196953134599,12.532429609124577,2877
20780,BLACK EAR MUFF HEADPHONES,28,51,182,891.4399999999999,62.72130156094889,12.528025701409323,2878
16202B,PASTEL BLUE PHOTO ALBUM,13,18,1034,469.21,46.94667297690834,12.525653014481168,2879
23555,LANDMARK FRAME NOTTING HILL,25,27,377,4205.65,53.21954128734642,12.525195243816274,2880
21127,COLOURFUL FISHING GNOME,25,36,285,844.5500000000001,59.48548723435003,12.525006261485558,2881
23020,GLASS  SONGBIRD STORAGE JAR,46,49,116,1385.2,80.66698153820523,12.52434454193596,2882
35096A,BLUE VICTORIAN FABRIC HEART BOX,18,19,722,233.43,56.00959779468508,12.523580474879196,2883
20897,VINTAGE NOTEBOOK PARIS DAYS,28,36,253,501.55,64.66742692536485,12.515548009649235,2884
47579,TEA TIME BREAKFAST BASKET,36,42,170,357.0,82.21201061942985,12.513781584840448,2885
85185D,FROG SOCK PUPPET,36,43,166,477.70000000000005,79.36246897290411,12.513101358979242,2886
84948,SILVER HANGING T-LIGHT HOLDER DOME,28,33,274,452.1,83.9006896360178,12.510427452269207,2887
84251F,"GREETING CARD, RITA",26,31,312,59.279999999999994,79.206437220482,12.507775959344208,2888
90200E,GREEN SWEETHEART BRACELET,33,48,161,672.25,76.06456012111413,12.505777157959171,2889
21769,VINTAGE POST OFFICE CABINET,41,47,132,8402.62,68.4778739895711,12.499219757413012,2890
85027L,FRENCH CHATEAU LARGE PLATTER,35,39,185,534.75,76.08821013710211,12.498145066283248,2891
22447,PIN CUSHION RUSSIAN DOLL BLUE,37,43,159,532.65,81.49955819627495,12.496949608878474,2892
23324,RUSTIC STRAWBERRY JAM POT LARGE,27,28,328,660.1600000000001,78.67658925521211,12.49555809092705,2893
84715,SET OF 6 ICE CREAM SKITTLES,32,36,217,640.1500000000001,83.55668456591276,12.491920536899794,2894
84597C,RETRO PINK BALL ASHTRAY,20,35,351,419.55,62.76332762161869,12.49167255177763,2895
23473,WOODLAND SMALL RED FELT HEART,23,24,440,344.08000000000004,74.40487006088826,12.485974530662993,2896
84251G,"GREETING CARD, OVERCROWDED POOL.",28,29,301,57.19,86.4599670780959,12.4789202290235,2897
23337,EGG FRYING PAN MINT,38,47,139,289.12,79.66370401176059,12.476405079646842,2898
16254,TRANSPARENT ACRYLIC TAPE DISPENSER,15,17,908,254.96,32.80334628913926,12.475305574313424,2899
47593A,CAROUSEL PONIES BABY BIB,35,40,176,193.12,76.31354530103485,12.473240737734248,2900
84531B,BLUE KNITTED EGG COSY,34,37,193,168.87,80.82595297271513,12.460792380279127,2901
85096,HILDA CANDY SPOT RABBIT,39,46,136,510.0,77.88175816398086,12.459007981652121,2902
35651,VINTAGE BEAD PINK SCARF,26,31,296,545.1,78.79355699168359,12.455304907606756,2903
84931A,PINK SCOTTIE DOG W FLOWER PATTERN,40,44,138,349.2,83.20314483174622,12.45470848960532,2904
22166,"WALL MIRROR , RECT DIAMANTE, PINK/",29,39,212,1379.16,64.36070388823302,12.451369001485517,2905
84920,PINK FLOWER FABRIC PONY,39,48,129,477.35,82.73751494179879,12.448234202680144,2906
20869,GOLD FABRIC MIRROR,24,25,387,198.27,61.03593403030898,12.437977702512956,2907
23558,LANDMARK FRAME LONDON BRIDGE,24,26,372,4129.2,48.98655023183303,12.436291110516347,2908
23179,CLOCK MAGNET MUM'S KITCHEN,29,32,253,693.7700000000001,73.62001279007477,12.435039210147172,2909
23411,TRELLIS COAT RACK,33,37,192,892.8000000000001,75.13020530882903,12.426636873247432,2910
84531A,PINK KNITTED EGG COSY,34,37,186,163.01999999999998,80.26448361613039,12.424042838070385,2911
20913,SET/5 BLUE SPOTTY LID GLASS BOWLS,26,30,295,787.05,56.92386062304419,12.420183524813535,2912
84901,BLACK FACE LAMB WITH PANTS,43,55,99,369.09,82.14833055073709,12.414711510641503,2913
21099,SET/6 STRAWBERRY PAPER CUPS,19,28,422,274.3,61.494086297936356,12.410400282586743,2914
21631,HIPPY CHIC DECORATIVE PARASOL,33,37,188,1182.6000000000001,72.80222612796183,12.405693699402189,2915
85136A,YELLOW SHARK HELICOPTER,52,55,81,643.95,82.70991506470729,12.402362851551526,2916
84806B,WHITE CANDYSTUFT ARTIFICIAL FLOWER,23,25,388,503.55999999999995,72.98568351021258,12.399729711987874,2917
22108,PING! MICROWAVE PLATE,31,44,167,481.57,73.02651267548083,12.396362371973305,2918
21089,SET/6 GREEN SPRING PAPER CUPS,27,31,269,91.13,78.01214558870097,12.396362371973305,2919
85031C,CURIOUS IMAGES SCRAP BOOK SET,23,28,343,543.45,60.34434572130103,12.385991317707818,2920
84683,CLASSICAL ROSE CANDLESTAND,17,26,487,421.55,57.3919114978095,12.376524029753641,2921
22861,EASTER TIN CHICKS IN GARDEN,29,31,246,405.9,71.06380424984259,12.37632162108986,2922
72789,BASKET/8 SCENTED LOVE TOKEN CANDLES,42,44,121,453.75,78.01975947983195,12.371883650197137,2923
20980,36 PENCILS TUBE POSY,34,38,171,213.75,76.92629034341962,12.366404184432513,2924
20663,QUEEN OF THE SKIES HOLIDAY PURSE,13,15,1037,277.19,35.245139538060585,12.356697115580873,2925
46126A,ELVIS WALLHANGING / CURTAIN,22,33,296,370.0,62.38503940819485,12.35558687934801,2926
84405A,S/3 PINK COL METAL BASKET W HANDLE,40,45,122,900.3000000000001,74.07533984464271,12.35439781856582,2927
23453,OVAL  MINI PORTRAIT FRAME,29,33,226,438.3,80.33440018805508,12.35250792375972,2928
47592A,CAROUSEL DES CHILD'S OVERALL,31,36,194,407.40000000000003,73.20092004574336,12.349653374007698,2929
23482,PEARLISED IVORY HEART LARGE,24,26,341,529.05,64.14766350310555,12.349523427935136,2930
23041,PAPER LANTERN 9 POINT SNOW STAR,32,33,204,846.6,77.35123821118454,12.34587806522105,2931
79337,BLUE FLOCK GLASS CANDLEHOLDER,14,16,897,372.61,50.060664522312024,12.341433613460627,2932
22770,MIRROR CORNICE,43,56,90,1327.8999999999999,80.3405941269859,12.33810040826966,2933
21419,CONCH SHELL,12,13,1252,535.8,30.51308856187484,12.337302641972864,2934
20753,RETRO PINK SPOT WASHING UP GLOVES,30,38,187,391.1,71.09130065168918,12.333990813444743,2935
20849,ZINC HEART LATTICE DOUBLE PLANTER,15,20,670,566.1,38.410959462911414,12.325880296934887,2936
84926F,PSYCHEDELIC TILE COASTER,20,25,410,211.17,68.10329984066287,12.32121219024114,2937
23405,HOME SWEET HOME 2 DRAWER CABINET,34,37,167,791.45,78.79422381998936,12.316898200619057,2938
23253,16 PIECE CUTLERY SET PANTRY DESIGN,32,35,185,2619.5499999999997,71.7110698964009,12.305773173635792,2939
85112,S/3 TEAR DROP CUT GLASS DECORATION,20,23,430,321.5,53.85237764837328,12.288684358175116,2940
23527,ANIMALS AND NATURE WALL ART,23,25,347,1139.97,58.72180311399153,12.288352848143901,2941
23124,18PC WOODEN CUTLERY SET DISPOSABLE,20,21,469,552.65,65.02698669820423,12.288297585785843,2942
20714,POSY SHOPPER BAG,10,12,1513,586.25,48.30774449631788,12.2853550642573,2943
44230,SQUARE MIRROR CURTAIN,24,43,195,1357.8600000000001,63.526951177266966,12.281180118016978,2944
84925D,LA PALMIERA WALL THERMOMETER,20,22,444,657.05,46.18915590068046,12.278090935818813,2945
47587A,PINK FAIRY CAKE COASTER,7,9,2676,1049.6399999999999,31.064624375748632,12.274478678194233,2946
84972L,GIANT PINK HEART MEMO HOLDER,41,44,112,442.40000000000003,79.6838552058216,12.271719926766028,2947
23106,ZINC HEARTS PLANT POT HOLDER,32,33,189,545.91,79.49710636649456,12.269892158243128,2948
84620,BLUE GINGHAM ROSE CUSHION COVER,40,45,112,666.4,79.36752948841595,12.269601281905743,2949
22936,BAKING MOULD ROSE WHITE CHOCOLATE,27,29,251,744.13,61.67032196799889,12.262830979348783,2950
21018,BIRD BOX CHRISTMAS TREE DECORATION,27,34,214,181.9,71.25777701895076,12.258190599792279,2951
84029C,BROWN FURRY HOT WATER BOTTLE,27,38,191,665.05,66.46240041416638,12.253261528332631,2952
23523,TREASURE AHOY WALL ART,24,26,309,971.4300000000001,63.94515276391145,12.251284988351722,2953
21388,IVORY HANGING DECORATION  CHICKEN,26,26,285,242.25,78.47425019224931,12.24766554282851,2954
84665,SQUARE CHERRY BLOSSOM CABINET,21,43,214,1293.3,62.43794474314055,12.24587011540424,2955
23325,RUSTIC STRAWBERRY JAM POT SMALL,20,23,410,645.3,71.11072877606713,12.241169482567603,2956
44235,ASS COL CIRCLE MOBILE,13,17,802,297.96,41.67469044963386,12.217783801458184,2957
20862,PINK PATCH PENCIL CASE BLUE HEART,21,28,316,652.53,54.165352669869904,12.217240057222071,2958
84876D,BLUE HEART COMPACT MIRROR,22,26,324,547.5,67.3078523777417,12.215156264263216,2959
84595E,LARGE TORTILLA DESIGN RED BOWL,21,26,338,633.3,55.38373005958946,12.212879426743095,2960
21263,GREEN GOOSE FEATHER TREE 60CM,26,31,232,476.4,66.67698024996952,12.212611222369755,2961
16202A,PASTEL PINK PHOTO ALBUM,15,18,658,270.5,40.399933969290544,12.207751235908729,2962
21261,GREEN GOOSE FEATHER CHRISTMAS TREE,28,33,202,693.9000000000001,70.60131397995947,12.206862333644423,2963
84859C,PINK DISCO HANDBAG,22,30,279,489.79,61.53702755787049,12.204271023583544,2964
21376,LARGE  TALL CAMPHOR WOOD TOADSTOOL,32,35,167,703.75,69.73905731790087,12.20399047932585,2965
16258B,DAISY ERASERS IN BAG,13,13,1015,219.76,52.735196819845115,12.201743287368945,2966
21649,ASSORTED TUTTI FRUTTI PHOTO FRAME,19,23,413,1120.75,59.93448150882159,12.19965207772725,2967
21004,ROSE DU SUD CHILDS APRON,39,47,102,433.5,74.51367435049913,12.194809453251462,2968
20851,ZINC HEART LATTICE TRAY OVAL,21,26,330,393.90000000000003,43.304898146075345,12.188997694739708,2969
84796B,BLUE SAVANNAH PICNIC HAMPER FOR 2,27,31,218,1597.8999999999999,65.58606112255147,12.187012142791431,2970
84231,EASTER BUNNY WITH BASKET ON BACK,27,33,203,131.95000000000002,70.57508636187603,12.176685028635582,2971
20865,PATCHWORK PENCIL CASE BUTTERFLY,24,30,247,485.49,50.55533660607682,12.166291775518328,2972
21416,CLAM SHELL LARGE,14,16,746,572.7,29.507740610281957,12.157328730291244,2973
84924A,WAKE UP COCKEREL CALENDAR SIGN,37,42,114,438.63,75.02519633488252,12.143718403783197,2974
16256B,FLOWER PENCIL/RUBBER+5 MINI PENCILS,17,20,493,207.06,66.69861121790663,12.13742971280751,2975
84313B,BLUE TV TRAY TABLE,24,45,158,513.74,58.61283009946684,12.116421423577528,2976
85129B,BEADED CRYSTAL HEART GREEN SMALL,24,33,214,261.87,65.68608890293166,12.115874377612023,2977
84007,MAGIC GARDEN MOUNT FUJI,30,37,154,392.7,67.30644653473193,12.11499848113078,2978
21293,MIRRORED DOVE WALL DECORATION,24,34,207,434.70000000000005,70.27970968515547,12.111761966058932,2979
85180B,PINK HEARTS LIGHT CHAIN,25,26,258,628.98,66.31230226121617,12.110761465725348,2980
85162A,SILVER RETRODISC LAMPSHADE,14,19,605,1211.75,52.13792254697787,12.110662460725514,2981
84916,HAND TOWEL PALE BLUE W FLOWERS,26,28,230,514.5,60.86570967343209,12.105550406512597,2982
84974,S/2 ZINC HEART DESIGN PLANTERS,47,49,74,736.3,75.24277259534473,12.100712129872347,2983
21025,SPACE FROG,26,32,201,253.5,69.17968088074265,12.100612124872015,2984
23516,EMBROIDERED RIBBON REEL SOPHIE,26,27,237,822.51,60.23188319256221,12.10031204985101,2985
23185,FRENCH STYLE STORAGE JAR JAM,23,26,274,102.38,71.78564175111762,12.090661794018846,2986
20782,CAMOUFLAGE EAR MUFF HEADPHONES,34,46,107,583.89,68.39734294103322,12.087626890323692,2987
84797A,PINK HAWAIIAN PICNIC HAMPER FOR 4,20,24,337,1824.15,55.32080319240755,12.086444158074642,2988
84858C,PINK RIVIERA HANDBAG,22,26,284,500.70000000000005,46.01174346935458,12.08382026220213,2989
78124,MAGAZINE RACK GEBRA ASSORTED,16,17,577,775.25,52.7330524016648,12.083158970624758,2990
47597,NEW ENGLAND TEATOWELS,34,40,122,311.1,70.61073245522279,12.08110448356614,2991
84592,CROCHET ROSE PURSE WITH SUEDE BACK,31,35,151,445.45000000000005,71.30795641852464,12.073135362102112,2992
23219,LAUREL STAR ANTIQUE SILVER,25,31,209,260.85,66.93268853835221,12.070939971538678,2993
84192,ASSORTED COLOUR METAL CAT,24,31,216,258.6,62.646527360700446,12.064509081208387,2994
23435,3 RAFFIA RIBBONS VINTAGE CHRISTMAS,19,20,409,364.39,62.631662915676344,12.056411870975769,2995
23099,FRENCH CARRIAGE LANTERN,36,42,107,692.65,71.71783686470444,12.054249255462008,2996
35833P,4 PINK FLOCK CHRISTMAS BALLS,28,39,147,224.25,68.11967677097174,12.053387557864525,2997
85135C,RED DRAGONFLY HELICOPTER,43,49,77,612.15,73.74446604462786,12.052921466035999,2998
37492D,PURPLE GREEN FLOWER PIGGY BANK,18,24,359,664.3499999999999,41.58361193350468,12.049418835484797,2999
84875D,BLUE SQUARE COMPACT MIRROR,13,33,351,456.25,38.64649892454606,12.029049029829515,3000
47367B,PAIR PADDED HANGERS PINK CHECK,32,34,144,501.6,64.20006185127173,12.028589365376469,3001
37467,PIG MUG IN TWO COLOUR DESIGNS,27,27,211,130.59,66.85641244286425,12.02099529502242,3002
85019C,CURIOUS  IMAGES NOTEBOOK SET,17,22,400,617.0,46.62685558314014,12.019827401131884,3003
35915C,PEACH KNITTED HEN,20,20,374,507.66,49.95260270553086,12.015970901417257,3004
90200C,BLUE SWEETHEART BRACELET,31,38,131,556.75,68.74877377125847,12.012099471515743,3005
17181,CIRCLE OF FRIENDS CANDLE HOLDER,25,27,223,283.05,60.6436721137761,12.001947100051726,3006
84684,BEACH HUT PHOTO FRAME,16,19,478,501.5,50.92491021609022,12.000646215021122,3007
84952C,MIRROR LOVE BIRD T-LIGHT HOLDER,17,23,375,631.65,46.44219957973996,11.998014731634004,3008
72799A,BLACK PILLAR CANDLE SILVER FLOCK,14,17,600,842.4,38.581686514359816,11.997016893533582,3009
72487,ROSES WHITE ROUND CANDLE,13,13,826,351.62,47.25655504783288,11.995919354254209,3010
79336,LIGHT PINK FLOCK GLASS CANDLEHOLDER,12,15,777,321.93,40.74675095861367,11.99426460387971,3011
85170B,SET/6 BLACK BIRD T-LIGHT CANDLES,19,32,244,327.48,54.783735991109666,11.993498045565198,3012
22257,FELT FARM ANIMAL SHEEP,21,23,305,221.89,55.640039762705456,11.992681385658642,3013
85028L,FRENCH CHATEAU LARGE FRUIT BOWL,22,25,269,621.75,50.84798596821557,11.992012712949006,3014
21367,MIRRORED WALL ART GENTS,27,33,168,179.45,57.529111360791,11.988463749714438,3015
20804,GLASS CHICKEN BUTTER DISH,21,24,291,451.35,58.81180184383926,11.986672080494799,3016
23040,PAPER LANTERN 9 POINT SNOW STAR,26,27,211,1117.25,59.17557143254139,11.984627650851547,3017
85030,FRENCH CHATEAU OVAL PLATTER,25,28,211,531.45,56.27469840633705,11.98197864267997,3018
47420,ASSORTED COLOUR SUCTION CUP HOOK,18,24,335,63.65,54.10621476039378,11.980425963997845,3019
37330,SPOTS MUG,17,19,438,758.3399999999999,62.704667676183746,11.970603444525327,3020
84708B,PINK JEWELLED PHOTO FRAME,32,41,113,553.75,68.26907741676094,11.970375628144344,3021
84664,CHERRY BLOSSOM BATHROOM CABINET,16,49,184,910.8000000000001,45.964061805314934,11.965592174562687,3022
47503H,ASS FLORAL PRINT SPIRIT LEVEL,36,39,105,158.35,66.86010284085911,11.963236460870228,3023
21627,ELEPHANT CARNIVAL POUFFE,26,47,120,1688.3999999999999,59.419162522428465,11.962828422508961,3024
84909A,PINK PAISLEY QUILT,24,29,208,2784.8,59.19212177635034,11.962407458495168,3025
21185,HOME SWEET HOME  BLACKBOARD,34,36,120,741.36,69.45799130908824,11.962056519730378,3026
23409,PHOTO FRAME LINEN AND LACE LARGE,29,31,162,599.22,71.78794607867175,11.960683485268644,3027
22655,VINTAGE RED KITCHEN CABINET,43,49,70,12245.0,72.63765698875557,11.958892516387722,3028
21095,SET/6 POSIES PAPER PLATES,23,26,240,204.0,68.26828019736985,11.95868762984293,3029
85135A,YELLOW DRAGONFLY HELICOPTER,39,49,77,612.15,68.33429226109308,11.957611286231675,3030
22954,HEN PARTY CORDON BARRIER TAPE,25,33,175,218.75,63.43902592901796,11.954941057675796,3031
84228,HEN HOUSE W CHICK STANDING,19,23,322,129.24,54.32322540349206,11.951438427124593,3032
23414,ZINC BOX SIGN HOME,39,42,89,868.03,69.3031798789436,11.949889240137765,3033
21368,MIRRORED WALL ART LADIES,26,32,172,157.8,58.01599186038467,11.945636021968589,3034
90062,CARNIVAL BRACELET,33,38,115,1456.0,68.30893198368916,11.943512361852171,3035
17108D,FLOWER FAIRY SUMMER BOUQUET SACHET,17,23,355,149.1,63.80829825639823,11.943356319096141,3036
21779,MA CAMPAGNE MINI WOODEN CHEST,21,22,301,1097.8000000000002,68.339887649857,11.936963686662335,3037
72140E,BEST DAD CANDLE LETTERS,25,26,216,153.35999999999999,55.69317230690598,11.93383075756627,3038
22769,CHALKBOARD KITCHEN ORGANISER,28,31,162,3136.8999999999996,52.82515307034813,11.926781933592963,3039
84932A,SMALL GREEN PEONY FOLDING STOOL,22,24,262,602.6,62.60085351937498,11.926524072975116,3040
21117,BLOND DOLL DOORSTOP,20,22,309,478.33000000000004,63.30734422167105,11.916588951131764,3041
23568,EGG CUP HENRIETTA HEN CREAM,17,20,392,459.76,58.25567176667918,11.908703807488848,3042
85121C,RETRO LAUNDRY TUB PISTACHIO,39,42,85,722.5,70.94816079577076,11.904426866061005,3043
23218,LAUREL STAR ANTIQUE GOLD,19,25,283,354.56,56.912326728042146,11.90280304973668,3044
23136,IVORY WIRE SWEETHEART LETTER TRAY,34,38,107,392.05,69.22870446212207,11.90104093474328,3045
37508,NEW ENGLAND CERAMIC CAKE SERVER,35,44,90,229.5,66.71915632754434,11.901040934743278,3046
84800M,MEDIUM WHITE/PINK ROSE ART FLOWER,24,25,225,325.05,65.84626841488475,11.897507362161969,3047
37475,SET/4 COLOURFUL MIXING BOWLS,37,43,86,811.9,65.65299778372597,11.88768391229923,3048
23565,EGG CUP MILKMAID HELGA,23,23,250,312.5,66.48323203218763,11.881560599827676,3049
23074,EMBOSSED HEART TRINKET BOX,26,27,190,379.54,66.63090220677616,11.880314804226163,3050
23491,VINTAGE JINGLE BELLS HEART,33,37,110,907.5,67.26236300819423,11.873476885654881,3051
21702,SET 5 MINI GATEAUX  FRIDGE MAGNETS,5,8,2636,918.6800000000001,24.264790218699844,11.866381232917561,3052
72811,SMALL ZINC/GLASS CANDLEHOLDER,16,18,437,322.81,55.14676316603247,11.859871233599103,3053
21552,CERAMIC BIRDHOUSE BLACK ROSE  LARGE,25,32,163,811.6,55.045231000445206,11.854470527312161,3054
20864,DENIM PATCH PENCIL CASE BUTTERFLY,20,26,247,483.33,47.699607936748926,11.853788049892735,3055
20616,CHERRY BLOSSOM PASSPORT COVER,24,36,151,193.58,55.69683820614541,11.853674258358701,3056
84797B,BLUE SAVANNAH PICNIC HAMPER FOR 4,20,22,286,1535.7,59.35016576756981,11.839498869412193,3057
10080,GROOVY CACTUS INFLATABLE,20,23,274,113.3,58.72076377212804,11.83934736573794,3058
85127,SMALL SQUARE CUT GLASS CANDLESTICK,29,35,127,628.65,66.90132017663946,11.836746584037883,3059
23598,PAPER BUNTING VINTAGE PARTY,21,22,271,735.45,56.21497124924319,11.832338735583463,3060
23058,CHRISTMAS HANGING SNOWFLAKE,20,24,258,236.73000000000002,63.9402746457408,11.820226324291161,3061
85131C,BEADED CRYSTAL HEART BLUE ON STICK,18,24,285,178.59,53.51478323489214,11.819306614854494,3062
20621,ECONOMY PASSPORT COVER,23,28,194,407.4,49.992921004234105,11.818349218898167,3063
20952,PORCELAIN CHERUB BELL SMALL,19,20,322,135.24,43.39890554643064,11.81790703450007,3064
17129D,CLEAR COLOUR GLASS GEMS IN BAG,12,19,518,344.54,40.7728183819574,11.812585514181416,3065
23339,EGG FRYING PAN BLUE,29,39,111,230.88,62.29818909052868,11.808575707071185,3066
85164B,BLACK BAROQUE CUCKOO CLOCK,27,41,113,1134.75,57.161628248647474,11.806072576853069,3067
20794,BLUE  TILE HOOK,25,27,183,463.04999999999995,66.68731071676392,11.805236805805672,3068
35096B,RED VICTORIAN FABRIC HEART BOX,20,21,288,102.63,55.32293399759675,11.801991579194171,3069
90209C,PINK ENAMEL+GLASS HAIR COMB,15,24,330,609.0,41.5858162483418,11.793582922485044,3070
90214A,"LETTER ""A"" BLING KEY RING",25,43,114,130.98000000000002,51.73090993588106,11.787218300302992,3071
17084J,LOVE POTION MASALA INCENSE,17,17,404,84.84,63.52590381188037,11.784630582898867,3072
21493,VINTAGE DESIGN GIFT TAGS,22,22,247,209.95,62.38283591623658,11.784417178023283,3073
23272,TREE T-LIGHT HOLDER WILLIE WINKIE,22,23,236,410.72,66.55222490367458,11.781608187412226,3074
84709B,PINK OVAL JEWELLED MIRROR,30,38,107,605.45,62.844858077221865,11.779680077739012,3075
84800S,SMALL WHITE/PINK ROSE ART FLOWER,18,18,358,261.38,54.61383609176588,11.772200346821158,3076
72801F,S/4 FESTIVE RED DINNER CANDLES,20,25,234,292.5,62.06034838960086,11.762204489889065,3077
37422,WHITE WITH BLACK CATS BOWL,13,26,338,136.57999999999998,40.543231108720605,11.760894303000038,3078
90200B,BLACK SWEETHEART BRACELET,24,39,127,539.75,57.46826685482067,11.759785542901753,3079
21372,MIRRORED WALL ART TABLE LAMP,26,33,137,190.23,59.9187015956027,11.749451075777696,3080
85024C,PINK SMALL JEWELLED PHOTOFRAME,31,39,97,160.04999999999998,62.649885402874354,11.739582835584235,3081
84802B,PURPLE ANEMONE ARTIFICIAL FLOWER,16,16,429,420.21000000000004,51.56803559488475,11.73021189680004,3082
84869,CANDY BUTTON PHOTO ALBUM,18,21,295,631.25,48.17348833064094,11.725840886848816,3083
84875B,GREEN SQUARE COMPACT MIRROR,12,30,306,410.0,31.096232080972555,11.72578430953388,3084
23046,PAPER LANTERN 9 POINT DELUXE STAR,18,20,309,1838.85,42.13447096879266,11.725533714369055,3085
21629,SQUARE FLOOR CUSHION VINTAGE RED,25,46,98,769.1,57.29408464723818,11.70336398986613,3086
46115B,GREEN POP ART MAO CUSHION COVER,18,21,287,54.53,56.34953270754906,11.698441912660702,3087
84927A,WAKE UP COCKEREL TILE HOOK,21,24,217,122.07,50.990177622146845,11.694413341015606,3088
23139,SINGLE WIRE HOOK PINK HEART,16,18,369,482.65,47.298172838249414,11.691155328860926,3089
21758,VINTAGE SHELLS PRINT,29,40,96,615.2,62.21656127127274,11.689480426869846,3090
84924D,LA PALMIERA METAL SIGN CALENDAR,11,12,760,246.0,28.83203827969547,11.684489365111222,3091
47503G,ASS FLORAL PRINT TAPE MEASURE,20,23,234,287.94,56.35993996014495,11.682161782215527,3092
75149N,STRING CRYSTALS NATURAL,17,24,260,325.0,55.349299858929584,11.673767990087057,3093
84952B,BLACK LOVE BIRD T-LIGHT HOLDER,14,20,371,560.36,36.19398177426031,11.67146649309878,3094
62094B,TURQ ICE CREAM BUM BAG,19,25,224,378.7,51.627329157888155,11.669929213779893,3095
35609A,PINK FEATHER CHRISTMAS DECORATION,16,17,379,73.07000000000001,58.61048143091721,11.663756354672813,3096
23060,HEART BEADED TRELLIS DECORATION,23,28,166,345.28000000000003,61.63485205664152,11.663343472751176,3097
37492C,GREEN BLUE FLOWER PIGGY BANK,19,23,241,472.65,45.72371311028556,11.662723830058624,3098
84934,ASSTD DESIGN POP ART SLIM PEN,12,12,684,581.4,53.22859876765531,11.6593175531853,3099
23539,WALL ART LOVES' SECRET,22,24,200,909.5600000000001,49.06396458192972,11.657674948856426,3100
82011C,BATHROOM SCALES FOOTPRINTS IN SAND,32,37,91,309.25,59.48198394399043,11.655882298241906,3101
84631,FRUIT TREE AND BIRDS WALL PLAQUE,18,23,252,707.4,44.52108983823744,11.655882298241906,3102
23150,IVORY SWEETHEART SOAP DISH,27,34,115,286.35,61.0255062673464,11.641142762770983,3103
35912B,WHITE/PINK CHICK DECORATION,18,22,259,296.39,48.78819408489432,11.640614826111118,3104
21299,EDWARDIAN TOILET ROLL UNIT,24,28,155,814.6500000000001,57.658669121621905,11.636027662104212,3105
47586A,PINK FAIRY CAKE CUSHION COVER,21,26,189,257.55,53.99825401640584,11.63390339152313,3106
35933,PINK STOCKING CHRISTMAS DECORATION,17,20,297,112.86,58.18700977061089,11.631987682124993,3107
22124,SET OF 2 TEA TOWELS PING MICROWAVE,23,32,141,380.28000000000003,55.30703924100728,11.630388449415687,3108
84766,SILVER ROCOCO CANDLE STICK,22,25,187,608.65,54.39337965239746,11.63003271678058,3109
21633,SUNFLOWER DECORATIVE PARASOL,29,31,116,898.2,55.487239121340025,11.629107219259637,3110
23521,WALL ART CAT AND BIRD,16,17,364,580.9000000000001,44.99559276105464,11.623482455534873,3111
20889,JARDIN DE FEMME SCENTED CANDLE,12,12,656,392.0,41.21337924850475,11.617582733407684,3112
21265,PINK GOOSE FEATHER TREE 60CM,19,20,263,536.85,56.19985977996936,11.61620381442373,3113
82587,TEXRIO TOMATOES CANDLE+CUP,26,32,123,149.19,59.123275565922334,11.612625993075845,3114
23423,PANTRY 3 HOOK ROLLING PIN HANGER,27,30,126,472.5,60.52556852333293,11.61037880111894,3115
62095B,TURQOISE ICE CREAM SUNHAT,18,19,289,304.09,51.85144452092298,11.61005217570095,3116
17109A,FLOWER FAIRY INCENSE LILY,11,12,703,323.46999999999997,38.15578722091047,11.60663436340758,3117
23140,TRIPLE WIRE HOOK IVORY HEART,25,30,135,554.79,57.569164334211365,11.604738628242682,3118
90200A,PURPLE SWEETHEART BRACELET,28,36,101,429.25,59.77526200194633,11.60318655591497,3119
84744,S/6 SEW ON CROCHET FLOWERS,24,26,161,201.25,56.68294144435956,11.602309026104914,3120
21444,BLUE CHALET BIRDFEEDER,18,20,273,763.75,42.38113697605529,11.602089523277932,3121
84919,BLUE CUSHION COVER WITH FLOWER,19,20,259,1400.05,41.155279378228855,11.600936342292941,3122
84760S,SMALL HANGING GLASS+ZINC LANTERN,22,22,204,295.79999999999995,62.333098764991064,11.593998410996708,3123
23538,WALL ART VINTAGE HEART,17,19,300,1145.22,40.0108545870855,11.593214296199031,3124
84666,SQUARE CHERRY BLOSSOM CABINET,13,33,226,892.7,44.644870051841785,11.590367871712822,3125
72134,COLUMBIAN  CUBE CANDLE,15,20,320,109.16000000000001,44.24607580191339,11.58855228309322,3126
47591A,CAROUSEL DES CHILD'S APRON,31,34,95,156.75,58.97202374650087,11.585432155756976,3127
85163A,WHITE BAROQUE WALL CLOCK,33,39,78,759.9,57.452057621749546,11.584687831197119,3128
72755C,FLOWER FAIRY OIL BURNER SET ROSE,12,13,588,750.0,44.46328693957981,11.582432870728383,3129
35819B,"ACRYLIC HANGING JEWEL,BLUE",17,20,281,144.19,52.767899598810395,11.576801266557702,3130
21032,SPACE CADET WHITE,24,28,146,184.23,56.13325565731806,11.576604241633412,3131
84559D,3D SHEET OF SEA WORLD STICKERS,23,29,147,124.95,57.56868157382668,11.576463485774216,3132
51012C,"FEATHER DUSTER, COAL BLACK",22,26,170,212.5,56.43269082136387,11.572994638436139,3133
23557,LANDMARK FRAME BAKER STREET,16,18,327,3617.85,32.40005223299595,11.5706659316068,3134
72225D,VANILLA SCENT CAKE CANDLE,9,10,960,218.88,42.0095504351411,11.56845477476271,3135
35914,PINK CHICK EGG WARMER + EGG CUP,23,26,162,235.20000000000002,58.108204231350385,11.567640897159038,3136
84499,BLACK FLOWER CANDLE PLATE,16,20,294,219.66,49.02547416395404,11.56471113811946,3137
84452,METAL RABBIT LADDER EASTER,22,25,175,148.75,60.019047255925216,11.564074748988784,3138
72038P,PRICE'S CANDLE PEACH,9,9,1050,116.5,47.11067242089744,11.562667556865044,3139
85126,LARGE ROUND CUTGLASS CANDLESTICK,21,31,148,960.6,50.818406640311814,11.560724662103503,3140
84086C,PINK/PURPLE RETRO RADIO,22,29,150,442.50000000000006,56.3794345119128,11.553971434406229,3141
84247N,PACK/12 BLUE FOLKART CARDS,31,34,92,271.40000000000003,56.48821294044422,11.553683457442396,3142
20736,PINK MINI TAPE MEASURE,18,18,287,230.95,51.020673187691806,11.551838438468828,3143
20696,FLORAL SOFT CAR TOY,26,32,115,431.25,61.166707074033006,11.545934618577174,3144
84461,12 PINK HEN+CHICKS IN BASKET,32,33,89,226.95,58.618706677977855,11.522677756412907,3145
21443,OLIVE CHALET BIRDFEEDER,18,20,252,685.0,39.27950373581523,11.522350905617383,3146
35921,EASTER BUNNY HANGING GARLAND,23,26,154,192.5,58.71904667255243,11.517315813271521,3147
21847,GREEN  DIAMANTE PEN IN GIFT BOX,18,20,249,433.35,43.15443029867118,11.510422334752109,3148
35599D,PINK AND WHITE CHRISTMAS TREE 120CM,15,29,206,597.38,48.5593982693365,11.506504897167305,3149
85097B,BLUE ROCKING SINGING CANARY,25,36,102,382.5,55.70818339594136,11.503743438895341,3150
23415,HOME SWEET HOME HOOK,22,24,171,250.65,54.141756345589805,11.501864517610803,3151
17090A,LAVENDER INCENSE 40 CONES IN TIN,21,22,194,194.5,51.70798029094916,11.499536227851213,3152
81950B,FLOWER BLUE CLOCK W/SUCKER,21,22,193,100.77,54.83188506217574,11.494394828350794,3153
17011F,ORIGAMI SANDLEWOOD INCENSE+FLOWER,15,15,380,315.15,46.44668358593014,11.487976819606263,3154
72755D,FLOWER FAIRY OIL BURNER SET SUMMER,12,13,533,693.25,43.68050641217903,11.484402526036991,3155
20783,HEART EAR MUFF HEADPHONES,20,34,131,663.75,47.03612092824409,11.482672421799208,3156
23413,VINTAGE COFFEE GRINDER BOX,23,32,121,579.75,56.485938407781106,11.478582436547683,3157
85044,RED REINDEER STRING OF 20 LIGHTS,26,26,131,605.75,57.30988173628128,11.474475654595029,3158
47504F,ENGLISH ROSE TORCH,12,13,527,194.75,30.419060345183574,11.473102970783057,3159
21632,VINTAGE PINK DECORATIVE PARASOL,29,31,99,734.25,55.51331842295231,11.472103470449973,3160
85131B,BEADED CRYSTAL HEART GREEN ON STICK,12,22,320,201.88,38.69649564027358,11.471884696520702,3161
37494A,FAIRY CAKE CERAMIC BUTTER DISH,18,25,193,526.1500000000001,49.25569886847723,11.47039367625125,3162
84802A,WHITE ANEMONE ARTIFICIAL FLOWER,21,21,195,329.55,56.59291065782487,11.46019956594715,3163
90214S,"LETTER ""S"" BLING KEY RING",25,34,103,116.27000000000001,47.86440744575472,11.457835498652269,3164
35966,FOLKART CHRISTMAS TREE T-LIGHT HOLD,19,19,232,88.16,58.298177623239766,11.442503000673682,3165
21087,SET/6 POSIES PAPER CUPS,19,20,220,123.22,56.436892884430904,11.438417412795166,3166
71406C,BLACK ORANGE SQUEEZER,17,27,182,76.44,47.6356153087465,11.43206242091279,3167
72750A,FLOWER FAIRY SET OF 3 LILY CANDLES,13,16,383,766.85,42.62047582578714,11.422913226259201,3168
23072,MARIE ANTOINETTE TRINKET BOX SILVER,17,18,266,637.0,36.3488661956313,11.422059395462854,3169
21628,TRIANGULAR POUFFE VINTAGE,22,37,103,1449.6499999999999,50.607262691859276,11.417471274796908,3170
21366,MIRRORED WALL ART PHOTO FRAMES,23,24,150,589.5,44.62237171588343,11.41420949203107,3171
79192A,RETRO PLASTIC 70'S TRAY,26,30,106,132.5,52.599783187397755,11.402652904951381,3172
84804B,BLUE DELPHINIUM ARTIFICIAL FLOWER,15,16,328,448.24000000000007,47.102177242218474,11.401859817061368,3173
22764,"RUSTIC WOODEN CABINET, GLASS DOORS",21,22,175,3224.87,40.62623556186772,11.397020664325616,3174
23142,IVORY WIRE KITCHEN ORGANISER,27,29,105,1023.2500000000001,50.695355783180084,11.396840985949426,3175
21418,STARFISH SOAP DISH,20,30,135,344.25,53.33725060890058,11.391164527944621,3176
21131,GOLD STANDING GNOME,14,24,235,833.75,39.608244517192446,11.390757830996021,3177
90214K,"LETTER ""K"" BLING KEY RING",20,42,97,109.73,45.1841124687207,11.390690032087559,3178
23691,WRAP KEEP CALM BIRTHDAY,11,13,525,208.5,47.78450777126852,11.389265192140968,3179
21092,SET/6 STRAWBERRY PAPER PLATES,14,17,326,256.94,48.53272413295541,11.388382129895628,3180
22503,CABIN BAG VINTAGE PAISLEY,26,32,98,2267.5,51.78518324229247,11.3874642776054,3181
84563B,BLUE & WHITE BREAKFAST TRAY,25,34,95,367.25,56.274286968355526,11.37779279097873,3182
22395,PAPERWEIGHT VINTAGE PAISLEY,24,26,128,254.4,57.40888933358704,11.374525095234201,3183
23451,SQUARE MINI PORTRAIT FRAME,20,25,157,302.55,56.07600408249288,11.365214008771872,3184
35818P,"ACRYLIC JEWEL ICICLE, PINK",13,14,404,153.52,44.36549690368073,11.350994597824007,3185
85092,CANDY SPOT TEA COSY,14,14,374,534.7,40.436940951629104,11.34302642817483,3186
84809A,WHITE CHRYSANTHEMUMS ART FLOWER,17,17,259,439.14,53.39860866954847,11.341425146807858,3187
23022,SMALL BONNE JAM JAR  T-LIGHT HOLDER,14,15,349,656.32,48.338509936351024,11.33857207782545,3188
84563A,PINK & WHITE BREAKFAST TRAY,26,32,93,400.35,54.53701568441154,11.335639209740812,3189
84913A,SOFT PINK ROSE TOWEL,24,30,107,497.55,56.01887065842327,11.334994256477566,3190
85024B,EAU DE NILE JEWELLED PHOTOFRAME,18,19,217,329.25,41.93904259152994,11.32466631550952,3191
23104,IVORY CAFE HANGING LAMP,29,33,80,955.9,55.63943469488659,11.322007060950757,3192
72803B,OCEAN SCENT CANDLE JEWELLED DRAWER,27,32,88,374.0,52.87789580883339,11.317348441373824,3193
85162B,BLACK RETRODISC LAMPSHADE,5,13,977,1905.1499999999999,28.192940933262836,11.316326468878131,3194
35833G,4 GOLD FLOCK CHRISTMAS BALLS,22,28,122,193.0,52.9199540180919,11.31497440128804,3195
84249A,"GREETING CARD,SQUARE, DOUGHNUTS",17,19,226,96.56,56.323915731737216,11.31105404893156,3196
35599B,BLACK CHRISTMAS TREE 120CM,17,26,167,655.59,46.69638720212519,11.310172603303752,3197
23027,DRAWER KNOB VINTAGE GLASS HEXAGON,19,19,203,422.24,54.99386420162753,11.309584540952198,3198
47013A,WINE BOTTLE DRESSING LT.BLUE,21,25,141,39.86999999999999,48.79680314519823,11.304966048981058,3199
84782A,PINK 3 TIER GLASS PLATE STAND,24,26,119,840.45,53.443723172369246,11.302204433654577,3200
84932D,SMALL ORIENTAL RED FOLDING STOOL,16,19,237,540.75,48.009771362999906,11.301216291281683,3201
84876B,GREEN HEART COMPACT MIRROR,17,21,203,268.75,47.4131105657789,11.299534205098697,3202
84600,NEW BAROQUE JEWELLERY BOX,27,34,81,613.95,53.12968107207512,11.29427181892887,3203
46776A,WOVEN BUBBLE GUM CUSHION COVER,19,20,190,363.3,38.90100793828526,11.292528139324045,3204
84796A,PINK HAWAIIAN PICNIC HAMPER FOR 2,22,24,138,809.1,45.51571413582846,11.288843973928042,3205
35271S,GOLD PRINT PAPER BAG,13,14,378,77.34,48.57108823006476,11.284643735799895,3206
84508C,BLUE CIRCLES DESIGN TEDDY,22,35,95,242.25,51.388258793307855,11.283361345853095,3207
47343A,FUSCHIA FLOWER PURSE WITH BEADS,18,20,197,202.45,50.46916272452576,11.277228447584399,3208
21129,SILVER FISHING GNOME,21,38,91,620.0,45.1828035660166,11.276392676537004,3209
84924F,PSYCHEDELIC METAL SIGN CALENDAR,8,8,973,259.15,24.253019645386978,11.275860458314973,3210
84823,DANISH ROSE FOLDING CHAIR,26,26,107,1106.65,55.86353527711425,11.273804959132878,3211
90082D,DIAMANTE BOW BROOCH BLACK COLOUR,26,32,87,552.45,54.95959938219759,11.269681241949016,3212
22869,NUMBER TILE COTTAGE GARDEN 1,22,25,130,253.5,46.50010505564954,11.268788077151783,3213
84984B,RED PEONY DES C/COVER,13,16,322,541.3,32.35077428962881,11.249922996894131,3214
22825,DECORATIVE PLANT POT WITH FRIEZE,28,30,84,655.8000000000001,56.30838446399186,11.243934290961937,3215
37474,SET/4 2 TONE EGG SHAPE MIXING BOWLS,32,38,58,559.5799999999999,53.94549972442957,11.237606651501846,3216
84806A,PINK CANDYSTUFT ARTIFICIAL FLOWER,16,17,247,233.82999999999998,48.26961281055354,11.237013848117364,3217
47562,ENGLISH ROSE IRONING BOARD COVER,16,41,104,390.0,38.0121878677565,11.224843312497107,3218
21228,"POCKET MIRROR ""GLAMOROUS""",25,29,95,118.75,51.4273070970081,11.223642111151474,3219
72753B,S/3 FLWR FAIRY LAVENDER CANDLES,11,13,444,949.9499999999999,34.236814026995425,11.222038261569498,3220
84657,GREEN ROSE CUSHION COVER,14,19,246,502.20000000000005,41.37632956417994,11.21317081128418,3221
23533,WALL ART GARDEN HAVEN,17,21,186,837.54,40.02200799407005,11.212522828109067,3222
21736,GOLD SCROLL GLASS T-LIGHT HOLDER,20,20,166,317.82,53.144696538542426,11.207038687863601,3223
21031,SPACE CADET BLACK,22,24,127,156.16,50.30097094398441,11.206400304716968,3224
79144C,PAINTED LIGHTBULB RAINBOW DESIGN,18,22,167,66.53999999999999,48.57573360971567,11.203897174498849,3225
85090,CANDY SPOT APRON,25,34,79,367.34999999999997,54.63109531522555,11.195471234184776,3226
79403,FROSTED WHITE BASE,19,20,172,146.2,53.317897407925045,11.193546305775193,3227
21277,FRENCH STYLE EMBOSSED HEART CABINET,36,39,48,1034.6499999999999,54.860661942923926,11.191617664868787,3228
85145,JARDIN ETCHED GLASS LARGE BELL JAR,26,29,88,797.2,52.08836950128021,11.185670617398625,3229
23180,MUM'S KITCHEN CLOCK,25,32,83,410.85,52.42292919996859,11.185420898331277,3230
17084A,TRANQUILITY MASALA INCENSE,12,15,342,71.82,48.605967125924714,11.175268526867256,3231
17178,FLAT PALM T-LIGHT HOLDER,20,24,133,156.65,49.00359755851092,11.161238062542534,3232
21002,ROSE DU SUD DRAWSTRING BAG,24,25,107,454.75,49.9001739239319,11.159103590013903,3233
23532,WALL ART WORK REST AND PLAY,18,19,183,783.57,38.88293742359988,11.155107010329417,3234
82011B,BATHROOM SCALES RUBBER DUCKS,22,36,81,276.55,47.36543312630167,11.153131375837628,3235
37333,"RETRO ""TEA FOR ONE""",26,33,75,356.25,50.391508773874946,11.15293073090682,3236
20781,GOLD EAR MUFF HEADPHONES,27,33,72,342.18,52.48645450209075,11.149024475939756,3237
85136B,BLUE SHARK HELICOPTER,37,37,47,373.65000000000003,54.45519683481576,11.146373330360662,3238
23460,SWEETHEART WALL TIDY,27,28,84,768.28,50.7629784219573,11.142151596651996,3239
23125,6PC WOOD PLATE SET DISPOSABLE,12,13,378,409.5,35.145706293007294,11.141542892159222,3240
84712B,PINK JEWELLED PHOTO FRAME,28,35,65,513.57,53.03853427313939,11.140469510469009,3241
84725,FREESTYLE CANVAS ART PICTURE,22,26,109,176.14999999999998,42.170194422114676,11.131811447725894,3242
85146,JARDIN ETCHED GLASS SMALL BELL JAR,22,26,109,528.5500000000001,52.15098176580263,11.131811447725894,3243
22830,UTILTY CABINET WITH HOOKS,13,15,302,6090.740000000001,25.303169342750856,11.125378857364408,3244
84360,TABLE LAMP WHITE SHADE WOOD BASE,14,32,136,718.2,40.6278358432342,11.124538688396814,3245
16161E,WRAP BOUDOIR,8,9,750,75.0,36.9951117039315,11.1212153220944,3246
90214C,"LETTER ""C"" BLING KEY RING",19,32,101,114.73,40.37146628357053,11.117212648304742,3247
23425,STORAGE TIN HOME SWEET HOME,22,22,126,288.24,55.5184314756593,11.11517551831689,3248
77081,FLOWER WINDMILL,16,17,218,254.26,45.44758586502542,11.11265683176888,3249
16239,BALLERINA HEART DECORATION.,13,13,338,468.40000000000003,29.915284001091756,11.104114766610966,3250
23454,THREE MINI HANGING FRAMES,22,26,105,426.15000000000003,50.9114716958947,11.094770176045547,3251
21630,FLOOR CUSHION ELEPHANT CARNIVAL,17,40,88,765.6,42.64759193342554,11.092580194332612,3252
84801A,PINK HYDRANGEA ART FLOWER,14,15,272,427.44,44.67945946201254,11.090110718526951,3253
84865,NEW BAROQUE BLACK PHOTO ALBUM,25,36,67,475.15,48.33838454051249,11.088522155841813,3254
23522,WALL ART DOG AND BALL,13,14,310,583.9,35.89780221027505,11.086900442896702,3255
21312,LARGE CHUNKY GLASS ROMAN BOWL,17,18,189,478.95,46.57732051574968,11.081834809223091,3256
20826,SILVER APERITIF GLASS,11,14,355,290.71999999999997,40.164827458868075,11.06788758174224,3257
22824,3 TIER SWEETHEART GARDEN SHELF,35,36,47,1662.65,53.07335682404525,11.065637862008225,3258
21375,LARGE CAMPHOR WOOD FIELD MUSHROOM,25,26,90,364.5,50.01397037230131,11.06479291054266,3259
90214E,"LETTER ""E"" BLING KEY RING",23,31,82,90.98,44.917465336370164,11.06263034094427,3260
81952B,ROUND BLUE CLOCK W/SUCKER,14,16,248,74.6,43.57359189761911,11.058716441623133,3261
20694,FLORAL PINK MONSTER,22,24,109,397.23,51.57644799948795,11.054850406589768,3262
79342B,BROWN FLOWER LIGHTS,22,24,109,688.95,47.17631539657755,11.054850406589768,3263
10138,ASSORTED COLOUR JUMBO PEN,14,16,247,103.74000000000001,45.64381239719377,11.05469229132341,3264
15030,FAN BLACK FRAME,17,20,166,48.14,50.98339094948265,11.052888008036344,3265
21752,GLASS CAKE STAND MIRRORED BASE,28,30,69,987.55,50.190709065366086,11.049778276520978,3266
84615,PINK ROUND BUTTERFLY MIRROR,13,18,235,667.83,39.7631011179643,11.04732811380731,3267
21303,FILIGREE WALL MIRROR  ANTIQUE WHITE,24,26,92,848.8,50.132226175944865,11.047312184025786,3268
84661B,BLACK SQUARE TABLE CLOCK,18,22,142,212.06,47.15186161985313,11.042777825355497,3269
79191D,RETRO PLASTIC DAISY TRAY,23,26,95,80.75,49.00954786690791,11.03823888782011,3270
23070,EDWARDIAN HEART PHOTO FRAME,21,24,112,464.8,51.99780183557115,11.037306096938858,3271
84661A,WHITE SQUARE TABLE CLOCK,18,21,147,169.57,47.020525617792046,11.032693706288871,3272
72606A,BROWN ANTIQUE CUBE CANDLE,16,16,213,89.46000000000001,45.028820751447505,11.032402703134284,3273
20997,ROSE DU SUD CUSHION COVER,25,28,81,400.95,52.37551112270375,11.03211161527221,3274
85033G,SET/6 GOLD REINDEER T-LIGHT CANDLES,16,17,201,225.54999999999998,45.27696150644051,11.031852799353587,3275
84219,BOX/12 MOTHER & CHICK IN BASKET/BOW,23,25,98,225.9,46.44296569686919,11.031270218504018,3276
84932B,SMALL PINK PEONY FOLDING STOOL,17,17,189,401.3,47.514459451802146,11.027767587952816,3277
85091,CANDY SPOT BREAD BASKETS,13,13,313,466.95,38.61960902473998,11.027507645138769,3278
84707A,SILVER JEWELLED MIRROR TRINKET TRAY,30,32,59,611.0899999999999,52.10607860441188,11.024839328173726,3279
84907,PINK/YELLOW PATCH CUSHION COVER,11,13,364,812.4000000000001,26.60159572792251,11.02386133298575,3280
21001,ROSE DU SUD WASHBAG,28,30,67,398.65000000000003,51.46878984184575,11.020790739647726,3281
84522,PINK PARTY SUNGLASSES,17,18,177,296.55,39.11784052414692,11.016594287354689,3282
79030A,"TUMBLER, ENGLISH ROSE",18,20,151,249.15,51.429360898639615,11.01284193773614,3283
35594,WOODEN CHRISTMAS TREE 3 HANGING,18,21,144,60.480000000000004,48.47201617846848,11.01221517494533,3284
20906,VINTAGE NOTEBOOK BEAUTY GIRL,25,28,79,233.05,51.30821608563432,11.007419002681837,3285
85163B,BLACK BAROQUE WALL CLOCK,24,35,66,614.0999999999999,43.60794403405619,11.007087382715277,3286
37482B,CUBIC MUG BLUE POLKA DOT,5,7,1249,1093.95,17.80534283727001,11.002099841204238,3287
90214L,"LETTER ""L"" BLING KEY RING",19,28,102,104.46000000000001,41.10728902730005,10.9977570917701,3288
23064,CINDERELLA CHANDELIER,15,17,206,3000.3,29.840396932354757,10.995679273401315,3289
84609,TALL ROCOCO CANDLE HOLDER,20,23,117,949.5,48.43762760097512,10.993260892537034,3290
21554,CERAMIC BIRDHOUSE RED ROOF LARGE,17,19,164,735.8,36.109406886367864,10.992049505350735,3291
20672,PINK TEATIME PRINT BOWL,21,22,116,145.0,50.335250275859806,10.988710604085222,3292
79406,FROSTED WHITE BASE,14,15,245,53.900000000000006,45.68571870464612,10.985970459274354,3293
90147,CHUNKY SILVER NECKLACE PASTEL FLOWE,22,35,70,696.5,46.35106433458537,10.981693031426575,3294
72133,COLUMBIAN CANDLE RECTANGLE,22,25,97,100.37,48.14079551158775,10.978558232621204,3295
21344,MOROCCAN BEATEN METAL DISH,17,20,154,608.3000000000001,40.50583517163361,10.978319312538835,3296
84902,PINK KNITTED COW STUFFED TOY,28,33,58,215.34,49.96916679541885,10.971193798508356,3297
35607B,BLACK FEATHER CHRISTMAS DECORATION,13,14,276,52.44,40.24821439377855,10.971125036904807,3298
84497,BUTTONS AND STRIPES NOTEBOOK,24,27,82,307.5,50.48973427965404,10.969920942840002,3299
46776B,WOVEN BERRIES CUSHION COVER,15,18,190,363.3,34.62879616961859,10.969301129452852,3300
90160C,TURQ+RED BOUDICCA LARGE BRACELET,23,30,77,535.15,48.251373163522864,10.968749861522685,3301
75178,ASSTD COL BUTTERFLY/CRYSTAL W/CHIME,8,13,459,215.19,23.18048387060412,10.967508396434619,3302
35240,ENAMEL BLUE RIM OVAL TRAY SET/2,33,36,45,382.05,51.41180291047213,10.965919833749481,3303
90161C,ANT COPPER LIME BOUDICCA BRACELET,24,27,81,400.95,49.2990110862067,10.957799582307658,3304
84905,PINK BUTTERFLY CUSHION COVER,18,19,150,387.3,45.839379547198284,10.957451089535354,3305
20793,BLUE TILED TRAY,13,14,272,396.0,29.27161878687342,10.956579325902428,3306
23520,EMBROIDERED RIBBON REEL RUBY,20,20,128,446.88,41.26014542260889,10.948857279808518,3307
20695,FLORAL BLUE MONSTER,24,26,83,336.25,47.500008502598995,10.945529489715843,3308
84915,HAND TOWEL PINK FLOWER AND DAISY,14,17,209,341.45,36.19197598582329,10.945529489715842,3309
22802,FAUX FUR CHOCOLATE THROW,28,32,58,1124.1,48.418671418618196,10.941340835358673,3310
21551,CERAMIC BIRDHOUSE BUTTERFLY LARGE,16,19,165,772.95,36.10230928489881,10.940933405966751,3311
72051S,BAG OF SILVER STONES,18,19,147,61.739999999999995,41.4505877984157,10.937383526484545,3312
21331,MOROCCAN BEATEN METAL DISH LARGE,22,23,100,742.74,41.84922637202943,10.928668563118354,3313
16044,POP-ART FLUORESCENT PENS,2,2,6192,388.8,14.00150868123065,10.928399478274281,3314
35838A,S/6 MULTICOLOUR ORNAMENETAL CANDLE,17,17,171,176.75,40.63235016286758,10.928237992605782,3315
20836,FRENCH PAISLEY CUSHION COVER,15,18,182,215.14000000000001,49.035883206558644,10.926513854247643,3316
47013C,WINE BOTTLE DRESSING DARK BLUE,18,21,132,32.33,45.91076484145491,10.92583056074651,3317
82585,SWEET VALENCIA CANDLE+CUP,18,21,132,155.88,42.37555618233138,10.92583056074651,3318
23444,Next Day Carriage,32,40,40,615.0,50.01308602935369,10.923651694875097,3319
20823,GOLD WINE GOBLET,13,16,232,516.0,40.09964600825642,10.923309127237175,3320
21729,SMALL MARAKESH METAL  LANTERN,19,23,114,354.5,43.58837589098518,10.918718232265187,3321
85087,CANDY SPOT CUSHION COVER,21,21,113,325.11,48.11612288104367,10.918283355111129,3322
21322,GLASS SPHERE CANDLE STAND LARGE,12,13,299,562.45,37.95487982339737,10.907789161732996,3323
84913B,MINT GREEN ROSE TOWEL,22,25,90,418.5,50.23667365400295,10.904450260467481,3324
79338,DARK PINK FLOCK GLASS CANDLEHOLDER,8,10,547,231.99,31.065419793498773,10.901395137082606,3325
21553,CERAMIC BIRDHOUSE FINCH BLUE  LARGE,24,27,76,399.55,44.13916034746991,10.89488575689709,3326
84526,GIANT BLACK SUNGLASSES,21,29,80,156.0,42.87884578921059,10.88668898969291,3327
84671B,CROCHET BEAR WITH BLUE STRIPES,20,24,100,255.0,46.83406297330404,10.878518779432884,3328
85080,PADDED RED HEART DECORATION,19,22,114,56.18,48.223450189709936,10.87615861784639,3329
21543,BUTTERFLY WATER TRANSFER TATTOOS,13,13,267,186.95,34.05890612722157,10.869101639741373,3330
47598,NEW ENGLAND EGG WARMER,17,23,120,66.0,43.45990049920179,10.864216133840852,3331
84625B,BLCK NEW BAROQUE CANDLESTICK CANDLE,15,17,180,279.0,44.82787628700174,10.86145751140177,3332
84874B,BLUE TRAVEL FIRST AID KIT,24,26,76,125.39999999999999,46.10636662293617,10.858518112726214,3333
84801B,WHITE HYDRANGEA ART FLOWER,14,16,202,319.8,43.463222521466825,10.854469524200212,3334
84595B,LARGE TRIFLE DESIGN L BLUE BOWL,13,15,229,405.15,32.31538983799296,10.849725360778235,3335
16168S,FUNKY MONKEY GIFT BAG SMALL,4,7,1274,121.86000000000001,21.965418312729714,10.839580911706463,3336
82607E,GLASS BONBON JAR. D'AMANDES,18,25,101,126.25,43.972680414997456,10.827508330472192,3337
84984A,GREEN PEONY DES C/COVER,11,15,261,431.65,29.420881259378806,10.825839875788878,3338
84859B,BLUE DISCO HANDBAG,12,13,275,409.63,29.79972532254653,10.824407552793945,3339
90198B,VINTAGE ROSE BEAD BRACELET BLACK,20,29,78,331.5,43.95837062518711,10.815167671852599,3340
17090D,VANILLA INCENSE 40 CONES IN TIN,19,26,91,108.95,42.090015245367425,10.81335771660736,3341
35838B,S/6 SILVER ORNAMENETAL CANDLE,21,22,97,82.45,46.12303942206307,10.811504147958038,3342
84917,WHITE HAND TOWEL WITH BUTTERFLY,15,16,181,465.95,43.04341516871524,10.809808753372792,3343
84251B,"GREETING CARD, STICKY GORDON",14,17,182,34.58,44.66825448975503,10.807908111839795,3344
79328,BLUE FLOCK GLASS CANDLEHOLDER,6,11,586,235.38,29.23472628265152,10.80584161867141,3345
84706D,CHERRY BLOSSOM TABLE CLOCK,14,14,218,495.09999999999997,42.57658448839525,10.805172132020921,3346
90214M,"LETTER ""M"" BLING KEY RING",19,29,81,89.73,39.82475390047101,10.8036489024804,3347
21196,ROUND WHITE CONFETTI IN TUBE,16,17,159,262.35,45.947107169013265,10.798758917186207,3348
84482,BUTTONS DESIGN JEWELLERY BOX,22,28,72,270.0,46.4306800314002,10.793249487064015,3349
23114,VINTAGE LEAF CHOPPING BOARD,22,22,91,421.65000000000003,43.12963248514508,10.79277700890734,3350
23456,MEDIUM PARLOUR PICTURE FRAME,20,20,109,430.75,45.19839056688696,10.789525241239263,3351
72750C,"F.FAIRY S/3 CANDLE/GLASS, ROSE",12,15,232,476.4,37.82694736581906,10.788576533267019,3352
85121B,RETRO LAUNDRY TUB PINK,27,27,60,510.0,47.88639941676943,10.775282884523719,3353
90058A,CRYSTAL STUD EARRINGS CLEAR DISPLAY,9,10,432,164.16,41.18067553245819,10.771218093794907,3354
85007,SET OF 3 VINTAGE TEA TIME BOXES,16,19,139,376.35,42.028819873284974,10.770588040219511,3355
22656,VINTAGE BLUE KITCHEN CABINET,29,35,43,8945.0,47.370702862768844,10.768905954036526,3356
20888,SET 3 JARDIN DE FEMME SCENT CANDLES,10,11,359,499.81,33.935012775485426,10.768905954036526,3357
90209B,GREEN ENAMEL+GLASS HAIR COMB,9,18,249,455.7,28.273339637888384,10.768484990022731,3358
23486,ANTIQUE HEART SHELF UNIT,27,31,52,844.8,45.71062121751599,10.768232326527052,3359
90199C,5 STRAND GLASS NECKLACE CRYSTAL,22,23,85,496.75,38.62877945492919,10.767895342530602,3360
71403,"PINK/WHITE ""KEEP CLEAN"" BULLET BIN",16,23,115,339.25000000000006,39.516843800852065,10.764857365510526,3361
90214J,"LETTER ""J"" BLING KEY RING",18,29,82,90.98,38.32279640055744,10.764476968625194,3362
23071,MARIE ANTOINETTE TRINKET BOX GOLD,12,13,258,780.6,30.67892325317094,10.760834748776333,3363
23519,EMBROIDERED RIBBON REEL CLAIRE,14,15,195,665.01,36.2232904716772,10.758753582572508,3364
84597B,RETRO BROWN BALL ASHTRAY,11,19,195,234.15,33.30303007086277,10.758753582572508,3365
84926C,FAIRY CAKES TILE COASTER,17,19,127,158.75,47.07775364769941,10.738134295369772,3366
20660,VIP LUGGAGE TAG,22,26,73,91.25,42.0204980926368,10.735396175137648,3367
90085,CRYSTAL STILETTO PHONE CHARM,13,15,204,173.4,39.00181415139373,10.734656030993449,3368
21128,GOLD FISHING GNOME,20,25,83,414.36,42.938572946304454,10.73343577458822,3369
85081,PADDED HOLLY CHRISTMAS DECORATION,20,20,103,45.75,46.97668859785531,10.73343577458822,3370
21639,ASSORTED TUTTI FRUTTI KEYRING,12,13,249,211.64999999999998,41.81259086769903,10.725467604939041,3371
17012E,ORIGAMI OPIUM INCENSE/CANDLE SET,12,12,264,248.39999999999998,28.54688318572584,10.709628540909296,3372
84458,S/3 RABBIT FLOWER/EGG/CARROT ROPE,17,19,123,104.55,44.36110659937168,10.706385597055192,3373
84402D,PINK DRESS JEWELLERY STAND,9,11,371,346.85,32.42001538922445,10.706385597055192,3374
20689,RETRO SISTERS EXPRESSO CUPS,24,26,65,290.75,43.070320217135475,10.704367432898955,3375
84877B,GREEN ROUND COMPACT MIRROR,12,14,225,293.75,39.93467408979758,10.693534557836033,3376
23115,RED APPLES CHOPPING BOARD,21,21,90,416.7,41.44608660055726,10.692944413233482,3377
20701,PINK CAT FLORAL CUSHION COVER,11,12,281,393.75,25.615593157630563,10.691763078187652,3378
84899F,YELLOW PURPLE DAISY FELT PURSE KIT,20,23,86,107.5,44.74690554925738,10.688484386725953,3379
21132,SILVER STANDING GNOME,23,27,64,269.0,44.60587875497085,10.684645610418787,3380
84619,BLUE GINGHAM ROSE QUILT,22,26,69,1444.15,44.464582747904544,10.679826323982837,3381
16020C,CLEAR STATIONERY BOX SET,21,23,81,68.85,43.947025169227636,10.675815530970514,3382
23037,CANDLE HOLDER SILVER MADELINE,14,15,178,288.9,45.75211892178858,10.668024729182747,3383
21420,OYSTER TRINKET BOX,19,23,88,280.0,39.935169547511606,10.662422473634077,3384
84925A,WAKE UP COCKEREL WALL THERMOMETER,14,15,177,328.95000000000005,29.318056283071996,10.662422473634077,3385
23481,PEARLISED IVORY HEART SMALL,15,17,147,178.71,39.129882164308455,10.66017275390006,3386
72739B,WHITE CHOCOLATE SCENT CANDLE,10,10,351,244.35,36.88445329539228,10.659421721194839,3387
23455,SMALL PARLOUR PICTURE FRAME,16,17,138,370.02000000000004,40.97240181144858,10.658059035083072,3388
22877,NUMBER TILE COTTAGE GARDEN 9,17,19,117,228.14999999999998,39.01307173244271,10.656788655915822,3389
35937,CERISE+GOLD CHRISTMAS STOCKING DEC,14,15,176,66.88,43.91121575577678,10.65678865591582,3390
90093,CLEAR CRYSTAL STAR PHONE CHARM,14,16,164,119.83999999999999,41.308432151572056,10.647209019059005,3391
20892,SET/3 TALL GLASS CANDLE HOLDER PINK,20,22,86,699.7,43.49226211557024,10.645924772307156,3392
85142,JARDIN ETCHED GLASS GINGER JAR,26,27,54,429.3,45.74884243033619,10.635374561412004,3393
35809B,ENAMEL BLUE RIM TEA CONTAINER,21,22,81,162.48,43.965452137765354,10.633255916551718,3394
90090,PINK CRYSTAL HEART PHONE CHARM,12,16,186,158.1,34.46166656103507,10.62927131837234,3395
72753A,S/3 FLWR FAIRY LILLY CANDLES,10,11,312,666.9,32.727741065027274,10.629005113126524,3396
21252,SET OF MEADOW  FLOWER STICKERS,14,16,161,375.65000000000003,36.07030492572858,10.62885988039081,3397
23479,WIRE EGG BASKET,21,25,71,532.15,42.1188980558287,10.625805110395852,3398
84493,BLUE/PINK NEST STRIPE BOX,5,5,1142,111.11999999999999,19.482183250417233,10.62493060225092,3399
21780,MA CAMPAGNE 4 DRAWER WALL SHELF,17,17,125,835.5500000000001,44.797452938677864,10.617025422743808,3400
84857C,PINK MONTE CARLO HANDBAG,13,14,193,402.54999999999995,42.2004055757955,10.614965689780796,3401
23660,HENRIETTA HEN MUG,16,16,139,229.35,44.620652808249396,10.608069110721736,3402
21663,VINTAGE GLASS SUGAR CADDY,21,25,69,404.55,44.34542702843619,10.597634233429158,3403
23544,WALL ART MID CENTURY MODERN,14,16,156,954.0799999999999,30.3706524079304,10.597509350506733,3404
23695,DOILY THANK YOU CARD,12,13,217,86.82000000000001,40.66418440596454,10.588501749865884,3405
72140F,HAPPY ANNIVERSARY CANDLE LETTERS,14,14,175,69.18,38.67299791203959,10.586584397242571,3406
22803,IVORY EMBROIDERED QUILT,20,28,64,2384.6,36.13439406118664,10.586205537605533,3407
90161B,ANT COPPER TURQ BOUDICCA BRACELET,20,23,77,381.15,42.91171518695884,10.57928509476096,3408
22882,NUMBER TILE VINTAGE FONT 3,16,23,95,135.45,37.558996097860074,10.575615365871998,3409
23069,EDWARDIAN PHOTO FRAME,22,24,67,418.75,45.528184503336576,10.573877745973459,3410
37479P,CUBIC MUG FLOCK PINK ON BROWN,15,19,121,73.11,37.581553728001985,10.57234204052703,3411
20818,GOLD TEDDY BEAR,20,22,79,211.25,39.58519312502109,10.562043288326453,3412
90175A,WHITE GLASS CHUNKY CHARM BRACELET,19,27,68,602.15,40.54297471858307,10.562043288326453,3413
16207B,PINK HEART RED HANDBAG,12,13,211,315.96,30.33455941622538,10.560592961748807,3414
72739C,DARK CHOCOLATE SCENTCANDLE,10,11,291,219.75,35.453968637684646,10.559555724854652,3415
84804A,CREAM DELPHINIUM ARTIFICIAL FLOWER,13,14,182,316.1,35.27830451292551,10.55659368355889,3416
90002D,FLOWER BURST SILVER RING CRYSTAL,17,21,96,335.0,36.574411550801464,10.556125189757864,3417
21460,GREEN EASTER EGG HUNT START POST,19,19,95,185.25,42.87277458461706,10.555812738575817,3418
22870,NUMBER TILE COTTAGE GARDEN 2,15,18,125,243.75,36.86503739929726,10.5533096083577,3419
22827,RUSTIC  SEVENTEEN DRAWER SIDEBOARD,27,30,43,6655.0,43.82355156848361,10.550381348578611,3420
20700,GREEN CAT FLORAL CUSHION COVER,10,11,287,416.25,26.16724077591681,10.545762402722318,3421
85179A,GREEN BITTY LIGHT CHAIN,17,18,110,240.57999999999998,40.10933873350821,10.544340938374939,3422
85026B,EAU DE NILE JEWELLED T-LIGHT HOLDER,15,15,147,124.95,43.718543843772515,10.542389718243676,3423
46776F,WOVEN ROSE GARDEN CUSHION COVER,12,16,170,353.1,30.255112180102344,10.539826258020414,3424
23042,PAPER LANTERN 7 POINT SNOW STAR,20,20,84,558.6,43.17050132717439,10.531696131937164,3425
84388,WISE MAN STAR SHAPE EGG PAN,21,22,73,93.99,42.12685810862771,10.530601762491635,3426
35603C,SET/16 WHITE SHINY & MATT BAUBLES,19,22,80,47.04,40.80670355001236,10.52567564415558,3427
23462,ROCOCO WALL MIRROR WHITE,25,26,52,983.4,43.151023675126396,10.524225317577933,3428
85185C,COW  SOCK PUPPET,24,26,54,159.3,42.06701810827169,10.522045876105,3429
22486,PLASMATRONIC LAMP,21,23,69,653.29,42.27531076734032,10.51759152575562,3430
72772,SET/4 SCENTED CANDLES IN RAMEKINS,8,8,454,592.5,32.235552493570026,10.51474657362339,3431
84984D,ORIENTAL RED C/COVER,14,15,152,328.0,33.32841935631306,10.511076844734426,3432
35922,EASTER BUNNY WREATH,20,21,76,362.2,41.40431195321298,10.479370312935423,3433
84984C,ORIENTAL BLUE C/COVER,11,12,227,341.55,25.09554672937345,10.479201636203978,3434
71495B,CD WALL TIDY RED FLOWERS,8,12,300,111.60000000000001,32.063612569140865,10.469284199546632,3435
23044,PAPER LANTERN 9 POINT HOLLY STAR S,19,19,87,361.05,41.46883490147337,10.468801361586188,3436
71028B,SILVER BLUE EGG T-LIGHT HOLDER,7,8,483,189.89,26.663043944605977,10.458751025732688,3437
84770,ROUND GEORGIAN SILVER MIRROR,14,16,135,419.25000000000006,38.71762386823566,10.453918430894479,3438
20940,SET/6 GARDEN GNOME T-LIGHT CANDLES,15,18,113,312.55,37.52748650673171,10.453226149800717,3439
37471,MULTICOLOUR POLKADOT PLATE,4,4,1384,150.4,20.00581366865987,10.45233124348964,3440
84762A,WHITE PICNIC BARBECUE BUCKET,24,24,54,474.90000000000003,40.79964841796292,10.445084834968872,3441
84437A,S/6 PINK EASTER DECS IN BOX,17,17,105,89.25,42.38225370377911,10.444182609904395,3442
23597,PAPER BUNTING PAISLEY PARK,15,15,133,360.35,35.6692613621755,10.443017244430473,3443
82607C,GLASS BONBON JAR. SUPERFINES,16,21,90,112.5,39.93248221614532,10.435115303931383,3444
23567,EGG CUP HENRIETTA HEN PINK,12,15,162,202.5,37.770913613254606,10.431288280508081,3445
23019,SMALL APOTHECARY MEASURING JAR,22,22,63,490.15,39.64754744434383,10.429871515217972,3446
22826,LOVE SEAT ANTIQUE WHITE METAL,24,31,41,4545.0,41.60238186697507,10.422281345951296,3447
35979,SIX STRING SCANDINAVIAN HEART DECS,19,19,83,244.85000000000002,41.224115959029675,10.422281345951294,3448
35817P,"ACRYLIC JEWEL SNOWFLAKE,PINK",8,9,370,188.34,29.23119779936121,10.4160117329377,3449
20837,FRENCH FLORAL CUSHION COVER,14,15,138,165.66000000000003,42.923620598377795,10.415112856472682,3450
84601A,NEW BAROQUE IVORY CUSHION COVER,9,12,254,607.7,28.535534191870454,10.408797995614009,3451
22872,NUMBER TILE COTTAGE GARDEN 4,15,17,114,222.3,35.06409302049213,10.407892608499196,3452
22875,NUMBER TILE COTTAGE GARDEN 7,16,17,107,208.65,35.40893350678386,10.4057163290766,3453
84918,CREAM C/COVER W YELLOW/GREEN FLOWER,15,17,113,425.35,35.499362325380105,10.39915892853044,3454
84762B,PINK PICNIC BARBECUE BUCKET,18,20,81,563.55,36.446333111283984,10.395680664154117,3455
84247K,"FOLK ART GREETING CARD,pack/12",19,22,70,206.50000000000003,37.13072750073433,10.393906366524455,3456
84429A,MEDIUM PINK BUDDHA HEAD,19,23,67,197.65000000000003,39.46474500271252,10.393293809078044,3457
35931,PINK STAR CHRISTMAS DECORATION,13,14,154,77.36,37.86051677052871,10.390532647636714,3458
85195,HANGING HEART BASKET,13,15,144,263.04,32.46033174445763,10.388379794275615,3459
21893,POTTING SHED SEED TIN,13,13,164,523.0,29.834002683662906,10.384060133131097,3460
21226,POCKET MIRROR WOODLAND,14,17,118,147.5,38.89456026342786,10.377545452109903,3461
21582,KINGS CHOICE SMALL TUBE MATCHES,15,16,117,193.05,37.52555935254113,10.376486690761663,3462
84985B,SET OF 72 BLACK PAPER DOILIES,12,19,122,176.9,33.73706613595897,10.372865986387945,3463
23487,SWEET HEART CAKE CARRIER,24,25,48,455.5,40.657920258134226,10.36879266100031,3464
90195A,PURPLE GEMSTONE BRACELET,23,25,50,435.5,41.35552178904355,10.367976001093753,3465
21757,LIGHTHOUSE PRINTED METAL SIGN,14,30,67,331.65000000000003,33.089969274945155,10.361545110763462,3466
90198A,VINTAGE ROSE BEAD BRACELET RASPBERR,18,23,68,289.0,38.10310769925953,10.356599314111644,3467
23422,PANTRY HOOK BALLOON WHISK,15,17,107,222.56,39.037871504860696,10.345091707260165,3468
22761,CHEST 7 DRAWER MA CAMPAGNE,25,28,40,971.0,40.60913009396479,10.338964434712263,3469
46775D,SUNSET COLOUR CHUNKY KNITTED THROW,23,27,45,762.75,40.139126464719055,10.338899737012245,3470
90201C,RED ENAMEL FLOWER RING,16,19,89,262.55000000000007,38.177090391088136,10.328755287940472,3471
85190,PINK FLOWER HANGING HEART,14,14,135,114.75,39.388724492625975,10.328755287940472,3472
23045,PAPER LANTERN 5 POINT STAR MOON,17,17,93,385.95,37.66662676205244,10.324038298062334,3473
90120D,WHITE MURANO TWIST BRACELET,15,18,99,405.5,35.03552453779042,10.322197887394314,3474
22987,WRAP SUMMER ROSE DESIGN,10,10,250,105.0,39.51243718581428,10.321243484728525,3475
21761,WOOD AND GLASS MEDICINE CABINET,19,22,65,1814.75,31.650332747824514,10.320881231509565,3476
35004S,SET OF 3 SILVER FLYING DUCKS,12,16,136,388.4,35.32198736173307,10.31814362734588,3477
35004P,SET OF 3 PINK FLYING DUCKS,16,20,83,349.15,36.90906433459056,10.308552580622953,3478
75011,BLUE DAISY MOBILE,10,14,179,170.93,30.674684396842434,10.298902324790792,3479
22330,72 ROUND PINK DOILIES,15,15,115,166.75,37.846793988520496,10.298767635585927,3480
20910,VINTAGE PHOTO ALBUM PARIS DAYS,11,28,84,514.2,28.44523655388967,10.294853736264791,3481
85167A,WHITE GRAND BAROQUE PHOTO FRAME,12,12,174,379.5,33.8256628680349,10.294684688846587,3482
84616,SILVER ROCCOCO CHANDELIER,19,21,66,1207.9,38.45408462208362,10.291467346303271,3483
84858B,BLUE RIVIERA HANDBAG,8,9,326,431.0,28.401344264926095,10.289769841227518,3484
84870B,BLUE GEISHA GIRL,21,22,57,213.75,38.9114371337758,10.286979679833884,3485
90160D,PINK BOUDICCA LARGE BRACELET,18,21,69,479.55,37.8597614406278,10.283976674574117,3486
84576,BLUE CAT BISCUIT BARREL PINK HEART,18,20,72,240.6,35.810508940070896,10.279420858038254,3487
35913B,WHITE/PINK CHICK EASTER DECORATION,16,18,89,75.64999999999999,39.01803386417189,10.277461993552922,3488
90087,CRYSTAL SEA HORSE PHONE CHARM,10,17,144,127.08,33.50452554308165,10.265000773115109,3489
ADJUST,Adjustment by john on 26/01/2010 16,25,32,32,3538.52,38.54917932610789,10.251111660954443,3490
84247C,PACK/12 BLUE REINDEER CARD,19,19,69,203.55,35.37533567567715,10.239959789157341,3491
84251C,"GREETING CARD, TWO SISTERS.",13,14,132,25.08,38.34780599083816,10.237456658939223,3492
85205A,IVORY FELT EASTER RABBIT GARLAND,20,20,62,158.1,39.87206367947001,10.232179601838379,3493
82553,POP'S GREASY SPOON METAL SIGN,14,20,86,141.9,32.96387624772548,10.218480757480217,3494
84782C,GREEN 3 TIER GLASS PLATE STAND,18,18,74,509.9,37.443498783615404,10.20636607186919,3495
90120B,BLUE MURANO TWIST BRACELET,16,20,74,312.75,36.901987963916,10.19522389531595,3496
72024U,LILAC VOTIVE CANDLE,10,10,218,45.78,36.999966518081365,10.184862275413241,3497
20795,LARGE BLUE PROVENCAL CERAMIC BALL,14,15,109,214.14000000000001,36.927847913729494,10.181119289134408,3498
23023,RIDGED BONNE JAM JAR T-LIGHT HOLDER,14,14,116,193.04,38.19039918706066,10.178274337002176,3499
37476,CONDIMENT TRAY 4 BOWLS AND 4 SPOONS,21,26,43,410.33,37.63401710761354,10.171068953280907,3500
84288B,SET/2 BLUE  NOODLE BASKETS,19,21,58,113.1,36.71170942622146,10.164312170818025,3501
79532,MOSAIC GLASS BALL CANDLEHOLDER,14,17,95,118.75,36.7820051535676,10.16277015046621,3502
47574B,ENGLISH ROSE SCENTED HANGING HEART,22,24,44,187.0,38.096052567210094,10.16103253056767,3503
35818B,"ACRYLIC JEWEL ICICLE, BLUE",7,7,402,168.0,30.429877661170416,10.157819645306354,3504
79534,MULTICOLOUR GLASS PLATE,13,15,114,62.7,36.83415216506763,10.15657818021829,3505
84798B,PURPLE FOXGLOVE ARTIIFCIAL FLOWER,8,8,316,467.40000000000003,27.639041266448917,10.15335092854972,3506
90201A,PURPLE ENAMEL FLOWER RING,14,18,89,262.55,34.30296967007691,10.152298850598916,3507
84680,CLASSICAL ROSE URN,14,17,94,372.3,28.075322430045826,10.152298850598914,3508
20903,VINTAGE KEEPSAKE BOX TRAVELOGUE,15,15,99,311.84999999999997,33.85336878644491,10.150347630467653,3509
71215,METAL BASE FOR CANDLES,10,12,178,68.52,34.43310991244979,10.150230436100662,3510
90203,SILVER CHARM NECKLACE 70CM,17,23,58,435.0,35.07554293670006,10.14596303214983,3511
90160B,RED BOUDICCA LARGE BRACELET,18,22,57,391.7,36.34178925553271,10.14037620564201,3512
22874,NUMBER TILE COTTAGE GARDEN 6,13,15,112,218.4,32.53918103609043,10.139033870567381,3513
20799,PINK MILKSHAKE GLASS,11,12,161,202.9,30.779490770273036,10.137452342481922,3514
21461,BLUE EASTER EGG HUNT START POST,16,18,77,150.15,36.52421851368513,10.134361149912248,3515
72799B,PURPLE PILLAR CANDLE BLACK FLOCK,7,9,313,413.35,24.34011316285096,10.131419620582134,3516
16244B,MAXWELL 2 TONE BLUE 60 PAGE PHOTO A,8,8,309,612.8499999999999,21.817359773217053,10.131021452151632,3517
16169D,WRAP WINTER FOREST,9,9,250,105.0,36.2349225619357,10.130623125119875,3518
79063C,"RETRO PILL BOX KEY CHAIN,THE KING",9,10,227,42.129999999999995,30.328625897934877,10.129825994746858,3519
82081,PINK HEARTS PHOTO ALBUM,11,12,159,336.25,35.63827540456551,10.125029822483363,3520
23149,ANTIQUE IVORY WIRE BOWL SMALL,15,17,85,211.65,37.22223662447967,10.117307776389453,3521
84745B,BLUE HANGING GINGHAM EASTER HEN,15,17,85,35.7,37.68800883518308,10.117307776389453,3522
84881,BLUE WIRE SPIRAL CANDLE HOLDER,21,21,50,317.5,39.370146756402775,10.113910539440958,3523
45008C,DECORATIVE NET CANOPY CREAM,16,20,68,541.5999999999999,35.68749785203948,10.111842286376898,3524
84226,HEN HOUSE W FAMILY IN BARN & NEST,17,17,75,56.61,33.218704495306184,10.11147685607866,3525
21304,ARCHED GREY MIRROR,16,16,84,540.6,34.56434115450869,10.109077944602749,3526
90082B,DIAMANTE BOW BROOCH RED COLOUR,16,21,64,406.4,35.167459596493735,10.098643067310169,3527
85089,CANDY SPOT BUNNY,14,17,89,255.35000000000002,35.947952519930425,10.09823162932864,3528
23021,GLASS BONNE JAM JAR,17,18,70,290.5,39.18008562751464,10.09749061410392,3529
84922,PINK BUTTERFLY WASHBAG,7,8,333,740.25,20.419302956466247,10.087807111992756,3530
21270,ANTIQUE CREAM CUTLERY CUPBOARD,22,25,39,497.25,36.75854837025963,10.082470208064567,3531
21338,MARAKESH LANTERN SMALL,9,11,196,848.35,22.125115512402914,10.070695471520036,3532
90195B,BLACK GEMSTONE BRACELET,19,20,55,486.24999999999994,35.53004237940983,10.065606402012563,3533
22833,HALL CABINET WITH 3 DRAWERS,9,11,191,6417.219999999999,19.50903903966664,10.044987114809828,3534
84762C,GREEN PICNIC BARBECUE BUCKET,17,17,70,483.7,35.59962331324834,10.043423392833645,3535
90201B,BLACK ENAMEL FLOWER RING,13,16,95,280.25000000000006,34.95731271736879,10.03661886513931,3536
84870C,GREEN GEISHA GIRL,19,19,56,210.0,36.46289812815868,10.034515814942532,3537
84081,WHITE CERAMIC PARTY SET (5PCS),14,15,94,337.58,28.517971842231418,10.034515814942532,3538
90120A,PINK MURANO TWIST BRACELET,14,21,68,289.0,34.10122836470952,10.033199159057787,3539
84803A,PINK ALLIUM  ARTIFICIAL FLOWER,14,14,100,169.0,36.83471219200466,10.03122091904568,3540
20845,ZINC HEART LATTICE 2 WALL PLANTER,14,20,71,450.84999999999997,32.20488507889181,10.02923875784169,3541
84882,GREEN WIRE STANDING CANDLE HOLDER,19,23,46,172.5,36.998568791921784,10.023933705611995,3542
71510,SQUARE METAL CANDLEHOLDER BASE,8,14,166,102.7,24.986426770092667,10.023268590855185,3543
90098,NECKLACE+BRACELET PINK BUTTERFLY,20,21,47,119.85,36.17076170535751,10.00676590198963,3544
84227,HEN HOUSE W CHICK IN NEST,13,13,112,47.04,32.02082287762008,10.005502477942859,3545
35633B,BLUE TINSEL GARLAND,12,12,130,24.7,32.96780186572796,10.005096038124226,3546
35600D,PINK AND WHITE CHRISTMAS TREE 180CM,11,12,140,476.00000000000006,32.2215738363674,9.998615897627705,3547
79026B,"S/4 ICON COASTER,ELVIS LIVES",17,22,52,44.36,33.79852299055913,9.996157887377436,3548
22873,NUMBER TILE COTTAGE GARDEN 5,13,14,103,200.85,31.497727161262272,9.99149842985884,3549
72781,BLACK SILOUETTE CANDLE PLATE,11,14,120,227.4,30.472669795788956,9.988747396486952,3550
84455,SET OF 3 RABBIT CARROTS EASTER,15,16,79,67.14999999999999,34.91411985093364,9.987828700969878,3551
35637C,PINK STRING CURTAIN WITH POLE,13,15,96,271.4,31.030805198553942,9.986357030358423,3552
62086A,PINK RETRO BIG FLOWER BAG,14,16,84,163.79999999999998,33.776760323145915,9.983914801648742,3553
23420,PANTRY HOOK TEA STRAINER,13,15,94,195.52,34.21115904892537,9.96552294345558,3554
82095,HEART BUTTONS JEWELLERY BOX,21,22,41,313.65000000000003,36.908956633232094,9.964206287570834,3555
84472,PINK AND LILAC QUILTED THROW,23,25,33,1450.4,35.99153738797814,9.96251089298559,3556
90129B,TURQUOISE GLASS TASSLE BAG CHARM,17,17,64,188.8,33.23159978329192,9.955130785687967,3557
23137,ZINC WIRE SWEETHEART LETTER TRAY,15,17,72,235.74,32.57367861174811,9.953419921284336,3558
21697,SET 5 MINI DOUGHNUT FRIDGE MAGNET,6,7,372,295.08000000000004,25.900657875504614,9.946930110378965,3559
84753A,PINK EAU DE COLOGNE BOTTLE,14,15,85,72.25,33.40897864887214,9.934986219595498,3560
84532B,FAIRY CAKES RECTANGLUAR BOXES,21,23,38,226.10000000000002,36.09802641701577,9.932657929835909,3561
18096C,WHITE ROUND PORCELAIN TLIGHT HOLDER,12,13,112,256.8,32.7415658561817,9.931394505789136,3562
84527,FLAMES SUNGLASSES PINK LENSES,16,16,70,129.29999999999998,32.51758914509706,9.929106565153749,3563
84824,DANISH ROSE UMBRELLA STAND,22,26,32,497.59999999999997,35.53395627873096,9.927838643399959,3564
22878,NUMBER TILE COTTAGE GARDEN No,12,15,97,203.70000000000002,30.279640224722527,9.92250555837189,3565
22868,NUMBER TILE COTTAGE GARDEN 0,12,13,111,216.45,30.711053922691505,9.922505558371888,3566
20847,ZINC HEART LATTICE CHARGER LARGE,15,18,66,247.5,34.14253124406713,9.921720320797188,3567
21369,MIRRORED WALL ART SPLODGES,12,14,103,163.75,31.960810853266874,9.91739045770512,3568
90086,CRYSTAL FROG PHONE CHARM,9,16,118,109.66,29.98412804554431,9.914921930161793,3569
10124A,SPOTS ON RED BOOKCOVER TAPE,17,17,61,25.62,35.90328234022326,9.90787790083742,3570
23024,LARGE BONNE JAM JAR  T-LIGHT HOLDER,7,9,250,650.5000000000001,28.57281263886057,9.907479573805665,3571
23017,APOTHECARY MEASURING JAR,18,18,54,634.5,34.520257627970985,9.896211143565353,3572
21686,MEDINA STAMPED METAL STOOL,10,28,61,2296.95,28.863352779551395,9.892325487829936,3573
17014A,ORIGAMI VANILLA INCENSE CONES,8,8,243,110.13000000000001,27.062817195326584,9.891617379965641,3574
44089C,LILAC GAUZE BUTTERFLY LAMPSHADE,14,18,68,28.56,32.49875912159152,9.88659568486591,3575
84462,3 PINK HEN+CHICKS IN BASKET,13,13,99,112.35,28.662917436140383,9.883284845218608,3576
20814,SILVER FINCH DECORATION,7,12,187,206.39,21.825596005725146,9.88083286197132,3577
71496A,A4 WALL TIDY BLUE OFFICE,8,8,240,132.24,28.11817100037725,9.879246088163093,3578
22884,NUMBER TILE VINTAGE FONT 5,13,16,81,108.15,29.729252065889145,9.878989920935727,3579
47581B,FAIRY CAKE WICKER PICNIC BASKET,23,24,31,395.25,35.41617324307458,9.862665558015873,3580
21193,WHITE HONEYCOMB PAPER FAN,14,14,84,158.36,30.483856101049252,9.858751658694736,3581
35824C,"HANGING FLOWERS+MIRROR,CLEAR",8,8,235,117.05,28.16257700677398,9.85828095969805,3582
84533B,FAIRY CAKES ROUND NESTING BOXES,17,19,52,293.8,34.30602277735554,9.856395945002278,3583
90210D,PURPLE ACRYLIC FACETED BANGLE,10,12,132,207.6,29.49546643989253,9.85319375848166,3584
23117,POPPY FIELDS CHOPPING BOARD,20,20,42,207.9,34.22039720595282,9.850244991140409,3585
23661,MILK MAIDS MUG,12,12,111,183.15,34.12562805710618,9.848397586218168,3586
35816P,"ACRYLIC JEWEL ANGEL,PINK",7,7,292,124.88,25.73132880058231,9.83905569237674,3587
72812,LARGE ZINC GLASS CANDLEHOLDER,14,15,77,171.85,35.40082589311448,9.837347750031583,3588
90108,BLUE BLOSSOM HAIR CLIP,12,13,101,106.05000000000001,32.1096905228382,9.828979500361065,3589
23421,PANTRY HOOK SPATULA,12,14,94,195.52,32.755871816318525,9.826876450164288,3590
20987,GEISHA GIRL CHOPSTICKS SET/5,11,12,117,228.15,31.42906492294084,9.820540631715202,3591
84805B,BLUE CLIMBING HYDRANGA ART FLOWER,6,7,327,532.6500000000001,24.90855433350834,9.818365299119293,3592
72129,COLUMBIAN CANDLE ROUND,16,16,62,40.300000000000004,33.03168441773067,9.809561414503964,3593
90030B,RED KUKUI COCONUT SEED NECKLACE,12,14,92,161.3,31.81438724455504,9.805599051717003,3594
85218,S/5 MINI ICE CREAM FRIDGE MAGNETS,2,2,1992,625.1999999999999,12.190451264627217,9.794620897549015,3595
90161D,ANT COPPER PINK BOUDICCA BRACELET,16,18,54,264.85,32.68482309524027,9.784985508455128,3596
46776C,WOVEN FROST CUSHION COVER,11,14,96,208.8,24.54700687059386,9.767667829393593,3597
16119,FUNKY GIRL ADDRESS BOOK,7,7,271,128.21,22.44415432929402,9.76468514965567,3598
35645,VINTAGE BEAD PINK JEWEL BOX,16,21,45,191.25,33.001616575708326,9.752897193903628,3599
17014D,ORIGAMI ROSE INCENSE CONES,5,5,476,194.28,20.559194192021472,9.751035429344451,3600
23697,A PRETTY THANK YOU CARD,9,9,168,66.24000000000001,31.048378925880193,9.735068900911166,3601
16256C,HEARTS PENCIL/RUBBER+5 MINI PENCILS,8,10,169,70.98,27.474685234285946,9.730918287184853,3602
84745A,PINK HANGING GINGHAM EASTER HEN,13,15,74,31.08,32.24559112466129,9.72913416539135,3603
21321,GLASS CHALICE BLUE  LARGE,10,13,108,245.25,26.912588200125363,9.728300484642773,3604
84627,CANDY STRIPE ROSE C/COVER,15,19,51,303.45,30.478260115545133,9.719564714375199,3605
84358,FLOOR LAMP SHADE WOOD BASE,11,21,62,555.58,26.3701203495125,9.719083829537848,3606
23476,WOODLAND LARGE RED FELT HEART,11,11,114,142.5,33.19406985310123,9.71474542793925,3607
16206B,RED PURSE WITH PINK HEART,13,15,72,86.4,31.31177088897198,9.70210549300343,3608
22885,NUMBER TILE VINTAGE FONT 6,11,14,89,123.75,28.014784270962735,9.692766521220475,3609
16207A,PINK STRAWBERRY HANDBAG,16,18,49,144.55,32.59966528689996,9.689675328650802,3610
72750D,F.FAIRY S/3 CANDLE/GLASS,11,11,110,226.5,31.28919033176146,9.679343500888335,3611
90112,PINK DOLLY HAIR CLIPS,13,15,70,73.5,29.699479907555475,9.674325928896355,3612
90145,SILVER HOOP EARRINGS WITH FLOWER,14,21,47,279.65,30.33230620292205,9.670293665368417,3613
35824B,"HANGING FLOWERS+MIRROR,BLUE",4,5,527,200.26000000000002,20.05106227955803,9.670293665368416,3614
85147,JARDIN ETCHED GLASS CANDLEHLDR LONG,14,16,61,301.95,31.258647270649703,9.668397930203518,3615
90201D,GREEN ENAMEL FLOWER RING,11,15,81,238.95000000000005,28.891323618221872,9.664214619292036,3616
90184C,BLACK CHUNKY BEAD BRACELET W STRAP,16,21,41,366.95,32.04450384931392,9.661925415697901,3617
37506,NEW ENGLAND MILK JUG W GIFT BOX,21,22,30,178.5,32.63116200083624,9.660523873772611,3618
84809B,PINK CHRYSANTHEMUMS ART FLOWER,6,7,278,313.79999999999995,21.822084920231042,9.656563472556513,3619
84537B,FAIRY CAKES GIFT BAG,10,11,117,49.14,29.247825416977935,9.653486547052037,3620
84908A,PINK 5 PATCH FLOWER CUSHION COVER,4,7,388,776.5999999999999,12.127029438189721,9.652458797732383,3621
35610B,BLACK CHRISTMAS FLOCK DROPLET,11,11,107,93.91,28.61918986101311,9.65194452670022,3622
78033,FLAG OF ST GEORGE CHAIR,13,14,73,352.75,29.70393425790485,9.651172623921639,3623
90081A,LILY BROOCH AMETHYST COLOUR,14,21,46,227.7,30.57679409670852,9.649240256170586,3624
20825,GOLD WINE GLASS,5,6,360,1229.04,19.287727112524276,9.626547576616248,3625
23474,WOODLAND SMALL BLUE FELT HEART,11,11,104,86.32000000000001,30.32753551801892,9.623773649733524,3626
90214R,"LETTER ""R"" BLING KEY RING",14,18,52,53.480000000000004,28.191732781890238,9.622781093820773,3627
23018,LARGE APOTHECARY MEASURING JAR,17,18,43,507.8,29.864027129278924,9.619000370980865,3628
79161A,ST GEORGE SET OF 10 PARTY LIGHTS,16,16,51,150.45000000000002,31.596363178036178,9.61767040669386,3629
16051,TEATIME PENCIL W STAMP ASST,3,3,938,82.2,16.066316343748824,9.617404201448045,3630
84952A,CLEAR LOVE BIRD T-LIGHT HOLDER,11,12,95,290.36,27.7674824074045,9.614204198717374,3631
84807,RED POPPY ARTIFICIAL FLOWER,7,7,233,215.93,23.92335772356811,9.614204198717374,3632
20796,SMALL BLUE PROVENCAL CERAMIC BALL,11,13,88,145.2,30.854418377279803,9.612600349135398,3633
16202E,BLACK PHOTO ALBUM,12,13,81,150.6,28.390958105574583,9.610725934341048,3634
47592B,SCOTTIE DOGS CHILDRENS OVERALL,15,18,47,98.7,30.297080193905916,9.588228712314113,3635
84798A,PINK FOXGLOVE ARTIIFCIAL FLOWER,8,8,179,391.65000000000003,22.053854657706125,9.587406005562649,3636
23484,HEART TRELLIS TRIPLE T-LIGHT HOLDER,12,12,85,236.05,31.263101620999088,9.584246011176582,3637
72753D,S/3 FLWR FAIRY SUMMER CANDLES,9,9,144,302.40000000000003,28.742569451597653,9.581903928408666,3638
84454,WOBBLING METAL CHICKEN EASTER,11,13,85,72.25,30.231507738972066,9.578311275656766,3639
37483,ENGLISH ROSE MUG IN GIFT BOX,9,9,143,232.89,20.73882115128302,9.574983485564093,3640
90185C,BLACK DIAMANTE EXPANDABLE RING,15,17,49,208.25,30.061269952160977,9.574983485564092,3641
47351B,BLUE  VOILE LAMPSHADE,10,13,92,252.20000000000002,25.8613125869987,9.569552095566886,3642
72709,IVORY SCULPTED RND CANDLE,10,13,92,78.19999999999999,26.32193096637646,9.569552095566886,3643
90014A,SILVER/MOP ORBIT NECKLACE,17,21,35,299.25,30.759115653502477,9.56493314971059,3644
22871,NUMBER TILE COTTAGE GARDEN 3,10,11,107,208.65,27.687150772170817,9.56493314971059,3645
22876,NUMBER TILE COTTAGE GARDEN 8,10,11,107,208.65,27.687150772170817,9.56493314971059,3646
21335,LIBRARY LAMP,17,21,34,710.3,29.719445900467818,9.536762272743895,3647
35963,FOLKART ZINC CLIP ON ANGEL WINGS,10,11,104,39.519999999999996,26.695779464352306,9.536762272743893,3648
72754B,F FAIRY POTPOURRI CUSHIONS LAVENDER,8,8,170,137.54,27.27229732381309,9.5361127111751,3649
90214H,"LETTER ""H"" BLING KEY RING",12,21,47,47.230000000000004,26.505921890671562,9.527192821727743,3650
84306,S/3 PINK SQUARE PLANTERS ROSES,18,19,35,383.24999999999994,30.941437210296428,9.523690191176541,3651
84751B,BLACK MEDIUM GLASS CAKE STAND,17,18,39,113.69,30.99468172481524,9.523690191176541,3652
90214G,"LETTER ""G"" BLING KEY RING",11,19,56,58.480000000000004,24.365267664823737,9.523690191176541,3653
90184B,AMETHYST CHUNKY BEAD BRACELET W STR,16,19,39,349.05,29.741918756319873,9.517825071724143,3654
22889,NUMBER TILE VINTAGE FONT No,7,9,167,208.98000000000002,23.196833320695983,9.50599061407714,3655
23036,T-LIGHT HOLDER SILVER PETIT FOUR,9,10,121,151.25,29.16438470821324,9.504501410525673,3656
84510E,SET OF 4 GREEN CAROUSEL COASTERS,9,10,121,61.13,19.895130147826812,9.504501410525673,3657
37345,ASSTD HEARTS DESIGN MUGS,5,6,318,536.1,17.89321747903335,9.502860721068213,3658
47347B,BLUE FLOWER T-LIGHT HOLDER,6,7,236,169.72,17.382900114490504,9.49341183187028,3659
90185D,CRYSTAL DIAMANTE EXPANDABLE RING,14,16,51,216.75,29.59126632291524,9.492507263739853,3660
84509E,SET OF 4 CAROUSEL PLACEMATS,9,10,119,176.25,20.820269999333547,9.487972108574462,3661
23417,BATHROOM HOOK,12,12,77,110.67,29.31829867363532,9.486607541612665,3662
90032,IVORY SHELL HEART NECKLACE,12,21,45,253.17000000000002,27.16430270842761,9.484633207308947,3663
20697,LITTLE GREEN MONSTER SOFT TOY,16,18,39,94.05,29.25789132570861,9.466531777336593,3664
90160A,PURPLE BOUDICCA LARGE BRACELET,16,18,39,271.05,29.50635268500711,9.466531777336593,3665
71495A,CD WALL TIDY BLUE OFFICE,5,9,213,77.94,21.790234216648052,9.460320577243952,3666
21734,SMALL MARAKESH LANTERN ON STICK,14,14,56,210.0,30.24007768965513,9.45915167003897,3667
90125A,PINK BERTIE GLASS BEAD BAG CHARM,8,10,127,131.7,22.247024964822327,9.447150114054207,3668
90162B,ANT SILVER LIME GREEN BOUDICCA RING,12,17,53,156.35000000000002,26.81422325032608,9.444305161921976,3669
37489A,YELLOW/PINK FLOWER DESIGN BIG MUG,17,17,38,35.1,30.589216616707077,9.444305161921974,3670
84906,PINK B'FLY C/COVER W BOBBLES,12,16,56,265.2,28.761506083193364,9.441213969352305,3671
84877D,BLUE ROUND COMPACT MIRROR,10,11,94,157.5,25.99318372897275,9.436678814186912,3672
17011A,ORIGAMI VANILLA INCENSE+FLOWER,6,6,254,150.0,21.795349317314823,9.433083843269053,3673
20861,GOLD COSMETIC BAG PINK STAR,15,15,47,98.7,29.39913860069996,9.416378455387454,3674
90010B,BLACK/WHITE GLASS/SILVER BRACELET,15,16,44,393.79999999999995,28.995282890808944,9.412464556066316,3675
71143,SILVER BOOK MARK WITH BEADS,10,13,78,66.3,26.682143190300746,9.40640045488065,3676
20785,FUSCHIA RETRO BAR STOOL,14,17,44,1657.8000000000002,27.044918391404252,9.405084448768694,3677
90082A,DIAMANTE BOW BROOCH GREEN COLOUR,14,17,44,279.4,28.22356527089572,9.405084448768694,3678
90143,SILVER BRACELET W PASTEL FLOWER,13,16,50,370.0,28.756390982526593,9.4040963063958,3679
23495,SET OF 3 PANTRY WOODEN SPOONS,9,11,100,125.0,25.25154206793205,9.402612259623307,3680
90089,PINK CRYSTAL SKULL PHONE CHARM,10,10,99,68.30999999999999,27.61948531691671,9.400960731584833,3681
82011A,"BATHROOM SCALES, TROPICAL BEACH",17,20,31,116.25,29.806457277457447,9.400630098419315,3682
90208,PAIR OF ENAMEL FLOWER CLUSTER SLIDE,9,12,92,218.4,22.74487756768499,9.40013394360884,3683
72799D,BLUE PILLAR CANDLE SILVER FLOCK,12,13,65,182.15,25.66022531165133,9.39366142910322,3684
23475,WOODLAND SMALL PINK FELT HEART,10,10,98,81.34,28.83736102641164,9.390910395731332,3685
21298,EDWARDIAN 2 DRAWER WALL CABINET,14,14,52,755.8,29.746601704224254,9.386392315756542,3686
90120C,GREEN MURANO TWIST BRACELET,11,16,57,242.25,26.896450159814457,9.378563004390635,3687
85168B,BLACK BAROQUE CARRIAGE CLOCK,15,20,34,322.14,27.863147910102192,9.372459221452617,3688
90214B,"LETTER ""B"" BLING KEY RING",13,16,48,48.480000000000004,26.537174434175668,9.364090971782101,3689
20902,VINTAGE KEEPSAKE BOX PARIS DAYS,10,14,69,313.34999999999997,24.460706857674776,9.354440715949941,3690
23492,VINTAGE JINGLE BELLS WREATH,14,15,47,387.75,28.70760081835716,9.351839934249883,3691
16202C,BEIGE PHOTO ALBUM,10,10,94,201.29999999999998,26.58925032569334,9.349667437197283,3692
23694,PAISLEY PARK CARD,7,8,156,61.2,25.591577425352057,9.332911924364364,3693
23047,PAPER LANTERN 5 POINT SEQUIN STAR,16,16,38,218.5,29.726170399351734,9.329988334242078,3694
84255B,ORANGE COCKTAIL GLASS LAMP,11,14,61,128.10000000000002,25.583035672960204,9.320091235935301,3695
20698,LITTLE PINK MONSTER SOFT TOY,15,16,40,96.6,27.620282536307812,9.319374133000306,3696
85185F,LION SOCK PUPPET,16,17,35,103.25000000000001,28.099855616569698,9.30710404040849,3697
90040B,MURANO STYLE GLASS BRACELET BLACK,15,15,42,147.0,29.607258850315556,9.306377560173125,3698
22881,NUMBER TILE VINTAGE FONT 2,8,13,85,115.94999999999999,24.831032419500154,9.290629203204986,3699
23457,LARGE PARLOUR PICTURE FRAME,12,12,63,295.65,26.27481016970818,9.288781798282745,3700
90114,SUMMER DAISIES BAG CHARM,12,12,63,160.65,22.683569185158156,9.288781798282745,3701
84465,15 PINK FLUFFY CHICKS IN BOX,17,19,29,85.55000000000001,28.302379880681173,9.287301413112312,3702
84661C,PINK SQUARE TABLE CLOCK,10,10,88,85.84,26.786872008212427,9.284426915328881,3703
23537,WALL ART I LOVE LONDON,11,12,68,298.2,24.93253269400506,9.283962511846797,3704
79315W,FLYING SAUCER TABLE LIGHT IN WHITE,6,7,191,563.45,20.386393520303855,9.28284706276293,3705
90209A,PURPLE ENAMEL+GLASS HAIR COMB,7,9,133,241.5,19.657774712330756,9.279866434624793,3706
90180A,BLACK+WHITE NECKLACE W TASSEL,16,17,34,296.3,27.917534059775743,9.278933163441794,3707
35911B,PINK/FLOWER RABBIT EGG WARMER,12,13,57,119.7,27.884664662027493,9.264449697623213,3708
79063D,"RETRO PILL BOX , REVOLUTIONARY",6,7,185,34.15,21.284670743454296,9.25109836444835,3709
21341,KASBAH LANTERN WITH GLASS,13,13,52,232.2,26.328298854659163,9.248406572782638,3710
90210B,CLEAR ACRYLIC FACETED BANGLE,12,13,56,125.30000000000001,27.6716734821773,9.247057954911345,3711
22880,NUMBER TILE VINTAGE FONT 1,9,12,78,102.3,23.932760193128676,9.236982302922605,3712
22883,NUMBER TILE VINTAGE FONT 4,9,11,84,114.0,24.230594637044476,9.230142999272363,3713
23478,WOODLAND LARGE PINK FELT HEART,5,6,241,260.93,19.398856599817368,9.226607344440055,3714
23043,PAPER LANTERN 9 POINT HOLLY STAR L,13,14,47,293.75,26.671176661761017,9.21830854162536,3715
84707B,PINK JEWELLED MIRROR TRINKET TRAY,17,17,30,308.51,28.237841359543598,9.214730720277476,3716
23471,SIX DRAWER OFFICE TIDY,15,15,38,350.9,27.333973147668004,9.208739090609209,3717
84613C,BLUE NEW BAROQUE FLOCK CANDLESTICK,11,12,63,262.71000000000004,23.947752220195405,9.208739090609209,3718
90214N,"LETTER ""N"" BLING KEY RING",10,17,49,49.730000000000004,24.000395953680826,9.20029003612268,3719
90157,RIVIERA NECKLACE,13,15,43,212.85,27.111058193908793,9.1958356857733,3720
90186A,AMETHYST HOOP EARRING FLORAL LEAF,12,13,53,156.35000000000002,27.122108030095383,9.19299073364107,3721
90094,NECKLACE+BRACELET SET FRUIT SALAD,16,17,31,79.05,27.07023619938854,9.189321004752108,3722
72715,SPHERICAL IVORY CANDLE,8,12,82,34.44,25.05281447575098,9.181014542594355,3723
84845C,CARNATION SQUARE HANDY TIN,14,14,42,52.5,28.209670482576904,9.177300517897983,3724
90129C,GREEN GLASS TASSLE BAG CHARM,13,14,45,132.75,24.921801786221753,9.175748927206563,3725
16248B,BLUE HOLE PUNCH,10,10,78,97.5,22.45239932296972,9.165238398063764,3726
90214D,"LETTER ""D"" BLING KEY RING",9,17,52,53.480000000000004,20.81479053356892,9.163248764442333,3727
46138B,BLUE CHENILLE SHAGGY CUSHION COVER,10,17,47,64.14999999999999,23.18101668297797,9.159468041602427,3728
37492A,YELLOW RED FLOWER PIGGY BANK,7,10,107,206.54999999999998,18.045113021536597,9.159468041602427,3729
84555A,YELLOW VW BEETLE CERAMIC MONEY BOX,13,14,44,125.0,25.402194501336684,9.153770020487787,3730
21102,"CANDLE IN JAR COLLAGE , VANILLA",10,12,65,165.75,26.318901813096055,9.152499372286332,3731
20827,GOLD APERITIF GLASS,5,8,173,209.35999999999999,18.654785315201423,9.148039345778804,3732
90214P,"LETTER ""P"" BLING KEY RING",11,16,45,44.730000000000004,23.502221447468397,9.146761390333312,3733
47348A,FUSCHIA VOILE POINTY SHOE DEC,9,13,66,46.019999999999996,23.841294465789666,9.14633504200027,3734
22886,NUMBER TILE VINTAGE FONT 7,8,12,78,102.3,22.972133647434468,9.131621787264777,3735
84464,S/60 PINK FLUFFY CHICKS IN BOX,9,10,82,179.1,19.899872485506737,9.119320973589016,3736
35910A,MULTICOLOUR EASTER RABBIT,12,12,52,101.39999999999999,27.196632582134317,9.100190628475195,3737
20901,VINTAGE KEEPSAKE BOX PINK FLOWER,14,16,34,215.9,26.66144525431079,9.096611606647839,3738
90175C,BLUE GLASS CHUNKY CHARM BRACELET,14,16,34,304.3,26.10182946637537,9.096611606647839,3739
22887,NUMBER TILE VINTAGE FONT 8,9,11,73,92.55,22.74899009612026,9.091556835986218,3740
90192,JADE DROP EARRINGS W FILIGREE,9,16,51,252.45,21.610216563249285,9.08704215563169,3741
90123A,PINK HEART OF GLASS BRACELET,13,17,34,202.3,26.076984426378257,9.084777149000836,3742
37485,ENGLISH ROSE TEA SET IN GIFT BOX,10,15,49,207.69,22.505888007920703,9.082507000466299,3743
72754A,FLOWER FAIRY POTPOURRI CUSHION LILY,4,5,292,201.24,16.0319728972079,9.081369990679223,3744
85161,ACRYLIC GEOMETRIC LAMP,15,19,26,478.7,25.85829522541343,9.064157861798101,3745
20957,PORCELAIN HANGING BELL SMALL,11,11,59,85.55,25.315156227804604,9.064157861798101,3746
72045D,ROSES ON BLUE TEACUP CANDLE,3,3,536,905.84,13.966960451091142,9.058586816748646,3747
20968,GREEN FLORAL FELTCRAFT SHOULDER BAG,14,14,37,138.75,26.41791101334885,9.053686561930807,3748
84899E,YELLOW BROWN BEAR FELT PURSE KIT,11,14,46,57.5,25.083259885380798,9.043104452600268,3749
44236,PINK/PURPLE CIRCLE CURTAIN,9,12,64,112.32000000000001,23.68614428562932,9.041921720351219,3750
90018A,SILVER M.O.P ORBIT DROP EARRINGS,14,15,34,144.5,26.60468692049218,9.035986984831405,3751
84816,DANISH ROSE BEDSIDE CABINET,16,16,28,1078.6000000000001,26.446081890315543,9.033722518098907,3752
90122A,PINK CRYSTAL+GLASS BRACELET,14,14,36,178.20000000000002,25.943453033753734,9.027018314848645,3753
35815P,"ACRYLIC JEWEL SNOWFLAKE, PINK",6,6,167,73.78,21.444936472310182,9.015784277513886,3754
90088,CRYSTAL KEY+LOCK PHONE CHARM,8,11,75,63.75,21.658345977101327,9.012864567410551,3755
90122C,TURQUOISE CRYSTAL+GLASS BRACELET,12,15,38,188.1,23.48671726093243,9.001099725830965,3756
20994,JAZZ HEARTS SPIRAL NOTEPAD,12,12,47,39.949999999999996,25.627600084335256,9.001099725830965,3757
85095,THREE CANVAS LUGGAGE TAGS,8,9,88,137.78,22.62261021323836,8.988446040062405,3758
21763,VINTAGE WOODEN BAR STOOL,12,14,40,1078.0,24.456252507325395,8.986571625268056,3759
72779,SET/6 BLACK ROSE T-LIGHT CANDLES,13,14,37,62.53,25.331721244679297,8.984693690443855,3760
84029D,LEOPARD PRINT HOT WATER BOTTLE,12,12,46,153.3,22.16941577129949,8.980046316633132,3761
72821,CUPID SCENTED CANDLE IN GLASS,11,11,54,89.10000000000001,24.50140795599849,8.977146484808472,3762
37489D,PINK/GREEN FLOWER DESIGN BIG MUG,14,14,34,25.74,26.02486842523924,8.971448463693834,3763
90122B,JADE CRYSTAL+GLASS BRACELET,14,14,34,168.3,25.619403317131077,8.971448463693834,3764
23039,T-LIGHT HOLDER SILVER HEART HANDLE,8,8,96,183.6,24.896468405360288,8.969160133175823,3765
35973,GERANIUM FOLKART HEART DECORATION,11,12,49,61.25,25.05587362987452,8.961879012677683,3766
90002A,FLOWER BURST SILVER RING OPAL,13,13,38,142.5,25.29112784771404,8.941676305360163,3767
21300,ANTIQUE EDWARDIAN DRESSER,11,11,52,737.4,25.53056020702463,8.940105213128122,3768
90030C,BROWN KUKUI COCONUT SEED NECKLACE,9,9,75,109.65,24.307795464484197,8.935903526274423,3769
17129C,SKY BLUE COLOUR GLASS GEMS IN BAG,7,10,85,57.13,16.532671133294436,8.931684110731714,3770
21370,MIRRORED WALL ART FOXY,12,12,43,165.69,21.80477265771158,8.914088348841334,3771
90019A,SILVER M.O.P ORBIT BRACELET,15,15,28,138.6,25.647574194097775,8.912473274466036,3772
35793,S/3 PUPPIES CHRISTMAS DECORATIONS,7,8,101,174.05,23.22757503400925,8.901638932300326,3773
84830,LARGE ENGLISH ARBORETUM,7,7,113,1195.15,15.571944013175862,8.895081531754167,3774
84893,ANT WHITE IRON BASKET,12,15,34,192.3,23.76880334788009,8.892886141190731,3775
16201A,PASTEL PINK PHOTO ALBUM,7,8,100,199.8,22.59394661731788,8.891786635857315,3776
16162M,THE KING GIFT BAG 25x24x12cm,8,10,72,30.24,22.815009002428262,8.885579291282982,3777
46776E,WOVEN CANDY CUSHION COVER,7,9,89,174.15,17.497752029338024,8.881836305004146,3778
90125D,PURPLE BERTIE GLASS BEAD BAG CHARM,7,9,89,96.9,17.0798644012313,8.881836305004146,3779
D,Discount,5,5,196,397.89,11.501014813944392,8.866722667194098,3780
37399,"ASS RETROSPOOF MUGS,SPORTS",6,6,143,75.0,17.968093839175417,8.861633597686627,3781
84247H,PACK/12 DECOUPAGE CARD,12,14,35,103.25000000000001,22.30336374380923,8.856518497019856,3782
90185B,AMETHYST DIAMANTE EXPANDABLE RING,11,12,44,187.0,23.145546503529662,8.856518497019856,3783
84726,LILLIES CANVAS PICTURE,4,5,233,394.85,17.492890141307917,8.856518497019856,3784
16244A,MAXWELL 2 TONE PINK 60 PAGE PHOTO A,6,6,142,293.0,16.399241206856395,8.854664928370534,3785
84723,CHERRY BLOSSOM CANVAS ART PICTURE,10,11,52,185.4,20.608768023034823,8.853093836138493,3786
84908B,BLUE 5 PATCH FLOWER CUSHION COVER,2,5,385,755.75,8.948975607841776,8.846209127360996,3787
23458,DOLLY CABINET 3 DRAWERS,15,15,26,388.7,25.254531605988166,8.841014310483892,3788
23472,NINE DRAWER OFFICE TIDY,15,15,26,374.0,24.479969033942712,8.841014310483892,3789
47341B,BLUE TABLE RUN FLOWER,11,12,43,61.25,22.56061290760995,8.834045641167798,3790
23562,SET OF 6 RIBBONS PERFECTLY PRETTY,8,8,83,215.87,19.02851053010549,8.825265953515753,3791
BANK CHARGES,Bank Charges,13,21,21,315.0,22.862562951859438,8.821142236331891,3792
84705C,PINK FLOCK PHOTO FRAME,5,6,160,213.6,14.465332613785845,8.819073983267831,3793
84921,CREAM AND PINK FLOWERS PONY,13,14,31,116.25,23.738031689213337,8.812843433517195,3794
90162C,ANT SILVER FUSCHIA BOUDICCA RING,9,15,41,120.95,20.490740816946264,8.812843433517195,3795
84706A,ENGLISH ROSE TABLE CLOCK,6,6,136,307.2,18.193529171240616,8.811801223938751,3796
84933C,LARGE BLUE ORIENTAL FOLDING STOOL,6,6,136,317.0,18.823521825645873,8.811801223938751,3797
90170,DAISY HAIR BAND,9,9,66,108.9,23.567996183344228,8.809862805379058,3798
82076,BEECH WOOD PHOTO FRAME,4,5,222,277.5,18.511763601205978,8.808369153122275,3799
90003D,CRYSTAL PAIR HEART HAIR SLIDES,13,13,33,123.75,24.220686436012627,8.804475183846678,3800
47344B,BLUE FLOWER DES PURSE,10,10,54,56.16,23.261059390651507,8.803123730829213,3801
90210A,GREY ACRYLIC FACETED BANGLE,10,10,54,118.50000000000001,23.033217318555742,8.803123730829213,3802
22929,SCHOOL DESK AND CHAIR,16,16,22,1394.75,24.313395834116896,8.801920904041582,3803
84548,CROCHET BEAR RED/BLUE  KEYRING,11,12,41,67.65,22.385590653297605,8.787525625532906,3804
90146,FINE SILVER NECKLACE W PASTEL FLOWE,12,13,35,228.75,24.014419755046358,8.787525625532904,3805
84313A,PINK TV TRAY TABLE,10,16,34,144.5,22.243279573021038,8.786456678344,3806
20664,TROPICAL HOLIDAY PURSE,11,16,31,91.45000000000002,22.051632735643107,8.783855896643944,3807
22888,NUMBER TILE VINTAGE FONT 9,9,9,64,73.24,21.14693229098378,8.77955745588373,3808
84549,CROCHET WHITE RABBIT KEYRING,9,9,64,100.8,22.542011481659404,8.77955745588373,3809
90010E,AMBER GLASS/SILVER BRACELET,13,15,28,244.14999999999998,23.462772136760112,8.778941881841513,3810
79329,PINK FLOCK GLASS CANDLEHOLDER,7,7,100,65.94,19.297708265770257,8.774003600200931,3811
82093,HEART SHAPE BUTTON FRAME,7,7,100,150.0,21.77058483122697,8.774003600200931,3812
84877A,PINK ROUND COMPACT MIRROR,12,12,37,108.75,21.595532011566362,8.767484874649458,3813
37468,HARDMAN MUG 3 ASSORTED,9,10,57,22.23,22.28250028617432,8.760923376338836,3814
84623,PINK GINGHAM ROSE FLOOR CUSHION,8,12,53,261.35,21.590137727074794,8.75115798136203,3815
90129A,PINK GLASS TASSLE BAG CHARM,13,14,29,85.55000000000001,23.55571013241938,8.748304912379623,3816
23141,TRIPLE WIRE HOOK PINK HEART,13,13,31,125.29,23.70189264259746,8.743850562030243,3817
37489B,BLUE/YELLOW FLOWER DESIGN BIG MUG,13,13,31,29.25,23.945426883559406,8.743850562030243,3818
72771B,BURG FLOCK GOLD CUP/CANDLE,6,6,127,53.34,20.504055659763704,8.743850562030243,3819
77079,DOLPHIN WINDMILL,9,10,56,118.72,22.100178729380364,8.743531633626967,3820
23466,TUSCAN VILLA DOVECOTE,12,13,33,266.25,23.011117646182573,8.730367211692958,3821
44242B,PINK FEATHERS CURTAIN,7,7,94,108.3,20.317607686206717,8.712759974960212,3822
37509,NEW ENGLAND MUG W GIFT BOX,13,13,30,76.5,24.07895827618393,8.712101863715663,3823
84845D,GERANIUM SQUARE HANDY TIN,11,11,41,51.25,22.480570199936416,8.70748291785937,3824
90210C,RED   ACRYLIC FACETED BANGLE,7,7,93,151.95000000000002,18.762030665304312,8.702177865629675,3825
90148,LONG SILVER NECKLACE PASTEL FLOWER,14,15,24,306.0,23.632671173555508,8.699514748210191,3826
35916C,PINK FELT HANGING HEART W FLOWER,8,8,73,62.05,22.95489171045782,8.69851424787661,3827
85166A,WHITE METAL BAROQUE PHOTO FRAME,8,8,72,120.0,18.58693795735179,8.68490859582083,3828
90000A,RASPBERRY ANT COPPER FLOWER NECKLAC,14,14,25,148.75,23.63267117355551,8.674196940225903,3829
35610A,PINK CHRISTMAS FLOCK DROPLET,7,7,90,72.66,20.828585737379452,8.66974258987652,3830
84933B,LARGE PINK PEONY FOLDING STOOL,5,6,136,309.15,17.42103622883898,8.657650544111494,3831
84596I,WRAP SWEETS LIGHT PINK SMALL BOWL,8,8,70,76.86,16.232018445461787,8.657129031713755,3832
84456,SET OF 3 RABBIT EGG EASTER,12,12,33,28.049999999999997,22.090853448796388,8.656259239539235,3833
90214T,"LETTER ""T"" BLING KEY RING",9,12,43,42.230000000000004,19.82576451335302,8.651724084373845,3834
90104,PURPLE FRANGIPANI HAIRCLIP,10,10,46,39.1,22.106357635332355,8.6459381473068,3835
37462E,"PET MUG, GOLDFISH",8,8,69,25.99,19.335370194459546,8.642944396721798,3836
84414B,FUSCHIA/GREEN STRIPE WOOLLY BLANKET,7,8,77,497.15,18.33728522187305,8.633374945705647,3837
22879,NUMBER TILE VINTAGE FONT 0,7,9,69,84.75,19.16547115766415,8.63052187672324,3838
84933A,LARGE GREEN PEONY FOLDING STOOL,5,6,131,314.35,16.095604613122788,8.620471540869739,3839
23116,VEGETABLE GARDEN CHOPPING BOARD,9,9,54,238.5,17.899945919154028,8.612503371220562,3840
23416,CHAMBRE HOOK,9,9,54,87.84,20.369323065793544,8.612503371220562,3841
79331,PINK FLOCK GLASS CANDLEHOLDER,8,9,60,73.60000000000001,21.81397704209902,8.610683534503575,3842
84292,ROSE PINK METAL FOLDING CHAIR,11,11,37,294.15000000000003,22.646474532594663,8.607399459302385,3843
23428,IVORY RETRO KITCHEN WALL CLOCK,12,13,29,236.35,22.733485909584292,8.605204068738951,3844
84706F,RED PEONY TABLE CLOCK,12,13,29,181.54999999999998,22.68024139506548,8.605204068738951,3845
90184A,AMBER CHUNKY BEAD BRACELET W STRAP,11,12,34,304.29999999999995,21.124047997150193,8.605204068738951,3846
84926B,SCOTTS ROSES TILE COASTER,8,10,54,67.5,20.754950533212902,8.602453035367063,3847
90214O,"LETTER ""O"" BLING KEY RING",11,13,31,27.23,20.416877015224717,8.589699882202986,3848
90129D,AMBER GLASS TASSLE BAG CHARM,11,11,36,106.20000000000002,21.48731842692613,8.580731212220226,3849
90214I,"LETTER ""I"" BLING KEY RING",9,11,43,42.230000000000004,18.655889204663417,8.571681376700308,3850
23410,CURIO CABINET LINEN AND LACE,12,14,26,208.6,22.705086435062597,8.568836424568076,3851
21339,MARAKESH LANTERN LARGE,12,12,30,544.5,20.9147992341548,8.56388591940822,3852
20879,TREE OF NOAH FESTIVE SCENTED CANDLE,8,8,62,40.3,22.122278401753533,8.537583881063972,3853
90000D,COPPER/OLIVE GREEN FLOWER NECKLACE,13,13,25,148.75,21.995062384154714,8.536211197252,3854
84690,S/2 BEACH HUT STOOLS,12,13,27,214.65,22.048306898673523,8.536211197252,3855
90159,COTE D'AZURE NECKLACE,11,13,29,143.55,21.407275719252592,8.525161361065415,3856
90175D,TIGRIS EYE CHUNKY CHARM BRACELET,10,14,29,259.55,20.803740697382334,8.507142855562737,3857
23151,ZINC SWEETHEART SOAP DISH,12,12,28,68.02000000000001,21.448097713772846,8.497194544909547,3858
84767,ZINC POLICE BOX LANTERN,4,4,193,783.7,11.187084515417677,8.48673398393153,3859
85168A,WHITE BAROQUE CARRIAGE CLOCK,12,15,22,218.89999999999998,20.7831214101796,8.473032295630468,3860
20899,VINTAGE NOTEBOOK RED ROSE,11,11,32,94.4,20.82234212333288,8.466320861042481,3861
20896,VINTAGE NOTEBOOK PINK FLOWER,12,12,27,79.65,21.407275719252596,8.462103225098277,3862
90014B,GOLD M PEARL  ORBIT NECKLACE,13,15,20,185.0,21.43544659621929,8.456168489578463,3863
90124A,PINK MURANO TWIST NECKLACE,13,13,23,228.84999999999997,21.776373183189882,8.456168489578463,3864
44091C,MULTICOLOUR CRUSOE CHECK LAMPSHADE,9,9,46,19.32,18.829659671360325,8.45531778769815,3865
20848,ZINC HEART LATTICE CHARGER SMALL,9,11,38,112.10000000000001,20.575482045401355,8.451053388911692,3866
82545A,COGNAC AUX OEUFS METAL 1 HOOK,11,11,31,38.75,21.407275719252596,8.435549202375727,3867
90144,SILVER DROP EARRINGS WITH FLOWER,11,11,31,116.25,21.55791257978005,8.435549202375727,3868
90030A,SPOTTED WHITE NATURAL SEED NECKLACE,7,7,71,95.75,20.590745133403566,8.435549202375727,3869
90129E,PURPLE GLASS TASSLE BAG CHARM,10,10,37,109.15000000000002,20.506489173914403,8.433376705323127,3870
84629,WHITE 3 FRAME BIRDS AND TREE,12,13,24,237.8,20.49098498737844,8.422882511944996,3871
84450B,YELLOW RABBIT SAT EASTER,7,7,70,29.4,20.14778079584631,8.421562960400987,3872
84711A,SILVER OVAL SHAPE TRINKET BOX,11,12,28,278.59999999999997,20.795543930178155,8.41715183723601,3873
35819P,"ACRYLIC HANGING JEWEL,PINK",6,6,91,65.03,19.479470538433304,8.413608875159667,3874
90036D,"FLOWER GLASS GARLAND NECKL.36""BLACK",10,11,33,262.35,20.888481925837425,8.409162447202533,3875
21118,SHOPPING BAG DOORSTOP,7,7,69,104.25,19.931369199443015,8.40737832540903,3876
23015,CORDIAL GLASS JUG,11,11,30,247.5,21.188586518287764,8.403800504061147,3877
44241C,BLUE BUTTERFLY ON SPRING,7,7,68,57.8,16.730015422362968,8.392989587956931,3878
84805A,CREAM CLIMBING HYDRANGA ART FLOWER,5,5,121,175.35,15.190363717435218,8.387539983189367,3879
22823,CHEST NATURAL WOOD 20 DRAWERS,12,13,23,2620.0,20.7831214101796,8.38206051742474,3880
48103,DOOR MAT KISS MY.......,10,10,35,201.73,18.64710951701137,8.37930948405285,3881
84206A,3 BLACK CATS W HEARTS BLANK CARD,7,7,67,12.73,19.65163972376324,8.378390788535778,3882
PADS,PADS TO MATCH ALL CUSHIONS,14,16,16,0.016,21.029981488111126,8.374476889214641,3883
90084,PINK CRYSTAL GUITAR PHONE CHARM,8,8,52,44.199999999999996,18.933099977247903,8.36474106822456,3884
90010A,MIDNIGHT BLUE GLASS/SILVER BRACELET,10,12,29,253.1,19.671613833525758,8.364042011922063,3885
44089A,PINK GAUZE BUTTERFLY LAMPSHADE,10,11,31,13.02,20.410698109272726,8.348537825386098,3886
84855,BLOKEY SILVER TOOL SET,10,11,31,153.45,19.44561721322914,8.348537825386098,3887
22657,HEN & 2 CHICKS IN BASKET,7,7,65,55.25,20.211255511698663,8.348537825386096,3888
45016,DECORATIVE NET CANOPY LEOPARD,7,7,65,218.75,17.163651407437833,8.348537825386096,3889
90014C,SILVER/BLACK ORBIT NECKLACE,12,13,22,218.89999999999998,20.272295786413608,8.339500903005945,3890
90178A,AMBER CHUNKY GLASS+BEAD NECKLACE,12,13,22,262.9,20.67776089452177,8.339500903005945,3891
90013A,MIDNIGHT BLUE VINTAGE EARRINGS,8,10,41,153.75,19.85861833822409,8.332789468417959,3892
84529C,YELLOW KNITTED KIDS RUCKSACK,9,11,33,222.75,19.56340024888552,8.313852267398207,3893
16161C,WRAP SPEED DEMONS,2,2,450,45.0,11.862201101427015,8.308691916838898,3894
84575A,PINK DOG CANNISTER,12,12,23,96.85,19.151210641893442,8.30795254527102,3895
21674,RIDGED GLASS PENDANT LAMPSHADE,8,9,44,697.8,19.541164107438643,8.306472160100585,3896
21759,METAL WALL SHELF UNIT WITH HOOKS,11,11,27,968.08,18.180431724735215,8.302017809751204,3897
90161A,ANT COPPER RED BOUDICCA BRACELET,10,10,32,158.4,19.593043394172483,8.292298107063221,3898
90186B,CRYSTAL HOOP EARRING FLORAL LEAF,10,10,32,94.4,19.567142665740324,8.292298107063221,3899
23447,PINK BUNNY EASTER EGG BASKET,4,4,158,231.9,11.700566183241783,8.287780027088433,3900
84621,BLUE GINGHAM ROSE FLOOR CUSHION,9,13,27,214.65,17.985214879955528,8.273846932784508,3901
35824P,"HANGING FLOWERS+MIRROR,PINK",2,3,324,136.44,10.102912017229745,8.268731832117737,3902
75172,PAINTED SEA SHELL METAL WINDCHIME,8,8,47,54.89,18.61530392454834,8.26565016558033,3903
72796B,S/3 FRENCH VANILLA SQU CANDLE,11,11,26,42.9,19.76147016264762,8.265650165580329,3904
20693,FLORAL DINOSAUR GREEN,10,12,26,110.5,19.37662434174219,8.258681496264236,3905
90119,METALIC LEAVES BAG CHARMS,4,15,47,115.98,10.913487182847634,8.253227645581772,3906
84803B,WHITE ALLIUM  ARTIFICIAL FLOWER,9,9,37,62.53,19.225555328452337,8.242756345714477,3907
62074B,ELEPHANT CLIP W SUCTION CUP,8,11,34,14.28,16.88944754341965,8.237479288613633,3908
90081C,LILY BROOCH OLIVE COLOUR,11,11,25,123.75,19.680054771162112,8.227909837597483,3909
90016B,GOLD/M.O.P PENDANT ORBIT NECKLACE,12,14,18,153.0,19.356005054539455,8.217438537730187,3910
84539,KNITTED RABBIT DOLL,9,9,36,59.4,18.47216806751504,8.216088098632316,3911
72793,BLACK BOX MIRROR LANTERN,5,10,55,268.75,13.585946438847142,8.215006432761575,3912
85151,WELCOME METAL SIGN,8,8,44,55.0,18.255655145972803,8.201111644442758,3913
35265,COLOURFUL FLOWER FRUIT BOWL,12,13,19,82.05,19.579148605853664,8.199738960630786,3914
40005B,BLUE ORGANDY ROUND LAMPSHADE W BEA,9,11,29,24.65,19.514610084716093,8.188689124444203,3915
35932,PINK CHRISTMAS TREE DECORATION,9,9,35,14.87,19.07140464862508,8.188689124444203,3916
37462B,"PET MUG, BUDGIE",4,5,119,49.98,14.929287283152155,8.1886891244442,3917
90070,RUBY GLASS CLUSTER BRACELET,8,10,35,208.25,18.358054760747617,8.1786387885907,3918
84656,WHITE ROSE C/COVER,12,12,20,119.0,19.579148605853664,8.174421152646497,3919
23561,SET OF 6 RIBBONS PARTY,5,5,97,256.33,15.380453070511809,8.168486417126683,3920
90177D,DROP DIAMANTE EARRINGS PURPLE,9,10,31,91.45000000000002,17.66490758018767,8.166216268592143,3921
84925C,FAIRY CAKES  WALL THERMOMETER,10,10,28,71.39999999999999,18.634686997012814,8.163086375583216,3922
72724,SET/6 CHRISTMAS ICICLE T-LIGHTS,9,9,34,42.5,18.086121045263976,8.160518247477505,3923
20688,BEAUTY SPEED EXPRESSO CUPS,8,8,42,117.9,16.324133734369592,8.155649270366002,3924
90214F,"LETTER ""F"" BLING KEY RING",9,11,28,23.48,17.356606220533155,8.154787572768521,3925
84709A,SILVER OVAL JEWELLED MIRROR,11,11,23,136.85,19.39682704905971,8.147867129923947,3926
84447,6 RABBIT CHAIN EASTER,7,7,53,45.05,18.992598155689805,8.147867129923945,3927
35955,SMALL FOLKART CHRISTMAS TREE DEC,4,4,135,34.62,10.635855446249353,8.131530710604252,3928
84858A,NATURAL RIVIERA HANDBAG,7,7,52,116.7,14.658125470447096,8.129174996911793,3929
20821,GOLDIE LOOKING MIRROR,10,10,26,128.70000000000002,18.026697624793172,8.09162741160107,3930
47369B,BLUE GREEN EMBROIDERY COSMETIC BAG,10,10,26,79.54,19.040152105120978,8.09162741160107,3931
35638B,PINK/BLUE STRING CURTAIN,4,5,107,252.64999999999998,12.001260050900687,8.083328608786374,3932
90013C,GREEN VINTAGE EARRINGS,9,9,31,116.25,19.296149481306262,8.070906088787819,3933
35085E,IVORY ROSE LAMPSHADE,7,9,39,44.25,17.936841295671314,8.070906088787817,3934
72369A,PINK CLEAR GLASS CANDLE PLATE,7,7,49,61.25,17.823854432278424,8.070906088787817,3935
85023C,PINK LARGE JEWELED PHOTOFRAME,10,11,23,58.64999999999999,18.585896832843382,8.060855752934316,3936
90115,SUMMER BUTTERFLIES BAG CHARM,10,10,25,63.75,18.634686997012814,8.053887083618223,3937
90129F,RED GLASS TASSLE BAG CHARM,10,10,25,73.75,18.075071209077393,8.053887083618223,3938
79303D,LILAC FLOWER BLOCK TABLE LAMP,5,7,64,188.8,13.862699440766733,8.045588280803528,3939
81950V,FLOWER PURPLE CLOCK WITH SUCKER,9,9,30,16.54,17.356606220533155,8.039157390473239,3940
16050,TEATIME PENCIL WITH RUBBER,4,4,122,30.5,14.420429621606694,8.031060180240617,3941
90199B,5 STRAND GLASS NECKLACE AMETHYST,12,12,17,107.94999999999999,18.545074838323124,8.020270472819238,3942
62043B,BLUE CHECK BAG W HANDLE 34X20CM,6,8,47,69.35,14.098509682511674,8.014335737299424,3943
45013,FOLDING SHOE TIDY,7,7,46,126.10000000000001,16.482738764546227,8.00903068506973,3944
20835,FRENCH LATTICE CUSHION COVER,6,6,60,50.040000000000006,18.310500811316444,8.002694162283937,3945
90162A,ANT SILVER TURQUOISE BOUDICCA RING,8,10,29,85.55000000000001,16.922489350620943,7.996317231796747,3946
90040D,MURANO STYLE GLASS BRACELET PINK,9,10,26,91.0,18.29376041004222,7.996317231796746,3947
90096,NECKLACE+BRACELET SET BLUE BLOSSOM,9,10,26,66.3,17.40254331572018,7.996317231796746,3948
90036A,FLOWER GARLAND NECKLACE RED,9,13,20,159.0,17.734144622106797,7.986164860332726,3949
90123B,TURQUOISE HEART OF GLASS BRACELET,8,11,26,154.70000000000002,17.877001295315296,7.977968093128549,3950
10124G,ARMY CAMO BOOKCOVER TAPE,8,8,35,14.700000000000001,18.252025377922223,7.977968093128549,3951
90042C,FRESHWATER PEARL BRACELET IVORY,8,8,35,89.25,18.233676239254027,7.977968093128549,3952
90154,LAZER CUT NECKLACE W PASTEL BEADS,6,6,58,430.7,12.000376007819684,7.969357742016346,3953
90083,CRYSTAL CZECH CROSS PHONE CHARM,6,8,44,34.94,16.897652427474004,7.949797216161852,3954
90099,NECKLACE+BRACELET SET BLUE HIBISCUS,11,12,17,43.349999999999994,17.669606100969226,7.940227765145702,3955
90002C,FLOWER BURST SILVER RING MIDN'T BLU,8,11,25,93.75,17.224676109275606,7.940227765145702,3956
18010,ASSORTED FRAGRANCE BATH CONFETTI,6,6,56,23.52,16.914521180971768,7.934871565945176,3957
23540,WALL ART THE MAGIC FOREST,3,4,138,839.34,10.083305979111964,7.930206206684682,3958
84529A,PINK KNITTED KIDS RUCKSACK,9,10,24,162.0,17.297182800062355,7.919356190660617,3959
20958,PORCELAIN HANGING BELL LARGE,9,9,26,50.699999999999996,17.135063950585916,7.901007051992421,3960
23560,SET OF 6 RIBBONS COUNTRY STYLE,5,5,74,189.86,12.854724426203555,7.90100705199242,3961
72798C,SET/4 GARDEN ROSE DINNER CANDLE,9,10,23,37.95,17.18385411475535,7.878534196140363,3962
84367,LA STREGA CANVAS PICTURE,5,6,61,102.75,15.478072088720646,7.86480400332846,3963
37489C,GREEN/BLUE FLOWER DESIGN BIG MUG,9,9,25,20.67,17.589319222863512,7.8632667240095735,3964
79303B,BLUE STAR BLOCK TABLE LAMP,4,4,103,303.85,11.473102970783057,7.8632667240095735,3965
21764,VINTAGE WOODEN PLATE RACK,11,11,17,659.1500000000001,17.381924028517446,7.860185057472165,3966
90185A,AMBER DIAMANTE EXPANDABLE RING,7,8,35,148.75,16.43276389889504,7.860185057472165,3967
71050,SMALL SINGLE FLAME CANDLE HOLDER,6,7,45,15.75,17.061372558317412,7.853993087224244,3968
17191A,ROSE FLOWER CANDLE+INCENSE 16X16CM,8,10,25,93.75,16.75331536909507,7.853216388156072,3969
47583A,SET OF 3 WICKER BASKET ROSE,5,5,70,561.8000000000001,10.443017244430473,7.846198815497425,3970
90191,SILVER LARIAT 40CM,10,10,20,137.4,16.36846954818964,7.840312983320164,3971
23429,RED RETRO KITCHEN WALL CLOCK,9,10,22,179.3,17.55295157869264,7.835974581721566,3972
84613A,PINK NEW BAROQUE FLOCK CANDLESTICK,9,10,22,102.3,17.025249084578714,7.835974581721566,3973
85023A,CRYSTAL LARGE JEWELLED PHOTO FRAME,9,10,22,56.099999999999994,16.842927527784756,7.835974581721566,3974
23446,BLUE BUNNY EASTER EGG BASKET,3,3,157,230.25,10.314271822121892,7.835183755266748,3975
35936,CERISE+GOLD CHRISTMAS TREE DEC,7,8,34,12.92,16.74202136247631,7.832014180505469,3976
90013D,PURPLE VINTAGE EARRINGS,7,8,34,127.5,15.914754726940288,7.832014180505469,3977
90149,SILVER FLOWR PINK SHELL NECKLACE,5,6,59,387.78000000000003,12.099110848505374,7.832014180505468,3978
47369A,PINK GREEN EMBROIDERY COSMETIC BAG,9,9,24,70.80000000000001,17.06607107909897,7.824046010856293,3979
90003C,MIDNIGHT BLUE PAIR HEART HAIR SLIDE,9,9,24,90.0,17.066071079098965,7.824046010856293,3980
21337,SILVER WASHBAG,7,9,30,88.50000000000001,15.718997431132358,7.8160138391590275,3981
79413,GLASS WINE GLASS DECORATIONS,7,9,30,37.5,15.200203637717191,7.8160138391590275,3982
35610C,WHITE CHRISTMAS FLOCK DROPLET,5,5,67,43.91,13.80327602029593,7.803026643632217,3983
20860,GOLD COSMETICS BAG WITH BUTTERFLY,10,10,19,39.9,16.75331536909507,7.791522819150732,3984
90155,RESIN NECKLACE W PASTEL BEADS,10,10,19,142.5,17.094241956065662,7.791522819150732,3985
35821B,"JEWELLED DECORATION,BLUE",3,3,150,57.0,13.670725219435305,7.789868559054705,3986
84967B,BLUE KASHMIRI OCCASIONAL TABLE,8,10,23,1169.5,15.74876958946603,7.773173680482536,3987
17014E,ORIGAMI OPIUM INCENSE CONES,4,4,93,33.3,9.757305042358047,7.762170607138204,3988
79149B,SILICON STAR BULB  BLUE,8,9,25,10.5,15.72629673361397,7.757906208351747,3989
21003,ROSE DU SUD CUSHION COVER,9,10,20,127.0,16.267563382881196,7.74500280351584,3990
17013B,ORIGAMI JASMINE INCENSE IN TUBE,2,2,255,217.6,11.09777359127252,7.742402021815781,3991
17007B,S/3 POT POURI CUSHIONS BLUE COLOURS,6,6,46,96.60000000000001,14.62483949281363,7.7419678998206845,3992
20786,BLACK RETRO BAR STOOL,9,9,22,830.9,15.159381643196935,7.7406644019172415,3993
84424A,FOUR PICTURE WHITE GLASS FRAME,9,9,22,82.5,16.08078747573786,7.7406644019172415,3994
90196A,PURPLE GEMSTONE NECKLACE 45CM,9,9,22,280.5,16.17795122419151,7.7406644019172415,3995
22864,MUG AND COASTER SET RED CIRCLES,1,2,378,158.76,7.036148493750536,7.729295674310482,3996
90190C,SILVER/AMETHYST DROP EARRINGS LEAF,8,8,27,79.65,15.967458790430857,7.7266536648476425,3997
20988,TRELLIS FLOWER CHOPSTICKS SET/5,8,9,24,46.8,15.79310540328608,7.718685495198466,3998
84760L,LARGE HANGING GLASS+ZINC LANTERN,1,1,560,896.0,7.022868086082641,7.716015266642587,3999
84963A,PINK PAINTED KASHMIRI CHAIR,8,8,26,885.2,15.420265522493992,7.690286020676768,4000
84706C,PINK FLOCK TABLE CLOCK,4,4,84,170.8,13.487006490992238,7.661527081358518,4001
84875A,PINK SQUARE COMPACT MIRROR,10,11,15,56.25,15.772486116083344,7.655390644826152,4002
90040C,MURANO STYLE GLASS BRACELET GOLD,8,8,25,87.5,16.502000940814167,7.652545692693922,4003
90029,NEW BAROQUE SMALL NECKLACE BLACK,9,9,20,170.0,15.638954723458822,7.649692623711514,4004
90040A,MURANO STYLE GLASS BRACELET RED,9,9,20,70.0,16.34785026098691,7.649692623711514,4005
21308,LOUVRE VANITY MIRROR,3,3,129,653.85,8.715388097366482,7.640123172695363,4006
90162D,ANT SILVER PURPLE BOUDICCA RING,6,10,26,76.70000000000002,14.045020997560687,7.639642287858013,4007
90016A,SILVER/M.O.P PENDANT ORBIT NECKLACE,8,9,22,148.75,14.763485986104923,7.635303886259415,4008
72740A,LARGE STRAWBERRY CHOCOLATE CANDLE,5,5,56,94.7,14.52767574435998,7.62657020629066,4009
85165,CANDY PINK FRENCH BOUDOIR CLOCK,9,11,16,159.2,15.59016455928939,7.620705086838263,4010
15059A,ENGLISH ROSE EDWARDIAN PARASOL,1,1,505,1515.0,6.919683849847411,7.6128310304073565,4011
47552A,DOTS IRONING BOARD COVER,11,11,13,25.349999999999998,16.060168188535126,7.608870629191259,4012
90024D,NEW BAROQUE B'FLY NECKLACE PINK,11,11,13,110.5,16.060168188535126,7.608870629191259,4013
90036E,"FLOWER GLASS GARLD NECKL36""AMETHYST",9,10,17,135.15,15.772486116083346,7.590852123688581,4014
23575,SNACK TRAY PAISLEY PARK,5,5,54,90.89999999999998,10.823292103710079,7.590852123688581,4015
85179C,PINK BITTY LIGHT CHAIN,6,6,39,72.55,15.10589295824595,7.580699752224563,4016
90003B,ROSE COLOUR PAIR HEART HAIR SLIDES,8,8,23,86.25,15.20531873838396,7.572502985020385,4017
85018A,S/6 PAPER BOXES ROMANTIC IMAGES,10,10,15,63.75,15.472381523633006,7.568379267836523,4018
17013C,ORIGAMI LAVENDER INCENSE IN TUBE,2,2,213,89.46000000000001,10.73168996408894,7.56320059235807,4019
90166,PINK & WHITE ROSEBUD RING,7,11,19,80.15,14.540342434790713,7.5600804650218265,4020
46776D,WOVEN SUNSET CUSHION COVER,7,9,23,113.85000000000001,14.917636665932179,7.5600804650218265,4021
90214V,"LETTER ""V"" BLING KEY RING",7,9,23,17.23,14.296335425841594,7.5600804650218265,4022
23580,SNACK TRAY HAPPY FOREST,7,7,29,56.55,14.621757826276221,7.5600804650218265,4023
47341A,FUSCHIA TABLE RUN FLOWER,7,7,29,46.25,14.09154101319558,7.5600804650218265,4024
90214Y,"LETTER ""Y"" BLING KEY RING",4,5,63,21.15,11.426582955148163,7.5600804650218265,4025
16151A,FLOWER DES BLUE HANDBAG/ORANG HANDL,5,5,52,72.5,11.749735207048252,7.553810852008231,4026
90092,BLUE CRYSTAL BOOT PHONE CHARM,5,5,52,44.199999999999996,13.947857249107038,7.553810852008231,4027
84564,6 SEGMENT COLOURED SNACK BOWL,9,9,18,143.1,15.051168058556701,7.549609165154532,4028
90124B,BLUE MURANO TWIST NECKLACE,9,9,18,179.1,15.707947594945773,7.549609165154532,4029
21760,FRENCH STYLE WALL DRESSER,11,11,12,1470.0,15.65470308042696,7.534762657037538,4030
17011D,ORIGAMI ROSE INCENSE+FLOWER,2,2,207,129.3,9.421573272264558,7.534762657037538,4031
90196B,BLACK GEMSTONE NECKLACE 45CM,9,10,16,204.0,15.484804043631565,7.533693709848633,4032
90100,NECKLACE+BRACELET SET PINK DAISY,7,9,22,56.099999999999994,14.070338805544978,7.517520850603031,4033
90180B,PURPLE AMETHYST NECKLACE W TASSEL,10,10,14,139.29999999999998,15.484804043631563,7.503840746698952,4034
90194,SILVER LARIAT BLACK STONE EARRINGS,10,10,14,59.5,15.249237972318797,7.503840746698952,4035
35597D,PINK/WHITE CHRISTMAS TREE 30CM,6,6,36,16.919999999999998,12.858397831569864,7.502738210754851,4036
23459,DOLLY CABINET 2 DRAWERS,9,9,17,212.5,15.72037011494433,7.495541943884256,4037
90199A,5 STRAND GLASS NECKLACE BLACK,9,9,17,107.94999999999999,15.120160930043653,7.495541943884256,4038
90121B,VINTAGE ROSE BEAD BRACELET BLUE,8,9,19,80.75,14.881269021761305,7.495541943884255,4039
21309,LOUVRE CHALKBOARD,5,5,49,325.6,11.297750083305194,7.495541943884255,4040
90005A,JADE GREEN ENAMEL HAIR COMB,5,7,36,70.2,14.45494045601823,7.482118923552115,4041
35071,ASSORTED SANTA CHRISTMAS DECORATION,5,5,48,40.8,13.343905647351566,7.475339236566736,4042
90023,FILIGREE DIAMANTE EARRINGS,7,10,19,80.75,14.203870198169499,7.473069088032197,4043
90123D,WHITE HEART OF GLASS BRACELET,7,8,23,136.85,13.708548760939474,7.4547199493640015,4044
84593,CROCHET ROSE DES CLOTHES HANGER,7,7,26,76.7,14.416963413630208,7.454719949364001,4045
37352,BIRD IN TREE MUG,5,7,35,43.75,12.27857933631692,7.454719949364001,4046
90190B,GOLD/AMBER DROP EARRINGS W LEAF,6,6,34,100.30000000000001,14.427430329368924,7.44716835960004,4047
90205C,LARGE CRYSTAL DIAMANTE HAIRSLIDE,5,5,46,68.7,11.681824001432041,7.433666540166168,4048
21950,SET OF 6 DOTS CHOPSTICKS,2,2,185,197.05,8.376550861613772,7.422971251049422,4049
90036C,"FLOWER GLASS GARLAND NECKL.36""BLUE",7,8,22,174.9,14.2038701981695,7.412160334945205,4050
21097,SET/6 GREEN SPRING  PAPER PLATE,5,7,33,28.05,13.015401580379528,7.397561535524052,4051
84706B,FAIRY CAKES TABLE CLOCK,8,8,19,170.04999999999998,15.014800414385828,7.39018142822643,4052
90137,PINK COMBO MINI CRYSTALS NECKLACE,8,8,19,94.05000000000001,14.540342434790713,7.39018142822643,4053
85225,BLING KEY RING STAND,8,9,17,20.25,13.798405090061333,7.3901814282264295,4054
72708,SCULPTED ROUND IVORY CANDLE,5,5,44,9.24,13.472501804789356,7.3901814282264295,4055
20715,LITTLE FLOWER SHOPPER BAG,1,1,400,424.0,6.687108607866515,7.38025578842646,4056
84586L,"PINK ROSES/GINGHAM PATCH RABBIT 8""",9,9,15,44.25000000000001,14.673873827415235,7.377758908227873,4057
90199D,5 STRAND GLASS NECKLACE AMBER,9,9,15,95.25,14.134877326682547,7.377758908227873,4058
72083A,STRAWBERY SWIRL FLARE CANDLE,7,7,24,50.400000000000006,14.008653353389812,7.377758908227872,4059
84402B,PURPLE DRESS JEWELLERY STAND,4,4,63,54.09,12.913122731259111,7.377758908227872,4060
46775E,CANDY POP CHUNKY KNITTED THROW,8,10,15,254.25,14.386191754963454,7.367708572374372,4061
37351,ORANGE FLOWER MUG,6,6,31,35.31,14.938255953134915,7.357556200910353,4062
23579,SNACK TRAY I LOVE LONDON,6,7,27,52.65,13.96943264023653,7.357556200910352,4063
17013F,ORIGAMI SANDLEWOOD INCENSE IN TUBE,4,4,61,25.05,9.588228712314113,7.346010209913292,4064
17014F,ORIGAMI SANDLEWOOD INCENSE CONES,4,4,61,23.699999999999996,9.317938382574201,7.346010209913292,4065
72753C,S/3 FLWR FAIRY ROSE CANDLES,5,5,42,99.9,13.989235267532711,7.344719054149673,4066
20667,CHERRY BLOSSOM PURSE,6,9,21,61.95,12.95370801137419,7.339537695407675,4067
21353,SILVER SLEIGHBELL  WREATH,8,8,18,143.1,14.203870198169499,7.338888133838879,4068
90116,FRUIT SALAD BAG CHARM,8,8,18,30.42,14.252660362338931,7.338888133838879,4069
90204,PAIR OF ENAMEL BUTTERFLY HAIRCLIP,8,8,18,60.3,14.244692192689753,7.338888133838879,4070
23016,GLASS TWIST BON BON JAR,7,7,23,180.54999999999998,14.342272521028617,7.336936913707618,4071
81985A,"ICON ALARM CLOCK,FUSCHIA  PIN UP",7,7,23,58.65,14.119128969714408,7.336936913707618,4072
TEST001,This is a test product.,2,9,50,225.0,8.510772623613315,7.333023014386482,4073
84251J,"GREETING CARD, THE BLACK CAT",4,4,60,25.2,13.686312619492593,7.3297496890415115,4074
90125C,TURQUOISE BERTIE GLASS BEAD CHARM,3,4,75,67.5,8.567125560164447,7.3264656138403215,4075
90123C,GREEN HEART OF GLASS BRACELET,7,8,20,119.0,14.362475228346137,7.321188556739479,4076
85018B,S/6 PAPER BOXES BLOSSOM IMAGES,9,9,14,59.5,13.729412218574383,7.313220387090302,4077
90000B,MIDNIGHT BLUE COPPER FLOWER NECKLAC,9,9,14,83.3,14.386191754963454,7.313220387090302,4078
90018B,GOLD M.O.P ORBIT DROP EARRINGS,9,9,14,59.5,14.503974790619838,7.313220387090302,4079
90178B,PURPLE CHUNKY GLASS+BEAD NECKLACE,9,9,14,167.29999999999998,14.386191754963454,7.313220387090302,4080
85128,PLANTPOT SINGLE HOOK PISTACHIO,2,2,165,182.09,7.1853870155804165,7.309212365692764,4081
84632,DECORATIVE HANGING SHELVING UNIT,8,10,14,799.3,13.810827610059892,7.303170051236801,4082
35644,PAIR PINK/BLACK COATHANGERS,6,7,25,48.75,12.946408708892577,7.283448228756631,4083
18097A,PINK TALL PORCELAIN T-LIGHT HOLDER,8,9,15,38.24999999999999,14.098509682511674,7.272398392570047,4084
81953P,ROUND ARTICULATED PINK CLOCK W/SUCK,5,6,33,9.57,11.885536748207315,7.2640301428995295,4085
48179,DOOR MAT SWEET HOME,6,6,28,131.25,11.526591655734043,7.259116128097101,4086
84732B,CUTE BIRD CEATURE SCREEN,6,6,28,18.48,11.767753712550931,7.259116128097101,4087
84622,PINK GINGHAM ROSE CUSHION COVER,7,7,21,124.95,13.957010120237971,7.249925536717988,4088
35638A,PINK AND BLACK STRING CURTAIN,5,5,38,86.1,10.170150257763833,7.247080584585756,4089
84425A,WHITE GLASS TV TRIPLE FRAME,8,8,16,68.0,14.098509682511674,7.227662498728655,4090
90158,ST TROPEZ NECKLACE,8,8,16,79.2,13.693044574403508,7.227662498728655,4091
17027A,INCENSE BAZAAR CANNABIS,1,2,228,84.84,6.53233429222235,7.225481472782295,4092
35910B,PINK FLOWERS RABBIT EASTER,6,6,27,52.65,13.734283148808979,7.22402480828583,4093
47583B,SET OF 3 WICKER BASKET TEA AND CAKE,6,6,27,332.6,11.718963548381499,7.22402480828583,4094
90206C,CRYSTAL DIAMANTE STAR BROOCH,7,8,18,89.1,13.693044574403508,7.221105098182496,4095
35916A,YELLOW FELT HANGING HEART W FLOWER,5,5,37,31.449999999999996,13.180602096393372,7.221105098182496,4096
35916B,BLUE FELT HANGING HEART W FLOWER,5,5,37,31.449999999999996,13.180602096393372,7.221105098182496,4097
17011C,ORIGAMI LAVENDER INCENSE+FLOWER,1,1,334,217.1,6.507277712385012,7.200424892944957,4098
35840,FLAT GLASS  BAUBLE WHITE FLOCK,5,5,36,51.0,13.814325856482515,7.194436851100335,4099
79062D,"RETRO TIN ASHTRAY,REVOLUTIONARY",4,4,52,19.4,12.730801174465155,7.1891677384203225,4100
21699,SET 5 MINI CHOCOLATE FRIDGE MAGNETS,2,3,108,82.44,9.453286550586572,7.176254532017143,4101
84582,PINK CROCHET CAT WITH SCARF,9,9,12,51.0,13.693044574403508,7.170119543449628,4102
23574,PACKING CHARGE,8,11,11,82.5,13.523145537608112,7.16703787691222,4103
78034B,BLUE NETTING STORAGE HANGER,8,8,15,29.25,13.693044574403508,7.16703787691222,4104
90063A,WHITE VINT ART DECO CRYSTAL NECKLAC,8,8,15,127.5,13.810827610059892,7.16703787691222,4105
90064B,BLACK VINTAGE  CRYSTAL EARRINGS,8,8,15,56.25,13.328401460815599,7.16703787691222,4106
35817B,"ACRYLIC JEWEL SNOWFLAKE,BLUE",2,2,142,56.129999999999995,7.035268599281097,7.160069207596127,4107
22828,REGENCY MIRROR WITH SHUTTERS,7,9,15,2275.0,12.86636600121904,7.154615356913663,4108
20953,PORCELAIN CHERUB BELL LARGE,7,7,19,31.349999999999998,13.551545012129807,7.154615356913663,4109
90065A,WHITE VINTAGE CRYSTAL BRACELET,7,7,19,128.25,13.37719162498503,7.154615356913663,4110
90042A,FRESHWATER PEARL BRACELET GOLD,6,6,25,63.74999999999999,12.935358872705992,7.149916836132109,4111
20833,SHAKER THROW  QUILTED,3,5,52,811.8,10.099712014499074,7.148345743900068,4112
72771C,BLACK FLOCK GOLD CANDLE,4,4,49,20.58,12.581765595304667,7.1308988302963465,4113
35816B,"ACRYLIC JEWEL ANGEL,BLUE",2,2,137,52.93,6.999422467507962,7.124478262493424,4114
84551,CROCHET DOG KEYRING,6,6,24,39.6,12.504575956613538,7.110696122978827,4115
84925E,FLOWERS WALL THERMOMETER,3,3,75,130.05,8.161660452056282,7.103322062526113,4116
90002B,FLOWER BURST SILVER RING ROSE,7,7,18,67.5,13.328401460815599,7.103322062526112,4117
90133,TEAL/FUSCHIA COL BEAD NECKLACE,7,7,18,89.1,13.10525790950139,7.103322062526112,4118
23468,TUSCAN VILLA BIRD TABLE,8,8,14,115.5,13.223040945157772,7.102499355774649,4119
20816,GOLD FLOWER CUSHION COVER,5,7,24,123.6,12.291001856315479,7.090076835776092,4120
23305,SET 4 PICNIC CUTLERY BLUEBERRY,4,4,47,91.65,11.647456357927835,7.090076835776092,4121
90067A,PINK VINTAGE VICTORIAN EARRINGS,6,6,23,67.85000000000001,12.769202252765393,7.069874128458572,4122
84450A,PINK RABBIT SITTING EASTER,4,4,46,19.32,12.456364328763396,7.0690234265782586,4123
35915A,CREAM KNITTED HEN,1,1,288,365.76,6.359573868672378,7.052721049232323,4124
84711B,PINK OVAL SHAPE TRINKET BOX,7,8,15,149.25,12.935358872705992,7.049254841255836,4125
90002E,FLOWER BURST SILVER RING GREEN,7,8,15,56.25,12.635254280255653,7.049254841255836,4126
90036B,"FLOWER GLASS GARLAND NECKL.36""GREEN",7,8,15,119.25,12.460900893110876,7.049254841255836,4127
37491C,GREEN/BLUE CERAMIC CANDLE HOLDER,7,7,17,28.049999999999997,12.424533248940001,7.049254841255836,4128
90190A,SILVER/CRYSTAL DROP EARRINGS W LEAF,7,7,17,50.150000000000006,12.748582965562658,7.049254841255836,4129
90063B,BLACK VINT ART DEC CRYSTAL NECKLACE,8,8,13,110.5,12.999897393843563,7.033506484287697,4130
16010,FOLDING CAMPING SCISSOR W/KNIF & S,4,4,44,5.279999999999999,11.600936342292941,7.025538314638521,4131
17174,ASSTD RASTA KEY-CHAINS,5,5,30,12.6,10.150347630467653,7.017506142941256,4132
37379A,PINK CHERRY BLOSSOM CUP & SAUCER,5,5,30,37.5,13.195286648076292,7.017506142941256,4133
90035B,"PEARL & SHELL 42""NECKL. PINK",4,4,43,380.89,9.56156046523195,7.003065458786462,4134
90001D,ANTIQUE OLIVE GREEN FLOWER EARRINGS,7,7,16,68.0,12.57868392876726,6.992096427415888,4135
90035A,"PEARL & SHELL 42""NECKL. GREEN",7,8,14,150.5,12.347572207803871,6.984716320118265,4136
90124C,GREEN MURANO TWIST NECKLACE,7,8,14,139.3,12.529893764597828,6.984716320118265,4137
23576,SNACK TRAY RED VINTAGE DOILY,6,6,21,40.949999999999996,11.731386068380056,6.982862751468943,4138
90031,BILI NUT AND WOOD NECKLACE,4,4,42,42.0,11.829194994273921,6.980075940561763,4139
37477B,"FLOWER FAIRY MUG+COASTER,LAVENDER",6,8,16,60.0,12.22978917214749,6.976348070447749,4140
35233,PASTA ENAMEL/BRASS CONTAINER,8,8,12,45.0,12.712215321391781,6.959398512133976,4141
90035C,"PEARL & SHELL 42""NECKL. IVORY",5,5,28,301.0,10.738134295369772,6.950814768442584,4142
20964,POLYESTER FILLER PAD 60x40cm,6,6,20,51.0,12.327369500486354,6.9363427358340495,4143
44091A,BLUE CRUSOE CHECK LAMPSHADE,6,6,20,8.4,12.145047943692397,6.9363427358340495,4144
90073,VINTAGE ENAMEL & CRYSTAL EARRINGS,6,6,20,99.0,12.327369500486354,6.9363427358340495,4145
84086B,YELLOW/BLUE RETRO RADIO,5,9,16,47.2,10.227308671603783,6.9275579062783175,4146
44092C,PURPLE/COPPER HANGING LAMPSHADE,6,7,17,14.45,12.124428656489663,6.915723448631313,4147
90059C,DIAMANTE HAIR GRIP PACK/2 MONTANA,5,6,23,37.95,12.011516551067876,6.915723448631313,4148
35597B,BLACKCHRISTMAS TREE 30CM,6,6,19,23.75,11.000498559837263,6.887552571664617,4149
85079,EMBROIDERED REINDEER DECORATION,6,6,19,28.85,12.529893764597828,6.887552571664617,4150
84886,BLUE METAL WALL SHELF,8,8,11,109.44999999999999,12.306750213283618,6.87935580446044,4151
90059D,DIAMANTE HAIR GRIP PACK/2 PERIDOT,5,5,26,42.900000000000006,12.347988787689088,6.879355804460439,4152
85184B,SET 4 EASTER DECOUPAGE OVAL BOXES,7,7,14,41.300000000000004,11.767753712550931,6.866933284461881,4153
90018C,SILVER BLACK ORBIT DROP EARRINGS,7,7,14,59.5,12.242211692146046,6.866933284461881,4154
37488A,YELLOW PINK FLOWER DESIGN BIG BOWL,4,5,31,19.770000000000003,10.051217664560463,6.866933284461881,4155
47016,LIGHT DECORATION BATTERY OPERATED,4,5,31,65.10000000000001,9.798127036878302,6.866933284461881,4156
23430,BLUE RETRO KITCHEN WALL CLOCK,6,7,16,130.4,12.177673171008475,6.858565034791365,4157
23477,WOODLAND LARGE BLUE FELT HEART,4,4,37,46.25,11.160583975184338,6.856461984594587,4158
20820,SILVER LOOKING MIRROR,6,8,14,69.3,11.325920960271892,6.851184927493742,4159
90183A,AMBER DROP EARRINGS W LONG BEADS,5,5,25,73.75000000000001,11.942523679580924,6.8416154764775925,4160
90130A,WHITE STONE/CRYSTAL EARRINGS,6,6,18,53.10000000000001,11.516439284270025,6.836259277277067,4161
85018C,S/6 PAPER BOXES CURIOUS IMAGES,4,4,36,127.2,9.384629757072872,6.829793737512425,4162
35822B,"ACRYLIC BEAD CHAIN, BLUE",1,1,229,87.02,6.131226489483141,6.824373670043086,4163
72783,BLACK SIL'T SQU CANDLE PLATE,5,5,24,50.400000000000006,11.223642111151474,6.80239476332431,4164
90173,PAIR BUTTERFLY HAIR CLIPS,5,5,24,90.0,11.926358742727569,6.80239476332431,4165
90175B,PINK GLASS CHUNKY CHARM BRACELET,6,7,15,127.8,11.297750083305196,6.7979404129749295,4166
84653,GREEN ROSE QUILT,8,8,10,453.5,11.901285105175454,6.79234442747081,4167
84746,PINK EASTER HENS+FLOWER,6,8,13,48.75,11.731386068380058,6.7821920560067905,4168
90156,RESIN BRACELET W PASTEL BEADS,6,6,17,84.15,11.703215191413358,6.7821920560067905,4169
90177C,DROP DIAMANTE EARRINGS CRYSTAL,6,6,17,50.150000000000006,11.228757211818243,6.7821920560067905,4170
90165B,WHITE ROSEBUD  PEARL EARRINGS,5,6,20,51.0,11.346540247474628,6.7821920560067905,4171
79308B,MOSAIC CANDLE DISH BLUE PURPLE,1,2,144,122.4,6.075346031088684,6.768493211648629,4172
20787,BLUE RETRO BAR STOOL,7,8,11,435.45000000000005,11.613603032723672,6.761572768804056,4173
35815B,"ACRYLIC JEWEL SNOWFLAKE,BLUE",2,2,93,35.34,9.106756055719611,6.740519359606223,4174
17091F,SANDALWOOD INCENSE IN TIN,6,6,16,20.0,11.48007164009915,6.725033642166842,4175
21489,BLUE WHITE SCARF HOT WATER BOTTLE,6,6,16,63.2,11.536641991587544,6.725033642166842,4176
35591T,TURQUOISE CHRISTMAS TREE,6,6,16,20.0,11.536641991587544,6.725033642166842,4177
35909B,PINK FLOWERS RABBIT EASTER,6,6,16,47.2,11.362288604442767,6.725033642166842,4178
90060F,FIRE POLISHED GLASS NECKL GREEN,6,6,16,95.2,11.03823888782011,6.725033642166842,4179
90212B,JET BLACK LAS VEGAS BRACELET ROUND,6,6,16,60.0,11.362288604442767,6.725033642166842,4180
90024E,NEW BAROQUE B'FLY NECKLACE MONTANA,7,7,12,102.0,11.208137924615508,6.723832440821209,4181
90150,BLUE SHELL+SILVER NECKLACE,7,7,12,90.0,11.613603032723672,6.723832440821209,4182
23496,PANTRY KITCHEN THERMOMETER,5,5,22,27.5,10.818177003043308,6.71901315438526,4183
16243B,BROWN COZY SQUARE PHOTO ALBUM,1,1,205,399.75,6.021023349349527,6.714170529909472,4184
22790,"MIRROR, ARCHED GEORGIAN",1,1,200,3884.000000000001,5.996452088619021,6.6895992691789665,4185
84838,ANT WHITE HIGH RISE BIRD BOX,3,3,49,304.0,8.10530751550515,6.684611727667927,4186
84963B,BLUE PAINTED KASHMIRI CHAIR,5,6,18,591.5,10.6735957742322,6.682108597449808,4187
90059F,DIAMANTE HAIR GRIP PACK/2 LT ROSE,5,5,21,34.65,11.095225819193722,6.674561391814426,4188
90164B,WHITE  ROSEBUD PEARL BRACELET,5,5,21,52.05,11.095225819193722,6.674561391814426,4189
84732D,CUTE RABBIT CEATURE SCREEN,6,6,15,10.89,10.332669187261608,6.664409020350408,4190
16245A,PINK MINI STATIONERY SET W CASE,7,7,11,13.75,11.208137924615508,6.643789733147672,4191
35443,RASTA IN BATH W SPLIFF ASHTRAY,7,7,11,9.35,11.025816367821552,6.643789733147672,4192
84705A,ENGLISH ROSE PHOTO FRAME,5,7,15,69.75,10.722385938401633,6.643789733147672,4193
35909A,RABBIT EASTER DECORATION,5,5,20,59.00000000000001,10.689760711085556,6.628041376179533,4194
84705B,FAIRY CAKES PHOTO FRAME,2,2,83,103.75,8.699514748210191,6.628041376179533,4195
90151,SILVER/NATURAL SHELL NECKLACE,5,6,17,144.5,10.140297294614154,6.6280413761795325,4196
23303,SET 4 PICNIC CUTLERY FONDANT,3,3,46,89.69999999999999,10.261161996807944,6.622736323949839,4197
35596,WOOD XMAS TREE 9 FIG SHELVES,4,4,29,24.650000000000002,9.911455722185304,6.620073206530356,4198
90060D,FIRE POLISHED GLASS NECKL BRONZE,6,7,12,71.4,10.514990744055563,6.590301048196686,4199
84371,BIG PINK POODLE,4,4,28,213.7,8.903815211722922,6.586171654854675,4200
20870,OPULENT VELVET CANDLE IN BOX,4,4,27,41.4,9.45469731968959,6.551080335043404,4201
90026D,GLASS BEAD HOOP NECKLACE AMETHYST,6,8,10,85.0,10.75055681536833,6.541029999189903,4202
84966B,BLUE KASHMIRI BOXED MIRROR,3,4,33,428.0,7.965545573129992,6.522092798170153,4203
90019B,GOLD M.O.P ORBIT BRACELET,6,7,11,54.45,10.632773779711947,6.51025834052315,4204
84340,LARGE FIBRE OPTIC CHRISTMAS TREE,5,6,15,19.08,10.093777278979259,6.51025834052315,4205
90059E,DIAMANTE HAIR GRIP PACK/2 RUBY,4,6,18,29.700000000000003,9.842462850698354,6.499787040655853,4206
21387,IVORY HANGING DECORATION  RABBIT,4,4,25,21.25,9.300546639862333,6.476972362889683,4207
90202D,PINK ENAMEL FLOWER HAIR TIE,4,4,25,73.75000000000001,9.92250555837189,6.476972362889683,4208
84427B,BLACK GLASS TV DOUBLE P/FRAME 15X10,5,5,17,72.25,9.416378455387454,6.473890696352274,4209
90214Z,"LETTER ""Z"" BLING KEY RING",5,5,17,9.73,9.208739090609209,6.473890696352274,4210
81953B,ROUND ARTICULATED BLUE CLOCK W/SUCK,5,6,14,4.64,9.688312170871095,6.4457198193855785,4211
84030C,KNITTED RAINBOW HOT WATER BOTTLE,4,5,20,75.0,9.218308541625358,6.4457198193855785,4212
79172D,PURPLE TINT ACRYLIC FLOWER VASE,4,4,24,20.4,9.901886271169154,6.437751649736401,4213
90125B,AQUA BERTIE GLASS BEAD BAG CHARM,4,4,24,35.4,9.768354878544631,6.437751649736401,4214
35001B,HAND OPEN SHAPE BLACK,5,5,16,55.84,10.199137794637085,6.416732282512326,4215
90212C,PURPLE LAS VEGAS BRACELET ROUND,5,5,16,60.0,10.38145935143104,6.416732282512326,4216
90048,GREEN WITH METAL BAG CHARM,4,5,19,94.05,9.670293665368417,6.396929655216146,4217
84614A,PINK BAROQUE FLOCK CANDLE HOLDER,6,6,11,65.45,10.345091707260165,6.376726947898627,4218
37348,SET OF 4 PASTEL STACKING MUGS,5,6,13,33.15,9.50599061407714,6.376726947898627,4219
44217M,MULTICOLOUR FEATHERS CURTAIN,1,3,72,236.40000000000003,5.676753802268282,6.369900982828227,4220
23440,PAINT YOUR OWN EGGS IN CRATE,1,1,144,257.76,5.66988092298052,6.363028103540465,4221
90177B,DROP DIAMANTE EARRINGS BLACK DIAMON,5,5,15,44.25000000000001,9.436997742590188,6.356107660695891,4222
84720,DOT MATRIX CANVAS ART PICTURE,3,3,35,147.05,8.473032295630468,6.356107660695891,4223
90072,RUBY DROP CHANDELIER EARRINGS,4,5,18,67.5,9.777924329560783,6.345636360828595,4224
84965B,BLUE KASHMIRI COFFEE TABLE,3,4,27,1359.95,8.435549202375727,6.327936783729195,4225
23304,SET 4 PICNIC CUTLERY CHERRY,3,3,34,66.3,9.60723552940128,6.327936783729195,4226
23442,12 HANGING EGGS HAND PAINTED,4,4,21,43.68,9.670293665368416,6.309918278226517,4227
37491D,PURPLE/BLUE CERAMIC CANDLE HOLDER,5,5,14,23.099999999999998,9.246479418592056,6.2915691395583195,4228
90101,WHITE FRANGIPANI NECKLACE,4,5,17,43.35,8.633374945705647,6.2915691395583195,4229
35611B,BLACK ASSORTED DROPLET DECORATION,2,2,59,22.419999999999998,7.763021309018518,6.2915691395583195,4230
84617,NEW BAROQUE BLACK BOXES,6,6,10,127.5,9.821843563495618,6.289715570908998,4231
84782B,BLACK 3 TIER GLASS PLATE STAND,6,6,10,127.5,9.639522006701663,6.289715570908998,4232
90024B,NEW BAROQUE B'FLY NECKLACE RED,6,6,10,85.0,9.939626599152001,6.289715570908998,4233
90176D,DIAMANTE NECKLACE PURPLE,6,6,10,75.0,9.939626599152001,6.289715570908998,4234
90179C,BLACK FINE BEAD NECKLACE W TASSEL,6,6,10,59.5,9.939626599152001,6.289715570908998,4235
46137D,GREEN CHENILLE SHAGGY RUG,2,3,43,126.85,6.891625897052254,6.269096283706261,4236
84612B,SET/4 BLACK  BAROQUE FLOCK COASTER,4,4,20,51.0,9.708931458073831,6.263398262591624,4237
DOT,DOTCOM POSTAGE,1,15,15,10307.1,5.545177444479562,6.238324625039508,4238
71496B,A4 WALL TIDY RED FLOWERS,5,5,13,7.61,9.100525505968974,6.222576268071368,4239
17011E,ORIGAMI OPIUM SCENT INCENSE+FLOWER,1,1,124,80.60000000000001,5.521460917862247,6.214608098422192,4240
90037B,TINY CRYSTAL BRACELET GREEN,4,4,19,48.45,9.303466349965666,6.214608098422191,4241
90019C,SILVER BLACK ORBIT BRACELET,6,6,9,44.55,9.416378455387454,6.194405391104672,4242
85072,OCCASIONS GIFT CARD ASSORTMENT,1,1,120,66.0,5.488937726156687,6.182084906716632,4243
90042B,FRESHWATER PEARL BRACELET PINK,4,5,15,38.25,8.958797346140276,6.173786103901936,4244
90103,PURPLE FRANGIPANI NECKLACE,5,5,12,30.6,8.99516499031115,6.148468295917647,4245
90211B,JET BLACK LAS VEGAS NECKLACE 45CM,5,5,12,71.4,9.469622969906265,6.148468295917647,4246
51012L,"FEATHER DUSTER, LIGHT PINK",5,6,10,12.5,9.064157861798101,6.135564891081739,4247
90043,COPPER AND BRASS BAG CHARM,5,6,10,54.51,9.128696382935672,6.135564891081739,4248
35822P,"ACRYLIC BEAD CHAIN, PINK",1,1,114,43.32,5.438079308923196,6.131226489483141,4249
17084G,MOON INCENSE,2,2,50,10.5,7.902487437162856,6.129050210060545,4250
47563B,WAVELINE SURF IRONING BOARD COVER,6,6,8,30.0,9.010913347279288,6.089044875446846,4251
90026A,GLASS BEAD HOOP NECKLACE BLACK,6,6,8,68.0,9.128696382935672,6.089044875446846,4252
90111,BLUE HIBISCUS  HAIR CLIP,6,6,8,8.4,9.128696382935672,6.089044875446846,4253
72796A,S/3 ENGLISH LAVENDER SQU CANDLE,5,5,11,18.15,8.841014310483892,6.068425588244111,4254
90013B,BLACK VINTAGE EARRINGS,4,4,16,60.0,9.21034037197618,6.052089168924416,4255
20784,RED RETRO BAR STOOL,5,6,9,355.55,8.841014310483892,6.040254711277414,4256
84201B,HAPPY BIRTHDAY CARD STRIPEY TEDDY,4,4,15,2.8499999999999996,8.589699882202986,5.991464547107982,4257
35918B,BLUE FLORIBUNDA EGG WARMER,5,5,10,12.5,8.841014310483892,5.981414211254481,4258
37491B,BLUE/YELLOW CERAMIC CANDLE HOLDER,5,5,10,16.5,8.658692753689936,5.981414211254481,4259
84743C,ORANGE FELT VASE + FLOWERS,5,5,10,12.5,8.841014310483892,5.981414211254481,4260
84923,PINK BUTTERFLY HANDBAG W BOBBLES,5,5,10,85.0,8.658692753689936,5.981414211254481,4261
90079,VINTAGE ENAMEL & CRYSTAL NECKLACE,5,5,10,49.5,8.540909718033554,5.981414211254481,4262
84872A,TEATIME FUNKY FLOWER BACKPACK FOR 2,6,6,7,118.64999999999999,8.723231274827508,5.971261839790462,4263
35654,VINTAGE BEAD FILLED PINK CUSHION,4,5,12,59.400000000000006,7.860185057472165,5.966146739123692,4264
44092B,BLUE WHITE PLASTIC RINGS LAMPSHADE,4,5,12,10.2,8.302017809751206,5.966146739123692,4265
17014C,ORIGAMI LAVENDER INCENSE CONES,1,1,96,40.32,5.267858159063328,5.961005339623274,4266
90065B,BLACK VINT ART DEC CRYSTAL BRACELET,4,6,10,67.5,8.147867129923945,5.953243334287784,4267
46307,ROSES BLUE BASE CUSHION COVER,4,4,14,23.1,8.525161361065413,5.926926025970411,4268
90046,WHITE WITH METAL BAG CHARM,5,5,9,44.550000000000004,8.435549202375727,5.886104031450156,4269
90211A,DIAMOND LAS VEGAS NECKLACE 45CM,5,5,9,53.55,8.55333223803211,5.886104031450156,4270
84546,CROCHET POODLE KEYRING,3,3,21,34.65,7.976595409316577,5.863631175598098,4271
90036F,"FLOWER GLASS GARLD NECKL36""TURQUOIS",4,4,13,103.35,8.11969625295725,5.857933154483459,4272
20895,VINTAGE NOTEBOOK FRENCH LETTER,3,4,16,47.2,7.129297548929373,5.8289456176102075,4273
21343,GOLD JEWELERY BOX,3,3,20,92.0,7.416979621381154,5.817111159963204,4274
44228,CANNABIS LEAF BEAD CURTAIN,2,2,36,30.599999999999998,7.170119543449628,5.808142489980444,4275
84705F,RED PEONY PHOTO FRAME,4,5,10,46.5,8.083328608786374,5.799092654460526,4276
84550,CROCHET LILAC/RED BEAR KEYRING,4,4,12,19.8,7.742402021815781,5.783825182329737,4277
23465,TUSCAN VILLA BIRD FEEDER,5,5,8,66.0,8.147867129923945,5.780743515792329,4278
84891B,GREEN WIRE GOBLET CANDLEHOLDER,5,5,8,63.6,8.147867129923945,5.780743515792329,4279
90027D,GLASS BEAD HOOP EARRINGS AMETHYST,5,5,8,23.6,8.147867129923945,5.780743515792329,4280
90189A,SILVER 2 STRAND NECKLACE-LEAF CHARM,5,5,8,60.0,8.147867129923945,5.780743515792329,4281
40002,WHITE BAMBOO RIBS LAMPSHADE,1,1,78,66.3,5.062595033026967,5.755742213586912,4282
90059A,DIAMANTE HAIR GRIP PACK/2 CRYSTAL,3,3,18,29.700000000000003,7.917171988845775,5.717027701406222,4283
90168,2 DAISIES HAIR COMB,3,3,18,53.10000000000001,7.917171988845775,5.717027701406222,4284
35597A,DUSTY PINK CHRISTMAS TREE 30CM,4,4,11,13.75,7.608870629191259,5.703782474656201,4285
90064A,WHITE VINTAGE CRYSTAL EARRINGS,4,4,11,41.25,7.783224016336035,5.703782474656201,4286
35751C,PURPLE CURRENT CANDLE RING,2,2,31,12.61,6.9469759921354175,5.662960480135946,4287
23143,ZINC WIRE KITCHEN ORGANISER,5,5,7,72.80000000000001,7.6246189861593985,5.662960480135945,4288
37491A,YELLOW/PINK CERAMIC CANDLE HOLDER,5,5,7,11.549999999999999,7.742402021815781,5.662960480135945,4289
84562B,BLUE/WHITE RIBBED MELAMINE JUG,5,5,7,55.65,7.742402021815781,5.662960480135945,4290
84873A,FUNKY FLOWER PICNIC BAG FOR 4,5,5,7,118.64999999999999,7.742402021815781,5.662960480135945,4291
90026C,GLASS BEAD HOOP NECKLACE GREEN,5,5,7,59.5,7.742402021815781,5.662960480135945,4292
90179B,PURPLE FINE BEAD NECKLACE W TASSEL,5,5,7,41.65,7.742402021815781,5.662960480135945,4293
23578,SNACK TRAY RED GINGHAM,3,3,17,33.15,7.167037876912221,5.662960480135945,4294
90102,WHITE FRANGIPANI HAIR CLIP,3,3,17,14.45,7.116394144093466,5.662960480135945,4295
90026B,GLASS BEAD HOOP NECKLACE MONTANA,4,6,7,59.5,7.336936913707618,5.634789603169249,4296
21267,VINTAGE PINK TINSEL REEL,3,4,13,27.3,7.426549072397305,5.634789603169249,4297
84206C,CHAMPAGNE TRAY BLANK CARD,4,4,10,1.9,7.336936913707618,5.616771097666572,4298
90069,RUBY GLASS CLUSTER NECKLACE,4,4,10,75.0,7.203405521083095,5.616771097666572,4299
90163A,PINK ROSEBUD & PEARL NECKLACE,4,4,10,75.0,7.67786350067821,5.616771097666572,4300
90205A,LARGE MINT DIAMANTE HAIRSLIDE,4,4,10,16.5,7.377758908227872,5.616771097666572,4301
84798C,WHITE FOXGLOVE ARTIIFCIAL FLOWER,3,3,16,40.8,7.580699752224562,5.605802066295997,4302
84795E,RIO PINK STRIPE HAMMOCK,3,5,10,79.5,6.643789733147671,5.575949103146316,4303
90049,IVORY GOLD METAL BAG CHARM,3,4,12,69.42,7.049254841255838,5.560681631015528,4304
84867A,PINK BABY GIRLS PHOTO ALBUM,3,3,15,92.25000000000001,6.436150368369428,5.545177444479562,4305
90038A,GLASS AND PAINTED BEADS BRACELET TO,3,3,15,56.25,7.357556200910353,5.545177444479562,4306
90024C,NEW BAROQUE B'FLY NECKLACE GREEN,5,5,6,51.0,7.336936913707618,5.529429087511423,4307
84965A,PINK KASHMIRI COFFEE TABLE,2,3,20,1050.0,6.356107660695891,5.529429087511423,4308
37112,YELLOW BIRDS FELT DES FOODCOVER,4,4,9,33.75,7.4547199493640015,5.521460917862246,4309
90197D,AMBER GLASS BRACELET HEART CHARMS,4,4,9,44.550000000000004,7.154615356913663,5.521460917862246,4310
21511,VINTAGE COLLAGE  GREETING  CARD,1,2,40,16.8,4.812184355372418,5.505331535932363,4311
37487B,YELLOW/ORANGE FLOWER DESIGN PLATE,1,1,60,17.4,4.804021044733257,5.497168225293202,4312
62097B,BLUE STRIPES SHOULDER BAG,3,4,11,13.370000000000001,6.984716320118265,5.480638923341991,4313
84415A,PINK FLOCK SUEDE CUSHION COVER,3,3,14,22.5,7.069874128458572,5.480638923341991,4314
90037A,TINY CRYSTAL BRACELET RED,3,3,14,35.7,7.069874128458572,5.480638923341991,4315
90037C,TINY CRYSTAL BRACELET BLUE,3,3,14,35.7,7.069874128458572,5.480638923341991,4316
90039C,FIRE POLISHED GLASS BRACELET BLACK,3,3,14,52.5,6.030685260261263,5.480638923341991,4317
90130B,TURQ STONE/CRYSTAL EARRINGS,3,3,14,41.300000000000004,7.069874128458572,5.480638923341991,4318
90169,DAISY HAIR COMB,3,3,14,35.7,7.069874128458572,5.480638923341991,4319
90214W,"LETTER ""W"" BLING KEY RING",3,3,14,5.9799999999999995,6.030685260261263,5.480638923341991,4320
21347,GOTHIC CARRIAGE LANTERN,4,4,8,47.6,6.866933284461881,5.41610040220442,4321
44265,M/COLOUR POM-POM CURTAIN,4,4,8,34.0,7.049254841255837,5.41610040220442,4322
72785A,S/4 CONTEMPORY PINK ROSEBUD CANDLES,4,4,8,16.8,7.049254841255837,5.41610040220442,4323
84876C,SILVER HEART COMPACT MIRROR,4,4,8,30.0,6.866933284461881,5.41610040220442,4324
90028,NEW BAROQUE LARGE NECKLACE BLK/WHIT,4,4,8,68.0,6.866933284461881,5.41610040220442,4325
90078,PINK/WHITE GLASS DEMI CHOKER,4,4,8,60.0,7.049254841255836,5.41610040220442,4326
90176C,DIAMANTE NECKLACE,4,4,8,60.0,7.049254841255837,5.41610040220442,4327
16201B,PASTEL BLUE PHOTO ALBUM,2,2,24,46.8,6.516193076042964,5.41610040220442,4328
21450,DISTRESSED CANDLE STICK WHITE,3,3,13,77.35,6.269096283706261,5.4116460518550396,4329
35537,CANDLE RING W/CLEAR BEADS,3,3,13,5.46,6.915723448631313,5.4116460518550396,4330
90059B,DIAMANTE HAIR GRIP PACK/2 BLACK DIA,3,3,13,21.450000000000003,6.664409020350408,5.4116460518550396,4331
90039D,FIRE POLISHED GLASS BRACELET GREEN,3,4,10,37.5,6.51025834052315,5.393627546352361,4332
17061,ASSORTED SHAPED STENCIL FOR HENNA,1,1,52,2.08,4.663439094112067,5.356586274672012,4333
84966A,PINK KASHMIRI BOXED MIRROR,3,3,12,176.0,6.356107660695892,5.337538079701318,4334
90003E,GREEN PAIR HEART HAIR SLIDES,3,3,12,45.0,6.907755278982135,5.337538079701318,4335
84967C,GREEN KASHMIRI OCCASIONAL TABLE,3,4,9,419.85,6.222576268071369,5.298317366548037,4336
84292B,BLUE COL METAL FOLDING CHAIR,4,4,7,43.85,6.4614681763537165,5.298317366548036,4337
84611B,BLACK NEW BAROQUE FLOCK BOX,4,4,7,41.650000000000006,6.761572768804055,5.298317366548036,4338
84765,SILVER ROCOCO CANDELABRA,4,4,7,89.25,6.643789733147672,5.298317366548036,4339
90001B,ANTIQUE MID BLUE FLOWER EARRINGS,4,4,7,29.75,6.761572768804055,5.298317366548036,4340
90060B,FIRE POLISHED GLASS NECKL GOLD,4,4,7,41.65,6.761572768804055,5.298317366548036,4341
90128A,PINK LEAVES AND BEADS PHONE CHARM,4,4,7,8.75,6.4614681763537165,5.298317366548036,4342
90138,WHITE/PINK MINI CRYSTALS NECKLACE,4,4,7,34.65,6.4614681763537165,5.298317366548036,4343
90152C,BLUE/NAT SHELL NECKLACE W PENDANT,4,4,7,41.650000000000006,6.643789733147672,5.298317366548036,4344
90164A,PINK ROSEBUD PEARL BRACELET,4,4,7,46.95,6.761572768804055,5.298317366548036,4345
90179A,AMBER FINE BEAD NECKLACE W TASSEL,4,4,7,41.650000000000006,6.643789733147672,5.298317366548036,4346
35603B,S/16 BLACK SHINY/MAT BAUBLES,1,1,48,20.16,4.584967478670571,5.278114659230517,4347
85050,FRENCH ENAMEL SOAP DISH WITH LID,1,1,48,100.8,4.584967478670571,5.278114659230517,4348
84721,MANHATTAN CANVAS ART PICTURE,2,2,20,87.8,5.075173815233827,5.241747015059643,4349
23038,T-LIGHT HOLDER SILVER SAUCER,2,3,14,13.22,5.455321115357702,5.19295685089021,4350
17011B,ORIGAMI JASMINE INCENSE+FLOWER,2,2,19,11.100000000000001,5.605802066295998,5.19295685089021,4351
20877,MODERN CHRISTMAS BAUBLE CANDLE,3,3,10,4.2,6.104793232414985,5.170483995038152,4352
72805,VANILLA CANDLE IN EMBOSSED ZINC POT,3,3,10,16.9,6.3561076606958915,5.170483995038152,4353
84415B,BLUE FLOCK CUSHION COVER,3,3,10,27.5,6.3969296552161445,5.170483995038152,4354
84679,CLASSICAL ROSE TABLE LAMP,3,3,10,87.5,6.3969296552161445,5.170483995038152,4355
84705D,CHERRY BLOSSOM PHOTO FRAME,3,3,10,46.5,6.104793232414986,5.170483995038152,4356
90174,BUTTERFLY HAIR BAND,3,3,10,25.5,6.104793232414985,5.170483995038152,4357
20680,PINK FLOWERS CHILDS UMBRELLA,4,4,6,19.5,6.238324625039508,5.164785973923514,4358
20942,SET/6 GINGERBREAD TREE T-LIGHTS,4,4,6,7.5,6.356107660695891,5.164785973923514,4359
84608,ORNATE EDWARDIAN CANDLE HOLDER,4,4,6,47.7,6.356107660695891,5.164785973923514,4360
90016C,SILVER/BLACK PENDANT ORBIT NECKLACE,4,4,6,51.0,6.238324625039508,5.164785973923514,4361
90128B,BLUE LEAVES AND BEADS PHONE CHARM,4,4,6,7.5,6.356107660695891,5.164785973923514,4362
90152B,BLUE/GREEN SHELL NECKLACE W PENDANT,4,4,6,35.7,6.356107660695891,5.164785973923514,4363
90206A,GOLD DIAMANTE STAR BROOCH,4,4,6,29.7,6.356107660695891,5.164785973923514,4364
35652,VINTAGE BEAD CHAISE LONG JEWEL BOX,2,2,18,21.5,5.318119993844217,5.14166355650266,4365
84964B,BLUE PAINTED KASHMIRI TABLE,2,2,17,990.0,4.912654885736052,5.087596335232384,4366
90027B,GLASS BEAD HOOP EARRINGS MONTANA,3,4,7,20.650000000000002,5.886104031450156,5.075173815233827,4367
72785B,S/4 CONTEMPORY RED ROSEBUD CANDLES,3,3,9,10.9,5.950642552587727,5.075173815233827,4368
90202B,WHITE ENAMEL FLOWER HAIR TIE,3,3,9,26.550000000000004,5.817111159963204,5.075173815233827,4369
48175,DOOR MAT CAMOUFLAGE,1,1,38,152.0,4.356708826689592,5.049856007249537,4370
20887,BOX OF 6 PEBBLE CANDLES,4,4,5,17.25,5.950642552587727,5.0106352940962555,4371
84757,ENCHANTED GARDEN WROUGHT IRON TABLE,4,4,5,74.75,5.950642552587727,5.0106352940962555,4372
84868B,BLUE BABY BOY'S MEMORY BOX,4,4,5,34.75,5.950642552587727,5.0106352940962555,4373
90001C,ANTIQUE OPAL WHITE FLOWER EARRINGS,4,4,5,21.25,5.950642552587727,5.0106352940962555,4374
90021,LASER CUT MULTI STRAND NECKLACE,4,4,5,59.75,5.950642552587727,5.0106352940962555,4375
90024A,NEW BAROQUE B'FLY NECKLACE BLACK,4,4,5,42.5,5.950642552587727,5.0106352940962555,4376
16215,FUNKY GIRLZ MAGNETIC TO DO LIST,3,3,8,5.2,5.768320995793772,4.969813299576001,4377
37409,ASSORTED DESIGN FLOWER MUGS,3,3,8,6.8,5.662960480135946,4.969813299576001,4378
90011B,BLACK CRYSTAL DROP EARRINGS,3,3,8,23.6,5.4116460518550396,4.969813299576001,4379
90118,PINK DAISY BAG CHARM,3,3,8,20.400000000000002,5.4116460518550396,4.969813299576001,4380
90177E,DROP DIAMANTE EARRINGS GREEN,3,3,8,23.6,5.4116460518550396,4.969813299576001,4381
90202C,GREEN ENAMEL FLOWER HAIR TIE,3,3,8,23.6,5.4116460518550396,4.969813299576001,4382
79140,ASS WINDPROOF MARIJUANA LIGHTERS,2,2,15,6.3,5.337538079701318,4.969813299576001,4383
84966C,GREEN KASHMIRI BOXED MIRROR,1,2,23,276.0,4.276666119016055,4.969813299576001,4384
35051B,PINK BEADED CONE CHRISTMAS,2,2,14,5.88,5.529429087511423,4.90527477843843,4385
44242A,LILAC FEATHERS CURTAIN,2,2,14,11.98,5.049856007249537,4.90527477843843,4386
85186B,BUNNY BUNCH OF FLOWERS,2,2,14,5.88,5.393627546352361,4.90527477843843,4387
18097B,BLUE TALL PORCELAIN T-LIGHT HOLDER,3,3,7,17.849999999999998,5.545177444479563,4.852030263919617,4388
90060C,FIRE POLISHED GLASS NECKL SILVER,3,3,7,41.65,5.2574953720277815,4.852030263919617,4389
90131,PINK/AMETHYST/GOLD NECKLACE,3,3,7,48.650000000000006,5.48063892334199,4.852030263919617,4390
90141E,ORANGE PENDANT TRIPLE SHELL NECKLAC,3,3,7,34.65,5.662960480135946,4.852030263919617,4391
23448,CREAM BUNNY EASTER EGG BASKET,2,2,13,21.45,4.6443908991413725,4.836281906951478,4392
90214U,"LETTER ""U"" BLING KEY RING",2,2,13,4.7299999999999995,4.6443908991413725,4.836281906951478,4393
21081,SET/20 POSIES PAPER NAPKINS,4,4,4,3.4,5.545177444479562,4.828313737302301,4394
35995,SET/6 BLACK GLITTER REINDEER CANDLE,4,4,4,3.36,5.545177444479562,4.828313737302301,4395
90152A,SILVER/NAT SHELL NECKLACE W PENDANT,4,4,4,23.8,5.545177444479562,4.828313737302301,4396
46775A,BUBBLE GUM CHUNKY KNITTED THROW,3,4,5,84.75,5.375278407684165,4.787491742782046,4397
46775B,BERRIES CHUNKY KNITTED THROW,3,4,5,84.75,5.2574953720277815,4.787491742782046,4398
23467,VINTAGE ZINC PLANTER,2,2,12,39.48,5.278114659230517,4.762173934797756,4399
37379B,BLUE CHERRY BLOSSOM CUP & SAUCER,2,2,12,15.0,5.278114659230517,4.762173934797756,4400
79151B,"SILICON CUBE 25W, BLUE",2,2,12,5.04,4.882801922586371,4.762173934797756,4401
90067B,BROWN VINTAGE VICTORIAN EARRINGS,2,2,12,35.400000000000006,5.278114659230517,4.762173934797756,4402
90134,OLD ROSE COMBO BEAD NECKLACE,2,2,12,35.400000000000006,5.278114659230517,4.762173934797756,4403
90165A,PINK ROSEBUD PEARL EARRINGS,2,2,12,30.6,5.278114659230517,4.762173934797756,4404
35751D,PINK CURRENT CANDLE RING,1,1,28,5.32,4.060443010546419,4.7535901911063645,4405
20905,VINTAGE KEEPSAKE BOX BEAUTY GIRL,3,3,6,38.099999999999994,5.075173815233827,4.718498871295094,4406
90142D,MOP PENDANT SHELL NECKLACE,3,3,6,29.7,5.2574953720277815,4.718498871295094,4407
84857A,SILVER MONTE CARLO HANDBAG,2,3,8,68.0,4.564348191467836,4.68213122712422,4408
84964A,PINK PAINTED KASHMIRI TABLE,2,2,11,630.0,4.477336814478207,4.68213122712422,4409
90171,DAISY RING,2,2,11,13.75,4.969813299576002,4.68213122712422,4410
16169A,WRAP CHRISTMAS DECOUPAGE,1,1,25,10.5,3.951243718581428,4.6443908991413725,4411
16169G,WRAP ROMANTIC DECOUPAGE,1,1,25,10.5,3.951243718581428,4.6443908991413725,4412
21496,WOODLAND CREATURES  WRAP,1,1,25,10.5,3.951243718581428,4.6443908991413725,4413
23692,WRAP A PRETTY THANK YOU,1,1,25,10.5,3.951243718581428,4.6443908991413725,4414
84857B,BLUE MONTE CARLO HANDBAG,1,1,24,46.8,3.912023005428146,4.605170185988091,4415
85230C,ROSE SCENTED VOTIVE CANDLE,1,1,24,6.959999999999999,3.912023005428146,4.605170185988091,4416
85230D,VANILLA SCENTED VOTIVE CANDLE,1,1,24,6.959999999999999,3.912023005428146,4.605170185988091,4417
20812,EMBOSSED FLOWER TRELLIS PHOTO FRAME,3,3,5,12.75,4.969813299576001,4.564348191467836,4418
21310,CAPIZ CHANDELIER,3,3,5,149.75,4.969813299576001,4.564348191467836,4419
79157V,UBO-LIGHT TRIOBASE PURPLE,3,3,5,4.25,4.969813299576001,4.564348191467836,4420
82072,WHITE WOOD SINGLE P/FRAME,3,3,5,6.25,4.969813299576001,4.564348191467836,4421
90139,FLOWER BROOCH 4 ASSORTED COLOURS,3,3,5,24.75,4.969813299576001,4.564348191467836,4422
90176A,CLASSIC DIAMANTE NECKLACE JET,3,3,5,37.5,4.969813299576001,4.564348191467836,4423
90038C,GLASS AND BEADS BRACELET IVORY,2,2,9,33.75,4.718498871295095,4.499809670330265,4424
90135A,ORANGE/FUSCHIA STONES NECKLACE,2,2,9,44.550000000000004,4.718498871295095,4.499809670330265,4425
90012A,MIDNIGHT BLUE DROP CRYSTAL NECKLACE,2,2,8,23.6,4.430816798843313,4.394449154672439,4426
90182C,BLACK 3 BEAD DROP EARRINGS,2,2,8,23.6,4.430816798843313,4.394449154672439,4427
23702,High Resolution Image,3,3,4,27.0,4.564348191467836,4.382026634673881,4428
78027,SEAGRASS S/2 CORNER LAUNDRY,3,3,4,51.9,4.564348191467836,4.382026634673881,4429
84575B,BROWN DOG CANNISTER W BONE,3,3,4,23.8,4.564348191467836,4.382026634673881,4430
84864A,PINK PAISLEY PHOTO ALBUM,3,3,4,27.0,4.564348191467836,4.382026634673881,4431
90075,MONTANA DIAMOND CLUSTER NECKLACE,3,3,4,35.8,4.564348191467836,4.382026634673881,4432
90188,DROP EARRINGS W FLOWER & LEAF,3,3,4,10.2,4.564348191467836,4.382026634673881,4433
84030B,KNITTED POM POM HOT WATER BOTTLE,2,3,5,18.75,4.276666119016055,4.276666119016055,4434
90140,PINK SWEETIE NECKLACE,2,3,5,37.5,4.276666119016055,4.276666119016055,4435
90012B,BLACK DROP CRYSTAL NECKLACE,2,2,7,27.650000000000002,4.025351690735149,4.276666119016055,4436
90039B,FIRE POLISHED GLASS BRACELET MONTAN,2,2,7,26.25,4.025351690735149,4.276666119016055,4437
90095,NECKLACE+BRACELET SET PINK BLOSSOM,2,2,7,17.85,4.025351690735149,4.276666119016055,4438
90177A,CLASSIC DIAMANTE EARRINGS JET,2,2,7,20.650000000000002,4.025351690735149,4.276666119016055,4439
90202A,PURPLE ENAMEL FLOWER HAIR TIE,2,2,7,20.650000000000002,4.025351690735149,4.276666119016055,4440
18098B,BLUE PORCELAIN B'FLY OIL BURNER,3,3,3,8.850000000000001,4.1588830833596715,4.1588830833596715,4441
35650,VINTAGE BEAD PINK JEWEL STAND,3,3,3,14.850000000000001,4.1588830833596715,4.1588830833596715,4442
40046C,PINK BUTTERFLY PAPER LAMPSHADE,3,3,3,3.75,4.1588830833596715,4.1588830833596715,4443
84731,3 BIRDS CANVAS SCREEN,3,3,3,3.69,4.1588830833596715,4.1588830833596715,4444
84942,KASHMIR FOLKART HEART DISHES,3,3,3,5.07,4.1588830833596715,4.1588830833596715,4445
85070,ANT WHITE SWEETHEART TABLE W 3 DRAW,3,3,3,320.0,4.1588830833596715,4.1588830833596715,4446
90025E,BAROQUE BUTTERFLY EARRINGS MONTANA,3,3,3,11.25,4.1588830833596715,4.1588830833596715,4447
ADJUST2,Adjustment by Peter on Jun 25 2010,3,3,3,731.05,4.1588830833596715,4.1588830833596715,4448
46037A,PINK CANVAS DES CUSHION COVER,2,2,6,7.5,4.0943445622220995,4.143134726391533,4449
84599,CANDY STRIPE ROSE FLOOR CUSHION,2,2,6,47.7,4.0943445622220995,4.143134726391533,4450
84814B,RHOMBUS CRYSTAL PERFUME BOTTLE,2,2,6,11.7,4.0943445622220995,4.143134726391533,4451
90050,CRACKED GLAZE NECKLACE IVORY,2,2,6,41.7,4.158883083359672,4.143134726391533,4452
90081B,LILY BROOCH WHITE/SILVER COLOUR,2,2,6,29.7,4.158883083359672,4.143134726391533,4453
90126A,PINK BERTIE MOBILE PHONE CHARM,2,2,6,10.139999999999999,3.8712010109078907,4.143134726391533,4454
90141B,IVORY PENDANT TRIPLE SHELL NECKLACE,2,2,6,29.7,4.158883083359672,4.143134726391533,4455
90187B,GREEN DROP EARRINGS W BEAD CLUSTER,2,2,6,20.1,4.0943445622220995,4.143134726391533,4456
90197B,BLACK GLASS BRACELET W HEART CHARMS,2,2,6,29.7,4.158883083359672,4.143134726391533,4457
20673,STRAWBERRIES PRINT BOWL,2,2,5,6.25,3.688879454113936,3.9889840465642745,4458
82069,BEECH WOOD P/FRAME,2,2,5,36.25,3.688879454113936,3.9889840465642745,4459
85083,KISS REINDEER SCANDINAVIAN STOCKING,2,2,5,12.749999999999998,3.871201010907891,3.9889840465642745,4460
90022,EDWARDIAN DROP EARRINGS JET BLACK,2,2,5,18.75,3.688879454113936,3.9889840465642745,4461
90033,IVORY SHELL HEART EARRINGS,2,2,5,12.749999999999998,3.871201010907891,3.9889840465642745,4462
90066A,PINK VINTAGE VICTORIAN CHOKER,2,2,5,33.75,3.871201010907891,3.9889840465642745,4463
90141A,GREEN PENDANT TRIPLE SHELL NECKLACE,2,2,5,24.75,3.871201010907891,3.9889840465642745,4464
90141C,TURQ PENDANT TRIPLE SHELL NECKLACE,2,2,5,24.75,3.871201010907891,3.9889840465642745,4465
SP1002,KID'S CHALKBOARD/EASEL,2,2,5,14.75,3.688879454113936,3.9889840465642745,4466
20939,ORANGE CANDLE,1,1,12,10.2,3.258096538021482,3.951243718581427,4467
22351,DOTCOMGIFTSHOP TEA TOWEL,1,1,12,19.8,3.258096538021482,3.951243718581427,4468
23449,SET OF 6 EASTER RAINBOW CHICKS,1,1,12,15.0,3.258096538021482,3.951243718581427,4469
84250M,"GREETING CARD, BLACKPOOL ROCK",1,1,12,2.28,3.258096538021482,3.951243718581427,4470
90127A,PINK BEADS+HAND PHONE CHARM,1,1,12,15.0,3.258096538021482,3.951243718581427,4471
90181A,AMBER GLASS/SHELL/PEARL NECKLACE,2,3,3,26.849999999999998,3.583518938456111,3.8712010109078907,4472
78026,SEAGRASS S/3 SQU LAUNDRY BOX,1,1,11,110.0,3.1780538303479458,3.8712010109078907,4473
84311,CAMOFLAGE CUSHION COVER,1,1,11,18.15,3.1780538303479458,3.8712010109078907,4474
84387A,BIRD ON BRANCH CANVAS SCREEN,1,1,11,21.45,3.1780538303479458,3.8712010109078907,4475
35598A,DUSTY PINK CHRISTMAS TREE 60CM,2,2,4,11.8,3.465735902799727,3.8066624897703196,4476
35980B,RED TOP SCANDINAVIAN HEART,2,2,4,1.52,3.58351893845611,3.8066624897703196,4477
79157B,UBO-LIGHT TRIOBASE BLUE,2,2,4,3.4,3.465735902799727,3.8066624897703196,4478
84570B,WHITE SATIN DRESS JEWEL STAND,2,2,4,19.8,3.465735902799727,3.8066624897703196,4479
85185E,DUCK SOCK PUPPET,2,2,4,11.8,3.465735902799727,3.8066624897703196,4480
90020,FILIGREE DIAMANTE CHAIN,2,2,4,51.0,3.465735902799727,3.8066624897703196,4481
90027C,GLASS BEAD HOOP EARRINGS GREEN,2,2,4,11.8,3.58351893845611,3.8066624897703196,4482
84567,FROSTED GLASS WITH SILVER SURROUND,1,1,9,14.85,2.9957322735539917,3.6888794541139367,4483
21685,MEDINA STAMPED METAL TRAY,2,2,3,44.849999999999994,3.1780538303479453,3.58351893845611,4484
23464,VINTAGE ZINC WATERING CAN SMALL,2,2,3,14.850000000000001,3.1780538303479453,3.58351893845611,4485
47504J,ENGLISH ROSE SET/3 GARDEN TOOLS,2,2,3,23.85,3.1780538303479453,3.58351893845611,4486
72752B,"F.FAIRY,CANDLE IN GLASS,LAVENDER",2,2,3,12.75,3.1780538303479453,3.58351893845611,4487
84529B,BLUE KNITTED KID'S RUCKSACK,2,2,3,20.25,3.1780538303479453,3.58351893845611,4488
84914A,PINK ROSE PICNIC RUG,2,2,3,77.85,3.1780538303479453,3.58351893845611,4489
84962,SET/3 COLOUR PAINTED KASHMIRI STOOL,2,2,3,179.85000000000002,3.1780538303479453,3.58351893845611,4490
85192S,HANGING SPRING FLOWER HEART SMALL,2,2,3,1.9500000000000002,3.1780538303479453,3.58351893845611,4491
90001A,ANTIQUE RASPBERRY FLOWER EARRINGS,2,2,3,12.75,3.1780538303479453,3.58351893845611,4492
90024F,NEW BAROQUE B'FLY NECKLACE CRYSTAL,2,2,3,25.5,3.1780538303479453,3.58351893845611,4493
90041,PEARL AND CHERRY QUARTZ BRACLET,2,2,3,10.5,3.1780538303479453,3.58351893845611,4494
90091,CRYSTAL DRAGONFLY PHONE CHARM,2,2,3,2.55,3.1780538303479453,3.58351893845611,4495
90128D,PURPLE LEAVES AND BEADS PHONE CHAR,2,2,3,3.75,3.1780538303479453,3.58351893845611,4496
90176B,DIAMANTE NECKLACE BLACK,2,2,3,22.5,3.1780538303479453,3.58351893845611,4497
90176E,DIAMANTE NECKLACE GREEN,2,2,3,22.5,3.1780538303479453,3.58351893845611,4498
90189B,GOLD 2 STRAND NECKLACE-LEAF CHARMS,2,2,3,22.5,3.1780538303479453,3.58351893845611,4499
22850,BREAD BIN DINER STYLE BLACK,1,1,8,123.6,2.890371757896165,3.58351893845611,4500
37432,MUG PINK AND PURPLE ARABIC DESIGN,1,1,6,3.9,2.6390573296152584,3.332204510175204,4501
37477C,"FLOWER FAIRY MUG+COASTER,ROSE",1,1,6,22.5,2.6390573296152584,3.332204510175204,4502
37481,CUBIC MUG TEATIME CAKES,1,1,6,15.3,2.6390573296152584,3.332204510175204,4503
71101A,ANGEL ON KNEES METAL POLE 100CM H,1,1,6,5.1,2.6390573296152584,3.332204510175204,4504
90011C,GREEN CRYSTAL DROP EARRINGS,1,1,6,17.700000000000003,2.6390573296152584,3.332204510175204,4505
90037D,TINY CRYSTALS BRACELET BLACK,1,1,6,15.3,2.6390573296152584,3.332204510175204,4506
90038B,GLASS AND PAINTED BEADS BRACELET OL,1,1,6,22.5,2.6390573296152584,3.332204510175204,4507
90056,CHUNKY CRACKED GLAZE NECKLACE IVORY,1,1,6,64.5,2.6390573296152584,3.332204510175204,4508
90076,MONTANA DIAMOND CLUSTER EARRINGS,1,1,6,15.3,2.6390573296152584,3.332204510175204,4509
90130D,RED STONE/CRYSTAL EARRINGS,1,1,6,17.700000000000003,2.6390573296152584,3.332204510175204,4510
18098A,PINK PORCELAIN B'FLY OIL BURNER,2,2,2,5.9,2.772588722239781,3.295836866004329,4511
20884,MODERN CHRISTMAS TREE CANDLE,2,2,2,4.2,2.772588722239781,3.295836866004329,4512
21225,POCKET MIRROR BUTTERFLY,2,2,2,2.5,2.772588722239781,3.295836866004329,4513
35001P,HAND OPEN SHAPE PINK,2,2,2,6.98,2.772588722239781,3.295836866004329,4514
35821P,"JEWELLED DECORATION,PINK",2,2,2,5.9,2.772588722239781,3.295836866004329,4515
35823P,"ACRYLIC BEAD GARLAND,PINK",2,2,2,5.9,2.772588722239781,3.295836866004329,4516
82011E,"BATHROOM SCALES, FAG BREAK",2,2,2,7.5,2.772588722239781,3.295836866004329,4517
84247J,PACK/12 RUSSIAN DOLL CARDS,2,2,2,5.9,2.772588722239781,3.295836866004329,4518
84255A,PINK GLASS COCKTAIL LAMP,2,2,2,4.2,2.772588722239781,3.295836866004329,4519
84366,VENDETTA CANVAS PICTURE,2,2,2,7.5,2.772588722239781,3.295836866004329,4520
84868A,PINK BABY GIRL'S MEMORY BOX,2,2,2,13.9,2.772588722239781,3.295836866004329,4521
84967A,PINK KASHMIRI OCCASIONAL TABLE,2,2,2,94.95,2.772588722239781,3.295836866004329,4522
90025A,BAROQUE BUTTERFLY EARRINGS BLACK,2,2,2,7.5,2.772588722239781,3.295836866004329,4523
90025C,BAROQUE BUTTERFLY EARRINGS GREEN,2,2,2,7.5,2.772588722239781,3.295836866004329,4524
90025D,BAROQUE BUTTERFLY EARRINGS PINK,2,2,2,7.5,2.772588722239781,3.295836866004329,4525
90027A,GLASS BEAD HOOP EARRINGS BLACK,2,2,2,5.9,2.772588722239781,3.295836866004329,4526
90034,WHITE SILVER NECKLACE SHELL GLASS,2,2,2,19.9,2.772588722239781,3.295836866004329,4527
90051,CRACKED GLAZE NECKLACE RED,2,2,2,13.9,2.772588722239781,3.295836866004329,4528
90054,CRACKED GLAZE EARRINGS RED,2,2,2,5.1,2.772588722239781,3.295836866004329,4529
90071,RUBY GLASS CLUSTER EARRINGS,2,2,2,2.5,2.772588722239781,3.295836866004329,4530
90074,BLACK DIAMOND CLUSTER NECKLACE,2,2,2,17.9,2.772588722239781,3.295836866004329,4531
90127B,BLUE BEADS+HAND PHONE CHARM,2,2,2,2.5,2.772588722239781,3.295836866004329,4532
90128C,GREEN LEAVES AND BEADS PHONE CHARM,2,2,2,2.5,2.772588722239781,3.295836866004329,4533
90130C,GREEN STONE/CRYSTAL EARRINGS,2,2,2,5.9,2.772588722239781,3.295836866004329,4534
20791,BLUE TILED SET OF 3 DRAWERS,1,1,5,63.75,2.4849066497880004,3.1780538303479453,4535
37408,ASSORTED DESIGN GEISHA GIRL MUGS,1,1,5,6.25,2.4849066497880004,3.1780538303479453,4536
90126C,AMBER BERTIE MOBILE PHONE CHARM,1,1,5,8.45,2.4849066497880004,3.1780538303479453,4537
10109,BENDY COLOUR PENCILS,1,1,4,1.68,2.302585092994045,2.995732273553991,4538
20678,LARGE BLACK DIAMANTE HAIRSLIDE,1,1,4,6.6,2.302585092994045,2.995732273553991,4539
20800,LARGE GLASS SUNDAE DISH CLEAR,1,1,4,10.2,2.302585092994045,2.995732273553991,4540
20858,SILVER PURSE GOLD PINK BUTTERFLY,1,1,4,6.6,2.302585092994045,2.995732273553991,4541
20890,SMALL GLASS ROSE SCENTED CANDLE,1,1,4,15.0,2.302585092994045,2.995732273553991,4542
79065A,TEATIME ROUND CAKE TINS,1,1,4,39.8,2.302585092994045,2.995732273553991,4543
84201C,HAPPY BIRTHDAY CARD TEDDY/CAKE,1,1,4,0.76,2.302585092994045,2.995732273553991,4544
21525,BEWARE OF THE CAT DOORMAT,1,2,2,13.5,2.19722457733622,2.8903717578961645,4545
84614C,BLUE BAROQUE FLOCK CANDLE HOLDER,1,1,3,17.85,2.079441541679836,2.772588722239781,4546
85069,CREAM SWEETHEART DOUBLE SHELF,1,1,3,50.85,2.079441541679836,2.772588722239781,4547
85115B,S/4 BLACK DISCO PARTITION PANEL,1,1,3,12.75,2.079441541679836,2.772588722239781,4548
90052,CRACKED GLAZE NECKLACE BROWN,1,1,3,20.85,2.079441541679836,2.772588722239781,4549
90141D,ROSE PENDANT TRIPLE SHELL NECKLACE,1,1,3,14.85,2.079441541679836,2.772588722239781,4550
20822,SILVER WINE GOBLET,1,1,2,9.3,1.791759469228055,2.4849066497880004,4551
20881,MODERN CHRISTMAS TREE CANDLE,1,1,2,1.7,1.791759469228055,2.4849066497880004,4552
20882,MODERN CHRISTMAS TREE CANDLE,1,1,2,5.9,1.791759469228055,2.4849066497880004,4553
20891,LARGE GLASS ROSE SCENTED CANDLE,1,1,2,15.9,1.791759469228055,2.4849066497880004,4554
23463,VINTAGE ZINC WATERING CAN,1,1,2,19.9,1.791759469228055,2.4849066497880004,4555
35837,SET OF SIX SILVER+RED FLOCK BAUBLES,1,1,2,1.7,1.791759469228055,2.4849066497880004,4556
37326,FAIRY DESIGN MUGS,1,1,2,2.5,1.791759469228055,2.4849066497880004,4557
37438,FUNKY FLOWER COFFEE POT,1,1,2,7.5,1.791759469228055,2.4849066497880004,4558
72084B,CHOCOLATE ICE CREAM CANDLE,1,1,2,3.9,1.791759469228055,2.4849066497880004,4559
78056,CAMOUFLAGE BACKPACK ON WHEELS,1,1,2,19.9,1.791759469228055,2.4849066497880004,4560
79303A,WHITE ROHMBIC BLOCK TABLE LAMP,1,1,2,5.9,1.791759469228055,2.4849066497880004,4561
84205C,HAPPY BIRTHDAY GINGER CAT CARD,1,1,2,0.38,1.791759469228055,2.4849066497880004,4562
84630,FLOWERS AND BIRDS WALL PLAQUE,1,1,2,15.9,1.791759469228055,2.4849066497880004,4563
90163B,WHITE ROSEBUD & PEARL NECKLACE,1,1,2,15.0,1.791759469228055,2.4849066497880004,4564
90187A,BLUE DROP EARRINGS W BEAD CLUSTER,1,1,2,6.7,1.791759469228055,2.4849066497880004,4565
20620,RED SPOTTY PASSPORT COVER,1,1,1,2.1,1.3862943611198906,2.0794415416798357,4566
20683,RAIN GIRL CHILDS UMBRELLA,1,1,1,3.25,1.3862943611198906,2.0794415416798357,4567
20721,OWLS CHARLOTTE BAG,1,1,1,0.85,1.3862943611198906,2.0794415416798357,4568
20885,BOX OF 3 PEBBLE CANDLES,1,1,1,2.95,1.3862943611198906,2.0794415416798357,4569
21036,SET/2 TEA TOWELS MODERN VINTAGE,1,1,1,2.55,1.3862943611198906,2.0794415416798357,4570
21409,SPOTTY COCKEREL DOORSTOP,1,1,1,4.25,1.3862943611198906,2.0794415416798357,4571
21475,SWEETHEART CREAM STEEL FOLDIN CHAIR,1,1,1,14.95,1.3862943611198906,2.0794415416798357,4572
21585,SWALLOW SMALL TUBE MATCHES,1,1,1,1.65,1.3862943611198906,2.0794415416798357,4573
21767,FRENCH STYLE WIRE DOOR CABINET,1,1,1,29.95,1.3862943611198906,2.0794415416798357,4574
21772,VINTAGE METAL CAKE STAND CREAM,1,1,1,12.75,1.3862943611198906,2.0794415416798357,4575
21838,DADDY MOUSE RED GINGHAM BOW TIE,1,1,1,5.45,1.3862943611198906,2.0794415416798357,4576
21852,EMPIRE TEDDY,1,1,1,6.95,1.3862943611198906,2.0794415416798357,4577
23664,FLOWER SHOP DESIGN MUG,1,1,1,1.65,1.3862943611198906,2.0794415416798357,4578
35598C,WHITE CHRISTMAS TREE 60CM,1,1,1,2.95,1.3862943611198906,2.0794415416798357,4579
35930,PINK HEART CHRISTMAS DECORATION,1,1,1,0.38,1.3862943611198906,2.0794415416798357,4580
35945,GOLD CHRISTMAS STOCKING DECORATION,1,1,1,1.95,1.3862943611198906,2.0794415416798357,4581
35950,FOLKART HEART CHRISTMAS DECORATIONS,1,1,1,1.25,1.3862943611198906,2.0794415416798357,4582
35974,S/6 CHRISTMAS TREE PLACE SETTING,1,1,1,3.75,1.3862943611198906,2.0794415416798357,4583
35976B,WHITE SCANDINAVIAN HEART CHRISTMAS,1,1,1,1.25,1.3862943611198906,2.0794415416798357,4584
35999,S/6 SCANDINAVIAN HEART T-LIGHT,1,1,1,2.55,1.3862943611198906,2.0794415416798357,4585
37451,CERAMIC CAKE TEAPOT WITH CHERRY,1,1,1,4.95,1.3862943611198906,2.0794415416798357,4586
37484,ENGLISH ROSE TEA FOR ONE GIFT BOX,1,1,1,6.75,1.3862943611198906,2.0794415416798357,4587
46138D,GREEN CHENILLE SHAGGY C/COVER,1,1,1,1.95,1.3862943611198906,2.0794415416798357,4588
47554,S/3 COLOURS FLOCK TEA TOWELS,1,1,1,2.55,1.3862943611198906,2.0794415416798357,4589
47556,SET/2 SPOTTY + ROSE TEA TOWELS,1,1,1,2.55,1.3862943611198906,2.0794415416798357,4590
47569,ENGLISH ROSE DESIGN SHOPPING BAG,1,1,1,2.55,1.3862943611198906,2.0794415416798357,4591
48173A,DOOR MAT BLUE FLOCK,1,1,1,6.75,1.3862943611198906,2.0794415416798357,4592
62097A,PINK STRIPES SHOULDER BAG,1,1,1,2.95,1.3862943611198906,2.0794415416798357,4593
71434B,"BLACK RND BULLET""KEEP CLEAN"" BIN",1,1,1,2.55,1.3862943611198906,2.0794415416798357,4594
72751A,"F.FAIRY S/3 SML CANDLE,LILY/VALLEY",1,1,1,5.95,1.3862943611198906,2.0794415416798357,4595
72751B,"F.FAIRY S/3 SML CANDLE, LAVENDER",1,1,1,5.95,1.3862943611198906,2.0794415416798357,4596
72751C,"F.FAIRY S/3 SML CANDLE, ROSE",1,1,1,5.95,1.3862943611198906,2.0794415416798357,4597
72752A,"F.FAIRY,CANDLE IN GLASS,LILY/VALLEY",1,1,1,4.25,1.3862943611198906,2.0794415416798357,4598
72754D,F FAIRY POTPOURRI CUSHIONS SUMMER,1,1,1,1.69,1.3862943611198906,2.0794415416798357,4599
72796C,S/3 ROSE GARDEN SCENT SQU CANDLE,1,1,1,1.65,1.3862943611198906,2.0794415416798357,4600
79301,FEATHER HEART LIGHTS,1,1,1,2.95,1.3862943611198906,2.0794415416798357,4601
84572,6 HOOK JEWEL STAND LILAC DRESS,1,1,1,8.49,1.3862943611198906,2.0794415416798357,4602
84626,CANDY STRIPE ROSE QUILT,1,1,1,45.95,1.3862943611198906,2.0794415416798357,4603
84648,NEW BAROQUE WALL MIRROR,1,1,1,12.75,1.3862943611198906,2.0794415416798357,4604
84814A,HEXAGONAL CRYSTAL PERFUME BOTTLE,1,1,1,1.95,1.3862943611198906,2.0794415416798357,4605
84845A,HOLLYHOCK SQUARE HANDY TIN,1,1,1,1.25,1.3862943611198906,2.0794415416798357,4606
85024A,CRYSTAL SMALL JEWELLED PHOTOFRAME,1,1,1,1.65,1.3862943611198906,2.0794415416798357,4607
85043,RED HEART CANDY POP LIGHTS,1,1,1,4.95,1.3862943611198906,2.0794415416798357,4608
85171,S/2 HYACINTH BULB CANDLES,1,1,1,2.55,1.3862943611198906,2.0794415416798357,4609
85232C,RUSSIAN FOLKART STACKING TINS,1,1,1,4.95,1.3862943611198906,2.0794415416798357,4610
90000C,OPAL WHITE/SILVER FLOWER NECKLACE,1,1,1,5.95,1.3862943611198906,2.0794415416798357,4611
90004A,JADE GREEN PAIR ENAMEL HAIR SLIDES,1,1,1,3.75,1.3862943611198906,2.0794415416798357,4612
90011A,MIDNIGHT BLUE CRYSTAL DROP EARRINGS,1,1,1,2.95,1.3862943611198906,2.0794415416798357,4613
90011E,AMBER CRYSTAL DROP EARRINGS,1,1,1,2.95,1.3862943611198906,2.0794415416798357,4614
90025B,BAROQUE BUTTERFLY EARRINGS RED,1,1,1,3.75,1.3862943611198906,2.0794415416798357,4615
90025F,BAROQUE BUTTERFLY EARRINGS CRYSTAL,1,1,1,3.75,1.3862943611198906,2.0794415416798357,4616
90039A,FIRE POLISHED GLASS BRACELET RED,1,1,1,3.75,1.3862943611198906,2.0794415416798357,4617
90055,CRACKED GLAZE EARRINGS BROWN,1,1,1,2.55,1.3862943611198906,2.0794415416798357,4618
90077,BLACK DIAMOND CLUSTER EARRINGS,1,1,1,2.55,1.3862943611198906,2.0794415416798357,4619
90125E,AMBER BERTIE GLASS BEAD BAG CHARM,1,1,1,2.1,1.3862943611198906,2.0794415416798357,4620
90136,PALE PINK/AMETHYST STONE NECKLACE,1,1,1,9.95,1.3862943611198906,2.0794415416798357,4621
90183C,BLACK DROP EARRINGS W LONG BEADS,1,1,1,2.95,1.3862943611198906,2.0794415416798357,4622
TEST002,This is a test product.,1,1,1,1.0,1.3862943611198906,2.0794415416798357,4623
