Customer ID,Recency,Frequency,Monetary,TotalItems,FirstPurchaseDate,LastPurchaseDate,AverageOrderValue,Tenure,Churn
12346.0,235,12,77556.46,74285,2009-12-14 08:34:00,2011-01-18 10:01:00,6463.038333333334,400,1
12347.0,39,6,4114.18,2418,2010-10-31 14:20:00,2011-08-02 08:48:00,685.6966666666667,274,0
12348.0,158,4,1709.4,2497,2010-09-27 14:59:00,2011-04-05 10:47:00,427.35,189,0
12349.0,317,3,2671.14,993,2010-04-29 13:20:00,2010-10-28 08:23:00,890.38,181,0
12350.0,219,1,334.4,197,2011-02-02 16:01:00,2011-02-02 16:01:00,334.4,0,1
12351.0,284,1,300.93,261,2010-11-29 15:23:00,2010-11-29 15:23:00,300.93,0,1
12352.0,171,7,1905.61,442,2010-11-12 10:20:00,2011-03-22 16:08:00,272.22999999999996,130,0
12353.0,113,2,406.76,212,2010-10-27 12:44:00,2011-05-19 17:47:00,203.38,204,1
12354.0,141,1,1079.4,530,2011-04-21 13:11:00,2011-04-21 13:11:00,1079.4,0,1
12355.0,123,2,947.61,543,2010-05-21 11:59:00,2011-05-09 13:49:00,473.805,353,1
12356.0,155,5,6315.33,3412,2010-10-11 09:42:00,2011-04-08 12:33:00,1263.066,179,0
12357.0,297,2,12079.99,3879,2010-11-16 10:05:00,2010-11-16 14:29:00,6039.995,0,0
12358.0,60,4,3203.87,931,2009-12-08 07:59:00,2011-07-12 10:04:00,800.9675,581,0
12359.0,99,9,6059.09,2095,2009-12-05 13:32:00,2011-06-03 12:26:00,673.2322222222223,544,0
12360.0,22,7,3209.11,1968,2010-02-22 09:32:00,2011-08-19 10:10:00,458.44428571428574,543,0
12361.0,196,4,511.25,235,2010-01-26 14:37:00,2011-02-25 13:51:00,127.8125,394,1
12362.0,29,5,1877.35,989,2009-12-01 10:10:00,2011-08-11 15:02:00,375.46999999999997,618,0
12363.0,19,2,552.0,408,2011-04-11 13:29:00,2011-08-22 10:18:00,276.0,132,1
12364.0,21,1,623.92,555,2011-08-19 15:24:00,2011-08-19 15:24:00,623.92,0,0
12365.0,200,2,641.38,174,2011-02-21 13:51:00,2011-02-21 14:04:00,320.69,0,1
12366.0,543,1,500.24,296,2010-03-16 10:28:00,2010-03-16 10:28:00,500.24,0,1
12368.0,537,1,917.6999999999999,330,2010-03-21 15:56:00,2010-03-21 15:56:00,917.6999999999999,0,1
12369.0,322,3,1791.15,1241,2010-03-08 08:09:00,2010-10-22 13:13:00,597.0500000000001,228,1
12370.0,184,6,3581.03,2225,2010-02-09 09:41:00,2011-03-10 12:48:00,596.8383333333334,394,0
12371.0,318,3,2179.42,845,2010-03-04 18:23:00,2010-10-26 13:37:00,726.4733333333334,235,0
12372.0,122,2,914.9200000000001,592,2011-02-16 12:46:00,2011-05-11 10:43:00,457.46000000000004,83,0
12373.0,220,3,1127.65,516,2010-02-04 12:08:00,2011-02-01 13:10:00,375.8833333333334,362,1
12374.0,330,3,2246.29,1020,2010-04-30 14:01:00,2010-10-14 13:31:00,748.7633333333333,166,0
12375.0,7,1,230.3,87,2011-09-02 14:23:00,2011-09-02 14:23:00,230.3,0,0
12376.0,299,2,503.15,240,2010-10-18 08:42:00,2010-11-15 12:15:00,251.575,28,1
12377.0,224,4,3426.32,2105,2010-04-29 15:34:00,2011-01-28 15:45:00,856.58,274,1
12378.0,39,2,5416.32,3316,2010-05-26 14:07:00,2011-08-02 10:34:00,2708.16,432,1
12379.0,79,3,1227.82,619,2010-06-23 12:49:00,2011-06-22 16:32:00,409.2733333333333,364,0
12380.0,95,8,7559.04,2521,2010-02-15 12:05:00,2011-06-07 09:49:00,944.88,476,0
12381.0,29,1,1268.74,568,2011-08-12 09:57:00,2011-08-12 09:57:00,1268.74,0,0
12383.0,94,5,1850.56,1532,2010-12-22 14:28:00,2011-06-08 08:02:00,370.11199999999997,167,1
12384.0,31,1,292.69,62,2011-08-10 11:23:00,2011-08-10 11:23:00,292.69,0,0
12385.0,288,1,1938.4,612,2010-11-25 15:14:00,2010-11-25 15:14:00,1938.4,0,1
12386.0,247,2,660.8,568,2010-12-08 09:53:00,2011-01-06 12:37:00,330.4,29,1
12387.0,324,1,143.94,134,2010-10-20 16:27:00,2010-10-20 16:27:00,143.94,0,1
12388.0,57,6,2788.79,1299,2010-05-06 12:54:00,2011-07-14 13:28:00,464.79833333333335,434,0
12389.0,312,3,1433.33,614,2010-02-22 10:15:00,2010-11-02 11:52:00,477.77666666666664,253,1
12391.0,374,5,2312.53,920,2010-02-15 10:12:00,2010-09-01 12:38:00,462.50600000000003,198,0
12392.0,500,1,234.75000000000003,73,2010-04-27 14:04:00,2010-04-27 14:04:00,234.75000000000003,0,1
12393.0,155,5,1877.95,1017,2010-10-07 13:49:00,2011-04-08 09:45:00,375.59000000000003,182,0
12394.0,126,1,381.08,182,2011-05-06 14:01:00,2011-05-06 14:01:00,381.08,0,0
12395.0,21,11,3948.21,3244,2010-04-16 10:16:00,2011-08-19 15:18:00,358.9281818181818,490,0
12396.0,583,1,931.43,591,2010-02-03 13:22:00,2010-02-03 13:22:00,931.43,0,1
12397.0,44,1,1214.81,704,2011-07-27 14:21:00,2011-07-27 14:21:00,1214.81,0,0
12399.0,28,7,1962.3,2198,2010-03-05 08:45:00,2011-08-12 13:15:00,280.3285714285714,525,1
12400.0,323,1,205.25,91,2010-10-21 13:45:00,2010-10-21 13:45:00,205.25,0,1
12401.0,212,1,84.3,11,2011-02-09 13:50:00,2011-02-09 13:50:00,84.3,0,1
12402.0,232,6,1256.9,584,2010-02-07 12:41:00,2011-01-20 13:49:00,209.48333333333335,347,1
12403.0,431,1,591.6600000000001,164,2010-07-06 11:39:00,2010-07-06 11:39:00,591.6600000000001,0,0
12404.0,591,1,63.24,1,2010-01-26 16:25:00,2010-01-26 16:25:00,63.24,0,1
12405.0,58,1,1710.39,857,2011-07-14 08:52:00,2011-07-14 08:52:00,1710.39,0,1
12406.0,93,4,4596.31,2391,2010-01-11 14:04:00,2011-06-09 10:23:00,1149.0775,513,0
12407.0,43,4,1407.3600000000001,1237,2011-03-20 13:21:00,2011-07-28 16:28:00,351.84000000000003,130,0
12408.0,8,7,3586.27,1864,2010-07-29 13:27:00,2011-09-02 10:27:00,512.3242857142857,399,0
12409.0,92,5,18553.7,10734,2010-05-23 15:21:00,2011-06-10 12:19:00,3710.7400000000002,382,0
12410.0,218,3,1013.71,341,2010-07-25 13:26:00,2011-02-04 10:39:00,337.90333333333336,193,1
12411.0,319,1,346.9,138,2010-10-26 09:25:00,2010-10-26 09:25:00,346.9,0,1
12412.0,47,5,2260.79,1767,2010-06-18 13:22:00,2011-07-25 11:17:00,452.158,401,0
12413.0,145,3,805.25,238,2010-11-02 13:26:00,2011-04-17 15:33:00,268.4166666666667,166,0
12414.0,126,6,952.41,495,2010-09-02 12:22:00,2011-05-06 14:51:00,158.73499999999999,246,1
12415.0,8,22,121631.72,80774,2010-06-30 08:30:00,2011-09-01 13:51:00,5528.714545454545,428,0
12416.0,566,1,202.56,132,2010-02-21 10:19:00,2010-02-21 10:19:00,202.56,0,1
12417.0,16,18,5984.33,2567,2009-12-06 10:30:00,2011-08-25 10:26:00,332.4627777777778,626,0
12418.0,22,4,2021.2,1088,2010-03-19 14:47:00,2011-08-19 11:08:00,505.3,517,1
12419.0,295,2,503.01,231,2010-10-22 10:40:00,2010-11-19 10:04:00,251.505,27,1
12421.0,24,5,920.12,575,2010-07-22 13:57:00,2011-08-17 10:56:00,184.024,390,0
12422.0,5,17,5231.8,2596,2009-12-18 12:44:00,2011-09-05 09:48:00,307.7529411764706,625,1
12423.0,10,9,2413.75,1590,2010-08-31 09:31:00,2011-08-31 08:55:00,268.19444444444446,364,0
12424.0,72,4,3340.03,2025,2010-06-09 15:15:00,2011-06-30 12:06:00,835.0075,385,1
12425.0,357,1,964.21,651,2010-09-17 14:10:00,2010-09-17 14:10:00,964.21,0,0
12426.0,104,2,1345.21,584,2010-02-15 08:41:00,2011-05-29 12:26:00,672.605,468,1
12427.0,281,1,607.0,158,2010-12-03 10:44:00,2010-12-03 10:44:00,607.0,0,0
12428.0,29,8,7548.12,3386,2011-03-01 09:33:00,2011-08-11 12:58:00,943.515,163,0
12429.0,82,7,6580.39,2832,2010-06-11 13:28:00,2011-06-20 12:14:00,940.0557142857143,373,0
12431.0,28,23,9245.09,3919,2010-01-15 09:04:00,2011-08-12 14:19:00,401.96043478260873,574,0
12432.0,79,3,4016.66,1427,2011-06-20 13:27:00,2011-06-22 13:12:00,1338.8866666666665,1,0
12433.0,0,6,13600.62,11476,2010-08-20 09:23:00,2011-09-09 13:44:00,2266.77,385,0
12434.0,169,2,583.54,215,2010-11-23 13:38:00,2011-03-24 13:05:00,291.77,120,0
12435.0,177,5,10075.03,3782,2009-12-02 13:58:00,2011-03-17 07:40:00,2015.006,469,0
12436.0,9,1,509.01,211,2011-09-01 12:09:00,2011-09-01 12:09:00,509.01,0,1
12437.0,7,32,10543.4,6875,2009-12-02 16:24:00,2011-09-02 13:15:00,329.48125,638,0
12438.0,49,1,890.0699999999999,586,2011-07-22 13:29:00,2011-07-22 13:29:00,890.0699999999999,0,0
12439.0,592,2,1158.18,484,2009-12-14 08:40:00,2010-01-26 12:11:00,579.09,43,1
12440.0,371,2,859.2,331,2009-12-22 12:03:00,2010-09-03 13:11:00,429.6,255,1
12441.0,276,1,347.1,242,2010-12-08 10:45:00,2010-12-08 10:45:00,347.1,0,1
12443.0,641,1,485.31,182,2009-12-07 15:42:00,2009-12-07 15:42:00,485.31,0,1
12444.0,31,2,2627.27,650,2011-06-21 14:00:00,2011-08-10 08:41:00,1313.635,49,0
12445.0,330,1,301.58000000000004,144,2010-10-15 12:28:00,2010-10-15 12:28:00,301.58000000000004,0,0
12447.0,152,1,476.49,190,2011-04-10 13:25:00,2011-04-10 13:25:00,476.49,0,1
12449.0,1,5,3493.18,1758,2010-09-27 09:37:00,2011-09-09 09:13:00,698.636,346,0
12450.0,65,5,688.2,442,2010-08-22 13:11:00,2011-07-06 14:41:00,137.64000000000001,318,1
12451.0,127,5,8942.18,6889,2010-06-28 12:58:00,2011-05-05 17:34:00,1788.4360000000001,311,0
12453.0,43,1,707.09,473,2011-07-28 14:08:00,2011-07-28 14:08:00,707.09,0,1
12454.0,305,4,13151.44,6697,2010-10-14 17:33:00,2010-11-09 10:09:00,3287.86,25,0
12455.0,37,9,5589.45,2979,2009-12-18 12:33:00,2011-08-04 11:07:00,621.05,593,0
12456.0,40,2,2265.4,1073,2011-03-30 09:12:00,2011-07-31 15:25:00,1132.7,123,0
12457.0,143,4,1699.93,648,2010-09-30 17:59:00,2011-04-20 10:10:00,424.9825,201,0
12458.0,194,3,1272.01,750,2010-08-09 10:33:00,2011-02-28 10:55:00,424.00333333333333,203,0
12459.0,514,1,454.36,258,2010-04-13 14:53:00,2010-04-13 14:53:00,454.36,0,1
12460.0,365,1,326.65,170,2010-09-09 13:51:00,2010-09-09 13:51:00,326.65,0,1
12461.0,3,2,826.88,287,2011-07-08 10:23:00,2011-09-06 16:57:00,413.44,60,1
12462.0,212,1,762.11,287,2011-02-09 14:44:00,2011-02-09 14:44:00,762.11,0,0
12463.0,84,3,985.79,577,2011-04-12 12:47:00,2011-06-17 14:28:00,328.59666666666664,66,0
12464.0,15,6,780.55,81,2011-02-03 13:30:00,2011-08-25 13:33:00,130.09166666666667,203,0
12465.0,78,1,440.94,294,2011-06-23 13:37:00,2011-06-23 13:37:00,440.94,0,0
12466.0,591,1,56.73,1,2010-01-26 16:26:00,2010-01-26 16:26:00,56.73,0,1
12467.0,332,1,132.8,129,2010-10-12 15:41:00,2010-10-12 15:41:00,132.8,0,1
12468.0,97,5,3670.74,2201,2010-01-26 10:09:00,2011-06-05 11:36:00,734.1479999999999,495,1
12469.0,432,2,3070.54,2552,2010-06-21 10:30:00,2010-07-05 12:40:00,1535.27,14,1
12470.0,599,1,211.95,95,2010-01-19 11:01:00,2010-01-19 11:01:00,211.95,0,1
12471.0,16,68,31256.14,13022,2009-12-07 10:41:00,2011-08-24 16:13:00,459.6491176470588,625,0
12472.0,48,17,16236.08,10290,2009-12-14 10:49:00,2011-07-24 11:55:00,955.0635294117646,587,0
12473.0,24,2,1186.25,878,2011-06-01 10:15:00,2011-08-17 12:04:00,593.125,77,0
12474.0,8,26,9410.72,5905,2010-02-11 09:41:00,2011-09-02 10:53:00,361.9507692307692,568,0
12475.0,319,1,426.26,236,2010-10-26 08:49:00,2010-10-26 08:49:00,426.26,0,0
12476.0,50,18,10490.66,4369,2010-07-26 09:04:00,2011-07-21 17:39:00,582.8144444444445,360,0
12477.0,10,6,15890.66,4984,2010-03-26 14:01:00,2011-08-31 09:11:00,2648.443333333333,522,0
12480.0,52,6,4328.17,2341,2010-07-20 13:21:00,2011-07-19 14:04:00,721.3616666666667,364,0
12481.0,89,13,10866.83,6310,2010-04-11 13:10:00,2011-06-13 10:52:00,835.91,427,0
12482.0,485,29,23691.4,27042,2010-02-24 10:24:00,2010-05-12 16:51:00,816.944827586207,77,1
12483.0,8,17,4259.66,1854,2010-01-31 13:28:00,2011-09-02 11:42:00,250.56823529411764,578,0
12484.0,10,10,5491.58,2939,2010-01-27 16:41:00,2011-08-31 09:44:00,549.158,580,0
12485.0,438,1,708.1,414,2010-06-28 15:22:00,2010-06-28 15:22:00,708.1,0,1
12486.0,341,1,1037.28,523,2010-10-04 12:14:00,2010-10-04 12:14:00,1037.28,0,1
12487.0,640,1,285.29999999999995,174,2009-12-09 11:36:00,2009-12-09 11:36:00,285.29999999999995,0,1
12489.0,245,1,334.93,105,2011-01-07 13:13:00,2011-01-07 13:13:00,334.93,0,1
12490.0,2,17,7958.3,4852,2009-12-01 12:52:00,2011-09-07 13:22:00,468.13529411764705,645,0
12492.0,14,2,578.39,321,2010-11-01 14:58:00,2011-08-26 14:51:00,289.195,297,0
12493.0,75,2,433.74,207,2011-05-26 14:53:00,2011-06-27 10:17:00,216.87,31,1
12494.0,71,7,1495.63,645,2010-05-12 13:52:00,2011-07-01 12:17:00,213.6614285714286,414,0
12495.0,550,1,357.4,130,2010-03-09 10:53:00,2010-03-09 10:53:00,357.4,0,1
12496.0,529,2,54.09,33,2010-03-29 13:57:00,2010-03-29 14:06:00,27.045,0,1
12497.0,310,2,5205.400000000001,4449,2010-03-05 09:39:00,2010-11-04 12:31:00,2602.7000000000003,244,0
12499.0,469,1,393.72,302,2010-05-28 15:12:00,2010-05-28 15:12:00,393.72,0,1
12500.0,16,14,3471.23,1969,2010-02-04 15:05:00,2011-08-25 12:50:00,247.945,566,0
12501.0,246,1,2169.39,1783,2011-01-07 12:28:00,2011-01-07 12:28:00,2169.39,0,1
12502.0,5,5,3723.87,820,2011-02-03 10:41:00,2011-09-05 11:52:00,744.774,214,1
12503.0,493,1,1126.0,561,2010-05-04 13:59:00,2010-05-04 13:59:00,1126.0,0,1
12504.0,326,2,297.0,368,2010-04-22 10:24:00,2010-10-18 15:09:00,148.5,179,0
12505.0,318,1,955.2,324,2010-10-27 09:18:00,2010-10-27 09:18:00,955.2,0,1
12506.0,142,1,73.5,23,2011-04-21 08:54:00,2011-04-21 08:54:00,73.5,0,1
12507.0,43,4,1844.06,1256,2010-05-04 09:23:00,2011-07-28 17:09:00,461.015,450,1
12509.0,193,1,176.5,55,2011-02-28 14:45:00,2011-02-28 14:45:00,176.5,0,1
12510.0,52,9,5178.02,2049,2009-12-04 13:47:00,2011-07-20 10:15:00,575.3355555555556,592,1
12511.0,338,1,3084.02,1753,2010-10-07 10:39:00,2010-10-07 10:39:00,3084.02,0,1
12513.0,22,1,612.29,462,2011-08-19 10:51:00,2011-08-19 10:51:00,612.29,0,1
12514.0,176,2,1597.76,840,2010-03-08 12:18:00,2011-03-17 16:38:00,798.88,374,1
12515.0,262,1,383.7,131,2010-12-21 15:43:00,2010-12-21 15:43:00,383.7,0,1
12516.0,90,3,1919.76,1422,2010-04-19 14:14:00,2011-06-12 11:37:00,639.92,418,0
12517.0,35,2,1538.7,841,2011-06-02 15:13:00,2011-08-05 15:02:00,769.35,63,0
12518.0,19,1,324.83,187,2011-08-21 13:18:00,2011-08-21 13:18:00,324.83,0,0
12519.0,386,1,385.7,212,2010-08-20 08:21:00,2010-08-20 08:21:00,385.7,0,0
12520.0,51,4,2045.85,1099,2011-03-11 11:35:00,2011-07-20 14:38:00,511.4625,131,0
12521.0,52,1,599.68,309,2011-07-20 10:51:00,2011-07-20 10:51:00,599.68,0,1
12523.0,17,19,3600.13,1970,2009-12-07 13:46:00,2011-08-24 10:13:00,189.4805263157895,624,0
12524.0,71,15,9762.869999999999,5769,2010-02-08 14:41:00,2011-06-30 15:30:00,650.858,507,0
12525.0,407,3,973.73,509,2010-03-02 14:01:00,2010-07-29 16:08:00,324.57666666666665,149,1
12526.0,3,1,520.3,318,2011-09-06 14:19:00,2011-09-06 14:19:00,520.3,0,0
12527.0,204,4,671.72,513,2010-06-28 15:37:00,2011-02-18 09:41:00,167.93,234,0
12528.0,24,4,1287.37,503,2011-01-31 09:05:00,2011-08-17 12:30:00,321.8425,198,0
12529.0,437,1,316.48,192,2010-06-29 13:10:00,2010-06-29 13:10:00,316.48,0,1
12530.0,33,8,3318.63,2400,2010-03-07 14:37:00,2011-08-08 10:59:00,414.82875,518,0
12531.0,595,1,1807.98,1074,2010-01-22 14:17:00,2010-01-22 14:17:00,1807.98,0,0
12533.0,537,2,1367.89,704,2009-12-01 11:50:00,2010-03-22 10:56:00,683.945,110,1
12534.0,40,1,1089.18,651,2011-08-01 10:26:00,2011-08-01 10:26:00,1089.18,0,1
12535.0,1,2,716.35,219,2011-06-06 12:47:00,2011-09-09 08:48:00,358.175,94,1
12537.0,318,1,732.94,449,2010-10-27 08:36:00,2010-10-27 08:36:00,732.94,0,1
12538.0,287,1,276.5,145,2010-11-26 13:02:00,2010-11-26 13:02:00,276.5,0,0
12539.0,171,6,10164.09,4089,2009-12-23 13:00:00,2011-03-22 16:00:00,1694.015,454,0
12540.0,1,27,18101.11,8767,2009-12-07 16:56:00,2011-09-08 13:38:00,670.4114814814815,639,0
12541.0,82,2,536.14,419,2011-03-04 09:32:00,2011-06-19 15:59:00,268.07,107,0
12542.0,393,2,481.88,522,2010-03-09 16:26:00,2010-08-12 19:12:00,240.94,156,1
12543.0,357,1,980.25,688,2010-09-17 15:51:00,2010-09-17 15:51:00,980.25,0,1
12545.0,169,1,628.15,346,2011-03-25 12:04:00,2011-03-25 12:04:00,628.15,0,0
12547.0,107,3,383.58,309,2010-07-27 13:55:00,2011-05-26 12:38:00,127.86,302,1
12548.0,75,1,95.19999999999999,49,2011-06-26 15:35:00,2011-06-26 15:35:00,95.19999999999999,0,1
12549.0,485,6,1575.68,1366,2010-01-11 12:29:00,2010-05-13 12:05:00,262.61333333333334,121,1
12551.0,267,1,168.0,100,2010-12-17 11:23:00,2010-12-17 11:23:00,168.0,0,1
12553.0,19,9,3336.06,1711,2010-10-12 13:35:00,2011-08-21 14:42:00,370.67333333333335,313,0
12554.0,358,1,468.5,240,2010-09-17 12:29:00,2010-09-17 12:29:00,468.5,0,1
12555.0,591,1,129.23,1,2010-01-26 16:26:00,2010-01-26 16:26:00,129.23,0,1
12556.0,60,1,312.9,166,2011-07-11 13:35:00,2011-07-11 13:35:00,312.9,0,0
12557.0,67,7,15726.14,5862,2009-12-17 10:39:00,2011-07-04 13:19:00,2246.5914285714284,564,0
12559.0,220,2,561.71,283,2011-01-24 10:12:00,2011-02-02 09:49:00,280.855,8,1
12560.0,21,2,1436.31,820,2011-07-19 15:55:00,2011-08-19 15:22:00,718.155,30,0
12561.0,212,1,238.85,177,2011-02-10 11:39:00,2011-02-10 11:39:00,238.85,0,1
12562.0,36,5,2790.41,1324,2010-09-30 13:13:00,2011-08-05 08:40:00,558.082,308,0
12563.0,318,1,249.24,113,2010-10-27 09:52:00,2010-10-27 09:52:00,249.24,0,1
12564.0,170,1,456.9,133,2011-03-23 14:55:00,2011-03-23 14:55:00,456.9,0,1
12565.0,198,1,145.92,80,2011-02-24 10:34:00,2011-02-24 10:34:00,145.92,0,1
12567.0,5,14,12158.56,5314,2010-02-11 10:30:00,2011-09-04 14:22:00,868.4685714285714,570,0
12568.0,554,1,70.0,48,2010-03-05 09:15:00,2010-03-05 09:15:00,70.0,0,1
12569.0,1,15,2167.68,857,2011-04-01 13:47:00,2011-09-08 15:22:00,144.512,160,0
12570.0,591,1,77.52,1,2010-01-26 17:28:00,2010-01-26 17:28:00,77.52,0,1
12571.0,31,1,248.35,197,2011-08-10 12:35:00,2011-08-10 12:35:00,248.35,0,0
12573.0,136,5,717.41,479,2010-08-31 17:25:00,2011-04-26 15:52:00,143.482,237,1
12574.0,225,1,218.45,61,2011-01-28 09:20:00,2011-01-28 09:20:00,218.45,0,1
12575.0,366,2,622.8199999999999,315,2010-07-01 09:15:00,2010-09-08 13:09:00,311.40999999999997,69,1
12576.0,5,7,1763.44,1192,2010-07-01 13:46:00,2011-09-05 10:06:00,251.92000000000002,430,0
12577.0,268,6,1191.84,859,2009-12-03 19:31:00,2010-12-15 16:21:00,198.64,376,0
12578.0,239,3,3456.6,1932,2010-09-22 11:19:00,2011-01-13 15:34:00,1152.2,113,0
12580.0,156,2,1052.9,569,2010-05-12 11:45:00,2011-04-07 10:24:00,526.45,329,1
12582.0,148,4,1980.4,985,2010-05-11 09:55:00,2011-04-15 08:45:00,495.1,338,1
12583.0,16,21,11398.27,7387,2009-12-06 11:57:00,2011-08-25 12:26:00,542.7747619047619,627,0
12584.0,36,4,782.59,138,2011-03-04 15:15:00,2011-08-04 17:07:00,195.6475,153,0
12585.0,143,2,2040.1,1279,2010-12-23 12:58:00,2011-04-19 13:39:00,1020.05,117,1
12586.0,284,3,1865.73,608,2009-12-16 13:15:00,2010-11-30 10:47:00,621.91,348,0
12588.0,308,3,743.88,385,2010-04-21 12:22:00,2010-11-05 12:53:00,247.96,198,0
12589.0,54,7,4180.48,1541,2010-01-19 12:26:00,2011-07-18 12:05:00,597.2114285714285,544,0
12590.0,120,2,9864.26,4283,2011-05-12 14:46:00,2011-05-12 14:52:00,4932.13,0,1
12591.0,226,3,1352.15,677,2010-10-27 10:42:00,2011-01-26 14:35:00,450.7166666666667,91,1
12592.0,1,5,2582.66,1875,2010-07-08 14:06:00,2011-09-08 15:04:00,516.5319999999999,427,1
12593.0,18,3,418.09999999999997,206,2011-05-05 09:29:00,2011-08-23 12:43:00,139.36666666666665,110,1
12594.0,30,13,4281.79,2431,2010-03-03 13:51:00,2011-08-10 14:26:00,329.36846153846153,525,0
12595.0,414,1,299.02,271,2010-07-23 09:10:00,2010-07-23 09:10:00,299.02,0,1
12596.0,151,1,269.95,156,2011-04-11 13:22:00,2011-04-11 13:22:00,269.95,0,0
12597.0,92,2,1428.81,675,2011-03-16 14:00:00,2011-06-09 16:04:00,714.405,85,0
12598.0,71,7,3095.39,1913,2010-03-01 09:58:00,2011-07-01 11:43:00,442.1985714285714,487,0
12599.0,36,12,2121.18,1982,2010-05-11 10:42:00,2011-08-05 12:38:00,176.765,451,0
12600.0,22,19,4381.4400000000005,1184,2009-12-07 13:37:00,2011-08-19 11:23:00,230.6021052631579,619,0
12601.0,99,6,681.26,290,2010-10-31 10:57:00,2011-06-03 10:17:00,113.54333333333334,214,1
12604.0,171,1,178.5,137,2011-03-23 12:06:00,2011-03-23 12:06:00,178.5,0,0
12605.0,285,4,1232.95,929,2010-09-07 14:21:00,2010-11-28 14:18:00,308.2375,81,1
12606.0,591,1,21.0,1,2010-01-26 16:23:00,2010-01-26 16:23:00,21.0,0,1
12608.0,314,1,415.79,323,2010-10-31 10:49:00,2010-10-31 10:49:00,415.79,0,1
12609.0,95,8,3109.7400000000002,1423,2009-12-20 13:30:00,2011-06-06 15:31:00,388.71750000000003,533,0
12610.0,15,2,1256.25,625,2011-08-05 13:52:00,2011-08-25 12:57:00,628.125,19,0
12613.0,107,9,4953.21,3278,2009-12-14 13:10:00,2011-05-26 09:18:00,550.3566666666667,527,0
12614.0,187,1,315.6,76,2011-03-07 10:22:00,2011-03-07 10:22:00,315.6,0,1
12615.0,77,5,4084.53,2354,2010-03-18 14:09:00,2011-06-24 13:35:00,816.9060000000001,462,0
12616.0,4,3,1131.1,498,2010-11-16 11:38:00,2011-09-05 15:17:00,377.0333333333333,293,1
12619.0,25,6,2227.6,1896,2010-05-28 12:52:00,2011-08-15 13:22:00,371.26666666666665,444,0
12620.0,114,1,561.66,434,2011-05-19 12:10:00,2011-05-19 12:10:00,561.66,0,0
12621.0,9,30,21281.18,11932,2010-02-09 12:01:00,2011-08-31 15:30:00,709.3726666666666,568,0
12622.0,141,1,180.1,69,2011-04-21 16:39:00,2011-04-21 16:39:00,180.1,0,1
12623.0,185,7,3747.84,1971,2010-01-12 11:45:00,2011-03-08 13:50:00,535.4057142857143,420,1
12624.0,15,2,641.13,355,2011-06-15 12:34:00,2011-08-25 15:04:00,320.565,71,1
12625.0,121,4,5164.88,3309,2010-04-22 11:33:00,2011-05-12 09:54:00,1291.22,384,1
12626.0,22,6,4774.0,2337,2011-01-17 11:01:00,2011-08-19 11:46:00,795.6666666666666,214,0
12627.0,5,5,2727.83,1575,2011-07-22 13:59:00,2011-09-04 14:09:00,545.566,44,0
12629.0,295,2,1558.22,722,2010-10-12 16:40:00,2010-11-19 09:18:00,779.11,37,1
12631.0,365,5,2841.07,1371,2010-01-15 14:50:00,2010-09-09 14:50:00,568.214,237,0
12632.0,430,2,804.88,694,2010-05-24 09:07:00,2010-07-07 09:39:00,402.44,44,1
12633.0,39,6,5462.93,3144,2010-07-02 11:44:00,2011-08-02 09:35:00,910.4883333333333,395,0
12634.0,445,2,490.0,337,2010-06-09 15:41:00,2010-06-22 10:05:00,245.0,12,1
12635.0,64,3,1924.87,1176,2010-09-09 10:50:00,2011-07-08 08:43:00,641.6233333333333,301,0
12636.0,648,1,141.0,1,2009-12-01 09:55:00,2009-12-01 09:55:00,141.0,0,1
12637.0,1,11,7981.91,4126,2010-06-14 13:36:00,2011-09-09 11:48:00,725.6281818181818,451,0
12638.0,549,1,249.8,86,2010-03-10 10:30:00,2010-03-10 10:30:00,249.8,0,0
12639.0,148,3,1312.37,631,2010-03-22 09:05:00,2011-04-15 12:48:00,437.45666666666665,389,1
12641.0,24,1,185.9,72,2011-08-16 13:26:00,2011-08-16 13:26:00,185.9,0,1
12642.0,17,1,366.45,277,2011-08-24 09:23:00,2011-08-24 09:23:00,366.45,0,0
12643.0,37,12,8350.42,4785,2010-04-07 14:16:00,2011-08-03 12:56:00,695.8683333333333,482,1
12644.0,39,4,1918.49,1032,2010-01-14 13:02:00,2011-08-02 10:33:00,479.6225,564,1
12645.0,19,7,3074.98,1866,2010-02-09 10:49:00,2011-08-22 12:40:00,439.28285714285715,559,0
12647.0,35,33,17088.24,6486,2010-01-13 15:06:00,2011-08-05 13:49:00,517.8254545454546,568,0
12648.0,64,4,1112.0,518,2010-01-07 18:38:00,2011-07-08 11:55:00,278.0,546,1
12649.0,16,8,2294.65,1959,2010-01-12 17:24:00,2011-08-24 14:41:00,286.83125,588,1
12651.0,244,4,377.75,265,2010-08-31 15:21:00,2011-01-09 12:46:00,94.4375,130,1
12652.0,240,2,1017.03,536,2010-10-01 15:16:00,2011-01-12 15:00:00,508.515,102,1
12653.0,58,3,4160.83,1681,2010-07-01 09:56:00,2011-07-14 10:41:00,1386.9433333333334,378,1
12654.0,107,3,337.75,151,2011-02-17 13:16:00,2011-05-26 10:43:00,112.58333333333333,97,0
12655.0,333,1,261.35,80,2010-10-12 09:17:00,2010-10-12 09:17:00,261.35,0,1
12656.0,25,6,5177.33,2417,2010-05-26 09:00:00,2011-08-15 12:53:00,862.8883333333333,446,0
12661.0,345,1,162.0,216,2010-09-29 16:46:00,2010-09-29 16:46:00,162.0,0,1
12662.0,16,16,5791.900000000001,2923,2010-04-01 09:50:00,2011-08-24 13:42:00,361.99375000000003,510,0
12663.0,534,2,239.4,181,2010-02-09 14:28:00,2010-03-25 09:40:00,119.7,43,1
12664.0,53,5,3145.64,797,2009-12-13 10:28:00,2011-07-19 12:43:00,629.1279999999999,583,0
12665.0,234,3,313.6,165,2010-02-08 15:11:00,2011-01-19 08:34:00,104.53333333333335,344,1
12666.0,303,1,1248.42,370,2010-11-10 16:40:00,2010-11-10 16:40:00,1248.42,0,1
12668.0,168,9,10562.0,4776,2010-01-31 15:45:00,2011-03-25 14:53:00,1173.5555555555557,417,0
12669.0,60,3,2744.0299999999997,1115,2011-03-28 10:15:00,2011-07-12 09:54:00,914.6766666666666,105,1
12670.0,8,5,2398.71,991,2010-02-11 10:13:00,2011-09-02 09:51:00,479.742,567,0
12671.0,515,1,2622.481,1460,2010-04-12 16:30:00,2010-04-12 16:30:00,2622.481,0,1
12672.0,239,2,437.05,138,2010-04-23 09:57:00,2011-01-14 09:20:00,218.525,265,1
12673.0,236,2,840.4,520,2010-11-03 10:46:00,2011-01-17 11:46:00,420.2,75,0
12674.0,1,3,1402.0,787,2011-05-16 09:10:00,2011-09-09 10:51:00,467.3333333333333,116,0
12675.0,463,2,958.5,337,2010-05-10 16:44:00,2010-06-04 09:49:00,479.25,24,1
12676.0,33,9,2509.75,1691,2010-08-13 13:29:00,2011-08-08 10:01:00,278.8611111111111,359,0
12677.0,464,2,395.1,176,2010-02-11 13:55:00,2010-06-02 14:30:00,197.55,111,1
12678.0,10,18,24934.98,16644,2010-01-07 16:46:00,2011-08-31 11:22:00,1385.2766666666666,600,0
12679.0,115,2,906.38,407,2011-03-01 12:26:00,2011-05-18 12:18:00,453.19,77,0
12680.0,22,1,311.78,230,2011-08-18 15:44:00,2011-08-18 15:44:00,311.78,0,0
12681.0,61,38,26947.32,15479,2009-12-13 13:31:00,2011-07-11 11:39:00,709.14,574,0
12682.0,10,41,19965.61,8974,2009-12-01 09:28:00,2011-08-31 12:18:00,486.96609756097564,638,0
12683.0,2,18,10842.4,6676,2009-12-13 15:01:00,2011-09-08 10:35:00,602.3555555555555,633,0
12684.0,80,4,1379.48,1274,2011-05-10 12:55:00,2011-06-22 11:20:00,344.87,42,0
12685.0,2,2,1606.42,917,2011-09-07 10:28:00,2011-09-08 10:32:00,803.21,1,0
12686.0,281,1,178.28,214,2010-12-03 09:51:00,2010-12-03 09:51:00,178.28,0,1
12687.0,390,2,2138.91,1403,2010-08-16 12:10:00,2010-08-16 12:12:00,1069.455,0,1
12688.0,23,1,4873.8099999999995,3028,2011-08-18 08:49:00,2011-08-18 08:49:00,4873.8099999999995,0,1
12689.0,37,1,511.03,281,2011-08-04 10:04:00,2011-08-04 10:04:00,511.03,0,0
12690.0,115,1,389.01,106,2011-05-18 09:09:00,2011-05-18 09:09:00,389.01,0,1
12691.0,54,5,690.9,249,2010-10-15 12:00:00,2011-07-17 14:56:00,138.18,275,0
12692.0,546,1,110.95,36,2010-03-12 14:02:00,2010-03-12 14:02:00,110.95,0,1
12693.0,36,7,1703.02,536,2010-07-05 13:56:00,2011-08-04 17:51:00,243.28857142857143,395,1
12694.0,92,2,1413.18,1169,2010-10-14 19:39:00,2011-06-09 17:48:00,706.59,237,0
12695.0,16,5,1158.92,406,2010-02-12 13:22:00,2011-08-24 12:58:00,231.78400000000002,557,0
12696.0,344,2,851.91,564,2010-07-19 10:02:00,2010-10-01 10:43:00,425.955,74,1
12697.0,40,2,733.91,359,2011-06-23 15:44:00,2011-07-31 14:17:00,366.955,37,0
12698.0,499,1,339.75,111,2010-04-28 15:51:00,2010-04-28 15:51:00,339.75,0,1
12699.0,327,1,638.11,373,2010-10-18 12:07:00,2010-10-18 12:07:00,638.11,0,1
12700.0,65,2,2149.05,1376,2011-05-08 16:10:00,2011-07-06 13:14:00,1074.525,58,0
12701.0,151,5,1985.78,1295,2010-03-16 13:23:00,2011-04-11 13:02:00,397.156,390,0
12703.0,542,3,722.98,431,2010-01-24 12:05:00,2010-03-16 13:22:00,240.99333333333334,51,0
12704.0,15,3,1100.92,465,2011-06-23 10:20:00,2011-08-26 08:59:00,366.97333333333336,63,0
12705.0,67,9,9056.33,5790,2010-06-24 09:51:00,2011-07-04 14:36:00,1006.2588888888889,375,0
12707.0,201,1,603.42,256,2011-02-21 08:38:00,2011-02-21 08:38:00,603.42,0,1
12708.0,11,15,4632.96,2203,2009-12-18 10:25:00,2011-08-30 08:15:00,308.864,619,0
12709.0,5,30,28587.61,12902,2009-12-09 13:49:00,2011-09-04 14:06:00,952.9203333333334,634,0
12710.0,6,3,1149.02,851,2011-05-22 14:05:00,2011-09-04 12:00:00,383.00666666666666,104,1
12711.0,521,2,1339.05,770,2010-02-01 11:30:00,2010-04-07 11:59:00,669.525,65,1
12712.0,16,19,6710.610000000001,2230,2009-12-09 10:46:00,2011-08-25 09:18:00,353.19000000000005,623,0
12714.0,16,11,12774.55,7963,2009-12-04 10:00:00,2011-08-25 09:55:00,1161.3227272727272,628,0
12715.0,15,1,353.86,197,2011-08-25 15:22:00,2011-08-25 15:22:00,353.86,0,1
12716.0,42,1,677.9,503,2011-07-29 13:28:00,2011-07-29 13:28:00,677.9,0,0
12717.0,60,3,1308.91,600,2010-04-28 14:34:00,2011-07-11 14:47:00,436.30333333333334,439,1
12720.0,3,22,6168.78,4729,2010-07-21 09:46:00,2011-09-06 13:47:00,280.3990909090909,412,0
12721.0,92,6,3055.86,1829,2010-08-25 11:07:00,2011-06-09 17:53:00,509.31,288,0
12722.0,24,3,929.65,559,2011-07-12 11:55:00,2011-08-17 08:50:00,309.8833333333333,35,0
12724.0,82,5,1566.47,1112,2010-06-22 14:00:00,2011-06-19 13:37:00,313.294,361,0
12725.0,280,4,2694.56,1306,2010-05-04 13:59:00,2010-12-03 15:45:00,673.64,213,1
12726.0,94,9,2872.82,3417,2010-03-25 16:25:00,2011-06-08 10:10:00,319.20222222222225,439,0
12727.0,4,9,5036.53,2490,2010-02-23 09:54:00,2011-09-05 13:38:00,559.6144444444444,559,0
12728.0,166,4,851.15,380,2010-11-21 11:34:00,2011-03-27 13:07:00,212.7875,126,0
12729.0,23,1,453.01,233,2011-08-18 11:40:00,2011-08-18 11:40:00,453.01,0,1
12730.0,431,1,829.25,234,2010-07-06 12:19:00,2010-07-06 12:19:00,829.25,0,1
12731.0,53,13,18204.05,8643,2010-03-02 09:23:00,2011-07-18 14:10:00,1400.3115384615385,503,0
12732.0,89,1,236.26000000000002,111,2011-06-13 11:33:00,2011-06-13 11:33:00,236.26000000000002,0,1
12733.0,143,4,2424.87,896,2010-01-19 13:23:00,2011-04-19 16:19:00,606.2175,455,1
12734.0,262,3,639.65,265,2010-11-12 13:26:00,2010-12-22 12:47:00,213.21666666666667,39,1
12735.0,224,2,779.5699999999999,368,2011-01-06 14:26:00,2011-01-28 13:37:00,389.78499999999997,21,1
12736.0,242,1,234.0,173,2011-01-11 07:57:00,2011-01-11 07:57:00,234.0,0,1
12737.0,408,2,3710.5,2,2010-07-29 12:27:00,2010-07-29 12:29:00,1855.25,0,1
12738.0,281,1,310.7,296,2010-12-02 18:27:00,2010-12-02 18:27:00,310.7,0,1
12739.0,8,3,2689.23,950,2010-11-10 14:27:00,2011-09-01 17:45:00,896.41,295,0
12741.0,438,2,406.07,214,2010-06-24 16:24:00,2010-06-28 14:36:00,203.035,3,1
12742.0,535,1,1201.52,1359,2010-03-24 12:43:00,2010-03-24 12:43:00,1201.52,0,1
12743.0,43,2,546.43,319,2011-07-28 16:06:00,2011-07-28 16:21:00,273.215,0,1
12744.0,54,9,18249.74,6393,2010-04-27 16:19:00,2011-07-18 11:55:00,2027.748888888889,446,0
12745.0,396,3,925.41,468,2010-01-26 16:22:00,2010-08-10 10:14:00,308.46999999999997,195,1
12746.0,450,1,254.55,97,2010-06-17 10:41:00,2010-06-17 10:41:00,254.55,0,1
12747.0,19,23,7849.93,2345,2009-12-07 13:23:00,2011-08-22 10:38:00,341.3013043478261,622,0
12748.0,0,259,36987.41,22625,2009-12-04 17:31:00,2011-09-09 13:20:00,142.80853281853283,643,0
12749.0,40,7,5561.71,1969,2010-07-06 15:05:00,2011-08-01 12:50:00,794.53,390,0
12750.0,38,1,275.88,137,2011-08-03 09:13:00,2011-08-03 09:13:00,275.88,0,1
12751.0,354,1,268.27,189,2010-09-21 12:49:00,2010-09-21 12:49:00,268.27,0,1
12753.0,45,5,16620.91,9211,2010-12-12 11:44:00,2011-07-27 09:32:00,3324.182,226,0
12754.0,145,3,3010.74,6481,2011-02-04 10:31:00,2011-04-18 09:00:00,1003.5799999999999,72,1
12755.0,190,11,9030.66,3781,2010-01-15 11:57:00,2011-03-04 12:42:00,820.9690909090909,413,1
12757.0,52,7,5281.08,918,2011-05-12 19:01:00,2011-07-20 12:05:00,754.4399999999999,68,0
12758.0,26,7,9903.24,6155,2009-12-01 14:40:00,2011-08-15 10:22:00,1414.7485714285715,621,1
12759.0,81,7,4571.82,2930,2009-12-04 10:47:00,2011-06-21 09:26:00,653.1171428571428,563,0
12760.0,365,1,347.8,198,2010-09-10 08:50:00,2010-09-10 08:50:00,347.8,0,1
12761.0,367,2,782.95,281,2010-09-01 10:47:00,2010-09-08 12:17:00,391.475,7,1
12763.0,47,2,814.16,512,2010-12-05 15:46:00,2011-07-24 14:12:00,407.08,230,1
12764.0,226,1,1693.88,386,2011-01-27 10:19:00,2011-01-27 10:19:00,1693.88,0,1
12765.0,381,6,1404.58,1009,2010-03-08 09:43:00,2010-08-24 13:51:00,234.09666666666666,169,1
12766.0,58,7,8030.84,4295,2010-10-28 09:29:00,2011-07-13 13:37:00,1147.2628571428572,258,0
12767.0,285,1,949.82,598,2010-11-29 09:38:00,2010-11-29 09:38:00,949.82,0,1
12768.0,360,1,168.69000000000003,102,2010-09-15 12:08:00,2010-09-15 12:08:00,168.69000000000003,0,1
12769.0,148,1,1143.6,356,2011-04-15 10:25:00,2011-04-15 10:25:00,1143.6,0,1
12770.0,120,2,3246.45,1843,2010-09-09 11:43:00,2011-05-13 09:33:00,1623.225,245,1
12771.0,395,1,282.3,104,2010-08-11 11:51:00,2010-08-11 11:51:00,282.3,0,1
12773.0,473,1,124.25,109,2010-05-24 17:30:00,2010-05-24 17:30:00,124.25,0,1
12774.0,445,1,98.7,53,2010-06-22 10:38:00,2010-06-22 10:38:00,98.7,0,1
12775.0,99,6,1464.76,946,2010-10-26 14:24:00,2011-06-03 07:48:00,244.12666666666667,219,0
12776.0,577,1,55.5,46,2010-02-10 12:11:00,2010-02-10 12:11:00,55.5,0,1
12777.0,367,1,519.45,458,2010-09-08 11:35:00,2010-09-08 11:35:00,519.45,0,1
12778.0,92,7,1445.51,1368,2010-04-16 09:57:00,2011-06-09 15:29:00,206.50142857142856,419,0
12779.0,99,13,5740.32,3002,2009-12-03 07:25:00,2011-06-03 10:37:00,441.5630769230769,547,0
12780.0,508,1,337.4,285,2010-04-20 09:40:00,2010-04-20 09:40:00,337.4,0,1
12781.0,194,1,549.26,346,2011-02-28 08:43:00,2011-02-28 08:43:00,549.26,0,0
12782.0,59,10,4365.99,1889,2010-07-08 13:31:00,2011-07-13 10:30:00,436.599,369,0
12784.0,438,1,1230.33,582,2010-06-28 13:06:00,2010-06-28 13:06:00,1230.33,0,0
12785.0,273,3,1100.4,453,2009-12-08 13:56:00,2010-12-10 13:48:00,366.8,366,1
12786.0,519,1,728.5,324,2010-04-09 12:12:00,2010-04-09 12:12:00,728.5,0,1
12787.0,1,3,743.18,459,2010-10-22 14:57:00,2011-09-09 12:24:00,247.72666666666666,321,0
12788.0,372,4,444.9,194,2010-06-29 13:05:00,2010-09-02 14:21:00,111.225,65,1
12789.0,422,2,181.5,32,2010-01-15 12:06:00,2010-07-15 12:43:00,90.75,181,0
12790.0,101,2,591.85,306,2010-10-25 13:04:00,2011-05-31 14:14:00,295.925,218,1
12791.0,283,6,1056.1100000000001,450,2010-03-25 17:29:00,2010-12-01 11:27:00,176.01833333333335,250,1
12792.0,166,2,827.01,394,2010-06-23 10:49:00,2011-03-28 11:36:00,413.505,278,1
12793.0,244,3,1017.33,526,2010-11-03 13:05:00,2011-01-09 12:12:00,339.11,66,1
12794.0,8,1,317.0,227,2011-09-02 12:01:00,2011-09-02 12:01:00,317.0,0,0
12796.0,537,1,381.0,182,2010-03-21 15:49:00,2010-03-21 15:49:00,381.0,0,1
12797.0,275,2,806.11,333,2010-10-11 12:53:00,2010-12-09 10:55:00,403.055,58,1
12798.0,80,2,3140.93,5455,2010-10-14 12:27:00,2011-06-22 10:11:00,1570.465,250,0
12799.0,438,1,219.35,137,2010-06-28 15:57:00,2010-06-28 15:57:00,219.35,0,1
12800.0,379,3,584.25,284,2010-02-01 11:02:00,2010-08-26 14:11:00,194.75,206,1
12801.0,410,1,1071.82,505,2010-07-27 09:38:00,2010-07-27 09:38:00,1071.82,0,1
12802.0,96,7,2416.42,1972,2010-05-25 09:34:00,2011-06-06 09:36:00,345.20285714285717,377,1
12803.0,302,1,1092.81,872,2010-11-11 14:57:00,2010-11-11 14:57:00,1092.81,0,1
12804.0,375,2,327.02,271,2010-07-27 13:52:00,2010-08-31 11:58:00,163.51,34,1
12805.0,291,4,1434.95,593,2010-02-03 09:06:00,2010-11-23 12:27:00,358.7375,293,1
12806.0,344,4,2878.96,2087,2010-04-30 10:44:00,2010-09-30 13:34:00,719.74,153,1
12807.0,292,1,330.35,145,2010-11-21 14:21:00,2010-11-21 14:21:00,330.35,0,1
12808.0,94,4,703.8000000000001,295,2010-09-03 10:24:00,2011-06-08 12:21:00,175.95000000000002,278,0
12809.0,87,3,1755.94,518,2010-03-02 14:19:00,2011-06-15 10:51:00,585.3133333333334,469,1
12810.0,444,2,534.99,389,2010-02-01 09:52:00,2010-06-23 10:53:00,267.495,142,1
12811.0,170,5,1033.9,435,2010-10-08 12:20:00,2011-03-24 09:42:00,206.78000000000003,166,1
12813.0,411,3,1687.8,1141,2010-01-15 16:52:00,2010-07-26 09:50:00,562.6,191,1
12814.0,11,1,125.92,49,2011-08-30 12:11:00,2011-08-30 12:11:00,125.92,0,1
12815.0,57,2,1063.46,379,2011-05-25 13:34:00,2011-07-15 10:21:00,531.73,50,1
12816.0,5,2,572.2,128,2011-06-16 13:24:00,2011-09-05 12:41:00,286.1,80,1
12817.0,190,3,690.98,219,2010-10-01 08:57:00,2011-03-03 16:28:00,230.32666666666668,153,1
12818.0,171,1,1542.08,929,2011-03-23 12:06:00,2011-03-23 12:06:00,1542.08,0,1
12819.0,367,1,540.52,344,2010-09-07 15:20:00,2010-09-07 15:20:00,540.52,0,1
12820.0,236,8,1917.64,1388,2009-12-05 13:37:00,2011-01-17 12:34:00,239.705,407,0
12821.0,123,2,220.8,162,2010-04-07 15:14:00,2011-05-09 15:51:00,110.4,397,1
12823.0,36,17,5966.0,860,2010-01-29 12:52:00,2011-08-04 17:45:00,350.94117647058823,552,0
12825.0,430,2,518.63,139,2010-03-08 10:17:00,2010-07-06 13:56:00,259.315,120,1
12826.0,88,9,2299.65,1658,2009-12-18 10:43:00,2011-06-14 09:41:00,255.51666666666668,542,0
12828.0,8,3,415.51,157,2011-08-01 16:16:00,2011-09-01 17:14:00,138.50333333333333,31,0
12829.0,246,3,385.3,550,2010-06-07 15:04:00,2011-01-07 11:13:00,128.43333333333334,213,1
12830.0,0,5,6414.32,8696,2011-06-21 10:53:00,2011-09-09 15:02:00,1282.864,80,0
12831.0,171,3,451.11,303,2010-09-02 15:58:00,2011-03-22 13:02:00,150.37,200,1
12832.0,7,1,267.8,132,2011-09-02 13:48:00,2011-09-02 13:48:00,267.8,0,0
12833.0,54,1,417.38,156,2011-07-17 13:46:00,2011-07-17 13:46:00,417.38,0,1
12834.0,192,1,312.38,110,2011-03-02 09:49:00,2011-03-02 09:49:00,312.38,0,1
12835.0,337,41,6043.31,2357,2009-12-03 12:13:00,2010-10-08 10:59:00,147.3978048780488,308,1
12836.0,46,14,6085.29,2030,2009-12-01 14:19:00,2011-07-25 15:22:00,434.6635714285714,601,0
12837.0,82,2,688.41,209,2010-05-19 15:10:00,2011-06-19 16:07:00,344.205,396,1
12838.0,283,9,3106.14,1714,2010-04-26 09:59:00,2010-12-01 11:57:00,345.12666666666667,219,0
12839.0,1,21,7577.7,5113,2009-12-07 09:18:00,2011-09-08 13:17:00,360.84285714285716,640,0
12840.0,53,7,4041.97,2258,2010-02-03 14:51:00,2011-07-19 09:29:00,577.4242857142857,530,1
12841.0,16,32,6369.77,4477,2010-07-08 15:38:00,2011-08-25 12:12:00,199.0553125,412,0
12842.0,218,3,1109.73,497,2009-12-02 08:15:00,2011-02-04 12:36:00,369.91,429,0
12843.0,69,29,6578.46,3030,2009-12-13 11:41:00,2011-07-03 12:21:00,226.84344827586207,567,0
12844.0,39,3,497.52,175,2010-04-25 11:51:00,2011-08-01 13:11:00,165.84,463,0
12845.0,176,4,354.09,204,2011-02-22 14:10:00,2011-03-17 13:34:00,88.5225,22,1
12846.0,591,1,15.58,1,2010-01-26 16:29:00,2010-01-26 16:29:00,15.58,0,1
12847.0,297,1,765.36,624,2010-11-17 12:44:00,2010-11-17 12:44:00,765.36,0,0
12848.0,585,1,208.0,58,2010-02-02 12:45:00,2010-02-02 12:45:00,208.0,0,1
12849.0,178,5,2744.17,1773,2010-04-27 13:44:00,2011-03-16 12:26:00,548.8340000000001,322,0
12850.0,355,1,330.0,200,2010-09-20 12:26:00,2010-09-20 12:26:00,330.0,0,1
12851.0,6,2,284.13,160,2010-08-19 15:13:00,2011-09-04 12:41:00,142.065,380,1
12852.0,204,1,311.55,149,2011-02-18 08:47:00,2011-02-18 08:47:00,311.55,0,1
12853.0,44,11,3907.5,1668,2010-02-05 11:57:00,2011-07-28 11:29:00,355.22727272727275,537,1
12854.0,150,6,2479.89,1430,2009-12-11 12:55:00,2011-04-12 14:17:00,413.315,487,0
12855.0,282,4,650.9399999999999,270,2010-11-02 18:16:00,2010-12-02 09:37:00,162.73499999999999,29,1
12857.0,120,6,3688.0,1420,2010-01-25 15:37:00,2011-05-13 10:20:00,614.6666666666666,472,1
12858.0,292,1,177.92,63,2010-11-21 12:55:00,2010-11-21 12:55:00,177.92,0,1
12859.0,368,1,575.1,292,2010-09-07 12:20:00,2010-09-07 12:20:00,575.1,0,1
12860.0,602,1,55.47,27,2010-01-15 15:22:00,2010-01-15 15:22:00,55.47,0,1
12861.0,529,1,68.25,27,2010-03-30 11:39:00,2010-03-30 11:39:00,68.25,0,1
12862.0,335,2,1008.3199999999999,613,2010-08-01 15:20:00,2010-10-10 11:47:00,504.15999999999997,69,1
12863.0,288,5,2271.35,707,2010-04-29 13:54:00,2010-11-25 17:47:00,454.27,210,0
12864.0,47,2,299.57,447,2010-07-19 17:22:00,2011-07-24 13:03:00,149.785,369,1
12865.0,33,3,2736.62,1598,2010-08-20 12:20:00,2011-08-08 10:11:00,912.2066666666666,352,0
12866.0,192,3,1227.35,553,2010-07-25 11:37:00,2011-03-01 14:11:00,409.1166666666666,219,1
12867.0,5,12,6902.21,7015,2009-12-16 16:25:00,2011-09-04 13:35:00,575.1841666666667,626,0
12868.0,95,8,2247.06,1282,2010-11-12 10:05:00,2011-06-07 10:42:00,280.8825,207,1
12869.0,591,1,337.66999999999996,144,2010-01-27 12:10:00,2010-01-27 12:10:00,337.66999999999996,0,1
12870.0,284,3,1676.95,906,2010-03-25 14:32:00,2010-11-29 13:42:00,558.9833333333333,248,1
12871.0,116,2,495.38,364,2010-09-26 10:34:00,2011-05-16 13:32:00,247.69,232,0
12872.0,236,12,3685.4900000000002,1855,2009-12-03 20:03:00,2011-01-17 10:52:00,307.12416666666667,409,1
12873.0,191,3,2027.3,786,2010-01-27 09:50:00,2011-03-02 14:58:00,675.7666666666667,399,1
12874.0,294,2,948.42,623,2010-06-03 12:51:00,2010-11-19 15:23:00,474.21,169,1
12875.0,52,5,1356.99,5187,2010-01-11 12:37:00,2011-07-19 15:30:00,271.398,554,1
12876.0,105,3,2590.2000000000003,1757,2010-04-28 13:26:00,2011-05-27 13:34:00,863.4000000000001,394,0
12877.0,34,17,2478.63,1789,2010-01-18 10:23:00,2011-08-07 11:40:00,145.80176470588236,566,0
12878.0,145,2,854.99,547,2011-03-18 14:02:00,2011-04-17 13:07:00,427.495,29,1
12879.0,1,1,140.5,58,2011-09-09 12:11:00,2011-09-09 12:11:00,140.5,0,0
12880.0,291,2,640.13,279,2010-05-14 11:57:00,2010-11-23 10:50:00,320.065,192,1
12881.0,185,1,298.0,21,2011-03-09 11:44:00,2011-03-09 11:44:00,298.0,0,1
12885.0,33,1,645.35,346,2011-08-08 11:45:00,2011-08-08 11:45:00,645.35,0,0
12886.0,129,1,775.0,416,2011-05-04 11:21:00,2011-05-04 11:21:00,775.0,0,0
12887.0,293,1,222.4,100,2010-11-21 11:18:00,2010-11-21 11:18:00,222.4,0,1
12888.0,123,2,354.12,76,2011-03-29 14:31:00,2011-05-09 16:02:00,177.06,41,1
12889.0,290,4,385.46000000000004,124,2010-07-25 14:32:00,2010-11-23 16:08:00,96.36500000000001,121,1
12890.0,296,1,336.8,207,2010-11-17 14:05:00,2010-11-17 14:06:00,336.8,0,0
12891.0,95,11,840.5,2325,2010-02-18 14:32:00,2011-06-07 12:31:00,76.4090909090909,473,1
12892.0,306,1,263.38,140,2010-11-08 09:51:00,2010-11-08 09:51:00,263.38,0,1
12894.0,484,1,157.35,33,2010-05-13 14:47:00,2010-05-13 14:47:00,157.35,0,1
12897.0,114,4,514.25,249,2010-06-14 11:58:00,2011-05-19 12:13:00,128.5625,339,1
12898.0,373,2,310.96000000000004,240,2010-02-18 12:36:00,2010-09-02 08:08:00,155.48000000000002,195,1
12899.0,323,1,366.4,108,2010-10-22 09:53:00,2010-10-22 09:53:00,366.4,0,1
12900.0,331,1,340.33,139,2010-10-13 15:17:00,2010-10-13 15:17:00,340.33,0,1
12901.0,18,19,11639.470000000001,12420,2011-03-14 10:41:00,2011-08-23 10:56:00,612.6036842105264,162,0
12902.0,174,1,138.68,66,2011-03-20 12:06:00,2011-03-20 12:06:00,138.68,0,1
12903.0,338,1,833.53,493,2010-10-07 12:39:00,2010-10-07 12:39:00,833.53,0,1
12904.0,81,1,244.69,165,2011-06-20 13:18:00,2011-06-20 13:18:00,244.69,0,0
12905.0,486,2,1018.42,532,2010-01-26 14:06:00,2010-05-12 10:05:00,509.21,105,1
12907.0,305,2,508.91,177,2010-08-02 14:33:00,2010-11-09 12:08:00,254.455,98,1
12908.0,85,5,1776.0,3000,2010-03-19 15:59:00,2011-06-16 15:39:00,355.2,453,1
12909.0,111,6,2452.89,1454,2010-02-24 12:14:00,2011-05-22 11:52:00,408.815,451,0
12910.0,43,9,4208.38,2770,2010-03-28 13:10:00,2011-07-28 14:36:00,467.59777777777776,487,0
12911.0,461,1,1680.47,820,2010-06-06 12:13:00,2010-06-06 12:13:00,1680.47,0,1
12913.0,192,11,5083.62,2158,2009-12-01 12:18:00,2011-03-02 10:49:00,462.1472727272727,455,0
12914.0,310,1,223.98,336,2010-11-04 12:28:00,2010-11-04 12:28:00,223.98,0,1
12915.0,58,4,1174.75,452,2010-04-29 19:36:00,2011-07-14 11:34:00,293.6875,440,1
12916.0,48,7,4654.0199999999995,1774,2010-01-24 11:26:00,2011-07-24 10:35:00,664.8599999999999,545,1
12917.0,37,6,4359.2,1104,2009-12-09 14:22:00,2011-08-03 16:42:00,726.5333333333333,602,1
12918.0,535,1,10953.5,1,2010-03-23 15:22:00,2010-03-23 15:22:00,10953.5,0,1
12919.0,26,3,441.65,203,2011-06-23 09:22:00,2011-08-15 11:39:00,147.21666666666667,53,0
12920.0,480,3,323.86,292,2009-12-14 15:58:00,2010-05-17 12:57:00,107.95333333333333,153,0
12921.0,7,61,29417.420000000002,18233,2009-12-01 13:43:00,2011-09-02 13:01:00,482.25278688524594,639,0
12922.0,70,1,405.38,370,2011-07-01 15:35:00,2011-07-01 15:35:00,405.38,0,1
12923.0,299,2,612.9,168,2010-05-13 14:55:00,2010-11-14 13:16:00,306.45,184,0
12924.0,107,11,2190.9700000000003,1227,2009-12-09 12:40:00,2011-05-25 13:35:00,199.17909090909095,532,0
12925.0,502,1,35.28,108,2010-04-26 10:32:00,2010-04-26 10:32:00,35.28,0,0
12926.0,320,4,1548.46,766,2009-12-14 14:35:00,2010-10-24 15:57:00,387.115,314,1
12927.0,304,1,197.31,145,2010-11-10 10:02:00,2010-11-10 10:02:00,197.31,0,1
12928.0,57,10,3378.33,2117,2010-06-08 10:16:00,2011-07-15 08:09:00,337.83299999999997,401,0
12929.0,221,1,117.85,37,2011-02-01 12:08:00,2011-02-01 12:08:00,117.85,0,1
12930.0,80,1,221.56,108,2011-06-21 13:25:00,2011-06-21 13:25:00,221.56,0,0
12931.0,11,53,82822.08,56286,2009-12-01 11:46:00,2011-08-30 11:54:00,1562.6807547169813,637,0
12932.0,448,8,1698.56,1609,2010-02-10 08:46:00,2010-06-18 14:22:00,212.32,128,1
12933.0,80,7,1436.99,838,2009-12-10 16:39:00,2011-06-21 16:13:00,205.28428571428572,557,0
12934.0,646,1,181.65,31,2009-12-03 10:51:00,2009-12-03 10:51:00,181.65,0,1
12935.0,19,12,3618.5,2616,2010-04-11 15:59:00,2011-08-22 12:22:00,301.5416666666667,497,0
12937.0,106,7,2021.57,1244,2009-12-03 15:43:00,2011-05-26 14:17:00,288.79571428571427,538,0
12939.0,47,16,21673.08,8660,2010-01-12 11:27:00,2011-07-24 12:51:00,1354.5675,558,0
12941.0,633,1,377.49,381,2009-12-15 13:12:00,2009-12-15 13:12:00,377.49,0,1
12942.0,40,3,942.65,272,2010-12-09 09:34:00,2011-07-31 14:39:00,314.21666666666664,234,1
12943.0,467,2,496.5,222,2010-04-13 11:03:00,2010-05-30 13:52:00,248.25,47,1
12944.0,264,1,286.95,145,2010-12-20 10:41:00,2010-12-20 10:41:00,286.95,0,0
12945.0,197,2,900.11,446,2010-02-21 15:18:00,2011-02-24 14:15:00,450.055,367,1
12946.0,346,1,324.45,149,2010-09-29 10:14:00,2010-09-29 10:14:00,324.45,0,1
12947.0,53,6,1908.03,1349,2010-12-01 16:21:00,2011-07-19 10:06:00,318.005,229,1
12948.0,14,6,1676.44,1023,2009-12-02 12:28:00,2011-08-26 14:45:00,279.4066666666667,632,0
12949.0,23,21,14808.9,7900,2009-12-03 15:56:00,2011-08-17 15:11:00,705.1857142857143,621,0
12951.0,83,14,2901.4300000000003,1490,2010-01-10 12:43:00,2011-06-19 10:35:00,207.24500000000003,524,0
12953.0,431,1,498.96000000000004,280,2010-07-05 13:37:00,2010-07-05 13:37:00,498.96000000000004,0,0
12954.0,548,1,162.45,83,2010-03-11 10:16:00,2010-03-11 10:16:00,162.45,0,1
12955.0,2,6,1843.36,1526,2011-03-17 09:03:00,2011-09-08 12:48:00,307.22666666666663,175,0
12956.0,215,4,521.89,340,2009-12-15 19:03:00,2011-02-06 16:08:00,130.4725,417,1
12957.0,95,9,6404.72,3385,2009-12-11 12:01:00,2011-06-06 13:43:00,711.6355555555556,542,0
12958.0,309,2,539.49,131,2010-05-05 16:22:00,2010-11-04 16:16:00,269.745,182,1
12959.0,393,1,150.95,109,2010-08-12 17:20:00,2010-08-12 17:20:00,150.95,0,1
12960.0,323,4,1322.07,1379,2010-02-16 13:32:00,2010-10-22 09:31:00,330.5175,247,1
12961.0,288,1,211.99,180,2010-11-25 16:44:00,2010-11-25 16:44:00,211.99,0,1
12962.0,22,1,170.54000000000002,78,2011-08-18 13:38:00,2011-08-18 13:38:00,170.54000000000002,0,0
12963.0,275,5,2110.76,1100,2010-07-08 14:45:00,2010-12-09 09:14:00,422.15200000000004,153,0
12964.0,346,1,132.24,56,2010-09-28 17:47:00,2010-09-28 17:47:00,132.24,0,1
12967.0,267,3,4306.92,1272,2010-11-21 11:03:00,2010-12-16 19:10:00,1435.64,25,1
12968.0,21,1,135.95,73,2011-08-19 15:44:00,2011-08-19 15:44:00,135.95,0,1
12969.0,512,1,122.45,55,2010-04-16 10:50:00,2010-04-16 10:50:00,122.45,0,1
12970.0,231,8,1096.53,712,2009-12-04 14:19:00,2011-01-21 14:21:00,137.06625,413,0
12971.0,1,94,12948.2,11214,2009-12-15 19:04:00,2011-09-08 14:02:00,137.74680851063832,631,0
12972.0,323,4,1161.2,844,2010-02-16 14:30:00,2010-10-22 08:41:00,290.3,247,1
12973.0,323,1,385.55,31,2010-10-22 10:14:00,2010-10-22 10:14:00,385.55,0,1
12974.0,107,2,408.95,104,2010-05-23 11:45:00,2011-05-26 09:33:00,204.475,367,1
12975.0,346,6,2100.09,911,2009-12-06 10:38:00,2010-09-29 09:46:00,350.01500000000004,296,1
12976.0,121,8,3156.38,2684,2010-02-12 15:46:00,2011-05-12 09:55:00,394.5475,453,1
12977.0,65,4,517.63,131,2010-07-16 16:25:00,2011-07-06 16:40:00,129.4075,355,1
12978.0,294,5,2502.82,1394,2009-12-10 12:10:00,2010-11-19 14:29:00,500.564,344,1
12979.0,638,1,517.7,520,2009-12-10 15:45:00,2009-12-10 15:45:00,517.7,0,1
12980.0,67,21,16245.78,1910,2009-12-02 11:26:00,2011-07-05 09:34:00,773.6085714285715,579,1
12981.0,42,1,187.18,134,2011-07-29 14:14:00,2011-07-29 14:14:00,187.18,0,0
12982.0,152,8,2744.81,1729,2010-04-12 13:50:00,2011-04-11 11:51:00,343.10125,363,1
12983.0,507,1,490.08000000000004,638,2010-04-20 12:58:00,2010-04-20 12:58:00,490.08000000000004,0,1
12986.0,338,10,2729.84,1164,2010-01-21 10:45:00,2010-10-07 11:57:00,272.98400000000004,259,1
12987.0,107,4,1057.81,474,2010-01-20 09:57:00,2011-05-26 12:00:00,264.4525,491,0
12988.0,201,1,535.32,136,2011-02-20 14:31:00,2011-02-20 14:31:00,535.32,0,1
12989.0,67,26,11096.78,6038,2009-12-10 13:27:00,2011-07-05 09:16:00,426.7992307692308,571,0
12990.0,94,6,809.9,410,2010-03-30 11:36:00,2011-06-07 14:27:00,134.98333333333332,434,0
12991.0,21,2,564.62,439,2010-11-15 13:43:00,2011-08-19 14:39:00,282.31,277,0
12992.0,634,1,93.35000000000001,21,2009-12-14 16:46:00,2009-12-14 16:46:00,93.35000000000001,0,1
12993.0,30,7,1217.27,715,2010-02-18 10:35:00,2011-08-11 12:01:00,173.8957142857143,539,0
12994.0,29,2,645.47,303,2011-03-16 08:31:00,2011-08-11 17:02:00,322.735,148,0
12996.0,285,1,355.5,122,2010-11-29 09:27:00,2010-11-29 09:27:00,355.5,0,1
12997.0,145,6,1492.49,822,2010-04-06 11:06:00,2011-04-17 13:02:00,248.74833333333333,376,0
12998.0,402,3,920.08,1124,2010-02-24 11:55:00,2010-08-04 08:05:00,306.6933333333333,160,1
12999.0,105,3,455.88,342,2011-04-08 10:26:00,2011-05-27 13:24:00,151.96,49,1
13000.0,16,4,1032.5,548,2009-12-14 17:03:00,2011-08-25 10:43:00,258.125,618,1
13001.0,67,31,22968.7,12913,2009-12-03 16:21:00,2011-07-04 16:08:00,740.925806451613,577,0
13002.0,227,3,414.13,201,2010-10-01 11:58:00,2011-01-25 15:18:00,138.04333333333332,116,1
13003.0,15,3,149.05,103,2011-05-09 08:23:00,2011-08-26 10:50:00,49.68333333333334,109,1
13004.0,23,30,9780.03,7221,2009-12-15 09:44:00,2011-08-17 14:44:00,326.00100000000003,610,0
13005.0,83,4,999.68,462,2010-09-08 12:52:00,2011-06-19 10:53:00,249.92,283,1
13007.0,489,1,175.25,59,2010-05-09 10:38:00,2010-05-09 10:38:00,175.25,0,1
13008.0,232,3,612.13,379,2009-12-16 16:07:00,2011-01-20 14:24:00,204.04333333333332,399,1
13009.0,582,1,234.0,120,2010-02-05 12:22:00,2010-02-05 12:22:00,234.0,0,1
13010.0,283,2,330.12,323,2010-03-01 11:28:00,2010-11-30 15:09:00,165.06,274,1
13011.0,281,1,101.10000000000001,26,2010-12-02 17:22:00,2010-12-02 17:22:00,101.10000000000001,0,1
13012.0,58,7,2323.3,1250,2010-04-26 14:14:00,2011-07-14 09:58:00,331.90000000000003,443,0
13013.0,2,25,11500.92,5997,2009-12-14 10:34:00,2011-09-08 11:46:00,460.0368,633,0
13014.0,23,6,3937.2799999999997,1690,2010-10-03 11:35:00,2011-08-18 10:06:00,656.2133333333333,318,0
13015.0,106,10,5003.18,2623,2010-04-15 16:35:00,2011-05-26 16:25:00,500.31800000000004,405,0
13016.0,32,1,425.25,315,2011-08-08 15:00:00,2011-08-08 15:00:00,425.25,0,0
13018.0,2,25,7561.17,5175,2010-03-01 12:34:00,2011-09-08 12:01:00,302.4468,555,0
13019.0,288,6,1229.95,397,2009-12-06 15:40:00,2010-11-25 14:56:00,204.99166666666667,353,1
13020.0,472,2,618.96,278,2010-02-18 10:35:00,2010-05-26 11:12:00,309.48,97,1
13021.0,76,12,3423.33,1721,2009-12-05 12:02:00,2011-06-26 11:53:00,285.2775,567,0
13022.0,339,1,65.3,35,2010-10-06 10:50:00,2010-10-06 10:50:00,65.3,0,1
13023.0,39,2,1095.53,458,2010-06-29 09:51:00,2011-08-02 09:34:00,547.765,398,0
13024.0,380,2,555.87,181,2010-05-06 14:25:00,2010-08-26 09:42:00,277.935,111,1
13025.0,641,1,323.39,241,2009-12-08 10:02:00,2009-12-08 10:02:00,323.39,0,1
13026.0,2,7,1361.92,1746,2009-12-13 11:34:00,2011-09-08 10:01:00,194.56,633,0
13027.0,23,19,17335.2,43080,2010-01-20 10:41:00,2011-08-18 09:39:00,912.3789473684211,574,1
13029.0,48,4,1453.0,152,2010-07-04 13:46:00,2011-07-24 11:37:00,363.25,384,0
13030.0,277,1,855.48,408,2010-12-06 14:31:00,2010-12-06 14:31:00,855.48,0,0
13031.0,316,5,3419.27,2399,2010-06-03 14:57:00,2010-10-28 15:34:00,683.854,147,1
13032.0,302,7,1833.37,906,2010-09-05 14:01:00,2010-11-12 12:49:00,261.90999999999997,67,0
13033.0,266,2,220.55,98,2010-10-06 09:37:00,2010-12-17 14:23:00,110.275,72,1
13034.0,278,2,445.77,269,2010-11-03 15:22:00,2010-12-05 14:52:00,222.885,31,0
13035.0,170,2,775.32,494,2010-10-04 15:41:00,2011-03-24 09:21:00,387.66,170,0
13036.0,594,1,307.1,38,2010-01-24 11:35:00,2010-01-24 11:35:00,307.1,0,1
13037.0,47,12,3914.9500000000003,2130,2009-12-03 17:04:00,2011-07-24 15:46:00,326.24583333333334,597,1
13038.0,93,2,591.76,280,2011-02-22 11:43:00,2011-06-09 10:31:00,295.88,106,0
13039.0,493,4,1010.73,290,2009-12-17 16:43:00,2010-05-04 16:45:00,252.6825,138,1
13041.0,360,4,799.13,335,2010-04-29 08:43:00,2010-09-15 11:44:00,199.7825,139,1
13042.0,507,3,1556.54,830,2009-12-07 15:42:00,2010-04-20 13:43:00,518.8466666666667,133,1
13043.0,182,1,516.42,254,2011-03-11 14:52:00,2011-03-11 14:52:00,516.42,0,1
13044.0,200,11,4853.9,2553,2010-01-08 14:46:00,2011-02-21 15:20:00,441.26363636363635,409,1
13045.0,8,3,808.92,405,2010-08-10 13:02:00,2011-09-01 15:04:00,269.64,387,1
13046.0,175,2,517.66,317,2010-09-09 13:09:00,2011-03-18 15:43:00,258.83,190,0
13047.0,36,22,8239.630000000001,3202,2009-12-16 11:43:00,2011-08-04 17:58:00,374.5286363636364,596,0
13048.0,23,8,3623.35,2424,2010-01-27 12:55:00,2011-08-18 11:23:00,452.91875,567,0
13049.0,227,3,905.34,430,2010-11-03 15:39:00,2011-01-25 16:33:00,301.78000000000003,83,0
13050.0,15,31,11017.41,6165,2009-12-15 15:06:00,2011-08-25 14:21:00,355.40032258064514,617,0
13051.0,488,2,155.8,72,2010-03-30 11:11:00,2010-05-10 09:14:00,77.9,40,1
13052.0,121,7,3168.53,1454,2010-02-23 12:31:00,2011-05-11 14:12:00,452.6471428571429,442,1
13053.0,531,1,127.65,47,2010-03-28 11:28:00,2010-03-28 11:28:00,127.65,0,1
13055.0,123,2,1451.56,1179,2010-10-06 08:17:00,2011-05-10 08:58:00,725.78,216,0
13056.0,460,1,209.48,158,2010-06-06 14:10:00,2010-06-06 14:10:00,209.48,0,1
13057.0,439,3,722.09,466,2010-03-18 12:14:00,2010-06-27 15:44:00,240.6966666666667,101,1
13058.0,61,1,47.550000000000004,9,2011-07-11 12:01:00,2011-07-11 12:01:00,47.550000000000004,0,0
13059.0,159,10,2303.17,864,2010-03-31 12:23:00,2011-04-04 10:40:00,230.317,368,1
13060.0,163,1,307.53,123,2011-03-31 11:37:00,2011-03-31 11:37:00,307.53,0,1
13062.0,100,1,346.98,343,2011-06-01 15:12:00,2011-06-01 15:12:00,346.98,0,1
13063.0,390,1,188.4,116,2010-08-16 12:27:00,2010-08-16 12:27:00,188.4,0,1
13064.0,62,4,1220.5,438,2010-04-27 10:08:00,2011-07-10 11:34:00,305.125,439,0
13065.0,282,5,1260.91,455,2010-06-10 11:44:00,2010-12-01 16:52:00,252.18200000000002,174,1
13067.0,319,2,393.05,99,2010-09-19 13:43:00,2010-10-26 12:15:00,196.525,36,0
13068.0,229,1,165.0,100,2011-01-24 08:20:00,2011-01-24 08:20:00,165.0,0,0
13069.0,9,34,9121.710000000001,14684,2010-06-14 14:27:00,2011-09-01 11:48:00,268.28558823529414,443,0
13070.0,101,4,751.7,372,2009-12-07 14:44:00,2011-05-31 13:45:00,187.925,539,1
13071.0,521,1,129.22,30,2010-04-06 13:37:00,2010-04-06 13:37:00,129.22,0,1
13072.0,176,1,177.15,69,2011-03-18 08:12:00,2011-03-18 08:12:00,177.15,0,1
13073.0,320,2,418.08,261,2010-09-28 09:27:00,2010-10-24 14:06:00,209.04,26,1
13074.0,420,4,1378.74,826,2009-12-16 11:46:00,2010-07-16 16:53:00,344.685,212,1
13075.0,39,1,919.61,485,2011-08-02 10:19:00,2011-08-02 10:19:00,919.61,0,1
13076.0,367,1,135.4,44,2010-09-08 10:27:00,2010-09-08 10:27:00,135.4,0,1
13077.0,199,10,2912.84,2529,2009-12-11 11:17:00,2011-02-22 16:19:00,291.284,438,0
13078.0,16,46,23821.66,9053,2009-12-01 09:06:00,2011-08-25 10:16:00,517.8621739130434,632,0
13079.0,0,3,258.58,106,2010-10-18 14:15:00,2011-09-09 15:25:00,86.19333333333333,326,0
13080.0,88,4,280.73,193,2010-04-09 13:07:00,2011-06-13 14:59:00,70.1825,430,1
13081.0,53,25,49737.89,35020,2009-12-08 13:58:00,2011-07-19 11:47:00,1989.5156,587,0
13082.0,35,21,7335.75,8466,2009-12-22 15:37:00,2011-08-05 16:16:00,349.32142857142856,591,1
13083.0,334,1,91.67999999999999,120,2010-10-10 13:38:00,2010-10-10 13:38:00,91.67999999999999,0,0
13084.0,401,1,122.39999999999999,144,2010-08-05 08:49:00,2010-08-05 08:49:00,122.39999999999999,0,1
13085.0,67,8,2433.28,944,2009-12-01 07:45:00,2011-07-05 12:11:00,304.16,581,1
13086.0,292,1,439.33000000000004,155,2010-11-22 10:28:00,2010-11-22 10:28:00,439.33000000000004,0,1
13087.0,635,1,313.64,86,2009-12-13 15:16:00,2009-12-13 15:16:00,313.64,0,1
13088.0,326,1,236.11,76,2010-10-18 15:35:00,2010-10-18 15:35:00,236.11,0,1
13089.0,9,177,101236.52,52986,2009-12-02 15:44:00,2011-09-01 11:33:00,571.9577401129944,637,0
13090.0,45,19,10104.29,2315,2010-08-02 13:58:00,2011-07-26 14:51:00,531.8047368421053,358,0
13091.0,639,2,1976.0,873,2009-12-10 11:50:00,2009-12-10 12:44:00,988.0,0,0
13092.0,121,11,2102.2,480,2010-02-10 08:44:00,2011-05-12 10:22:00,191.1090909090909,456,0
13093.0,185,55,54943.65,26227,2009-12-04 10:32:00,2011-03-09 12:14:00,998.9754545454546,460,1
13094.0,39,11,2051.52,1728,2010-11-15 14:15:00,2011-08-02 12:35:00,186.50181818181818,259,0
13096.0,303,1,419.70000000000005,6,2010-11-10 14:08:00,2010-11-10 14:08:00,419.70000000000005,0,1
13097.0,32,26,12022.51,4897,2009-12-01 13:31:00,2011-08-09 12:07:00,462.40423076923076,615,0
13098.0,3,18,15169.46,8701,2011-01-26 13:46:00,2011-09-06 15:34:00,842.7477777777777,223,0
13099.0,8,1,207.35999999999999,288,2011-09-01 17:40:00,2011-09-01 17:40:00,207.35999999999999,0,1
13101.0,143,4,695.4,478,2010-01-27 15:49:00,2011-04-19 14:37:00,173.85,446,1
13102.0,43,32,10234.53,5733,2010-05-06 13:12:00,2011-07-29 12:03:00,319.8290625,448,0
13103.0,347,2,465.70000000000005,344,2010-05-11 14:41:00,2010-09-28 11:48:00,232.85000000000002,139,0
13104.0,42,6,987.06,510,2010-02-24 15:06:00,2011-07-29 15:25:00,164.51,520,0
13105.0,345,1,72.0,100,2010-09-29 13:41:00,2010-09-29 13:41:00,72.0,0,1
13106.0,42,2,603.46,231,2010-10-22 13:10:00,2011-07-29 15:12:00,301.73,280,1
13107.0,85,7,4656.67,3839,2010-02-04 10:50:00,2011-06-17 08:57:00,665.2385714285714,497,0
13108.0,282,2,1098.52,1043,2010-09-30 17:09:00,2010-12-02 10:35:00,549.26,62,1
13109.0,66,2,717.34,497,2010-06-06 12:59:00,2011-07-05 14:56:00,358.67,394,0
13110.0,46,10,2511.04,649,2009-12-01 14:14:00,2011-07-25 16:20:00,251.10399999999998,601,0
13111.0,628,1,321.88000000000005,180,2009-12-21 09:00:00,2009-12-21 09:00:00,321.88000000000005,0,1
13112.0,450,1,20.6,11,2010-06-16 17:03:00,2010-06-16 17:03:00,20.6,0,1
13113.0,23,33,17166.83,4116,2010-03-28 16:13:00,2011-08-18 10:10:00,520.2069696969697,507,0
13114.0,640,1,234.38,74,2009-12-09 09:56:00,2009-12-09 09:56:00,234.38,0,1
13115.0,93,7,4078.4700000000003,2988,2010-04-19 13:29:00,2011-06-08 16:15:00,582.6385714285715,415,0
13116.0,47,1,501.14,291,2011-07-24 14:33:00,2011-07-24 14:33:00,501.14,0,1
13117.0,31,17,2500.67,1825,2010-03-26 13:50:00,2011-08-10 10:09:00,147.09823529411764,501,0
13118.0,117,7,2017.3,698,2010-09-26 15:46:00,2011-05-15 13:22:00,288.18571428571425,230,0
13119.0,578,1,134.9,110,2010-02-09 08:38:00,2010-02-09 08:38:00,134.9,0,1
13120.0,148,1,30.599999999999998,12,2011-04-15 10:19:00,2011-04-15 10:19:00,30.599999999999998,0,1
13121.0,178,1,283.73,252,2011-03-15 16:47:00,2011-03-15 16:47:00,283.73,0,1
13122.0,3,2,922.39,585,2011-04-13 14:12:00,2011-09-06 15:53:00,461.195,146,1
13123.0,382,2,506.75,268,2010-06-28 12:43:00,2010-08-24 10:18:00,253.375,56,1
13124.0,161,3,3490.24,2259,2010-11-19 15:50:00,2011-04-01 14:58:00,1163.4133333333332,132,0
13125.0,433,1,158.57,54,2010-07-04 11:58:00,2010-07-04 11:58:00,158.57,0,1
13126.0,162,10,2976.03,2328,2010-03-02 12:24:00,2011-03-31 16:40:00,297.603,394,0
13128.0,540,1,263.5,31,2010-03-18 15:08:00,2010-03-18 15:08:00,263.5,0,1
13129.0,361,2,233.25,296,2010-06-28 11:54:00,2010-09-13 13:47:00,116.625,77,1
13130.0,3,1,64.0,32,2011-09-06 15:30:00,2011-09-06 15:30:00,64.0,0,1
13131.0,97,5,2565.37,1204,2010-02-09 09:47:00,2011-06-05 10:54:00,513.074,481,0
13132.0,171,1,77.3,20,2011-03-23 12:44:00,2011-03-23 12:44:00,77.3,0,1
13133.0,183,3,200.45000000000002,55,2010-09-06 15:30:00,2011-03-11 10:31:00,66.81666666666668,185,1
13134.0,93,5,1567.39,635,2010-10-19 13:21:00,2011-06-09 11:37:00,313.478,232,0
13135.0,106,2,3371.45,4423,2010-08-05 17:28:00,2011-05-27 10:52:00,1685.725,294,1
13136.0,52,11,4893.63,2458,2009-12-08 18:30:00,2011-07-20 12:01:00,444.87545454545455,588,0
13137.0,2,13,5993.33,3257,2010-07-25 15:40:00,2011-09-08 12:42:00,461.0253846153846,409,0
13138.0,42,4,994.3,488,2010-11-08 11:45:00,2011-07-29 13:34:00,248.575,263,0
13139.0,19,4,4848.98,2915,2010-09-28 09:12:00,2011-08-22 10:04:00,1212.245,328,0
13140.0,17,5,1215.68,648,2010-08-05 19:05:00,2011-08-23 15:33:00,243.13600000000002,382,1
13141.0,123,16,6680.86,4563,2009-12-09 13:34:00,2011-05-09 15:33:00,417.55375,516,0
13143.0,494,1,405.1,198,2010-05-04 12:22:00,2010-05-04 12:22:00,405.1,0,1
13144.0,242,2,135.35,29,2010-10-04 14:14:00,2011-01-11 11:15:00,67.675,98,1
13145.0,1,6,1304.72,242,2010-04-19 11:11:00,2011-09-09 10:10:00,217.45333333333335,507,0
13147.0,9,1,118.80000000000001,24,2011-09-01 12:28:00,2011-09-01 12:28:00,118.80000000000001,0,0
13148.0,43,24,7704.56,3976,2009-12-07 15:26:00,2011-07-29 08:30:00,321.02333333333337,598,0
13149.0,15,3,1132.62,884,2011-02-23 13:57:00,2011-08-25 13:40:00,377.53999999999996,182,0
13150.0,393,3,449.96999999999997,171,2010-03-19 09:03:00,2010-08-12 12:59:00,149.98999999999998,146,1
13151.0,205,3,2580.7400000000002,832,2010-03-22 10:26:00,2011-02-17 12:29:00,860.2466666666668,332,1
13152.0,326,7,2146.38,977,2010-01-14 10:01:00,2010-10-18 13:44:00,306.6257142857143,277,1
13154.0,308,3,1624.84,976,2009-12-04 08:46:00,2010-11-05 16:00:00,541.6133333333333,336,1
13155.0,236,4,1347.6200000000001,674,2010-08-05 09:30:00,2011-01-17 11:21:00,336.90500000000003,165,0
13156.0,294,3,1586.54,914,2010-02-01 13:45:00,2010-11-19 13:09:00,528.8466666666667,290,1
13157.0,50,8,4819.34,4111,2010-03-08 11:59:00,2011-07-21 14:34:00,602.4175,500,0
13158.0,4,5,1508.18,992,2010-11-16 17:12:00,2011-09-06 11:58:00,301.636,293,1
13159.0,15,2,851.59,628,2011-08-16 11:44:00,2011-08-25 15:12:00,425.795,9,0
13161.0,222,2,478.88,106,2010-07-27 12:44:00,2011-01-30 14:03:00,239.44,187,1
13162.0,31,16,9275.49,5755,2009-12-04 13:59:00,2011-08-09 15:59:00,579.718125,613,1
13163.0,519,1,17.65,3,2010-04-08 16:21:00,2010-04-08 16:21:00,17.65,0,1
13164.0,478,2,372.2,120,2010-02-10 11:52:00,2010-05-19 13:52:00,186.1,98,1
13165.0,260,2,784.32,856,2010-10-22 17:04:00,2010-12-23 14:06:00,392.16,61,0
13166.0,192,2,884.18,527,2010-10-21 14:29:00,2011-03-01 15:16:00,442.09,131,1
13167.0,40,3,751.37,669,2010-11-14 12:58:00,2011-08-01 12:12:00,250.45666666666668,259,0
13168.0,108,4,1528.78,787,2010-06-15 15:00:00,2011-05-24 13:56:00,382.195,342,0
13169.0,161,2,632.4000000000001,120,2010-05-26 15:58:00,2011-04-01 14:24:00,316.20000000000005,309,0
13171.0,208,1,140.35,53,2011-02-13 14:16:00,2011-02-13 14:16:00,140.35,0,0
13172.0,309,1,69.6,48,2010-11-04 15:10:00,2010-11-04 15:10:00,69.6,0,1
13173.0,276,10,2451.64,1457,2009-12-10 12:52:00,2010-12-07 14:30:00,245.164,362,0
13174.0,225,11,8786.08,4116,2009-12-04 15:40:00,2011-01-27 15:36:00,798.7345454545455,418,0
13175.0,491,2,831.45,423,2009-12-04 12:11:00,2010-05-06 13:13:00,415.725,153,1
13177.0,340,1,229.75,89,2010-10-05 10:35:00,2010-10-05 10:35:00,229.75,0,0
13178.0,42,18,12725.45,7807,2009-12-16 14:00:00,2011-07-29 13:37:00,706.9694444444444,589,0
13179.0,528,1,572.3100000000001,368,2010-03-31 11:40:00,2010-03-31 11:40:00,572.3100000000001,0,1
13180.0,516,1,86.10000000000001,42,2010-04-11 13:37:00,2010-04-11 13:37:00,86.10000000000001,0,1
13181.0,290,1,359.69,171,2010-11-23 15:05:00,2010-11-23 15:05:00,359.69,0,1
13183.0,10,12,5473.38,3267,2010-03-14 12:32:00,2011-08-30 16:53:00,456.115,534,0
13184.0,40,9,1504.44,1567,2011-02-22 17:25:00,2011-08-01 11:12:00,167.16,159,0
13185.0,177,1,71.4,12,2011-03-17 11:56:00,2011-03-17 11:56:00,71.4,0,1
13186.0,3,2,1301.94,547,2011-08-03 09:09:00,2011-09-07 11:46:00,650.97,35,0
13187.0,246,4,367.01,375,2010-03-25 17:18:00,2011-01-06 18:57:00,91.7525,287,1
13189.0,24,1,127.0,526,2011-08-16 13:12:00,2011-08-16 13:12:00,127.0,0,0
13190.0,453,3,570.66,308,2009-12-07 12:13:00,2010-06-13 15:47:00,190.22,188,1
13191.0,567,1,164.69,115,2010-02-19 17:02:00,2010-02-19 17:02:00,164.69,0,1
13192.0,4,6,2558.58,1629,2010-01-22 08:37:00,2011-09-05 14:13:00,426.43,591,1
13194.0,45,2,472.78,326,2010-10-14 11:54:00,2011-07-27 09:01:00,236.39,285,1
13195.0,323,1,172.38,83,2010-10-21 13:07:00,2010-10-21 13:07:00,172.38,0,1
13196.0,171,4,1783.19,1102,2010-04-01 12:54:00,2011-03-22 14:24:00,445.7975,355,0
13197.0,519,1,373.01000000000005,204,2010-04-09 09:14:00,2010-04-09 09:14:00,373.01000000000005,0,1
13198.0,30,7,4582.17,3170,2010-10-01 13:27:00,2011-08-11 12:48:00,654.5957142857143,313,0
13199.0,1,51,11355.93,9495,2009-12-05 10:11:00,2011-09-08 14:53:00,222.66529411764705,642,0
13200.0,35,1,319.32,249,2011-08-05 14:50:00,2011-08-05 14:50:00,319.32,0,0
13201.0,411,4,1240.6100000000001,1039,2010-03-07 11:01:00,2010-07-25 14:30:00,310.15250000000003,140,1
13202.0,303,7,1580.3,572,2009-12-09 10:48:00,2010-11-10 16:24:00,225.75714285714284,336,1
13203.0,30,8,2088.65,1887,2009-12-17 14:15:00,2011-08-11 10:29:00,261.08125,601,0
13204.0,640,1,966.6600000000001,428,2009-12-08 14:56:00,2009-12-08 14:56:00,966.6600000000001,0,1
13205.0,352,1,2803.2,256,2010-09-22 16:26:00,2010-09-22 16:26:00,2803.2,0,1
13206.0,309,13,8377.32,7155,2009-12-07 13:48:00,2010-11-04 16:50:00,644.4092307692307,332,1
13207.0,60,3,483.12000000000006,120,2010-04-06 16:37:00,2011-07-12 11:35:00,161.04000000000002,461,0
13208.0,64,7,1599.67,1114,2009-12-03 13:25:00,2011-07-07 14:18:00,228.52428571428572,581,0
13209.0,38,10,6773.98,4783,2010-01-24 14:30:00,2011-08-03 12:10:00,677.3979999999999,555,0
13210.0,3,1,353.48,316,2011-09-07 08:18:00,2011-09-07 08:18:00,353.48,0,1
13211.0,4,9,2418.54,1635,2009-12-06 15:24:00,2011-09-05 17:36:00,268.7266666666667,638,0
13213.0,37,10,3294.82,2080,2010-05-20 14:50:00,2011-08-03 13:06:00,329.482,439,0
13214.0,327,7,3264.23,2966,2010-03-03 14:10:00,2010-10-18 10:00:00,466.31857142857143,228,1
13215.0,311,1,81.6,96,2010-11-02 18:26:00,2010-11-02 18:26:00,81.6,0,1
13216.0,177,1,333.74,297,2011-03-17 12:18:00,2011-03-17 12:18:00,333.74,0,1
13217.0,31,4,666.48,512,2010-02-22 12:49:00,2011-08-09 15:32:00,166.62,533,1
13218.0,36,1,62.63999999999999,88,2011-08-04 16:59:00,2011-08-04 16:59:00,62.63999999999999,0,1
13219.0,527,1,76.23,11,2010-03-31 14:18:00,2010-03-31 14:18:00,76.23,0,1
13220.0,95,4,1243.29,332,2010-05-13 10:35:00,2011-06-07 11:10:00,310.8225,390,0
13221.0,149,2,847.41,244,2010-12-15 13:24:00,2011-04-13 16:58:00,423.705,119,1
13222.0,486,1,88.5,30,2010-05-11 13:54:00,2010-05-11 13:54:00,88.5,0,1
13223.0,109,6,969.1200000000001,568,2010-02-12 13:27:00,2011-05-23 13:03:00,161.52,464,1
13224.0,60,1,1212.26,665,2011-07-11 14:10:00,2011-07-11 14:10:00,1212.26,0,0
13225.0,52,14,14095.79,6149,2009-12-17 09:09:00,2011-07-19 16:36:00,1006.8421428571429,579,0
13226.0,182,2,312.46,179,2010-11-11 13:46:00,2011-03-11 14:35:00,156.23,120,1
13227.0,111,1,257.7,99,2011-05-22 11:47:00,2011-05-22 11:47:00,257.7,0,1
13229.0,135,1,160.95,63,2011-04-28 12:07:00,2011-04-28 12:07:00,160.95,0,1
13230.0,47,28,5787.99,3323,2010-03-18 20:02:00,2011-07-24 16:18:00,206.71392857142857,492,0
13232.0,7,5,1048.3,654,2011-04-10 13:48:00,2011-09-02 13:18:00,209.66,144,0
13233.0,245,3,875.58,1004,2010-01-14 14:10:00,2011-01-07 14:49:00,291.86,358,0
13234.0,582,2,356.95,162,2009-12-07 12:32:00,2010-02-05 11:41:00,178.475,59,1
13235.0,121,1,1031.07,441,2011-05-11 17:13:00,2011-05-11 17:13:00,1031.07,0,1
13236.0,16,1,439.23,168,2011-08-25 08:58:00,2011-08-25 08:58:00,439.23,0,0
13237.0,297,1,643.0,128,2010-11-17 10:07:00,2010-11-17 10:07:00,643.0,0,1
13238.0,73,4,624.75,281,2010-04-28 15:02:00,2011-06-29 12:12:00,156.1875,426,0
13239.0,171,5,1594.69,1151,2010-07-25 13:34:00,2011-03-23 10:25:00,318.938,240,1
13240.0,5,8,1738.52,859,2010-02-25 13:17:00,2011-09-04 14:08:00,217.315,556,1
13241.0,321,1,115.58,48,2010-10-24 11:17:00,2010-10-24 11:17:00,115.58,0,1
13242.0,21,7,699.4,350,2010-02-09 13:12:00,2011-08-19 12:53:00,99.91428571428571,555,1
13243.0,112,5,1278.04,579,2010-03-18 13:10:00,2011-05-20 13:14:00,255.608,428,1
13244.0,2,1,121.74000000000001,38,2011-09-08 11:46:00,2011-09-08 11:46:00,121.74000000000001,0,1
13245.0,341,1,558.72,246,2010-10-03 14:03:00,2010-10-03 14:03:00,558.72,0,0
13246.0,85,10,3261.12,2759,2010-07-02 13:36:00,2011-06-16 12:51:00,326.11199999999997,348,0
13248.0,34,2,465.68,305,2011-06-03 13:05:00,2011-08-07 12:40:00,232.84,64,1
13249.0,1,9,1608.93,1246,2010-01-24 12:11:00,2011-09-08 13:26:00,178.77,592,1
13250.0,370,2,256.04,108,2010-07-25 14:01:00,2010-09-05 11:33:00,128.02,41,1
13251.0,311,1,252.68,215,2010-11-02 13:20:00,2010-11-02 13:20:00,252.68,0,1
13252.0,303,2,399.3,134,2010-03-24 10:30:00,2010-11-10 16:00:00,199.65,231,1
13253.0,66,4,2951.11,3015,2010-01-05 12:13:00,2011-07-06 10:09:00,737.7775,546,1
13254.0,285,1,51.410000000000004,43,2010-11-28 15:42:00,2010-11-28 15:42:00,51.410000000000004,0,1
13255.0,283,2,730.65,450,2010-07-15 13:20:00,2010-12-01 11:58:00,365.325,138,0
13257.0,345,1,149.75,33,2010-09-29 14:58:00,2010-09-29 14:58:00,149.75,0,1
13258.0,114,3,561.22,246,2010-11-04 12:45:00,2011-05-18 13:11:00,187.07333333333335,195,0
13259.0,307,8,1141.06,385,2010-01-10 10:26:00,2010-11-07 10:56:00,142.6325,301,0
13261.0,178,2,944.1,210,2011-02-27 10:41:00,2011-03-16 12:22:00,472.05,17,1
13262.0,172,3,573.45,247,2010-04-18 12:14:00,2011-03-21 15:06:00,191.15,337,1
13263.0,17,27,6121.3,3416,2010-10-22 17:07:00,2011-08-23 17:31:00,226.71481481481482,305,0
13264.0,352,1,722.5600000000001,375,2010-09-23 12:42:00,2010-09-23 12:42:00,722.5600000000001,0,1
13265.0,93,3,1465.66,1138,2011-03-11 09:54:00,2011-06-09 09:28:00,488.55333333333334,89,0
13266.0,22,15,4836.36,5469,2009-12-17 10:52:00,2011-08-19 09:35:00,322.424,609,0
13267.0,1,32,8356.11,3479,2009-12-07 16:56:00,2011-09-08 15:36:00,261.1284375,639,0
13268.0,79,6,2150.25,2518,2011-03-17 13:20:00,2011-06-23 11:38:00,358.375,97,0
13269.0,19,21,6526.92,5065,2009-12-02 11:47:00,2011-08-22 12:10:00,310.8057142857143,628,0
13270.0,275,1,1180.0,400,2010-12-08 14:53:00,2010-12-08 14:53:00,1180.0,0,1
13273.0,22,1,138.98,153,2011-08-18 14:02:00,2011-08-18 14:02:00,138.98,0,1
13274.0,318,1,360.85,199,2010-10-26 13:48:00,2010-10-26 13:48:00,360.85,0,1
13275.0,293,2,241.66,140,2010-03-17 14:05:00,2010-11-21 12:09:00,120.83,248,1
13276.0,9,4,1485.71,714,2010-03-07 14:05:00,2011-09-01 10:03:00,371.4275,542,0
13277.0,25,5,390.8,292,2010-06-18 08:45:00,2011-08-15 14:50:00,78.16,423,0
13278.0,309,3,893.12,821,2010-04-08 11:59:00,2010-11-05 11:42:00,297.70666666666665,210,0
13280.0,31,7,2322.63,1495,2010-03-05 09:07:00,2011-08-09 13:14:00,331.80428571428575,522,1
13281.0,348,1,350.85,201,2010-09-26 16:03:00,2010-09-26 16:03:00,350.85,0,1
13282.0,71,3,954.1500000000001,275,2010-10-29 14:11:00,2011-06-30 13:17:00,318.05,243,0
13283.0,95,3,305.2,144,2010-03-09 14:36:00,2011-06-07 12:39:00,101.73333333333333,454,0
13284.0,240,1,201.19,91,2011-01-13 09:23:00,2011-01-13 09:23:00,201.19,0,1
13285.0,70,5,2625.57,1860,2010-03-25 14:26:00,2011-07-01 14:53:00,525.114,463,0
13286.0,509,1,734.91,274,2010-04-18 15:35:00,2010-04-18 15:35:00,734.91,0,1
13287.0,512,3,781.59,429,2010-01-04 10:43:00,2010-04-15 15:26:00,260.53000000000003,101,1
13288.0,352,5,927.61,379,2010-02-11 14:59:00,2010-09-22 16:32:00,185.522,223,1
13289.0,633,1,307.95,119,2009-12-16 11:53:00,2009-12-16 11:53:00,307.95,0,1
13290.0,347,1,208.63,1,2010-09-27 16:29:00,2010-09-27 16:29:00,208.63,0,1
13291.0,65,11,3320.84,1619,2010-02-11 18:36:00,2011-07-07 10:36:00,301.8945454545455,510,1
13292.0,193,4,665.14,316,2010-07-01 14:36:00,2011-02-28 15:00:00,166.285,242,0
13293.0,301,6,1192.94,555,2010-02-09 12:05:00,2010-11-12 13:28:00,198.82333333333335,276,1
13294.0,99,3,1689.53,996,2010-03-03 12:54:00,2011-06-03 08:54:00,563.1766666666666,456,1
13295.0,269,4,1101.97,733,2010-05-12 09:13:00,2010-12-15 11:21:00,275.4925,217,1
13296.0,46,6,792.51,653,2010-05-11 14:29:00,2011-07-25 13:46:00,132.085,439,1
13297.0,294,3,2278.77,1731,2010-06-15 12:35:00,2010-11-19 13:49:00,759.59,157,0
13299.0,177,3,1218.7,416,2010-06-29 11:30:00,2011-03-16 12:55:00,406.23333333333335,260,1
13300.0,78,3,1285.51,455,2010-05-14 15:56:00,2011-06-23 13:09:00,428.50333333333333,404,1
13301.0,13,4,618.09,345,2011-02-20 13:13:00,2011-08-28 11:25:00,154.5225,188,1
13302.0,64,2,159.2,12,2010-07-01 12:32:00,2011-07-07 17:56:00,79.6,371,1
13303.0,309,1,61.72,26,2010-11-04 14:55:00,2010-11-04 14:55:00,61.72,0,1
13304.0,260,4,1217.99,716,2010-02-08 12:42:00,2010-12-23 14:35:00,304.4975,318,1
13305.0,2,14,3225.1,2064,2010-03-10 14:49:00,2011-09-08 10:02:00,230.3642857142857,546,0
13306.0,339,1,53.65,74,2010-10-05 14:55:00,2010-10-05 14:55:00,53.65,0,1
13307.0,29,3,273.34,140,2010-04-26 13:28:00,2011-08-11 17:14:00,91.11333333333333,472,1
13308.0,112,2,1099.81,749,2010-04-22 09:22:00,2011-05-20 13:13:00,549.905,393,0
13309.0,116,3,796.22,986,2010-11-12 12:10:00,2011-05-17 12:44:00,265.4066666666667,186,0
13310.0,115,4,1226.82,624,2010-11-02 17:03:00,2011-05-17 13:26:00,306.705,195,0
13311.0,59,1,490.11,271,2011-07-12 14:26:00,2011-07-12 14:26:00,490.11,0,0
13312.0,360,1,124.75,41,2010-09-14 14:36:00,2010-09-14 14:36:00,124.75,0,1
13313.0,50,10,2808.34,1944,2009-12-02 16:18:00,2011-07-21 18:19:00,280.834,596,0
13315.0,598,1,310.26,232,2010-01-19 15:34:00,2010-01-19 15:34:00,310.26,0,1
13316.0,41,8,10993.82,20141,2010-03-10 10:01:00,2011-07-31 11:48:00,1374.2275,508,0
13317.0,108,18,5526.3910000000005,2614,2009-12-13 11:11:00,2011-05-25 10:35:00,307.02172222222225,527,0
13319.0,1,51,18627.420000000002,7743,2009-12-06 14:46:00,2011-09-09 10:24:00,365.24352941176477,641,0
13320.0,16,5,1660.55,1210,2010-08-18 10:29:00,2011-08-25 12:10:00,332.11,372,0
13324.0,112,15,7190.51,5716,2010-05-25 10:23:00,2011-05-20 14:06:00,479.36733333333336,360,0
13326.0,341,1,281.76,140,2010-10-03 16:00:00,2010-10-03 16:00:00,281.76,0,1
13327.0,22,19,8990.460000000001,4135,2009-12-18 15:35:00,2011-08-19 11:55:00,473.18210526315795,608,0
13328.0,225,1,1308.48,680,2011-01-27 15:22:00,2011-01-27 15:22:00,1308.48,0,1
13329.0,276,7,4628.17,3198,2009-12-04 15:41:00,2010-12-08 10:11:00,661.1671428571428,368,0
13330.0,2,6,2806.18,1975,2010-02-23 10:12:00,2011-09-08 12:27:00,467.69666666666666,562,1
13331.0,311,1,262.4,54,2010-11-03 08:04:00,2010-11-03 08:04:00,262.4,0,1
13333.0,320,3,1015.74,685,2010-02-19 09:26:00,2010-10-24 13:24:00,338.58,247,1
13334.0,100,4,5458.77,2803,2010-02-25 12:21:00,2011-06-02 11:33:00,1364.6925,461,0
13337.0,455,1,1575.26,980,2010-06-11 13:27:00,2010-06-11 13:27:00,1575.26,0,1
13338.0,67,4,2445.62,1151,2010-01-05 12:25:00,2011-07-05 09:06:00,611.405,545,1
13339.0,110,1,860.12,326,2011-05-23 08:31:00,2011-05-23 08:31:00,860.12,0,1
13340.0,15,10,20593.62,9014,2010-02-22 14:54:00,2011-08-26 09:55:00,2059.362,549,0
13341.0,170,1,775.85,301,2011-03-24 09:50:00,2011-03-24 09:50:00,775.85,0,1
13343.0,87,1,353.43,135,2011-06-15 12:24:00,2011-06-15 12:24:00,353.43,0,1
13344.0,187,1,1656.15,599,2011-03-07 10:28:00,2011-03-07 10:28:00,1656.15,0,0
13345.0,197,1,389.5,141,2011-02-25 09:01:00,2011-02-25 09:01:00,389.5,0,1
13346.0,372,6,299.4,180,2010-04-22 12:34:00,2010-09-03 11:41:00,49.9,133,1
13355.0,31,1,674.7,314,2011-08-09 14:48:00,2011-08-09 14:48:00,674.7,0,1
13357.0,166,5,3838.36,2142,2010-03-22 14:30:00,2011-03-27 13:56:00,767.672,369,1
13358.0,178,1,439.03,285,2011-03-16 11:52:00,2011-03-16 11:52:00,439.03,0,1
13359.0,312,1,603.75,220,2010-11-01 15:05:00,2010-11-01 15:05:00,603.75,0,0
13360.0,341,4,1553.65,942,2010-01-08 11:16:00,2010-10-04 12:37:00,388.4125,269,1
13361.0,381,2,1450.5,324,2010-04-01 07:49:00,2010-08-24 14:56:00,725.25,145,1
13362.0,155,5,3884.86,1826,2010-10-10 15:27:00,2011-04-08 08:21:00,776.972,179,0
13363.0,319,1,731.36,436,2010-10-26 11:07:00,2010-10-26 11:07:00,731.36,0,0
13365.0,127,1,700.6,404,2011-05-06 12:00:00,2011-05-06 12:00:00,700.6,0,0
13367.0,341,1,510.20000000000005,253,2010-10-04 10:00:00,2010-10-04 10:00:00,510.20000000000005,0,1
13368.0,166,4,1121.5,606,2010-10-12 10:43:00,2011-03-28 09:59:00,280.375,166,1
13369.0,275,1,616.5600000000001,298,2010-12-09 11:30:00,2010-12-09 11:30:00,616.5600000000001,0,1
13370.0,281,1,1509.74,686,2010-12-03 10:26:00,2010-12-03 10:26:00,1509.74,0,1
13371.0,414,2,2297.66,1019,2010-03-17 15:29:00,2010-07-22 17:33:00,1148.83,127,1
13373.0,68,5,6330.52,3556,2009-12-06 12:34:00,2011-07-04 12:19:00,1266.104,574,0
13374.0,324,2,422.8,135,2010-09-16 10:29:00,2010-10-21 10:04:00,211.4,34,1
13375.0,354,1,1013.58,682,2010-09-21 08:12:00,2010-09-21 08:12:00,1013.58,0,0
13376.0,8,3,1019.76,493,2011-04-19 13:03:00,2011-09-01 16:16:00,339.92,135,1
13377.0,306,2,1552.88,748,2010-03-04 10:06:00,2010-11-08 12:20:00,776.44,249,1
13379.0,46,1,136.29,166,2011-07-26 12:26:00,2011-07-26 12:26:00,136.29,0,0
13380.0,342,1,62.4,48,2010-10-03 10:18:00,2010-10-03 10:18:00,62.4,0,1
13381.0,22,10,7046.39,4347,2009-12-01 15:19:00,2011-08-18 13:47:00,704.639,624,0
13382.0,190,5,1387.58,863,2009-12-08 09:56:00,2011-03-04 10:03:00,277.51599999999996,451,1
13383.0,453,1,305.28000000000003,288,2010-06-14 11:45:00,2010-06-14 11:45:00,305.28000000000003,0,1
13384.0,38,6,4284.74,2782,2010-07-27 12:22:00,2011-08-03 09:40:00,714.1233333333333,371,0
13385.0,239,1,534.57,281,2011-01-14 09:52:00,2011-01-14 09:52:00,534.57,0,1
13386.0,323,2,835.46,514,2010-09-28 13:09:00,2010-10-21 12:52:00,417.73,22,1
13387.0,326,1,189.44,125,2010-10-18 14:07:00,2010-10-18 14:07:00,189.44,0,1
13388.0,40,3,1185.65,701,2010-04-15 10:18:00,2011-07-31 12:52:00,395.2166666666667,472,1
13389.0,142,1,257.89,115,2011-04-21 12:12:00,2011-04-21 12:12:00,257.89,0,0
13391.0,113,1,59.8,4,2011-05-20 10:50:00,2011-05-20 10:50:00,59.8,0,1
13392.0,586,1,91.14,82,2010-01-31 13:34:00,2010-01-31 13:34:00,91.14,0,1
13393.0,493,4,1131.45,662,2009-12-07 18:12:00,2010-05-05 09:34:00,282.8625,148,1
13394.0,25,16,5645.13,4437,2009-12-01 11:58:00,2011-08-16 09:25:00,352.820625,622,0
13395.0,94,3,1180.23,1660,2010-10-14 13:00:00,2011-06-07 15:04:00,393.41,236,1
13396.0,228,1,387.27000000000004,139,2011-01-24 13:37:00,2011-01-24 13:37:00,387.27000000000004,0,0
13397.0,20,9,2875.93,1264,2010-01-20 09:50:00,2011-08-21 11:29:00,319.54777777777775,578,0
13398.0,101,2,670.34,341,2010-09-17 09:34:00,2011-05-31 13:17:00,335.17,256,1
13399.0,373,3,275.4,120,2010-07-08 17:47:00,2010-09-01 13:59:00,91.8,54,1
13400.0,492,1,310.83,284,2010-05-06 09:00:00,2010-05-06 09:00:00,310.83,0,1
13402.0,36,4,1535.13,1107,2010-05-24 10:56:00,2011-08-04 15:51:00,383.7825,437,1
13403.0,297,2,154.5,70,2009-12-16 13:23:00,2010-11-17 11:38:00,77.25,335,0
13404.0,122,1,217.81,99,2011-05-11 11:57:00,2011-05-11 11:57:00,217.81,0,0
13405.0,113,5,1198.81,853,2009-12-15 14:13:00,2011-05-19 16:31:00,239.762,520,0
13406.0,336,2,568.92,292,2010-03-18 07:29:00,2010-10-08 14:44:00,284.46,204,1
13407.0,488,3,2244.7,1690,2010-02-16 11:13:00,2010-05-10 12:41:00,748.2333333333332,83,1
13408.0,9,85,41453.102,23773,2009-12-04 09:31:00,2011-09-01 10:38:00,487.68355294117646,636,0
13410.0,96,7,1743.94,1026,2009-12-08 13:43:00,2011-06-05 15:52:00,249.1342857142857,544,0
13411.0,16,1,213.55,72,2011-08-24 13:57:00,2011-08-24 13:57:00,213.55,0,1
13412.0,529,1,487.34999999999997,176,2010-03-29 16:28:00,2010-03-29 16:28:00,487.34999999999997,0,1
13413.0,549,6,429.44,455,2010-01-21 17:43:00,2010-03-10 12:17:00,71.57333333333334,47,1
13414.0,43,6,2494.14,2702,2010-04-15 17:00:00,2011-07-29 11:45:00,415.69,469,1
13415.0,382,4,800.67,502,2009-12-11 14:20:00,2010-08-24 11:38:00,200.1675,255,1
13416.0,645,1,228.3,66,2009-12-03 13:02:00,2009-12-03 13:02:00,228.3,0,0
13417.0,114,5,1264.66,442,2010-02-08 12:39:00,2011-05-18 16:26:00,252.93200000000002,464,0
13418.0,8,28,10850.3,6856,2009-12-11 12:51:00,2011-09-02 09:43:00,387.51071428571424,629,0
13420.0,59,2,159.85,101,2011-06-22 11:35:00,2011-07-13 08:48:00,79.925,20,1
13421.0,199,7,3077.08,1734,2010-02-14 14:45:00,2011-02-22 15:46:00,439.5828571428571,373,0
13423.0,338,1,217.03,141,2010-10-07 09:02:00,2010-10-07 09:02:00,217.03,0,1
13424.0,359,1,572.77,529,2010-09-16 10:49:00,2010-09-16 10:49:00,572.77,0,1
13425.0,17,5,3403.63,2382,2010-05-09 14:35:00,2011-08-23 17:13:00,680.726,471,1
13426.0,92,17,6084.74,3822,2009-12-09 15:16:00,2011-06-10 09:23:00,357.9258823529412,547,0
13427.0,29,5,888.79,766,2009-12-17 13:44:00,2011-08-11 12:53:00,177.75799999999998,601,0
13428.0,423,2,281.51,210,2010-07-13 13:20:00,2010-07-13 13:33:00,140.755,0,0
13431.0,315,6,2047.14,898,2010-02-18 11:53:00,2010-10-29 14:09:00,341.19,253,0
13432.0,480,2,439.1,217,2010-04-06 14:42:00,2010-05-17 13:18:00,219.55,40,1
13433.0,410,4,658.3199999999999,190,2010-01-12 08:59:00,2010-07-26 16:55:00,164.57999999999998,195,1
13434.0,6,4,1205.46,624,2010-02-22 09:54:00,2011-09-04 10:35:00,301.365,559,0
13435.0,19,5,1753.46,1556,2010-07-27 16:56:00,2011-08-21 13:43:00,350.692,389,0
13437.0,8,4,2173.6,689,2011-06-02 14:30:00,2011-09-01 18:20:00,543.4,91,0
13438.0,456,1,46.5,10,2010-06-10 18:46:00,2010-06-10 18:46:00,46.5,0,1
13439.0,164,3,986.61,952,2010-07-01 14:36:00,2011-03-29 14:20:00,328.87,270,1
13440.0,332,7,1295.25,573,2010-09-14 10:34:00,2010-10-12 13:11:00,185.03571428571428,28,1
13441.0,1,2,720.9,520,2010-10-04 10:38:00,2011-09-09 09:38:00,360.45,339,1
13442.0,576,3,419.87,115,2009-12-01 14:59:00,2010-02-10 14:03:00,139.95666666666668,70,1
13443.0,358,6,1280.16,809,2010-01-31 13:30:00,2010-09-17 12:31:00,213.36,228,1
13444.0,283,2,631.6800000000001,337,2010-07-21 14:34:00,2010-11-30 13:02:00,315.84000000000003,131,1
13445.0,535,1,241.89999999999998,198,2010-03-23 15:34:00,2010-03-23 15:34:00,241.89999999999998,0,1
13446.0,339,11,3881.89,2403,2010-02-14 11:52:00,2010-10-05 18:51:00,352.8990909090909,233,1
13448.0,128,11,7124.76,3464,2009-12-06 12:14:00,2011-05-05 11:53:00,647.7054545454546,514,0
13450.0,34,11,3497.7799999999997,3606,2010-04-15 19:15:00,2011-08-07 10:24:00,317.97999999999996,478,0
13451.0,35,10,6678.16,4883,2010-03-21 16:13:00,2011-08-05 16:43:00,667.816,502,0
13452.0,168,3,729.8,6,2010-08-24 09:53:00,2011-03-25 14:19:00,243.26666666666665,213,1
13453.0,75,3,781.6899999999999,341,2010-11-02 13:23:00,2011-06-27 09:34:00,260.56333333333333,236,1
13454.0,550,1,219.87,198,2010-03-08 14:40:00,2010-03-08 14:40:00,219.87,0,1
13455.0,275,5,2540.53,821,2009-12-09 08:58:00,2010-12-08 13:11:00,508.10600000000005,364,0
13456.0,64,3,855.0600000000001,261,2011-05-16 15:34:00,2011-07-07 13:52:00,285.02000000000004,51,0
13457.0,598,2,148.22,96,2009-12-02 12:46:00,2010-01-20 08:48:00,74.11,48,1
13458.0,9,12,9991.12,5773,2010-11-16 14:01:00,2011-09-01 12:46:00,832.5933333333334,288,0
13459.0,534,2,1160.4099999999999,986,2010-01-26 13:35:00,2010-03-25 10:24:00,580.2049999999999,57,1
13461.0,48,5,3599.2,2798,2010-04-21 16:01:00,2011-07-24 11:32:00,719.8399999999999,458,0
13462.0,162,5,1153.85,697,2009-12-14 09:48:00,2011-04-01 11:20:00,230.76999999999998,473,1
13464.0,304,5,2422.96,1037,2010-03-31 15:22:00,2010-11-10 12:24:00,484.592,223,0
13465.0,355,2,931.12,584,2010-05-02 15:30:00,2010-09-19 15:13:00,465.56,139,1
13466.0,93,5,1013.35,660,2010-03-21 13:50:00,2011-06-08 16:39:00,202.67000000000002,444,1
13468.0,2,64,12424.56,5299,2009-12-03 13:32:00,2011-09-08 10:52:00,194.13375,643,0
13469.0,562,1,82.4,52,2010-02-24 15:03:00,2010-02-24 15:03:00,82.4,0,1
13470.0,8,2,165.0,100,2011-08-16 17:06:00,2011-09-01 14:57:00,82.5,15,1
13472.0,373,2,592.24,310,2010-06-02 09:48:00,2010-09-02 09:41:00,296.12,91,1
13473.0,242,7,2476.38,932,2009-12-15 19:02:00,2011-01-11 08:45:00,353.7685714285714,391,0
13474.0,145,3,663.79,334,2010-08-01 14:40:00,2011-04-17 13:53:00,221.26333333333332,258,1
13475.0,100,4,1431.78,1012,2011-02-14 12:36:00,2011-06-01 13:52:00,357.945,107,1
13476.0,88,5,2061.4700000000003,713,2010-03-05 09:39:00,2011-06-14 12:00:00,412.29400000000004,466,1
13477.0,47,9,2279.14,1700,2010-01-25 11:52:00,2011-07-24 13:17:00,253.23777777777775,545,0
13478.0,378,5,2215.78,1189,2010-01-31 15:51:00,2010-08-27 13:23:00,443.15600000000006,207,1
13479.0,110,4,851.37,716,2010-08-19 16:18:00,2011-05-23 10:45:00,212.8425,276,1
13480.0,326,2,627.82,362,2010-01-29 12:35:00,2010-10-19 11:53:00,313.91,262,1
13481.0,17,10,3387.61,1774,2009-12-04 12:37:00,2011-08-23 13:28:00,338.761,627,0
13482.0,141,2,336.09,187,2010-03-22 10:31:00,2011-04-21 17:03:00,168.045,395,1
13484.0,150,3,790.72,224,2010-03-10 11:46:00,2011-04-12 16:30:00,263.5733333333333,398,1
13485.0,142,11,3019.2200000000003,1798,2009-12-03 13:46:00,2011-04-20 13:58:00,274.4745454545455,503,1
13486.0,37,2,819.61,529,2011-07-07 17:19:00,2011-08-03 13:10:00,409.805,26,0
13487.0,122,4,680.27,310,2009-12-05 10:25:00,2011-05-10 16:19:00,170.0675,521,0
13488.0,30,19,13215.95,6605,2010-01-25 10:13:00,2011-08-11 10:29:00,695.5763157894737,563,0
13489.0,14,4,449.52,560,2011-02-18 10:42:00,2011-08-26 13:16:00,112.38,189,1
13490.0,563,1,154.25,25,2010-02-23 14:48:00,2010-02-23 14:48:00,154.25,0,1
13491.0,57,26,4439.1900000000005,2294,2009-12-07 08:24:00,2011-07-15 09:00:00,170.73807692307693,585,0
13492.0,45,3,1269.84,408,2011-05-09 10:06:00,2011-07-26 14:25:00,423.28,78,1
13493.0,184,2,618.63,380,2011-02-25 16:42:00,2011-03-09 15:35:00,309.315,11,1
13494.0,221,1,316.26000000000005,162,2011-02-01 11:58:00,2011-02-01 11:58:00,316.26000000000005,0,1
13495.0,141,8,4401.82,2330,2009-12-07 12:12:00,2011-04-21 15:15:00,550.2275,500,0
13496.0,269,1,501.01,229,2010-12-15 10:17:00,2010-12-15 10:17:00,501.01,0,0
13497.0,192,6,1320.33,579,2010-02-08 10:27:00,2011-03-02 09:04:00,220.05499999999998,386,1
13498.0,639,1,327.38,362,2009-12-09 15:26:00,2009-12-09 15:26:00,327.38,0,1
13499.0,134,2,463.79,265,2011-03-15 08:52:00,2011-04-28 14:59:00,231.895,44,0
13500.0,32,2,625.93,357,2010-11-03 13:16:00,2011-08-09 12:20:00,312.965,278,0
13501.0,197,3,2885.11,1253,2010-05-18 13:24:00,2011-02-24 18:59:00,961.7033333333334,282,1
13502.0,184,4,677.66,336,2010-06-09 10:52:00,2011-03-10 08:40:00,169.415,273,0
13503.0,388,5,1688.54,870,2010-02-16 13:49:00,2010-08-17 13:17:00,337.70799999999997,181,0
13505.0,76,3,2583.12,1261,2011-04-21 12:07:00,2011-06-26 12:36:00,861.04,66,0
13506.0,225,5,1639.2,1174,2010-09-05 12:33:00,2011-01-27 13:53:00,327.84000000000003,144,1
13507.0,7,3,2022.79,1212,2011-07-17 11:50:00,2011-09-02 15:45:00,674.2633333333333,47,0
13508.0,153,2,287.05,180,2010-03-07 11:58:00,2011-04-10 11:58:00,143.525,399,1
13509.0,9,6,840.02,907,2010-07-20 12:10:00,2011-09-01 08:25:00,140.00333333333333,407,0
13510.0,4,9,3664.54,2401,2009-12-21 11:53:00,2011-09-05 14:11:00,407.1711111111111,623,0
13511.0,586,1,282.76,60,2010-02-01 12:10:00,2010-02-01 12:10:00,282.76,0,1
13512.0,170,4,713.39,419,2010-05-05 13:22:00,2011-03-24 10:03:00,178.3475,322,1
13513.0,36,3,824.59,364,2010-02-22 16:36:00,2011-08-05 11:50:00,274.86333333333334,528,1
13514.0,338,3,663.7,248,2010-01-26 15:11:00,2010-10-07 12:10:00,221.23333333333335,253,0
13515.0,26,5,898.66,611,2010-03-05 11:58:00,2011-08-14 13:21:00,179.732,527,0
13516.0,148,2,441.85,185,2010-10-18 08:52:00,2011-04-15 11:06:00,220.925,179,0
13517.0,16,2,1612.18,981,2011-06-13 08:44:00,2011-08-25 11:40:00,806.09,73,0
13519.0,352,1,220.46,110,2010-09-23 11:45:00,2010-09-23 11:45:00,220.46,0,0
13520.0,47,10,6233.03,2952,2009-12-17 11:11:00,2011-07-25 12:22:00,623.303,585,0
13523.0,109,4,3505.88,1430,2010-11-02 14:55:00,2011-05-24 08:51:00,876.47,202,0
13524.0,11,3,408.86,187,2011-05-04 12:26:00,2011-08-30 12:45:00,136.28666666666666,118,0
13525.0,157,1,282.88,208,2011-04-05 15:36:00,2011-04-05 15:36:00,282.88,0,0
13526.0,647,2,1182.0,1911,2009-12-01 12:56:00,2009-12-01 13:13:00,591.0,0,1
13527.0,14,9,3762.65,2360,2010-01-21 12:37:00,2011-08-26 13:22:00,418.07222222222225,582,0
13529.0,114,1,181.1,30,2011-05-19 11:50:00,2011-05-19 11:50:00,181.1,0,0
13530.0,543,1,402.97999999999996,272,2010-03-15 14:10:00,2010-03-15 14:10:00,402.97999999999996,0,1
13531.0,114,6,1738.52,600,2009-12-03 15:20:00,2011-05-18 16:56:00,289.75333333333333,531,1
13533.0,92,3,270.79,204,2011-03-17 12:47:00,2011-06-10 11:54:00,90.26333333333334,84,1
13534.0,17,31,6222.35,3150,2010-07-07 15:00:00,2011-08-24 10:36:00,200.72096774193548,412,0
13535.0,312,1,89.5,10,2010-11-02 11:49:00,2010-11-02 11:49:00,89.5,0,1
13537.0,335,2,717.85,337,2010-09-14 10:41:00,2010-10-10 12:45:00,358.925,26,1
13538.0,3,11,2822.63,925,2010-02-02 12:47:00,2011-09-06 13:11:00,256.6027272727273,581,0
13539.0,149,6,1253.67,621,2010-04-28 12:04:00,2011-04-13 13:45:00,208.94500000000002,350,0
13540.0,376,3,632.39,189,2010-02-22 09:22:00,2010-08-29 14:20:00,210.79666666666665,188,1
13541.0,336,2,785.25,279,2010-05-18 16:15:00,2010-10-08 16:37:00,392.625,143,1
13542.0,286,17,4006.17,815,2009-12-10 19:53:00,2010-11-28 11:24:00,235.6570588235294,352,1
13543.0,543,2,1439.6100000000001,329,2010-01-21 14:30:00,2010-03-15 13:34:00,719.8050000000001,52,1
13544.0,150,5,660.5,306,2010-03-05 11:31:00,2011-04-13 12:09:00,132.1,404,0
13545.0,300,2,374.64,257,2010-06-13 11:49:00,2010-11-14 11:27:00,187.32,153,1
13546.0,110,3,653.3100000000001,339,2010-10-11 17:23:00,2011-05-23 12:14:00,217.77,223,0
13547.0,317,1,175.53,82,2010-10-27 14:14:00,2010-10-27 14:14:00,175.53,0,1
13548.0,5,3,908.99,565,2010-08-25 13:44:00,2011-09-04 14:50:00,302.99666666666667,375,1
13549.0,51,6,849.65,507,2010-11-17 12:17:00,2011-07-20 13:21:00,141.60833333333332,245,0
13550.0,292,1,349.51,454,2010-11-21 15:24:00,2010-11-21 15:24:00,349.51,0,1
13551.0,228,2,244.2,36,2010-02-11 15:01:00,2011-01-24 14:46:00,122.1,346,1
13552.0,33,19,6001.76,2261,2010-02-19 13:28:00,2011-08-08 11:28:00,315.8821052631579,534,0
13553.0,584,1,517.8,206,2010-02-03 12:21:00,2010-02-03 12:21:00,517.8,0,1
13554.0,289,7,1638.28,581,2010-09-19 12:39:00,2010-11-24 15:05:00,234.04,66,1
13555.0,111,11,6439.96,3035,2010-01-19 13:20:00,2011-05-22 11:24:00,585.4509090909091,487,0
13556.0,338,2,200.82,134,2010-09-30 09:01:00,2010-10-06 16:44:00,100.41,6,1
13557.0,190,12,2688.88,2076,2009-12-08 17:41:00,2011-03-04 12:14:00,224.07333333333335,450,0
13559.0,422,2,990.0,360,2010-06-14 11:52:00,2010-07-15 09:52:00,495.0,30,1
13561.0,125,11,1820.72,1136,2010-02-28 13:42:00,2011-05-08 12:39:00,165.52,433,1
13562.0,50,7,4248.58,1373,2010-01-14 16:33:00,2011-07-21 15:12:00,606.9399999999999,552,0
13563.0,49,1,310.88,146,2011-07-22 17:21:00,2011-07-22 17:21:00,310.88,0,0
13564.0,53,37,17249.55,9251,2009-12-02 11:55:00,2011-07-18 14:33:00,466.20405405405404,593,1
13565.0,243,2,284.76,166,2010-10-24 15:51:00,2011-01-09 14:28:00,142.38,76,0
13566.0,344,3,833.41,691,2010-03-10 12:22:00,2010-10-01 12:27:00,277.80333333333334,205,0
13567.0,337,4,1083.69,645,2010-06-16 12:48:00,2010-10-07 12:51:00,270.9225,113,1
13568.0,82,1,192.85,70,2011-06-19 14:42:00,2011-06-19 14:42:00,192.85,0,1
13569.0,277,3,638.35,282,2010-10-07 13:05:00,2010-12-07 12:29:00,212.78333333333333,60,0
13570.0,152,1,239.49,161,2011-04-10 13:36:00,2011-04-10 13:36:00,239.49,0,1
13571.0,2,21,3538.05,2289,2009-12-08 13:02:00,2011-09-08 11:27:00,168.47857142857143,638,0
13572.0,115,1,1384.25,534,2011-05-18 11:59:00,2011-05-18 11:59:00,1384.25,0,1
13573.0,162,5,653.84,367,2010-03-12 16:06:00,2011-03-31 14:47:00,130.768,383,0
13574.0,320,1,421.25,316,2010-10-24 13:28:00,2010-10-24 13:28:00,421.25,0,1
13575.0,43,2,218.75,113,2011-06-16 14:24:00,2011-07-29 11:28:00,109.375,42,0
13576.0,6,23,9675.34,3779,2009-12-08 15:12:00,2011-09-04 12:07:00,420.6669565217391,634,0
13577.0,2,10,2995.48,1467,2009-12-14 16:10:00,2011-09-08 11:44:00,299.548,632,0
13578.0,318,1,147.66,127,2010-10-26 13:44:00,2010-10-26 13:44:00,147.66,0,1
13579.0,278,4,1236.7,634,2010-02-18 13:53:00,2010-12-05 16:10:00,309.175,290,0
13580.0,315,1,107.75,45,2010-10-29 15:01:00,2010-10-29 15:01:00,107.75,0,1
13581.0,218,2,280.53000000000003,119,2010-10-21 16:30:00,2011-02-03 14:41:00,140.26500000000001,104,1
13582.0,299,2,241.68,106,2010-04-01 11:38:00,2010-11-15 11:34:00,120.84,227,1
13583.0,65,2,1445.031,1097,2010-01-29 13:53:00,2011-07-07 10:40:00,722.5155,523,1
13584.0,216,3,392.45,363,2010-02-02 08:40:00,2011-02-06 12:49:00,130.81666666666666,369,1
13585.0,440,3,684.54,1386,2009-12-01 14:56:00,2010-06-27 12:33:00,228.17999999999998,207,1
13586.0,450,1,131.53,39,2010-06-16 13:47:00,2010-06-16 13:47:00,131.53,0,1
13587.0,358,3,961.1,484,2010-02-14 13:17:00,2010-09-16 13:52:00,320.3666666666667,214,0
13588.0,9,4,1420.72,1648,2011-03-29 15:53:00,2011-09-01 11:15:00,355.18,155,0
13589.0,89,5,888.09,207,2009-12-06 10:26:00,2011-06-13 12:44:00,177.618,554,0
13590.0,60,16,5484.05,4328,2009-12-01 13:37:00,2011-07-12 10:46:00,342.753125,587,0
13591.0,113,6,1753.04,628,2009-12-14 15:44:00,2011-05-19 13:58:00,292.17333333333335,520,0
13592.0,115,3,205.51,71,2011-03-20 14:01:00,2011-05-18 09:13:00,68.50333333333333,58,0
13593.0,17,14,5523.6900000000005,2190,2010-03-02 16:36:00,2011-08-23 13:35:00,394.54928571428576,538,1
13594.0,395,1,136.35000000000002,37,2010-08-11 10:23:00,2010-08-11 10:23:00,136.35000000000002,0,0
13595.0,426,3,818.22,353,2010-03-03 14:42:00,2010-07-11 12:36:00,272.74,129,1
13597.0,309,2,396.71,231,2010-11-02 09:30:00,2010-11-04 14:54:00,198.355,2,1
13598.0,404,4,609.42,343,2010-02-26 11:22:00,2010-08-01 13:21:00,152.355,156,0
13599.0,66,20,7327.8,4731,2009-12-01 12:30:00,2011-07-06 12:18:00,366.39,581,0
13600.0,221,2,518.42,599,2010-03-15 17:16:00,2011-01-31 15:27:00,259.21,321,1
13601.0,120,3,865.02,699,2010-06-11 15:03:00,2011-05-12 16:52:00,288.34,335,0
13602.0,291,3,596.28,271,2010-05-28 11:49:00,2010-11-23 12:14:00,198.76,179,0
13604.0,568,1,717.62,242,2010-02-19 12:02:00,2010-02-19 12:02:00,717.62,0,1
13605.0,296,2,522.67,425,2010-05-17 15:46:00,2010-11-17 17:16:00,261.335,184,1
13606.0,152,2,250.42,243,2011-02-01 11:42:00,2011-04-10 12:52:00,125.21,68,0
13607.0,312,1,400.3,178,2010-11-02 11:48:00,2010-11-02 11:48:00,400.3,0,0
13608.0,450,1,236.2,113,2010-06-17 12:28:00,2010-06-17 12:28:00,236.2,0,1
13609.0,502,1,167.35,19,2010-04-25 13:26:00,2010-04-25 13:26:00,167.35,0,1
13610.0,19,12,1820.21,765,2010-01-05 14:12:00,2011-08-21 14:42:00,151.68416666666667,593,0
13611.0,80,9,2784.4500000000003,1656,2009-12-03 07:57:00,2011-06-22 12:25:00,309.3833333333334,566,0
13612.0,542,1,818.29,444,2010-03-17 12:14:00,2010-03-17 12:14:00,818.29,0,1
13613.0,362,5,1039.8500000000001,445,2010-02-17 12:40:00,2010-09-13 12:01:00,207.97000000000003,207,1
13614.0,73,4,1543.71,505,2010-06-06 13:42:00,2011-06-28 14:58:00,385.9275,387,0
13615.0,228,8,6272.53,2910,2010-01-28 15:43:00,2011-01-25 08:21:00,784.06625,361,1
13616.0,477,2,288.1,175,2010-01-17 14:56:00,2010-05-20 12:59:00,144.05,122,1
13617.0,22,7,1100.27,481,2010-08-01 15:23:00,2011-08-18 13:17:00,157.18142857142857,381,0
13618.0,83,1,177.34,246,2011-06-19 11:09:00,2011-06-19 11:09:00,177.34,0,1
13619.0,454,2,231.69,84,2010-02-03 14:16:00,2010-06-13 11:39:00,115.845,129,1
13620.0,437,1,112.34,74,2010-06-29 15:02:00,2010-06-29 15:02:00,112.34,0,1
13621.0,26,1,213.85,343,2011-08-15 08:26:00,2011-08-15 08:26:00,213.85,0,1
13622.0,605,1,658.95,379,2010-01-12 13:22:00,2010-01-12 13:22:00,658.95,0,1
13623.0,119,9,2370.63,879,2009-12-02 13:57:00,2011-05-13 16:12:00,263.40333333333336,527,0
13624.0,297,1,462.08,820,2010-11-16 13:43:00,2010-11-16 13:43:00,462.08,0,1
13625.0,506,1,301.26,144,2010-04-22 10:50:00,2010-04-22 10:50:00,301.26,0,1
13626.0,162,2,707.04,398,2010-11-25 16:12:00,2011-04-01 10:05:00,353.52,126,1
13627.0,85,5,1634.43,1138,2010-03-09 14:03:00,2011-06-16 13:50:00,326.886,463,0
13628.0,585,1,310.14,106,2010-02-01 14:44:00,2010-02-01 14:44:00,310.14,0,1
13629.0,8,16,11296.86,6572,2010-02-11 17:34:00,2011-09-01 18:54:00,706.05375,567,0
13630.0,15,5,1361.46,973,2011-02-27 12:49:00,2011-08-26 10:32:00,272.29200000000003,179,0
13631.0,9,11,3070.42,467,2011-03-17 17:13:00,2011-09-01 09:57:00,279.1290909090909,167,1
13632.0,83,6,2341.48,918,2010-04-07 10:59:00,2011-06-19 12:23:00,390.24666666666667,438,0
13634.0,15,14,4282.08,1743,2010-01-10 14:26:00,2011-08-25 13:46:00,305.86285714285714,591,0
13635.0,352,3,1928.1299999999999,1207,2009-12-01 09:46:00,2010-09-23 10:06:00,642.7099999999999,296,0
13636.0,31,4,646.55,339,2011-02-27 14:29:00,2011-08-09 14:56:00,161.6375,163,0
13637.0,96,2,684.85,354,2011-04-27 13:06:00,2011-06-05 13:24:00,342.425,39,0
13639.0,346,1,312.93,197,2010-09-29 10:05:00,2010-09-29 10:05:00,312.93,0,0
13640.0,520,1,405.0,108,2010-04-07 15:33:00,2010-04-07 15:33:00,405.0,0,1
13641.0,550,5,1016.47,1098,2009-12-05 13:17:00,2010-03-09 07:37:00,203.294,93,1
13642.0,125,4,514.72,253,2010-10-03 12:23:00,2011-05-08 12:34:00,128.68,217,1
13643.0,8,9,1896.73,755,2009-12-08 12:48:00,2011-09-02 10:42:00,210.74777777777777,632,0
13644.0,15,1,851.09,659,2011-08-26 11:53:00,2011-08-26 11:53:00,851.09,0,0
13645.0,29,1,252.1,158,2011-08-11 16:11:00,2011-08-11 16:11:00,252.1,0,1
13646.0,309,2,326.25,79,2010-11-05 12:00:00,2010-11-05 12:13:00,163.125,0,1
13647.0,84,6,2197.42,1349,2010-04-15 12:55:00,2011-06-17 13:17:00,366.2366666666667,428,0
13648.0,309,8,1764.02,960,2009-12-01 18:13:00,2010-11-04 14:46:00,220.5025,337,1
13649.0,166,6,1678.88,863,2010-06-30 16:35:00,2011-03-28 11:51:00,279.81333333333333,270,1
13650.0,116,6,2197.18,1108,2010-01-26 08:44:00,2011-05-16 14:19:00,366.19666666666666,475,0
13651.0,291,1,132.65,29,2010-11-23 09:44:00,2010-11-23 09:44:00,132.65,0,0
13652.0,166,4,2114.01,1282,2010-02-25 17:37:00,2011-03-28 09:21:00,528.5025,395,0
13653.0,397,1,152.2,72,2010-08-09 08:19:00,2010-08-09 08:19:00,152.2,0,1
13654.0,54,9,5314.94,4112,2009-12-02 11:43:00,2011-07-17 13:29:00,590.5488888888889,592,0
13655.0,23,6,2280.51,1225,2010-04-27 09:59:00,2011-08-17 14:25:00,380.08500000000004,477,1
13656.0,74,4,1078.85,862,2010-04-23 12:50:00,2011-06-28 10:31:00,269.7125,430,1
13657.0,111,1,152.34,132,2011-05-22 12:35:00,2011-05-22 12:35:00,152.34,0,0
13658.0,113,5,4319.63,1452,2010-02-05 13:17:00,2011-05-19 17:15:00,863.926,468,0
13659.0,115,12,4894.88,2539,2010-02-17 09:05:00,2011-05-18 12:37:00,407.9066666666667,455,1
13660.0,309,1,314.59,137,2010-11-04 16:10:00,2010-11-04 16:10:00,314.59,0,1
13661.0,512,1,325.24,118,2010-04-15 14:58:00,2010-04-15 14:58:00,325.24,0,1
13662.0,121,10,1885.29,999,2010-02-19 13:21:00,2011-05-11 13:23:00,188.529,446,0
13663.0,88,5,2047.51,893,2010-03-03 10:11:00,2011-06-13 15:44:00,409.502,467,1
13665.0,295,3,1711.6599999999999,1652,2010-07-23 13:29:00,2010-11-18 13:06:00,570.5533333333333,117,1
13666.0,196,4,107.3,50,2009-12-04 10:48:00,2011-02-25 13:08:00,26.825,448,0
13667.0,58,1,305.02,154,2011-07-13 15:42:00,2011-07-13 15:42:00,305.02,0,1
13668.0,22,30,11661.22,5343,2009-12-11 14:28:00,2011-08-18 12:53:00,388.70733333333334,614,0
13669.0,59,2,243.15,169,2010-10-28 15:05:00,2011-07-13 11:44:00,121.575,257,0
13671.0,304,1,194.95,107,2010-11-10 10:50:00,2010-11-10 10:50:00,194.95,0,1
13672.0,210,3,419.92,138,2009-12-09 11:40:00,2011-02-11 13:53:00,139.97333333333333,429,1
13674.0,342,1,240.68,102,2010-10-03 10:41:00,2010-10-03 10:41:00,240.68,0,1
13675.0,60,2,486.82000000000005,330,2011-02-28 12:14:00,2011-07-11 12:57:00,243.41000000000003,133,1
13676.0,448,2,243.9,104,2010-03-30 16:53:00,2010-06-18 17:30:00,121.95,80,1
13677.0,314,2,556.1899999999999,218,2010-07-07 17:25:00,2010-10-31 11:32:00,278.09499999999997,115,1
13678.0,61,1,232.6,924,2011-07-11 10:14:00,2011-07-11 10:14:00,232.6,0,1
13679.0,403,3,281.26,102,2009-12-04 16:52:00,2010-08-03 12:13:00,93.75333333333333,241,1
13680.0,247,10,10104.84,4511,2009-12-04 14:14:00,2011-01-06 12:11:00,1010.484,397,0
13681.0,64,1,203.46,96,2011-07-07 15:21:00,2011-07-07 15:21:00,203.46,0,0
13682.0,96,1,59.5,10,2011-06-05 14:06:00,2011-06-05 14:06:00,59.5,0,1
13683.0,367,1,258.6,180,2010-09-08 10:00:00,2010-09-08 10:00:00,258.6,0,1
13684.0,195,4,596.98,235,2010-03-28 14:48:00,2011-02-27 10:13:00,149.245,335,1
13686.0,92,3,409.04,378,2010-11-03 13:44:00,2011-06-10 09:10:00,136.34666666666666,218,1
13687.0,347,1,11880.84,87167,2010-09-27 16:30:00,2010-09-27 16:30:00,11880.84,0,1
13688.0,544,1,375.5,130,2010-03-14 14:11:00,2010-03-14 14:11:00,375.5,0,1
13689.0,354,1,349.5,210,2010-09-21 10:27:00,2010-09-21 10:27:00,349.5,0,0
13691.0,305,1,212.78,145,2010-11-08 17:34:00,2010-11-08 17:34:00,212.78,0,1
13692.0,123,4,2497.66,1610,2010-10-15 13:28:00,2011-05-10 10:11:00,624.415,206,0
13693.0,283,9,2011.82,880,2009-12-07 11:29:00,2010-11-30 18:21:00,223.53555555555556,358,1
13694.0,16,132,177354.83,174723,2009-12-04 15:26:00,2011-08-24 13:27:00,1343.5971969696968,627,0
13695.0,7,13,2033.67,1362,2010-05-11 11:07:00,2011-09-02 14:09:00,156.43615384615384,479,0
13696.0,331,3,2020.4,552,2010-02-11 14:17:00,2010-10-14 09:44:00,673.4666666666667,244,1
13698.0,506,2,465.53000000000003,231,2010-01-27 09:02:00,2010-04-22 11:52:00,232.76500000000001,85,1
13699.0,64,2,764.15,219,2010-06-07 13:03:00,2011-07-07 16:51:00,382.075,395,1
13700.0,2,11,1999.6,2523,2010-02-07 10:53:00,2011-09-08 12:05:00,181.78181818181818,578,0
13701.0,356,1,161.0,80,2010-09-19 12:39:00,2010-09-19 12:39:00,161.0,0,1
13702.0,355,1,135.18,74,2010-09-20 11:40:00,2010-09-20 11:40:00,135.18,0,1
13703.0,227,2,425.56,128,2010-10-20 13:11:00,2011-01-25 13:10:00,212.78,96,1
13705.0,54,6,1846.15,883,2010-03-25 17:19:00,2011-07-18 09:15:00,307.69166666666666,479,0
13706.0,212,2,631.17,301,2010-03-23 09:18:00,2011-02-10 09:21:00,315.585,324,1
13707.0,176,5,3365.86,2210,2010-06-21 11:57:00,2011-03-17 18:03:00,673.172,269,1
13708.0,180,1,296.88,306,2011-03-13 13:46:00,2011-03-13 13:46:00,296.88,0,1
13709.0,11,10,4202.91,2512,2010-01-11 10:40:00,2011-08-30 10:20:00,420.291,595,0
13710.0,333,2,329.04,160,2010-04-06 12:54:00,2010-10-12 10:22:00,164.52,188,0
13711.0,128,9,1792.26,819,2009-12-15 19:04:00,2011-05-05 10:31:00,199.14,505,1
13712.0,156,2,766.42,1128,2010-04-08 11:16:00,2011-04-07 12:33:00,383.21,364,1
13713.0,317,3,743.26,286,2010-05-05 16:48:00,2010-10-27 16:18:00,247.75333333333333,174,1
13714.0,374,1,161.35,50,2010-08-31 13:57:00,2010-08-31 13:57:00,161.35,0,1
13715.0,190,17,8483.29,4934,2010-03-11 15:33:00,2011-03-03 19:21:00,499.01705882352945,357,1
13716.0,178,1,138.28,138,2011-03-15 13:49:00,2011-03-15 13:49:00,138.28,0,1
13717.0,38,6,1274.28,1752,2010-08-11 09:40:00,2011-08-03 08:21:00,212.38,356,0
13718.0,155,2,306.55,173,2011-02-17 11:58:00,2011-04-07 13:24:00,153.275,49,1
13719.0,114,8,2112.31,1176,2010-05-17 14:36:00,2011-05-18 12:52:00,264.03875,365,0
13720.0,26,4,799.9,501,2011-03-30 09:17:00,2011-08-15 12:46:00,199.975,138,1
13721.0,304,1,217.39999999999998,196,2010-11-09 17:59:00,2010-11-09 17:59:00,217.39999999999998,0,0
13722.0,41,10,5635.41,3059,2010-03-03 14:13:00,2011-07-31 12:44:00,563.5409999999999,514,1
13723.0,126,6,1209.2,629,2010-04-07 14:32:00,2011-05-06 17:04:00,201.53333333333333,394,1
13724.0,546,1,213.01,130,2010-03-12 15:28:00,2010-03-12 15:28:00,213.01,0,1
13725.0,78,7,1865.7,724,2011-02-04 12:18:00,2011-06-23 16:02:00,266.5285714285714,139,0
13726.0,10,1,292.68,384,2011-08-31 11:06:00,2011-08-31 11:06:00,292.68,0,0
13727.0,521,6,746.57,208,2009-12-09 13:25:00,2010-04-07 12:14:00,124.42833333333334,118,0
13728.0,16,15,2636.05,1165,2009-12-09 17:13:00,2011-08-24 12:54:00,175.73666666666668,622,0
13729.0,345,3,724.73,419,2010-01-24 14:57:00,2010-09-30 10:44:00,241.57666666666668,248,1
13730.0,45,2,752.6,488,2011-07-01 12:47:00,2011-07-27 08:35:00,376.3,25,1
13731.0,128,2,610.59,278,2011-04-07 10:10:00,2011-05-04 14:33:00,305.295,27,1
13733.0,320,2,487.03000000000003,335,2009-12-04 15:28:00,2010-10-25 12:18:00,243.51500000000001,324,1
13734.0,418,4,6701.640000000001,303,2010-04-16 08:42:00,2010-07-19 12:04:00,1675.4100000000003,94,1
13735.0,85,11,8337.67,3747,2009-12-13 13:31:00,2011-06-17 11:07:00,757.97,550,0
13736.0,169,6,2391.84,1283,2009-12-06 12:07:00,2011-03-24 13:04:00,398.64000000000004,473,0
13737.0,109,1,339.59999999999997,125,2011-05-23 16:32:00,2011-05-23 16:32:00,339.59999999999997,0,1
13738.0,305,1,440.93,240,2010-11-08 15:23:00,2010-11-08 15:23:00,440.93,0,1
13739.0,437,1,75.3,22,2010-06-30 10:25:00,2010-06-30 10:25:00,75.3,0,0
13740.0,150,5,1597.77,991,2009-12-02 12:22:00,2011-04-13 10:32:00,319.554,496,1
13741.0,93,2,363.13,143,2011-05-06 13:43:00,2011-06-09 07:53:00,181.565,33,0
13742.0,71,10,2648.7200000000003,971,2011-01-23 14:59:00,2011-06-30 13:25:00,264.872,157,0
13743.0,17,5,912.1199999999999,1212,2011-03-25 14:46:00,2011-08-24 10:20:00,182.42399999999998,151,0
13744.0,4,2,1156.36,1249,2011-02-20 14:08:00,2011-09-05 15:19:00,578.18,197,1
13745.0,71,2,777.36,1146,2010-06-11 17:19:00,2011-06-30 16:43:00,388.68,383,1
13746.0,323,1,176.69,83,2010-10-22 11:55:00,2010-10-22 11:55:00,176.69,0,1
13747.0,283,2,249.39999999999998,68,2010-10-11 09:15:00,2010-12-01 10:37:00,124.69999999999999,51,1
13748.0,5,9,2268.35,1108,2009-12-01 16:44:00,2011-09-05 09:45:00,252.0388888888889,642,1
13750.0,49,10,3271.55,1285,2010-04-01 14:49:00,2011-07-22 14:39:00,327.15500000000003,476,0
13751.0,197,1,296.25,152,2011-02-24 15:56:00,2011-02-24 15:56:00,296.25,0,1
13752.0,33,7,1590.73,1007,2010-06-30 10:23:00,2011-08-07 14:16:00,227.24714285714285,403,1
13753.0,197,4,2094.57,1450,2009-12-03 10:20:00,2011-02-25 12:48:00,523.6425,449,1
13754.0,61,3,447.05,315,2010-09-28 15:29:00,2011-07-11 11:51:00,149.01666666666668,285,1
13756.0,2,17,6990.31,4096,2009-12-15 15:18:00,2011-09-07 13:19:00,411.194705882353,630,0
13757.0,584,1,195.55,54,2010-02-03 12:37:00,2010-02-03 12:37:00,195.55,0,1
13758.0,110,13,8577.95,4717,2009-12-01 10:06:00,2011-05-22 15:12:00,659.8423076923077,537,0
13760.0,165,4,1211.94,522,2010-04-25 13:10:00,2011-03-28 12:52:00,302.985,336,0
13761.0,89,5,1373.23,661,2010-02-21 11:08:00,2011-06-13 08:43:00,274.646,476,0
13762.0,128,5,2472.48,2608,2010-01-10 12:13:00,2011-05-05 09:15:00,494.496,479,1
13763.0,326,2,3502.48,2496,2010-09-30 17:39:00,2010-10-18 13:25:00,1751.24,17,0
13764.0,53,5,2377.13,1757,2010-03-07 12:56:00,2011-07-18 17:15:00,475.42600000000004,498,0
13765.0,562,1,352.821,297,2010-02-24 13:46:00,2010-02-24 13:46:00,352.821,0,1
13766.0,404,1,190.35,137,2010-08-01 14:25:00,2010-08-01 14:25:00,190.35,0,1
13767.0,18,64,27996.54,11846,2009-12-01 10:52:00,2011-08-23 10:24:00,437.4459375,629,0
13768.0,636,2,875.97,373,2009-12-09 10:25:00,2009-12-13 10:41:00,437.985,4,1
13769.0,1,18,5180.53,2267,2009-12-16 11:59:00,2011-09-08 13:55:00,287.8072222222222,631,0
13770.0,331,4,785.37,468,2009-12-09 14:44:00,2010-10-13 15:10:00,196.3425,308,1
13771.0,108,7,4559.22,2488,2010-02-25 12:37:00,2011-05-24 12:57:00,651.3171428571429,453,0
13772.0,6,7,2668.31,1219,2010-02-23 13:55:00,2011-09-04 11:22:00,381.1871428571429,557,0
13773.0,306,2,301.54,174,2010-02-18 10:27:00,2010-11-08 11:49:00,150.77,263,1
13775.0,500,1,1049.66,455,2010-04-28 12:15:00,2010-04-28 12:15:00,1049.66,0,1
13776.0,337,2,623.98,2,2010-10-07 16:07:00,2010-10-07 16:11:00,311.99,0,1
13777.0,38,52,42861.5,19804,2009-12-02 09:47:00,2011-08-02 12:59:00,824.2596153846154,608,0
13778.0,12,4,1124.49,511,2010-05-23 13:34:00,2011-08-28 15:25:00,281.1225,462,1
13779.0,425,1,161.13,53,2010-07-12 11:24:00,2010-07-12 11:24:00,161.13,0,1
13780.0,80,2,492.09000000000003,336,2010-10-28 19:51:00,2011-06-22 11:43:00,246.04500000000002,236,0
13781.0,160,3,778.83,300,2009-12-18 15:46:00,2011-04-03 12:08:00,259.61,470,1
13782.0,34,10,1369.65,464,2009-12-06 12:52:00,2011-08-07 12:21:00,136.965,608,0
13783.0,397,4,1542.09,3437,2010-02-04 13:47:00,2010-08-09 09:23:00,385.5225,185,1
13784.0,4,12,2571.59,2599,2010-09-15 12:27:00,2011-09-06 12:27:00,214.29916666666668,356,0
13785.0,338,4,542.49,151,2010-09-05 16:01:00,2010-10-07 09:25:00,135.6225,31,1
13786.0,276,6,3358.94,1652,2009-12-03 15:32:00,2010-12-07 13:53:00,559.8233333333334,368,1
13787.0,273,5,1019.86,717,2010-01-14 10:13:00,2010-12-10 14:45:00,203.972,330,0
13788.0,414,1,3.75,1,2010-07-22 15:50:00,2010-07-22 15:50:00,3.75,0,1
13789.0,297,1,239.45999999999998,258,2010-11-16 15:31:00,2010-11-16 15:31:00,239.45999999999998,0,1
13791.0,37,2,1516.0,1200,2011-06-24 16:38:00,2011-08-04 11:44:00,758.0,40,1
13792.0,196,2,263.0,92,2010-10-13 11:05:00,2011-02-25 14:03:00,131.5,135,0
13793.0,556,1,96.0,52,2010-03-03 08:25:00,2010-03-03 08:25:00,96.0,0,1
13794.0,456,1,126.03,63,2010-06-11 12:30:00,2010-06-11 12:30:00,126.03,0,1
13795.0,297,4,836.3,1250,2010-03-12 12:44:00,2010-11-16 17:25:00,209.075,249,1
13796.0,408,1,289.7,218,2010-07-28 14:45:00,2010-07-28 14:45:00,289.7,0,1
13797.0,346,3,1179.45,573,2010-03-02 12:17:00,2010-09-29 10:34:00,393.15000000000003,210,1
13798.0,2,95,67844.16,42703,2009-12-08 16:21:00,2011-09-07 15:34:00,714.149052631579,637,0
13799.0,26,9,2803.57,1539,2010-03-05 16:39:00,2011-08-15 12:07:00,311.5077777777778,527,1
13800.0,219,3,1679.56,891,2009-12-03 10:03:00,2011-02-03 12:27:00,559.8533333333334,427,1
13802.0,48,19,26259.11,14129,2010-02-16 10:11:00,2011-07-24 10:54:00,1382.0584210526315,523,1
13803.0,164,3,1338.91,831,2010-03-31 10:00:00,2011-03-29 12:57:00,446.30333333333334,363,1
13804.0,6,6,2116.14,1270,2010-09-29 10:26:00,2011-09-04 10:59:00,352.69,340,0
13805.0,38,1,500.24,728,2011-08-02 15:29:00,2011-08-02 15:29:00,500.24,0,0
13807.0,276,3,534.8,152,2009-12-04 12:41:00,2010-12-07 15:48:00,178.26666666666665,368,1
13808.0,3,2,723.1,324,2011-09-04 12:07:00,2011-09-07 12:10:00,361.55,3,0
13809.0,214,3,679.7,281,2010-09-05 11:42:00,2011-02-07 13:15:00,226.5666666666667,155,1
13811.0,93,3,814.5,68,2011-04-14 18:40:00,2011-06-09 09:54:00,271.5,55,1
13812.0,14,1,278.74,191,2011-08-26 12:54:00,2011-08-26 12:54:00,278.74,0,0
13813.0,44,5,1783.75,917,2009-12-06 10:16:00,2011-07-28 10:33:00,356.75,599,0
13814.0,1,3,2257.32,1214,2010-06-30 14:12:00,2011-09-08 13:48:00,752.44,434,1
13815.0,81,6,6426.13,4786,2010-02-12 10:26:00,2011-06-20 13:08:00,1071.0216666666668,493,0
13817.0,261,1,128.7,63,2010-12-23 11:46:00,2010-12-23 11:46:00,128.7,0,0
13818.0,339,1,61.28,60,2010-10-06 12:35:00,2010-10-06 12:35:00,61.28,0,1
13819.0,211,6,2642.35,2309,2009-12-01 16:18:00,2011-02-11 10:38:00,440.39166666666665,436,1
13820.0,327,3,660.65,287,2010-01-28 12:26:00,2010-10-17 13:46:00,220.21666666666667,262,1
13821.0,54,6,1410.73,483,2010-01-04 13:36:00,2011-07-18 09:49:00,235.12166666666667,559,1
13823.0,1,6,3096.21,1450,2009-12-15 14:34:00,2011-09-09 10:42:00,516.035,632,0
13824.0,45,11,3045.66,1334,2010-03-12 15:17:00,2011-07-27 09:22:00,276.8781818181818,501,0
13825.0,531,2,255.59,182,2009-12-09 14:30:00,2010-03-28 11:02:00,127.795,108,1
13826.0,85,1,189.5,82,2011-06-16 13:48:00,2011-06-16 13:48:00,189.5,0,1
13827.0,43,2,300.76,95,2011-07-19 15:38:00,2011-07-29 11:45:00,150.38,9,0
13829.0,330,1,102.0,12,2010-10-14 18:19:00,2010-10-14 18:19:00,102.0,0,1
13830.0,491,1,156.85000000000002,47,2010-05-07 12:24:00,2010-05-07 12:24:00,156.85000000000002,0,1
13831.0,48,16,6275.98,2329,2009-12-10 14:50:00,2011-07-24 12:26:00,392.24875,590,0
13832.0,331,1,561.49,394,2010-10-13 14:41:00,2010-10-13 14:41:00,561.49,0,0
13833.0,68,2,701.36,244,2010-10-31 14:11:00,2011-07-03 13:27:00,350.68,244,1
13834.0,486,2,324.19,221,2010-02-08 12:52:00,2010-05-12 10:27:00,162.095,92,1
13835.0,64,5,798.04,369,2010-03-04 08:26:00,2011-07-07 15:16:00,159.608,490,0
13836.0,308,2,620.37,273,2010-10-21 13:27:00,2010-11-05 13:31:00,310.185,15,1
13837.0,121,2,271.24,183,2011-01-26 12:15:00,2011-05-12 12:10:00,135.62,105,1
13838.0,27,9,1753.95,700,2010-05-09 11:40:00,2011-08-14 10:52:00,194.88333333333333,461,0
13839.0,395,1,139.95000000000002,25,2010-08-10 13:52:00,2010-08-10 13:52:00,139.95000000000002,0,1
13840.0,325,1,651.4,358,2010-10-19 13:34:00,2010-10-19 13:34:00,651.4,0,1
13841.0,162,1,85.0,100,2011-04-01 12:10:00,2011-04-01 12:10:00,85.0,0,1
13842.0,65,16,4409.56,2004,2010-02-16 15:54:00,2011-07-07 12:41:00,275.5975,505,0
13843.0,290,1,319.75,145,2010-11-23 17:48:00,2010-11-23 17:48:00,319.75,0,1
13846.0,151,3,1106.66,662,2010-11-05 09:47:00,2011-04-11 15:03:00,368.8866666666667,157,0
13847.0,629,1,310.72,96,2009-12-20 10:41:00,2009-12-20 10:41:00,310.72,0,1
13848.0,1,8,3335.0,10200,2009-12-09 16:17:00,2011-09-08 12:58:00,416.875,637,1
13849.0,80,4,2524.93,1199,2010-03-25 12:03:00,2011-06-22 10:11:00,631.2325,453,0
13850.0,38,1,1595.48,944,2011-08-02 14:04:00,2011-08-02 14:04:00,1595.48,0,1
13851.0,5,8,4606.46,2525,2010-01-29 11:54:00,2011-09-05 12:36:00,575.8075,584,1
13852.0,520,1,187.35000000000002,85,2010-04-08 09:06:00,2010-04-08 09:06:00,187.35000000000002,0,1
13854.0,1,34,10613.6,3226,2010-01-08 11:28:00,2011-09-08 14:35:00,312.16470588235296,608,0
13855.0,410,4,1310.3400000000001,575,2009-12-08 16:56:00,2010-07-27 09:53:00,327.58500000000004,230,1
13856.0,78,11,1142.03,1105,2010-03-30 15:40:00,2011-06-24 10:03:00,103.82090909090908,450,1
13857.0,302,6,1001.01,782,2010-05-17 14:21:00,2010-11-11 12:54:00,166.835,177,1
13859.0,235,2,515.86,167,2010-06-28 15:36:00,2011-01-17 16:14:00,257.93,203,1
13861.0,338,2,273.26,225,2010-06-27 11:37:00,2010-10-06 14:20:00,136.63,101,1
13862.0,17,7,2128.03,1516,2010-11-15 13:43:00,2011-08-23 14:53:00,304.00428571428574,281,0
13863.0,157,4,1239.55,553,2010-04-25 13:09:00,2011-04-06 10:20:00,309.8875,345,1
13864.0,296,1,662.4000000000001,192,2010-11-18 12:50:00,2010-11-18 12:50:00,662.4000000000001,0,1
13865.0,46,3,383.34000000000003,154,2011-02-23 12:04:00,2011-07-26 11:24:00,127.78000000000002,152,0
13867.0,127,1,138.85,31,2011-05-05 17:28:00,2011-05-05 17:28:00,138.85,0,0
13869.0,32,10,8111.57,4358,2010-01-17 14:53:00,2011-08-08 13:53:00,811.1569999999999,567,1
13870.0,11,12,5120.61,3182,2010-02-08 12:08:00,2011-08-30 11:32:00,426.7175,567,0
13871.0,1,13,6095.24,2646,2009-12-20 13:09:00,2011-09-08 12:51:00,468.8646153846154,626,0
13872.0,436,3,919.57,339,2009-12-14 09:56:00,2010-06-30 15:35:00,306.52333333333337,198,1
13873.0,29,8,1038.92,472,2010-03-03 12:31:00,2011-08-12 10:08:00,129.865,526,1
13874.0,267,7,2049.15,864,2010-02-04 18:39:00,2010-12-16 18:20:00,292.7357142857143,314,1
13875.0,43,13,4452.38,2761,2009-12-17 10:30:00,2011-07-29 09:11:00,342.4907692307692,588,0
13877.0,379,2,332.44,370,2010-01-19 10:53:00,2010-08-26 17:19:00,166.22,219,0
13878.0,457,3,1191.53,484,2010-04-14 13:50:00,2010-06-10 10:15:00,397.1766666666667,56,0
13879.0,555,1,395.5,204,2010-03-04 10:49:00,2010-03-04 10:49:00,395.5,0,1
13880.0,54,12,2852.65,1599,2010-05-26 14:29:00,2011-07-17 14:07:00,237.72083333333333,416,0
13881.0,5,34,37418.26,25570,2010-03-04 14:41:00,2011-09-05 11:43:00,1100.5370588235294,549,0
13883.0,128,14,5628.32,3052,2009-12-08 17:26:00,2011-05-05 12:39:00,402.0228571428571,512,0
13884.0,186,8,1297.13,562,2010-08-26 19:57:00,2011-03-07 12:53:00,162.14125,192,0
13885.0,98,2,506.8,182,2011-05-23 08:52:00,2011-06-03 15:07:00,253.4,11,1
13887.0,113,1,349.55,147,2011-05-19 17:22:00,2011-05-19 17:22:00,349.55,0,1
13888.0,29,7,2169.05,903,2010-05-13 11:57:00,2011-08-12 10:13:00,309.86428571428576,455,1
13889.0,2,6,1991.23,979,2010-01-22 14:32:00,2011-09-08 09:13:00,331.87166666666667,593,1
13890.0,16,6,1544.68,832,2009-12-06 15:15:00,2011-08-24 13:12:00,257.44666666666666,625,0
13891.0,287,3,863.5600000000001,479,2010-05-06 16:02:00,2010-11-26 15:57:00,287.85333333333335,203,1
13892.0,156,3,689.1999999999999,2282,2010-05-13 10:32:00,2011-04-07 12:04:00,229.73333333333332,329,0
13893.0,207,1,821.1,190,2011-02-15 11:30:00,2011-02-15 11:30:00,821.1,0,1
13894.0,219,1,160.85,105,2011-02-02 12:54:00,2011-02-02 12:54:00,160.85,0,0
13895.0,52,4,2352.75,1131,2009-12-03 13:09:00,2011-07-19 14:03:00,588.1875,593,0
13896.0,535,1,388.55,149,2010-03-24 08:55:00,2010-03-24 08:55:00,388.55,0,1
13897.0,347,2,849.56,620,2010-01-31 13:48:00,2010-09-27 13:36:00,424.78,238,0
13898.0,235,2,686.4,544,2010-10-24 15:42:00,2011-01-18 10:28:00,343.2,85,1
13899.0,184,1,298.5,122,2011-03-10 09:30:00,2011-03-10 09:30:00,298.5,0,0
13900.0,92,6,1610.59,938,2010-03-25 13:46:00,2011-06-09 19:26:00,268.4316666666667,441,1
13901.0,17,14,5461.42,3152,2010-01-05 09:29:00,2011-08-24 12:36:00,390.1014285714286,596,0
13902.0,541,5,34095.26,220600,2009-12-15 10:02:00,2010-03-17 13:09:00,6819.052000000001,92,1
13903.0,309,1,165.45000000000002,103,2010-11-04 17:44:00,2010-11-04 17:44:00,165.45000000000002,0,1
13904.0,204,1,201.12,223,2011-02-18 11:18:00,2011-02-18 11:18:00,201.12,0,0
13905.0,642,1,312.65,135,2009-12-07 11:41:00,2009-12-07 11:41:00,312.65,0,1
13906.0,318,1,42.0,100,2010-10-26 15:00:00,2010-10-26 15:00:00,42.0,0,1
13907.0,601,1,136.8,68,2010-01-17 12:22:00,2010-01-17 12:22:00,136.8,0,1
13908.0,36,3,1461.61,919,2011-03-08 12:04:00,2011-08-05 11:46:00,487.2033333333333,149,0
13909.0,332,2,286.6,302,2010-07-06 16:52:00,2010-10-12 17:22:00,143.3,98,1
13911.0,53,19,4091.71,3945,2010-03-01 16:31:00,2011-07-18 13:30:00,215.35315789473685,503,0
13912.0,333,1,124.95,29,2010-10-12 08:43:00,2010-10-12 08:43:00,124.95,0,1
13913.0,416,1,42.22,10,2010-07-21 10:11:00,2010-07-21 10:11:00,42.22,0,1
13915.0,303,1,70.80000000000001,24,2010-11-10 15:17:00,2010-11-10 15:17:00,70.80000000000001,0,1
13916.0,373,4,1275.81,673,2010-02-02 10:06:00,2010-09-02 10:04:00,318.9525,211,1
13917.0,101,1,65.38,38,2011-06-01 12:46:00,2011-06-01 12:46:00,65.38,0,0
13918.0,162,1,198.2,100,2011-03-31 18:05:00,2011-03-31 18:05:00,198.2,0,0
13919.0,31,3,1189.02,997,2010-06-17 09:30:00,2011-08-10 10:15:00,396.34,419,0
13920.0,341,4,1774.68,1772,2010-05-26 15:48:00,2010-10-04 12:37:00,443.67,130,1
13921.0,311,4,730.7,210,2009-12-18 12:19:00,2010-11-02 16:32:00,182.675,319,1
13922.0,261,3,865.2,467,2010-08-29 14:36:00,2010-12-23 10:38:00,288.40000000000003,115,1
13925.0,2,4,678.25,331,2011-07-28 12:09:00,2011-09-08 12:47:00,169.5625,42,1
13927.0,346,1,359.27,249,2010-09-28 16:12:00,2010-09-28 16:12:00,359.27,0,0
13928.0,16,2,225.45000000000002,87,2011-07-29 15:59:00,2011-08-25 12:13:00,112.72500000000001,26,0
13929.0,78,11,3494.1,1566,2010-01-14 07:25:00,2011-06-23 15:26:00,317.6454545454545,525,1
13930.0,46,1,210.0,210,2011-07-26 11:00:00,2011-07-26 11:00:00,210.0,0,0
13931.0,5,11,5257.38,3488,2009-12-03 10:26:00,2011-09-05 10:12:00,477.94363636363636,640,1
13932.0,204,1,307.4,72,2011-02-18 12:02:00,2011-02-18 12:02:00,307.4,0,1
13933.0,18,2,608.7900000000001,205,2011-07-14 13:35:00,2011-08-22 14:03:00,304.39500000000004,39,1
13934.0,173,1,922.1,390,2011-03-21 08:39:00,2011-03-21 08:39:00,922.1,0,1
13935.0,506,3,6116.92,2252,2010-02-25 16:01:00,2010-04-22 11:21:00,2038.9733333333334,55,1
13936.0,89,3,939.66,661,2010-10-21 14:21:00,2011-06-13 08:47:00,313.21999999999997,234,1
13937.0,78,2,880.13,587,2010-11-02 12:37:00,2011-06-23 16:35:00,440.065,233,1
13939.0,18,6,1382.62,1418,2010-04-06 12:43:00,2011-08-23 11:53:00,230.43666666666664,503,0
13940.0,26,2,391.06,240,2011-07-18 16:05:00,2011-08-15 12:47:00,195.53,27,0
13941.0,81,13,8840.6,4444,2009-12-16 16:10:00,2011-06-21 09:44:00,680.0461538461539,551,0
13942.0,444,1,320.0,1000,2010-06-23 12:35:00,2010-06-23 12:35:00,320.0,0,1
13943.0,487,1,246.54,94,2010-05-11 11:30:00,2010-05-11 11:30:00,246.54,0,1
13944.0,562,1,200.43,153,2010-02-24 15:02:00,2010-02-24 15:02:00,200.43,0,1
13945.0,304,2,854.15,413,2010-08-17 09:59:00,2010-11-10 10:00:00,427.075,85,1
13946.0,111,5,1800.63,2667,2009-12-04 11:07:00,2011-05-22 12:03:00,360.12600000000003,534,0
13948.0,270,4,548.76,248,2009-12-04 12:14:00,2010-12-14 10:18:00,137.19,374,1
13949.0,4,1,537.9,542,2011-09-06 11:55:00,2011-09-06 11:55:00,537.9,0,0
13950.0,156,1,179.30999999999997,81,2011-04-07 11:29:00,2011-04-07 11:29:00,179.30999999999997,0,0
13951.0,85,3,674.45,459,2011-02-18 15:21:00,2011-06-16 16:43:00,224.8166666666667,118,1
13952.0,127,14,12823.521,5947,2009-12-16 09:41:00,2011-05-06 09:00:00,915.9657857142857,505,1
13953.0,25,10,5729.36,4548,2009-12-11 12:58:00,2011-08-16 10:03:00,572.9359999999999,612,0
13955.0,63,3,545.17,274,2010-11-29 17:35:00,2011-07-08 17:19:00,181.72333333333333,220,1
13956.0,47,3,680.27,385,2011-03-13 12:51:00,2011-07-24 16:12:00,226.75666666666666,133,0
13957.0,327,3,458.25,157,2010-02-19 10:32:00,2010-10-18 10:02:00,152.75,240,1
13958.0,289,8,4709.2300000000005,2264,2009-12-05 13:12:00,2010-11-25 10:11:00,588.6537500000001,354,1
13959.0,190,5,815.42,541,2010-07-16 15:11:00,2011-03-03 18:16:00,163.084,230,0
13961.0,301,1,538.4,226,2010-11-12 14:40:00,2010-11-12 14:40:00,538.4,0,1
13962.0,155,2,310.85,103,2010-09-30 10:35:00,2011-04-08 11:21:00,155.425,190,0
13963.0,217,17,3011.87,2061,2010-04-21 16:20:00,2011-02-04 14:43:00,177.16882352941175,288,1
13964.0,296,2,438.9,228,2010-10-05 12:38:00,2010-11-17 13:53:00,219.45,43,1
13965.0,386,3,996.61,425,2010-01-05 15:21:00,2010-08-20 10:40:00,332.2033333333333,226,1
13966.0,344,1,390.86,772,2010-09-30 13:08:00,2010-09-30 13:08:00,390.86,0,1
13967.0,55,2,166.3,66,2010-11-08 13:24:00,2011-07-17 12:02:00,83.15,250,1
13968.0,332,1,123.66,174,2010-10-12 13:22:00,2010-10-12 13:22:00,123.66,0,1
13969.0,16,28,8223.28,4258,2010-03-25 13:15:00,2011-08-24 15:47:00,293.68857142857144,517,0
13970.0,295,2,846.55,469,2010-09-28 11:53:00,2010-11-18 13:21:00,423.275,51,1
13971.0,15,12,3895.21,2572,2010-01-26 09:51:00,2011-08-25 14:23:00,324.60083333333336,576,0
13972.0,111,1,145.9,42,2011-05-22 11:34:00,2011-05-22 11:34:00,145.9,0,0
13973.0,196,1,264.7,109,2011-02-25 15:21:00,2011-02-25 15:21:00,264.7,0,1
13974.0,491,1,264.13,107,2010-05-06 17:55:00,2010-05-06 17:55:00,264.13,0,0
13975.0,37,10,4330.27,3169,2010-02-02 13:13:00,2011-08-03 13:39:00,433.02700000000004,547,0
13976.0,116,4,1192.36,452,2010-02-09 13:08:00,2011-05-17 09:13:00,298.09,461,1
13977.0,320,1,519.8100000000001,303,2010-10-24 14:08:00,2010-10-24 14:08:00,519.8100000000001,0,1
13979.0,302,6,2546.36,1657,2009-12-03 10:02:00,2010-11-11 14:10:00,424.3933333333334,343,0
13980.0,348,4,599.78,305,2010-02-21 14:18:00,2010-09-26 12:58:00,149.945,216,0
13981.0,325,1,331.14,234,2010-10-20 10:03:00,2010-10-20 10:03:00,331.14,0,1
13982.0,72,8,3803.92,2383,2010-01-20 14:04:00,2011-06-29 15:11:00,475.49,525,0
13983.0,96,17,6186.08,3767,2009-12-09 13:53:00,2011-06-05 16:05:00,363.8870588235294,543,0
13984.0,35,11,1947.42,1389,2009-12-07 11:51:00,2011-08-05 14:30:00,177.0381818181818,606,0
13985.0,16,14,5733.77,2871,2010-02-09 13:56:00,2011-08-24 13:11:00,409.555,560,0
13987.0,289,2,682.54,492,2010-11-04 09:54:00,2010-11-25 10:20:00,341.27,21,1
13988.0,72,5,2533.34,1631,2010-03-24 11:05:00,2011-06-30 11:54:00,506.668,463,0
13989.0,148,4,1656.65,1763,2010-05-25 12:13:00,2011-04-14 15:39:00,414.1625,324,0
13990.0,122,1,311.3,190,2011-05-10 15:19:00,2011-05-10 15:19:00,311.3,0,1
13991.0,52,1,126.35,83,2011-07-19 12:58:00,2011-07-19 12:58:00,126.35,0,0
13992.0,289,2,142.7,90,2010-09-02 17:04:00,2010-11-24 15:42:00,71.35,82,0
13993.0,10,16,5556.76,1888,2009-12-03 11:57:00,2011-08-31 12:31:00,347.2975,636,0
13994.0,15,2,419.56,133,2011-07-14 18:28:00,2011-08-26 11:35:00,209.78,42,0
13995.0,25,12,3380.2200000000003,2088,2009-12-18 12:43:00,2011-08-16 09:00:00,281.685,605,0
13996.0,295,2,895.76,613,2010-11-05 15:07:00,2010-11-18 16:27:00,447.88,13,1
13997.0,428,3,382.31,146,2010-06-07 17:33:00,2010-07-08 18:06:00,127.43666666666667,31,1
13998.0,356,3,566.7,204,2010-05-12 13:18:00,2010-09-19 10:20:00,188.9,129,1
13999.0,5,26,8469.42,4533,2009-12-05 12:42:00,2011-09-05 11:19:00,325.74692307692305,638,0
14000.0,120,5,2046.3400000000001,1838,2009-12-02 09:50:00,2011-05-12 16:50:00,409.26800000000003,526,1
14001.0,142,8,3796.15,1543,2010-08-03 12:49:00,2011-04-21 09:26:00,474.51875,260,0
14002.0,43,2,529.73,877,2011-07-06 14:59:00,2011-07-28 15:55:00,264.865,22,1
14003.0,642,1,209.41,149,2009-12-07 08:53:00,2009-12-07 08:53:00,209.41,0,1
14004.0,7,9,4879.07,2433,2010-09-30 09:39:00,2011-09-02 13:50:00,542.1188888888888,337,0
14005.0,43,3,696.56,864,2011-05-08 10:33:00,2011-07-29 10:00:00,232.18666666666664,81,0
14006.0,25,7,2196.67,2181,2010-02-25 09:45:00,2011-08-16 09:39:00,313.81,536,1
14007.0,422,1,79.48,16,2010-07-15 09:06:00,2010-07-15 09:06:00,79.48,0,1
14008.0,341,1,509.04,326,2010-10-03 13:09:00,2010-10-03 13:09:00,509.04,0,1
14009.0,107,3,1099.91,951,2010-09-03 12:08:00,2011-05-25 15:47:00,366.6366666666667,264,1
14010.0,474,2,445.15,177,2010-05-23 12:46:00,2010-05-23 13:00:00,222.575,0,1
14011.0,389,2,457.82,644,2010-04-11 13:40:00,2010-08-16 15:31:00,228.91,127,1
14012.0,187,1,328.8,160,2011-03-07 12:26:00,2011-03-07 12:26:00,328.8,0,1
14013.0,19,5,1084.57,775,2010-03-26 10:02:00,2011-08-21 15:01:00,216.914,513,1
14014.0,285,2,1443.03,928,2010-05-12 09:04:00,2010-11-28 14:56:00,721.515,200,0
14016.0,71,11,11403.41,5722,2010-01-08 14:12:00,2011-07-01 11:29:00,1036.6736363636364,538,1
14017.0,480,1,229.75,73,2010-05-17 14:52:00,2010-05-17 14:52:00,229.75,0,1
14018.0,554,1,367.15000000000003,224,2010-03-04 14:23:00,2010-03-04 14:23:00,367.15000000000003,0,1
14019.0,7,2,800.53,553,2011-07-24 15:39:00,2011-09-02 12:51:00,400.265,39,0
14020.0,385,2,606.21,207,2010-06-28 15:29:00,2010-08-20 13:09:00,303.105,52,0
14021.0,64,7,1716.58,878,2010-04-26 11:22:00,2011-07-07 15:46:00,245.22571428571428,437,1
14022.0,134,2,792.15,681,2010-08-10 09:38:00,2011-04-28 14:39:00,396.075,261,1
14023.0,159,1,273.14,162,2011-04-03 15:50:00,2011-04-03 15:50:00,273.14,0,0
14024.0,31,3,645.74,238,2010-11-14 10:51:00,2011-08-10 11:30:00,215.24666666666667,269,1
14025.0,374,8,4057.9,1914,2010-05-05 09:56:00,2010-09-01 10:11:00,507.2375,119,1
14026.0,380,2,713.11,427,2010-03-24 14:10:00,2010-08-26 10:31:00,356.555,154,1
14028.0,459,3,10396.5,7170,2010-06-07 12:02:00,2010-06-07 13:33:00,3465.5,0,1
14029.0,53,1,165.20000000000002,24,2011-07-18 16:57:00,2011-07-18 16:57:00,165.20000000000002,0,0
14030.0,30,18,7559.7,3731,2009-12-10 17:27:00,2011-08-10 16:19:00,419.98333333333335,607,0
14031.0,35,38,33339.340000000004,12307,2009-12-03 15:35:00,2011-08-05 14:49:00,877.351052631579,609,0
14032.0,78,11,3720.0499999999997,3209,2009-12-14 12:02:00,2011-06-24 11:08:00,338.18636363636364,556,0
14033.0,464,1,109.44,576,2010-06-02 15:10:00,2010-06-02 15:10:00,109.44,0,1
14034.0,66,2,473.90999999999997,307,2011-07-05 13:06:00,2011-07-05 13:15:00,236.95499999999998,0,0
14035.0,16,7,2265.96,1127,2010-04-06 12:39:00,2011-08-24 13:15:00,323.7085714285714,505,0
14036.0,194,1,626.65,268,2011-02-28 09:26:00,2011-02-28 09:26:00,626.65,0,1
14037.0,85,6,836.95,590,2009-12-07 11:39:00,2011-06-16 13:57:00,139.49166666666667,556,1
14038.0,53,4,2595.92,1444,2010-02-04 08:56:00,2011-07-18 15:15:00,648.98,529,0
14039.0,485,1,115.08000000000001,100,2010-05-13 10:15:00,2010-05-13 10:15:00,115.08000000000001,0,0
14040.0,3,33,11778.960000000001,4779,2009-12-01 12:14:00,2011-09-06 14:29:00,356.9381818181819,644,0
14041.0,175,1,141.41,94,2011-03-18 13:25:00,2011-03-18 13:25:00,141.41,0,1
14042.0,634,1,431.98,180,2009-12-14 15:07:00,2009-12-14 15:07:00,431.98,0,1
14043.0,400,2,304.25,153,2009-12-10 15:56:00,2010-08-05 18:18:00,152.125,238,1
14044.0,12,9,3012.39,2069,2010-01-24 15:14:00,2011-08-28 14:39:00,334.71,580,0
14045.0,18,16,11313.029999999999,4587,2010-01-08 10:08:00,2011-08-22 15:27:00,707.0643749999999,591,1
14046.0,193,1,154.99,460,2011-02-28 14:48:00,2011-02-28 14:48:00,154.99,0,1
14047.0,109,12,3582.34,1478,2010-02-01 10:05:00,2011-05-24 11:35:00,298.52833333333336,477,0
14048.0,214,3,748.69,467,2010-11-22 14:08:00,2011-02-07 14:53:00,249.56333333333336,77,1
14049.0,68,12,10842.7,6910,2010-04-01 14:52:00,2011-07-04 11:47:00,903.5583333333334,458,0
14050.0,15,1,485.98,447,2011-08-25 13:46:00,2011-08-25 13:46:00,485.98,0,0
14051.0,1,30,16095.45,4478,2009-12-03 11:53:00,2011-09-09 10:16:00,536.515,644,0
14052.0,300,1,255.45,98,2010-11-14 11:37:00,2010-11-14 11:37:00,255.45,0,0
14053.0,33,4,572.3,490,2010-08-10 11:02:00,2011-08-07 14:27:00,143.075,362,1
14055.0,15,3,1520.96,720,2009-12-16 15:11:00,2011-08-25 15:04:00,506.9866666666667,616,1
14056.0,16,17,5382.51,2877,2011-02-28 15:19:00,2011-08-24 16:02:00,316.61823529411765,177,0
14057.0,10,18,7002.86,5557,2009-12-03 13:17:00,2011-08-31 09:55:00,389.04777777777775,635,0
14058.0,372,2,469.19,211,2010-06-27 11:29:00,2010-09-03 09:31:00,234.595,67,1
14059.0,176,1,183.6,128,2011-03-18 10:06:00,2011-03-18 10:06:00,183.6,0,1
14060.0,17,25,7481.44,6503,2010-03-11 09:47:00,2011-08-23 16:49:00,299.25759999999997,530,0
14061.0,416,3,917.4300000000001,133,2009-12-01 18:03:00,2010-07-20 17:22:00,305.81,230,1
14062.0,1,22,23940.02,11349,2009-12-10 14:28:00,2011-09-09 10:31:00,1088.1827272727273,637,0
14063.0,347,9,22710.2,3850,2009-12-08 13:46:00,2010-09-27 16:18:00,2523.355555555556,293,1
14064.0,22,14,3076.36,3702,2010-01-21 13:22:00,2011-08-18 18:11:00,219.74,574,0
14065.0,298,3,891.02,582,2010-10-04 12:03:00,2010-11-15 16:13:00,297.00666666666666,42,1
14066.0,176,1,152.55,45,2011-03-18 12:21:00,2011-03-18 12:21:00,152.55,0,1
14067.0,6,1,224.67,216,2011-09-04 12:00:00,2011-09-04 12:00:00,224.67,0,0
14068.0,229,4,1528.3700000000001,513,2010-01-31 10:10:00,2011-01-23 16:02:00,382.09250000000003,357,1
14069.0,424,2,230.06,59,2010-05-27 12:30:00,2010-07-13 12:12:00,115.03,46,1
14070.0,594,1,326.55,86,2010-01-24 12:27:00,2010-01-24 12:27:00,326.55,0,1
14071.0,169,2,356.81,295,2011-03-20 11:33:00,2011-03-24 13:28:00,178.405,4,0
14072.0,576,1,390.85,65,2010-02-11 12:31:00,2010-02-11 12:31:00,390.85,0,1
14074.0,532,1,219.39999999999998,228,2010-03-26 13:55:00,2010-03-26 13:55:00,219.39999999999998,0,1
14075.0,170,4,1100.53,1010,2010-06-16 14:47:00,2011-03-23 16:35:00,275.1325,280,0
14076.0,38,1,122.47,81,2011-08-02 15:19:00,2011-08-02 15:19:00,122.47,0,1
14077.0,91,4,426.06,256,2010-11-09 16:01:00,2011-06-10 14:31:00,106.515,212,0
14078.0,11,9,1692.6299999999999,618,2010-03-28 15:05:00,2011-08-30 12:16:00,188.07,519,1
14079.0,34,2,618.73,302,2010-01-26 17:19:00,2011-08-07 12:10:00,309.365,557,1
14080.0,322,4,1070.08,220,2009-12-02 15:01:00,2010-10-22 14:04:00,267.52,323,0
14081.0,211,10,5370.1,3712,2009-12-10 18:27:00,2011-02-10 16:17:00,537.01,426,1
14082.0,274,2,413.36,246,2010-11-12 11:47:00,2010-12-10 11:02:00,206.68,27,1
14083.0,35,9,937.75,635,2009-12-18 11:34:00,2011-08-05 14:31:00,104.19444444444444,595,0
14084.0,421,1,150.5,306,2010-07-15 14:36:00,2010-07-15 14:36:00,150.5,0,1
14085.0,50,27,8904.62,5577,2009-12-08 13:41:00,2011-07-21 13:48:00,329.80074074074076,590,0
14086.0,372,1,39.95,1,2010-09-03 10:52:00,2010-09-03 10:52:00,39.95,0,1
14087.0,314,2,651.8,476,2009-12-04 15:27:00,2010-10-31 11:22:00,325.9,330,0
14088.0,38,10,39052.88,9685,2010-10-14 19:46:00,2011-08-03 11:21:00,3905.2879999999996,292,0
14090.0,234,1,76.32000000000001,72,2011-01-19 10:51:00,2011-01-19 10:51:00,76.32000000000001,0,1
14091.0,563,2,9530.08,3316,2010-01-10 13:41:00,2010-02-23 15:17:00,4765.04,44,1
14092.0,9,20,5897.96,3035,2009-12-16 16:24:00,2011-09-01 10:36:00,294.898,623,0
14094.0,349,1,335.22,177,2010-09-26 11:58:00,2010-09-26 11:58:00,335.22,0,1
14095.0,632,1,2.95,1,2009-12-17 12:49:00,2009-12-17 12:49:00,2.95,0,1
14096.0,0,3,244.68,97,2011-08-30 10:49:00,2011-09-09 15:17:00,81.56,10,0
14097.0,390,2,422.85999999999996,352,2010-03-04 10:46:00,2010-08-15 14:20:00,211.42999999999998,164,1
14099.0,29,17,4971.46,3217,2009-12-10 11:55:00,2011-08-11 15:34:00,292.43882352941176,609,0
14100.0,47,1,194.9,64,2011-07-25 11:01:00,2011-07-25 11:01:00,194.9,0,1
14101.0,52,12,8929.53,10006,2010-03-28 13:36:00,2011-07-20 12:08:00,744.1275,478,0
14104.0,64,5,771.5799999999999,509,2010-05-28 16:11:00,2011-07-08 12:50:00,154.31599999999997,405,1
14105.0,148,5,5988.83,3534,2009-12-18 16:57:00,2011-04-14 17:58:00,1197.766,482,1
14106.0,646,1,214.79999999999998,24,2009-12-02 14:09:00,2009-12-02 14:09:00,214.79999999999998,0,1
14107.0,5,10,4636.01,3302,2009-12-09 14:20:00,2011-09-04 15:20:00,463.601,634,0
14108.0,11,3,738.38,488,2009-12-01 18:07:00,2011-08-30 11:32:00,246.12666666666667,636,0
14110.0,28,26,10564.42,4914,2009-12-01 09:50:00,2011-08-12 14:47:00,406.32384615384615,619,0
14111.0,5,3,295.5,202,2011-04-12 11:36:00,2011-09-05 12:21:00,98.5,146,0
14112.0,40,10,4820.26,3036,2010-02-23 14:16:00,2011-08-01 12:16:00,482.026,523,0
14113.0,264,13,5685.6900000000005,2796,2009-12-08 07:42:00,2010-12-20 12:14:00,437.3607692307693,377,0
14114.0,183,7,1364.09,650,2010-04-12 11:07:00,2011-03-11 09:42:00,194.86999999999998,332,1
14115.0,411,2,622.6700000000001,509,2010-02-11 11:44:00,2010-07-26 12:36:00,311.33500000000004,165,1
14116.0,2,2,628.87,380,2011-08-10 12:44:00,2011-09-08 09:51:00,314.435,28,0
14117.0,53,1,90.0,72,2011-07-19 09:49:00,2011-07-19 09:49:00,90.0,0,1
14118.0,338,1,458.45,97,2010-10-07 11:59:00,2010-10-07 11:59:00,458.45,0,1
14119.0,285,2,183.37,177,2009-12-21 14:52:00,2010-11-29 10:33:00,91.685,342,1
14122.0,315,3,362.42,114,2009-12-02 14:22:00,2010-10-29 15:11:00,120.80666666666667,331,1
14123.0,642,1,436.18,234,2009-12-06 15:35:00,2009-12-06 15:35:00,436.18,0,1
14126.0,353,1,466.33000000000004,379,2010-09-21 14:51:00,2010-09-21 14:51:00,466.33000000000004,0,0
14127.0,32,6,1900.0800000000002,828,2010-10-10 11:53:00,2011-08-09 10:49:00,316.68,302,1
14128.0,165,2,592.25,519,2010-06-06 14:05:00,2011-03-29 10:49:00,296.125,295,0
14129.0,5,7,2193.71,1177,2010-05-09 14:54:00,2011-09-05 09:49:00,313.38714285714286,483,0
14130.0,228,4,1882.67,1239,2009-12-11 16:33:00,2011-01-24 16:05:00,470.6675,408,1
14131.0,558,1,187.87,118,2010-03-01 11:59:00,2010-03-01 11:59:00,187.87,0,1
14132.0,23,5,1552.46,1420,2011-06-09 12:04:00,2011-08-18 11:59:00,310.492,69,0
14133.0,39,4,911.14,398,2009-12-06 12:10:00,2011-08-02 11:34:00,227.785,603,1
14134.0,292,15,11123.35,5814,2009-12-10 09:25:00,2010-11-22 12:26:00,741.5566666666667,347,1
14135.0,14,19,8143.93,8869,2009-12-02 08:58:00,2011-08-26 14:44:00,428.6278947368421,632,0
14136.0,310,5,1570.81,1148,2009-12-08 09:19:00,2010-11-04 11:53:00,314.162,331,1
14137.0,605,1,332.7,462,2010-01-13 12:30:00,2010-01-13 12:30:00,332.7,0,1
14139.0,399,3,670.98,539,2010-06-15 09:17:00,2010-08-06 14:00:00,223.66,52,0
14141.0,14,1,285.16,140,2011-08-26 14:40:00,2011-08-26 14:40:00,285.16,0,0
14142.0,282,2,983.15,831,2010-03-03 15:13:00,2010-12-01 16:33:00,491.575,273,1
14143.0,43,1,115.8,30,2011-07-29 09:48:00,2011-07-29 09:48:00,115.8,0,1
14144.0,395,1,30.599999999999998,12,2010-08-10 15:17:00,2010-08-10 15:17:00,30.599999999999998,0,1
14145.0,66,6,6709.05,1475,2010-04-08 09:47:00,2011-07-06 11:52:00,1118.175,454,0
14146.0,164,9,7163.03,4154,2010-01-13 16:04:00,2011-03-30 11:04:00,795.8922222222222,440,0
14147.0,195,8,2289.6,927,2010-03-09 13:43:00,2011-02-27 11:42:00,286.2,354,0
14148.0,143,2,466.29,223,2010-10-21 14:08:00,2011-04-20 12:02:00,233.145,180,1
14149.0,130,1,446.62,218,2011-05-03 09:44:00,2011-05-03 09:44:00,446.62,0,1
14150.0,269,1,306.18,262,2010-12-15 10:04:00,2010-12-15 10:04:00,306.18,0,0
14151.0,582,2,679.45,405,2009-12-23 10:54:00,2010-02-04 15:35:00,339.725,43,1
14152.0,143,6,1690.56,1502,2010-02-18 13:57:00,2011-04-19 15:46:00,281.76,425,0
14153.0,392,1,233.4,312,2010-08-13 14:35:00,2010-08-13 14:35:00,233.4,0,1
14154.0,148,8,6460.7,3222,2010-01-13 12:47:00,2011-04-14 16:26:00,807.5875,456,1
14155.0,175,1,118.75,25,2011-03-18 14:13:00,2011-03-18 14:13:00,118.75,0,1
14156.0,2,143,295425.08,156940,2009-12-01 12:30:00,2011-09-07 16:00:00,2065.9096503496503,645,0
14157.0,194,4,847.07,455,2010-03-03 16:49:00,2011-02-27 13:04:00,211.7675,360,0
14159.0,5,16,6004.89,4713,2009-12-03 12:31:00,2011-09-05 12:00:00,375.305625,640,0
14160.0,519,7,8421.47,4661,2010-01-10 12:06:00,2010-04-08 14:30:00,1203.0671428571427,88,1
14161.0,125,7,3318.88,1623,2009-12-13 11:46:00,2011-05-08 11:41:00,474.1257142857143,510,1
14162.0,83,2,289.36,142,2011-02-20 12:32:00,2011-06-19 11:36:00,144.68,118,1
14163.0,61,4,1808.1000000000001,646,2010-09-03 17:15:00,2011-07-10 14:49:00,452.02500000000003,309,0
14165.0,185,1,122.53999999999999,54,2011-03-09 12:39:00,2011-03-09 12:39:00,122.53999999999999,0,1
14166.0,414,2,256.85,84,2010-03-23 15:10:00,2010-07-22 19:42:00,128.425,121,1
14167.0,74,7,1123.75,306,2010-01-27 16:07:00,2011-06-27 16:46:00,160.53571428571428,516,0
14168.0,330,2,370.45,147,2010-05-24 12:28:00,2010-10-15 10:49:00,185.225,143,1
14169.0,340,2,624.4300000000001,208,2010-09-21 13:39:00,2010-10-05 08:45:00,312.21500000000003,13,1
14170.0,284,3,597.33,290,2010-11-09 14:06:00,2010-11-29 13:10:00,199.11,19,1
14171.0,7,2,498.79,211,2009-12-09 13:50:00,2011-09-02 16:43:00,249.395,632,1
14172.0,514,3,402.72,88,2010-03-07 10:58:00,2010-04-13 13:26:00,134.24,37,1
14173.0,128,3,249.2,84,2009-12-09 12:46:00,2011-05-04 14:03:00,83.06666666666666,511,0
14175.0,80,7,5662.57,2120,2010-03-22 10:43:00,2011-06-21 14:29:00,808.9385714285714,456,0
14176.0,206,5,916.01,326,2010-11-23 13:21:00,2011-02-15 13:12:00,183.202,83,1
14177.0,5,12,1979.34,988,2010-02-26 11:59:00,2011-09-05 12:24:00,164.945,556,0
14178.0,7,3,493.36,396,2011-06-10 12:51:00,2011-09-02 14:42:00,164.45333333333335,84,0
14180.0,0,30,5829.65,794,2010-06-09 14:56:00,2011-09-09 13:47:00,194.32166666666666,456,0
14181.0,320,2,310.55,122,2010-05-26 12:32:00,2010-10-25 08:27:00,155.275,151,1
14182.0,353,4,678.77,174,2010-04-22 15:36:00,2010-09-22 11:45:00,169.6925,152,1
14183.0,320,2,286.29,61,2010-08-15 15:36:00,2010-10-24 14:45:00,143.145,69,1
14185.0,240,1,197.65,6,2011-01-12 13:52:00,2011-01-12 13:52:00,197.65,0,1
14186.0,336,5,1550.63,1550,2010-03-05 11:17:00,2010-10-08 13:30:00,310.12600000000003,217,1
14187.0,383,1,123.5,50,2010-08-23 12:06:00,2010-08-23 12:06:00,123.5,0,1
14188.0,18,4,1383.46,783,2011-02-02 13:46:00,2011-08-22 13:42:00,345.865,200,0
14189.0,5,12,4428.2300000000005,3429,2010-11-16 09:28:00,2011-09-04 13:45:00,369.0191666666667,292,0
14190.0,575,1,79.9,2,2010-02-11 14:27:00,2010-02-11 14:27:00,79.9,0,1
14191.0,17,9,2391.16,1450,2009-12-11 10:48:00,2011-08-23 14:25:00,265.6844444444444,620,0
14192.0,297,1,293.74,218,2010-11-16 17:44:00,2010-11-16 17:44:00,293.74,0,1
14193.0,179,2,779.34,458,2010-11-08 12:31:00,2011-03-15 11:38:00,389.67,126,0
14194.0,15,27,12987.52,7440,2010-01-06 12:16:00,2011-08-25 14:42:00,481.0192592592593,596,0
14195.0,111,6,2615.6,2144,2010-03-15 17:12:00,2011-05-22 10:29:00,435.93333333333334,432,1
14196.0,16,1,335.52,142,2011-08-25 10:25:00,2011-08-25 10:25:00,335.52,0,1
14197.0,320,1,390.05,143,2010-10-25 10:01:00,2010-10-25 10:01:00,390.05,0,1
14198.0,54,7,1225.28,500,2010-01-05 10:07:00,2011-07-17 15:47:00,175.04,558,0
14199.0,127,4,1091.7,254,2010-06-27 12:13:00,2011-05-05 13:44:00,272.925,312,1
14200.0,526,1,379.2,140,2010-04-01 13:01:00,2010-04-01 13:01:00,379.2,0,1
14201.0,58,8,967.34,576,2010-04-30 13:00:00,2011-07-13 15:18:00,120.9175,439,0
14202.0,290,3,847.76,166,2010-03-25 10:36:00,2010-11-23 17:13:00,282.58666666666664,243,1
14203.0,306,1,339.34,80,2010-11-07 13:35:00,2010-11-07 13:35:00,339.34,0,1
14204.0,331,3,901.9300000000001,410,2009-12-02 13:26:00,2010-10-13 13:32:00,300.6433333333334,315,0
14205.0,173,8,2170.4,1264,2010-03-07 12:20:00,2011-03-20 15:07:00,271.3,378,0
14206.0,148,3,1185.01,930,2010-11-02 11:37:00,2011-04-14 16:38:00,395.00333333333333,163,1
14207.0,597,1,157.8,36,2010-01-21 09:33:00,2010-01-21 09:33:00,157.8,0,1
14208.0,4,2,567.05,529,2010-06-06 13:11:00,2011-09-06 12:48:00,283.525,456,1
14209.0,30,14,4796.17,1705,2010-01-22 10:28:00,2011-08-10 16:01:00,342.5835714285714,565,0
14210.0,15,16,5861.52,2604,2010-01-06 10:17:00,2011-08-26 12:36:00,366.345,597,1
14211.0,6,15,3291.12,1926,2009-12-09 12:48:00,2011-09-04 10:51:00,219.408,633,0
14212.0,355,1,1119.6599999999999,894,2010-09-20 11:48:00,2010-09-20 11:48:00,1119.6599999999999,0,0
14213.0,314,1,1192.2,244,2010-10-31 10:37:00,2010-10-31 10:37:00,1192.2,0,1
14214.0,65,3,899.16,671,2011-03-07 12:26:00,2011-07-06 15:02:00,299.71999999999997,121,0
14215.0,96,7,2724.88,1516,2009-12-08 09:35:00,2011-06-06 10:04:00,389.2685714285714,545,0
14216.0,323,1,310.74,118,2010-10-21 15:07:00,2010-10-21 15:07:00,310.74,0,0
14217.0,9,16,2623.41,947,2010-06-30 12:54:00,2011-09-01 12:16:00,163.963125,427,0
14219.0,319,2,543.89,285,2010-08-03 14:42:00,2010-10-26 10:34:00,271.945,83,0
14220.0,156,4,1515.0,468,2010-05-19 13:26:00,2011-04-06 13:23:00,378.75,321,1
14221.0,22,15,5701.7,3163,2010-04-06 14:10:00,2011-08-18 17:43:00,380.11333333333334,499,0
14222.0,86,1,683.17,607,2011-06-15 16:42:00,2011-06-15 16:42:00,683.17,0,1
14223.0,1,3,991.13,585,2011-03-20 16:02:00,2011-09-08 13:38:00,330.37666666666667,171,1
14224.0,19,9,1897.9,863,2010-06-13 13:46:00,2011-08-21 13:24:00,210.8777777777778,433,1
14225.0,344,4,2037.02,1168,2010-01-12 15:02:00,2010-10-01 10:32:00,509.255,261,1
14226.0,119,3,2479.74,1505,2010-09-24 14:32:00,2011-05-13 14:16:00,826.5799999999999,230,0
14227.0,105,12,5417.27,3507,2010-02-08 09:38:00,2011-05-27 14:50:00,451.4391666666667,473,0
14228.0,347,3,745.5,260,2010-06-11 12:29:00,2010-09-28 09:45:00,248.5,108,1
14229.0,201,6,1808.97,627,2010-08-25 11:47:00,2011-02-21 09:45:00,301.495,179,0
14230.0,345,3,979.8000000000001,246,2010-06-09 13:56:00,2010-09-30 09:07:00,326.6,112,1
14231.0,93,4,1235.6200000000001,610,2010-09-15 09:52:00,2011-06-09 11:05:00,308.90500000000003,267,1
14232.0,24,4,1573.33,1503,2011-03-20 12:44:00,2011-08-16 12:52:00,393.3325,149,0
14233.0,121,6,2400.65,991,2010-03-05 16:35:00,2011-05-12 10:45:00,400.10833333333335,432,0
14235.0,67,8,4375.99,2896,2010-03-30 13:36:00,2011-07-05 10:58:00,546.99875,461,0
14236.0,281,4,1443.08,540,2010-07-22 14:27:00,2010-12-02 18:49:00,360.77,133,0
14237.0,282,2,632.14,276,2010-04-28 10:04:00,2010-12-01 13:20:00,316.07,217,1
14238.0,235,3,434.23,189,2009-12-05 10:58:00,2011-01-17 14:40:00,144.74333333333334,408,1
14239.0,4,19,3763.21,1539,2009-12-05 12:36:00,2011-09-06 12:38:00,198.0636842105263,640,0
14240.0,135,2,584.0,316,2010-10-12 12:48:00,2011-04-28 11:40:00,292.0,197,0
14241.0,93,2,333.70000000000005,242,2010-01-12 15:11:00,2011-06-09 11:46:00,166.85000000000002,512,1
14242.0,144,2,280.55,123,2011-01-18 08:53:00,2011-04-19 11:46:00,140.275,91,1
14243.0,4,15,7148.2300000000005,3497,2010-08-20 13:41:00,2011-09-05 13:10:00,476.5486666666667,380,0
14244.0,570,1,366.41999999999996,814,2010-02-17 11:40:00,2010-02-17 11:40:00,366.41999999999996,0,1
14245.0,129,2,1693.45,976,2011-03-21 10:41:00,2011-05-04 08:40:00,846.725,43,1
14246.0,20,3,1474.06,804,2011-04-08 08:25:00,2011-08-21 11:50:00,491.3533333333333,135,1
14247.0,187,5,772.66,382,2010-06-06 15:07:00,2011-03-06 15:21:00,154.53199999999998,273,1
14248.0,227,3,1032.95,692,2010-07-12 14:27:00,2011-01-25 14:45:00,344.31666666666666,197,1
14249.0,320,12,5625.461,2487,2010-01-29 14:21:00,2010-10-25 12:34:00,468.7884166666667,268,1
14252.0,290,1,350.99,111,2010-11-23 13:36:00,2010-11-23 13:36:00,350.99,0,1
14253.0,402,2,363.40000000000003,88,2010-03-26 15:08:00,2010-08-03 14:55:00,181.70000000000002,129,1
14254.0,342,1,601.03,263,2010-10-03 11:52:00,2010-10-03 11:52:00,601.03,0,1
14255.0,455,1,1000.63,1,2010-06-11 15:54:00,2010-06-11 15:54:00,1000.63,0,1
14256.0,169,5,2473.9900000000002,1171,2010-01-14 10:35:00,2011-03-24 13:17:00,494.79800000000006,434,1
14257.0,32,8,5580.57,2988,2010-03-01 15:36:00,2011-08-08 15:35:00,697.57125,524,0
14258.0,61,23,28767.68,15808,2009-12-04 08:36:00,2011-07-11 10:12:00,1250.7686956521738,584,0
14259.0,51,1,120.0,68,2011-07-21 10:44:00,2011-07-21 10:44:00,120.0,0,1
14260.0,380,3,824.28,544,2010-06-09 11:23:00,2010-08-25 14:55:00,274.76,77,1
14262.0,16,3,855.0,593,2011-04-13 12:23:00,2011-08-24 15:04:00,285.0,133,0
14263.0,332,1,322.93,171,2010-10-12 14:09:00,2010-10-12 14:09:00,322.93,0,1
14264.0,64,6,1517.3600000000001,553,2010-04-07 13:21:00,2011-07-08 10:20:00,252.89333333333335,456,1
14265.0,18,4,1373.35,715,2010-04-06 14:39:00,2011-08-22 13:32:00,343.3375,502,1
14266.0,337,1,40.56,24,2010-10-07 13:32:00,2010-10-07 13:32:00,40.56,0,1
14267.0,72,3,1516.24,530,2011-03-24 11:38:00,2011-06-30 10:09:00,505.41333333333336,97,1
14268.0,380,1,354.85,147,2010-08-26 10:45:00,2010-08-26 10:45:00,354.85,0,1
14269.0,348,1,295.73,123,2010-09-26 12:53:00,2010-09-26 12:53:00,295.73,0,1
14270.0,241,1,492.65000000000003,197,2011-01-12 09:33:00,2011-01-12 09:33:00,492.65000000000003,0,1
14271.0,135,2,219.13,149,2010-10-26 17:01:00,2011-04-28 12:47:00,109.565,183,1
14272.0,163,3,614.94,585,2010-05-06 14:01:00,2011-03-30 13:57:00,204.98000000000002,327,0
14273.0,45,3,450.05,196,2011-04-11 13:24:00,2011-07-26 14:56:00,150.01666666666668,106,0
14274.0,595,1,256.6,178,2010-01-22 12:51:00,2010-01-22 12:51:00,256.6,0,1
14275.0,305,6,1189.3799999999999,538,2010-04-11 12:32:00,2010-11-09 09:06:00,198.23,211,1
14276.0,8,7,2102.68,1406,2010-02-17 13:10:00,2011-09-02 09:45:00,300.3828571428571,561,1
14277.0,121,7,14647.04,88689,2009-12-13 15:43:00,2011-05-11 13:20:00,2092.434285714286,513,0
14278.0,319,1,205.83,131,2010-10-26 12:07:00,2010-10-26 12:07:00,205.83,0,1
14279.0,430,2,191.86,46,2010-01-27 16:34:00,2010-07-07 08:42:00,95.93,160,1
14280.0,106,1,134.04,52,2011-05-27 10:37:00,2011-05-27 10:37:00,134.04,0,1
14281.0,317,1,245.15,45,2010-10-27 14:45:00,2010-10-27 14:45:00,245.15,0,1
14282.0,19,19,6615.76,4610,2010-02-15 11:22:00,2011-08-22 11:03:00,348.1978947368421,552,0
14283.0,372,4,628.4399999999999,550,2010-05-19 12:22:00,2010-09-02 14:46:00,157.10999999999999,106,1
14284.0,563,1,704.4,349,2010-02-24 12:06:00,2010-02-24 12:06:00,704.4,0,0
14285.0,86,5,1380.31,415,2009-12-08 14:13:00,2011-06-16 12:36:00,276.062,554,0
14286.0,152,5,5901.09,6455,2009-12-04 08:40:00,2011-04-11 08:16:00,1180.218,492,0
14287.0,108,2,83.28,216,2011-05-25 11:41:00,2011-05-25 11:44:00,41.64,0,0
14288.0,122,1,426.6,188,2011-05-10 13:22:00,2011-05-10 13:22:00,426.6,0,1
14289.0,44,5,832.78,278,2011-02-23 12:33:00,2011-07-28 10:24:00,166.55599999999998,154,0
14290.0,271,4,2979.4700000000003,905,2009-12-08 11:44:00,2010-12-13 10:24:00,744.8675000000001,369,0
14291.0,30,19,6376.39,4875,2009-12-09 10:46:00,2011-08-11 10:55:00,335.5994736842105,610,0
14292.0,55,11,6944.53,2591,2010-03-19 11:10:00,2011-07-17 12:18:00,631.320909090909,485,0
14293.0,56,8,2960.78,1448,2009-12-10 10:57:00,2011-07-15 15:28:00,370.0975,582,0
14294.0,316,1,375.34,190,2010-10-28 16:25:00,2010-10-28 16:25:00,375.34,0,1
14295.0,348,4,2196.71,945,2009-12-08 09:49:00,2010-09-27 09:48:00,549.1775,292,0
14296.0,330,2,456.40000000000003,314,2010-05-14 14:34:00,2010-10-14 14:14:00,228.20000000000002,152,1
14297.0,184,1,232.6,78,2011-03-10 08:31:00,2011-03-10 08:31:00,232.6,0,0
14298.0,8,75,80849.7,89623,2009-12-11 13:49:00,2011-09-01 14:26:00,1077.9959999999999,629,0
14299.0,17,23,12971.01,7001,2009-12-02 10:58:00,2011-08-24 11:54:00,563.9569565217391,630,0
14301.0,26,4,1992.18,1686,2010-02-11 13:07:00,2011-08-14 15:33:00,498.045,549,1
14302.0,340,3,742.9000000000001,298,2009-12-02 08:16:00,2010-10-05 08:10:00,247.63333333333335,306,1
14303.0,316,2,277.94,218,2010-10-01 10:31:00,2010-10-28 15:37:00,138.97,27,1
14304.0,132,3,1725.01,775,2010-05-18 10:50:00,2011-05-01 11:50:00,575.0033333333333,348,1
14305.0,23,2,1048.45,582,2011-07-27 14:14:00,2011-08-18 06:20:00,524.225,21,0
14306.0,288,4,1058.0800000000002,990,2010-01-31 13:42:00,2010-11-26 10:44:00,264.52000000000004,298,0
14307.0,44,8,4383.2,3027,2009-12-07 13:06:00,2011-07-28 09:45:00,547.9,597,0
14308.0,458,2,1147.02,2,2010-06-08 16:39:00,2010-06-08 16:48:00,573.51,0,1
14309.0,3,9,3061.98,2150,2010-06-07 10:24:00,2011-09-07 12:50:00,340.22,457,0
14310.0,342,1,492.1,230,2010-10-03 12:34:00,2010-10-03 12:34:00,492.1,0,1
14311.0,152,2,516.45,235,2010-05-21 10:28:00,2011-04-11 10:14:00,258.225,324,1
14312.0,0,10,2525.89,1372,2010-07-23 15:05:00,2011-09-09 13:14:00,252.589,412,0
14314.0,16,2,229.8,332,2010-10-05 08:00:00,2011-08-25 10:39:00,114.9,324,1
14315.0,38,7,2266.84,1012,2010-03-15 12:49:00,2011-08-02 13:31:00,323.8342857142857,505,0
14316.0,331,5,1370.34,4494,2010-03-19 15:18:00,2010-10-13 16:31:00,274.068,208,1
14318.0,369,1,158.02,152,2010-09-05 15:32:00,2010-09-05 15:32:00,158.02,0,1
14319.0,333,1,494.85,329,2010-10-11 13:38:00,2010-10-11 13:38:00,494.85,0,1
14320.0,116,5,1346.75,713,2010-01-21 11:44:00,2011-05-17 09:24:00,269.35,480,1
14321.0,26,5,1587.96,2385,2010-08-23 12:56:00,2011-08-15 09:57:00,317.592,356,0
14322.0,338,4,474.1,158,2010-02-18 08:49:00,2010-10-06 15:17:00,118.525,230,1
14323.0,24,2,605.0600000000001,350,2011-04-15 11:44:00,2011-08-17 11:37:00,302.53000000000003,123,1
14324.0,319,2,701.61,402,2010-01-15 13:31:00,2010-10-26 11:44:00,350.805,283,1
14325.0,479,1,245.48000000000002,320,2010-05-19 09:20:00,2010-05-19 09:20:00,245.48000000000002,0,1
14326.0,151,3,940.98,572,2010-06-25 12:10:00,2011-04-11 15:04:00,313.66,290,1
14327.0,72,6,1894.93,1296,2010-01-08 14:04:00,2011-06-29 13:58:00,315.82166666666666,536,1
14328.0,347,1,445.05,1,2010-09-27 16:01:00,2010-09-27 16:01:00,445.05,0,1
14329.0,18,12,8397.41,5010,2009-12-16 15:31:00,2011-08-23 12:18:00,699.7841666666667,614,0
14330.0,533,1,200.63,103,2010-03-26 09:10:00,2010-03-26 09:10:00,200.63,0,1
14331.0,33,2,462.65999999999997,252,2011-07-27 15:14:00,2011-08-07 13:17:00,231.32999999999998,10,1
14332.0,57,3,1196.24,460,2010-10-19 13:01:00,2011-07-15 10:33:00,398.74666666666667,268,0
14334.0,3,11,4094.98,2852,2010-05-20 10:04:00,2011-09-07 10:55:00,372.2709090909091,475,0
14335.0,5,1,359.25,340,2011-09-04 13:07:00,2011-09-04 13:07:00,359.25,0,0
14336.0,107,3,1114.39,989,2011-03-08 16:48:00,2011-05-25 14:44:00,371.46333333333337,77,0
14338.0,70,3,928.1,622,2010-06-21 10:32:00,2011-07-01 14:08:00,309.3666666666667,375,1
14339.0,152,2,620.27,456,2010-10-07 08:50:00,2011-04-11 11:06:00,310.135,186,1
14340.0,128,1,134.7,58,2011-05-05 09:44:00,2011-05-05 09:44:00,134.7,0,1
14341.0,39,16,3424.56,2125,2009-12-01 12:20:00,2011-08-01 14:05:00,214.035,608,0
14342.0,46,4,669.62,350,2010-08-24 13:03:00,2011-07-25 14:35:00,167.405,335,0
14343.0,330,4,1088.91,631,2010-01-18 16:47:00,2010-10-14 13:05:00,272.2275,268,1
14344.0,36,20,3333.7000000000003,1669,2010-03-23 15:47:00,2011-08-04 13:51:00,166.685,498,1
14346.0,30,5,2315.75,1878,2010-07-30 10:44:00,2011-08-11 09:47:00,463.15,376,1
14347.0,646,1,82.6,48,2009-12-03 10:49:00,2009-12-03 10:49:00,82.6,0,1
14348.0,169,1,409.57,183,2011-03-24 16:23:00,2011-03-24 16:23:00,409.57,0,1
14350.0,183,3,972.03,543,2010-10-05 15:52:00,2011-03-10 14:14:00,324.01,155,1
14351.0,74,1,51.0,12,2011-06-28 11:56:00,2011-06-28 11:56:00,51.0,0,1
14352.0,66,4,1078.96,538,2011-03-11 14:58:00,2011-07-05 15:41:00,269.74,116,1
14353.0,124,3,376.5,344,2010-10-04 12:38:00,2011-05-08 16:06:00,125.5,216,1
14355.0,275,3,1014.45,709,2010-03-22 15:08:00,2010-12-09 12:16:00,338.15000000000003,261,1
14358.0,298,2,400.06,338,2010-10-07 17:26:00,2010-11-15 15:51:00,200.03,38,1
14360.0,4,1,1134.69,745,2011-09-06 11:58:00,2011-09-06 11:58:00,1134.69,0,0
14361.0,488,1,214.70999999999998,251,2010-05-10 12:29:00,2010-05-10 12:29:00,214.70999999999998,0,1
14363.0,311,2,227.47000000000003,105,2010-09-14 14:39:00,2010-11-02 17:01:00,113.73500000000001,49,1
14364.0,18,8,3717.35,1967,2011-05-12 12:56:00,2011-08-23 11:01:00,464.66875,102,1
14365.0,304,2,634.68,557,2010-01-27 09:44:00,2010-11-10 09:52:00,317.34,287,1
14366.0,434,1,136.0,16,2010-07-02 17:23:00,2010-07-02 17:23:00,136.0,0,1
14367.0,47,10,5448.45,2573,2011-03-08 14:12:00,2011-07-25 09:26:00,544.845,138,0
14368.0,229,1,155.0,36,2011-01-24 09:52:00,2011-01-24 09:52:00,155.0,0,1
14369.0,551,2,469.13,255,2010-02-16 10:28:00,2010-03-07 15:47:00,234.565,19,1
14370.0,360,6,1175.78,266,2010-02-01 08:35:00,2010-09-15 10:53:00,195.96333333333334,226,1
14371.0,204,1,100.5,34,2011-02-17 16:35:00,2011-02-17 16:35:00,100.5,0,1
14372.0,352,2,860.08,378,2010-04-19 15:57:00,2010-09-22 16:17:00,430.04,156,1
14373.0,267,1,76.55,17,2010-12-16 15:40:00,2010-12-16 15:40:00,76.55,0,1
14374.0,450,1,108.0,20,2010-06-16 14:25:00,2010-06-16 14:25:00,108.0,0,1
14375.0,94,3,1132.99,659,2010-06-16 14:34:00,2011-06-07 13:44:00,377.66333333333336,355,1
14376.0,592,1,215.46,50,2010-01-25 15:36:00,2010-01-25 15:36:00,215.46,0,1
14377.0,100,2,617.05,219,2011-03-22 13:38:00,2011-06-01 13:32:00,308.525,70,1
14378.0,531,1,131.25,57,2010-03-28 12:22:00,2010-03-28 12:22:00,131.25,0,1
14379.0,204,3,1031.79,549,2010-08-16 15:31:00,2011-02-17 15:03:00,343.93,184,0
14380.0,591,1,48.96,1,2010-01-26 17:11:00,2010-01-26 17:11:00,48.96,0,1
14381.0,360,1,428.65999999999997,307,2010-09-14 16:15:00,2010-09-14 16:15:00,428.65999999999997,0,0
14382.0,299,1,620.73,464,2010-11-14 16:32:00,2010-11-14 16:32:00,620.73,0,0
14383.0,73,1,242.09,201,2011-06-29 10:18:00,2011-06-29 10:18:00,242.09,0,0
14384.0,410,1,58.5,30,2010-07-27 09:53:00,2010-07-27 09:53:00,58.5,0,1
14386.0,206,1,142.4,54,2011-02-16 09:45:00,2011-02-16 09:45:00,142.4,0,1
14387.0,18,1,440.76,209,2011-08-22 14:13:00,2011-08-22 14:13:00,440.76,0,0
14388.0,0,14,5765.93,3808,2010-01-20 11:54:00,2011-09-09 13:26:00,411.8521428571429,597,0
14389.0,100,4,1165.69,848,2010-04-28 14:57:00,2011-06-02 12:04:00,291.4225,399,0
14390.0,53,8,3339.67,1514,2010-10-10 14:30:00,2011-07-18 13:35:00,417.45875,280,0
14391.0,486,1,135.6,168,2010-05-12 09:42:00,2010-05-12 09:42:00,135.6,0,1
14392.0,341,1,266.4,114,2010-10-03 12:56:00,2010-10-03 12:56:00,266.4,0,1
14393.0,127,1,67.95,13,2011-05-05 18:16:00,2011-05-05 18:16:00,67.95,0,1
14394.0,474,1,93.8,58,2010-05-24 10:43:00,2010-05-24 10:43:00,93.8,0,1
14395.0,87,17,6666.52,3351,2010-04-18 13:12:00,2011-06-15 12:21:00,392.1482352941177,422,0
14396.0,280,6,1744.29,836,2009-12-02 14:21:00,2010-12-03 15:19:00,290.715,366,0
14397.0,3,10,1036.12,764,2011-05-10 12:25:00,2011-09-07 09:37:00,103.612,119,0
14398.0,310,2,707.79,267,2010-06-30 11:57:00,2010-11-03 13:46:00,353.895,126,1
14399.0,303,8,2113.16,968,2010-02-03 13:09:00,2010-11-10 13:23:00,264.145,280,1
14400.0,58,3,1732.47,1706,2010-03-18 12:11:00,2011-07-13 15:50:00,577.49,482,1
14401.0,5,19,5823.8,5443,2009-12-14 13:22:00,2011-09-05 11:51:00,306.5157894736842,629,0
14402.0,561,1,285.6,240,2010-02-25 13:20:00,2010-02-25 13:20:00,285.6,0,1
14403.0,39,6,1880.51,737,2010-03-10 14:00:00,2011-08-01 12:57:00,313.41833333333335,508,1
14404.0,18,12,2772.31,1598,2009-12-20 14:40:00,2011-08-23 11:16:00,231.02583333333334,610,0
14405.0,296,1,195.0,100,2010-11-18 11:40:00,2010-11-18 11:40:00,195.0,0,1
14406.0,28,1,156.75,77,2011-08-12 16:54:00,2011-08-12 16:54:00,156.75,0,1
14407.0,16,6,2157.73,1415,2011-03-08 11:59:00,2011-08-24 14:02:00,359.62166666666667,169,1
14408.0,4,10,3801.55,2282,2009-12-07 12:18:00,2011-09-06 11:29:00,380.15500000000003,637,0
14409.0,32,8,3640.3700000000003,2331,2010-05-21 16:45:00,2011-08-09 10:52:00,455.04625000000004,444,0
14410.0,1,11,2651.14,1377,2010-09-28 15:46:00,2011-09-08 15:08:00,241.01272727272726,344,1
14411.0,220,1,1063.0,196,2011-02-02 10:56:00,2011-02-02 10:56:00,1063.0,0,1
14412.0,334,1,656.16,642,2010-10-11 12:33:00,2010-10-11 12:33:00,656.16,0,0
14413.0,271,4,770.37,280,2010-01-19 14:27:00,2010-12-12 13:37:00,192.5925,326,1
14414.0,1,8,2399.33,2877,2010-11-30 10:12:00,2011-09-09 12:09:00,299.91625,283,1
14415.0,7,19,9993.0,5102,2009-12-16 14:08:00,2011-09-02 15:56:00,525.9473684210526,625,0
14417.0,297,1,604.2,567,2010-11-17 10:55:00,2010-11-17 10:55:00,604.2,0,1
14418.0,17,1,150.44,148,2011-08-23 17:18:00,2011-08-23 17:18:00,150.44,0,0
14419.0,162,3,510.41,231,2010-11-22 11:09:00,2011-04-01 11:47:00,170.13666666666668,130,0
14420.0,8,4,1639.17,1120,2010-01-17 12:41:00,2011-09-01 18:07:00,409.7925,592,1
14421.0,121,5,2111.44,1171,2010-01-17 11:30:00,2011-05-12 10:49:00,422.288,479,0
14422.0,79,15,7040.03,3702,2009-12-17 12:12:00,2011-06-22 15:07:00,469.3353333333333,552,0
14423.0,127,3,916.6099999999999,419,2010-01-14 11:49:00,2011-05-05 15:12:00,305.53666666666663,476,1
14425.0,344,3,661.39,325,2009-12-02 11:31:00,2010-10-01 10:24:00,220.46333333333334,302,1
14426.0,50,13,10131.85,5927,2010-03-04 14:36:00,2011-07-22 11:56:00,779.373076923077,504,0
14427.0,404,2,900.1800000000001,310,2010-03-18 09:49:00,2010-08-02 11:25:00,450.09000000000003,137,0
14428.0,149,2,330.62,145,2011-01-18 16:39:00,2011-04-14 09:43:00,165.31,85,0
14429.0,313,1,516.28,286,2010-11-01 10:08:00,2010-11-01 10:08:00,516.28,0,1
14430.0,421,3,1220.9,446,2010-04-11 15:59:00,2010-07-16 11:35:00,406.9666666666667,95,1
14431.0,212,4,2614.2,1202,2010-01-21 10:49:00,2011-02-10 10:40:00,653.55,384,1
14433.0,375,1,289.6,134,2010-08-31 12:35:00,2010-08-31 12:35:00,289.6,0,1
14435.0,411,1,90.42,282,2010-07-26 12:33:00,2010-07-26 12:33:00,90.42,0,1
14436.0,8,2,271.70000000000005,297,2010-06-04 11:32:00,2011-09-02 10:13:00,135.85000000000002,454,1
14437.0,275,5,958.84,486,2010-05-05 12:20:00,2010-12-09 09:27:00,191.768,217,1
14438.0,215,1,131.9,82,2011-02-06 14:56:00,2011-02-06 14:56:00,131.9,0,1
14439.0,229,5,9443.04,2244,2010-01-21 14:01:00,2011-01-24 11:39:00,1888.6080000000002,367,1
14440.0,226,10,5466.76,1508,2009-12-02 12:13:00,2011-01-27 10:30:00,546.676,420,0
14441.0,4,9,3596.2000000000003,1026,2010-01-18 10:40:00,2011-09-06 09:45:00,399.5777777777778,595,0
14442.0,114,7,5367.0199999999995,1431,2010-01-18 12:59:00,2011-05-19 11:36:00,766.7171428571428,485,1
14443.0,48,4,1957.79,1248,2010-11-25 14:18:00,2011-07-24 11:40:00,489.4475,240,0
14444.0,365,1,132.04,180,2010-09-09 18:56:00,2010-09-09 18:56:00,132.04,0,1
14445.0,365,1,221.65,83,2010-09-10 11:09:00,2010-09-10 11:09:00,221.65,0,1
14446.0,156,2,504.77,501,2010-11-18 12:08:00,2011-04-07 12:10:00,252.385,140,0
14447.0,105,3,1149.53,655,2010-11-04 13:32:00,2011-05-27 14:29:00,383.1766666666667,204,0
14448.0,273,1,102.35000000000001,44,2010-12-10 17:26:00,2010-12-10 17:26:00,102.35000000000001,0,0
14449.0,156,6,1977.0,1357,2010-09-29 13:15:00,2011-04-07 12:16:00,329.5,189,0
14450.0,90,7,1128.44,522,2010-04-08 12:09:00,2011-06-12 10:46:00,161.2057142857143,429,1
14451.0,104,11,3006.18,1572,2010-01-17 10:35:00,2011-05-29 12:35:00,273.2890909090909,497,0
14452.0,3,3,528.52,216,2010-07-06 13:13:00,2011-09-07 11:32:00,176.17333333333332,427,0
14453.0,99,1,119.93,49,2011-06-02 14:15:00,2011-06-02 14:15:00,119.93,0,1
14454.0,285,5,977.3,400,2009-12-06 12:56:00,2010-11-28 13:26:00,195.45999999999998,357,1
14455.0,341,4,628.21,719,2010-08-01 13:26:00,2010-10-03 15:48:00,157.0525,63,1
14456.0,40,3,636.65,576,2011-07-20 13:06:00,2011-07-31 15:00:00,212.21666666666667,11,0
14457.0,220,1,113.64,88,2011-02-02 09:39:00,2011-02-02 09:39:00,113.64,0,1
14458.0,290,1,237.42,328,2010-11-24 12:43:00,2010-11-24 12:43:00,237.42,0,1
14459.0,64,2,5375.741,2303,2010-02-26 13:26:00,2011-07-07 13:35:00,2687.8705,496,1
14460.0,19,9,1093.5,1879,2009-12-15 19:06:00,2011-08-21 14:19:00,121.5,613,1
14461.0,57,13,6713.5,3027,2010-01-18 12:48:00,2011-07-14 17:11:00,516.4230769230769,542,1
14462.0,30,10,1800.09,794,2010-10-03 14:13:00,2011-08-11 09:57:00,180.009,311,0
14463.0,7,4,786.5699999999999,210,2010-07-28 11:35:00,2011-09-02 15:20:00,196.64249999999998,401,1
14464.0,477,2,111.0,62,2010-03-22 15:20:00,2010-05-20 18:00:00,55.5,59,1
14465.0,156,11,3946.03,2546,2010-01-07 15:03:00,2011-04-07 12:38:00,358.73,454,1
14466.0,25,11,3954.95,2235,2009-12-13 15:44:00,2011-08-16 08:39:00,359.54090909090905,610,0
14467.0,222,9,1753.93,955,2009-12-02 12:44:00,2011-01-31 12:35:00,194.88111111111112,424,0
14468.0,643,1,204.24,164,2009-12-06 12:21:00,2009-12-06 12:21:00,204.24,0,1
14469.0,325,4,2112.21,980,2010-01-29 11:12:00,2010-10-19 14:30:00,528.0525,263,1
14470.0,197,2,548.49,227,2010-10-05 12:39:00,2011-02-25 11:56:00,274.245,142,0
14471.0,500,2,400.95,187,2009-12-07 12:26:00,2010-04-27 17:12:00,200.475,141,1
14472.0,13,9,2228.22,1305,2010-01-19 13:09:00,2011-08-28 11:01:00,247.57999999999998,585,1
14473.0,191,1,85.0,10,2011-03-02 13:56:00,2011-03-02 13:56:00,85.0,0,0
14474.0,489,1,730.42,313,2010-05-09 12:12:00,2010-05-09 12:12:00,730.42,0,0
14475.0,95,3,847.47,337,2010-10-27 09:20:00,2011-06-06 13:06:00,282.49,222,0
14476.0,166,1,215.7,132,2011-03-27 15:39:00,2011-03-27 15:39:00,215.7,0,1
14477.0,93,5,1183.0,700,2010-01-04 15:41:00,2011-06-08 13:33:00,236.6,519,0
14478.0,291,4,1276.66,1226,2009-12-01 13:20:00,2010-11-22 15:29:00,319.165,356,1
14479.0,163,4,1299.11,620,2009-12-06 13:48:00,2011-03-31 09:07:00,324.7775,479,1
14480.0,312,3,1020.47,527,2009-12-21 16:32:00,2010-11-02 12:35:00,340.1566666666667,315,0
14481.0,74,5,2311.4900000000002,1584,2010-01-31 12:43:00,2011-06-28 10:38:00,462.29800000000006,512,1
14482.0,8,8,2755.71,1479,2010-08-26 14:13:00,2011-09-01 16:44:00,344.46375,371,0
14483.0,191,2,257.1,193,2009-12-03 10:16:00,2011-03-03 10:26:00,128.55,455,1
14484.0,310,3,749.0600000000001,534,2009-12-17 10:57:00,2010-11-03 13:50:00,249.6866666666667,321,0
14486.0,421,2,175.5,90,2010-06-04 10:30:00,2010-07-16 09:42:00,87.75,41,1
14487.0,277,2,382.38,139,2010-11-25 13:36:00,2010-12-06 13:22:00,191.19,10,0
14489.0,116,4,1574.93,1011,2010-04-06 09:52:00,2011-05-16 14:51:00,393.7325,405,1
14490.0,315,2,1273.47,933,2010-10-07 11:36:00,2010-10-29 15:04:00,636.735,22,1
14491.0,84,2,468.13,179,2010-12-02 12:10:00,2011-06-17 15:22:00,234.065,197,1
14492.0,339,7,1921.91,751,2010-03-30 14:23:00,2010-10-05 13:21:00,274.55857142857144,188,1
14493.0,64,6,3358.13,2225,2010-03-08 08:33:00,2011-07-07 16:59:00,559.6883333333334,486,0
14494.0,310,2,261.9,118,2009-12-08 13:25:00,2010-11-03 13:13:00,130.95,329,0
14495.0,30,2,91.6,28,2010-02-18 08:49:00,2011-08-10 14:13:00,45.8,538,0
14496.0,221,7,2668.23,991,2010-03-16 13:15:00,2011-02-01 09:01:00,381.17571428571426,321,1
14497.0,218,2,697.0600000000001,332,2010-02-04 09:59:00,2011-02-03 17:01:00,348.53000000000003,364,1
14498.0,25,9,3235.74,1713,2010-06-07 16:05:00,2011-08-15 14:10:00,359.52666666666664,433,0
14499.0,43,6,1694.6100000000001,940,2010-08-27 11:57:00,2011-07-29 11:49:00,282.435,335,0
14500.0,21,2,335.85,107,2011-06-03 10:08:00,2011-08-19 17:02:00,167.925,77,0
14501.0,93,2,251.21,161,2011-01-24 10:43:00,2011-06-09 12:02:00,125.605,136,1
14502.0,58,7,1176.01,540,2011-01-30 15:52:00,2011-07-13 13:14:00,168.00142857142856,163,0
14503.0,88,1,597.07,381,2011-06-14 10:00:00,2011-06-14 10:00:00,597.07,0,0
14504.0,152,3,542.71,263,2011-03-06 14:38:00,2011-04-10 16:01:00,180.90333333333334,35,0
14505.0,18,17,10351.84,4557,2009-12-09 14:48:00,2011-08-22 14:38:00,608.9317647058824,620,0
14506.0,71,5,2110.16,605,2010-04-19 08:27:00,2011-06-30 19:27:00,422.032,437,0
14507.0,10,9,2825.94,1414,2009-12-10 17:04:00,2011-08-30 15:16:00,313.99333333333334,627,0
14508.0,285,3,598.52,228,2010-06-17 13:02:00,2010-11-28 13:21:00,199.50666666666666,164,0
14509.0,443,1,110.95,38,2010-06-23 13:21:00,2010-06-23 13:21:00,110.95,0,1
14510.0,285,3,1007.28,821,2010-09-29 13:35:00,2010-11-29 12:46:00,335.76,60,1
14511.0,1,2,329.89,145,2011-07-29 12:13:00,2011-09-08 13:26:00,164.945,41,0
14512.0,97,7,1223.47,742,2009-12-07 13:49:00,2011-06-05 12:39:00,174.78142857142856,544,1
14513.0,10,6,788.01,593,2010-05-20 17:57:00,2011-08-31 11:25:00,131.335,467,1
14514.0,110,8,3946.7400000000002,2080,2009-12-13 13:21:00,2011-05-22 15:12:00,493.34250000000003,525,0
14515.0,100,8,2412.82,1154,2010-06-07 12:37:00,2011-06-01 12:54:00,301.6025,359,0
14516.0,425,1,163.92,68,2010-07-11 14:07:00,2010-07-11 14:07:00,163.92,0,1
14517.0,51,1,252.45,73,2011-07-21 11:42:00,2011-07-21 11:42:00,252.45,0,0
14519.0,593,2,206.09,82,2009-12-11 10:40:00,2010-01-25 11:18:00,103.045,45,1
14520.0,200,1,165.0,100,2011-02-22 09:15:00,2011-02-22 09:15:00,165.0,0,0
14521.0,400,1,199.45000000000002,211,2010-08-05 16:35:00,2010-08-05 16:35:00,199.45000000000002,0,1
14522.0,1,6,1544.78,862,2010-01-24 13:55:00,2011-09-08 15:39:00,257.4633333333333,592,0
14523.0,17,1,241.09,251,2011-08-23 13:13:00,2011-08-23 13:13:00,241.09,0,1
14524.0,88,9,2118.75,923,2010-10-19 11:44:00,2011-06-14 12:46:00,235.41666666666666,238,0
14525.0,9,15,6834.58,4316,2009-12-13 14:01:00,2011-08-31 14:28:00,455.63866666666667,626,0
14526.0,298,1,262.4,179,2010-11-15 13:32:00,2010-11-15 13:32:00,262.4,0,1
14527.0,8,107,24564.9,6016,2009-12-02 12:06:00,2011-09-02 12:37:00,229.5785046728972,639,0
14529.0,19,1,135.24,84,2011-08-21 14:10:00,2011-08-21 14:10:00,135.24,0,0
14530.0,2,15,5817.61,2670,2010-01-21 11:25:00,2011-09-07 12:55:00,387.84066666666666,594,0
14531.0,389,1,376.34,260,2010-08-17 10:16:00,2010-08-17 10:16:00,376.34,0,1
14532.0,145,11,3859.1800000000003,1115,2010-01-10 11:47:00,2011-04-17 13:05:00,350.8345454545455,462,1
14533.0,22,6,2251.63,2931,2010-04-08 12:13:00,2011-08-19 12:06:00,375.2716666666667,497,0
14534.0,5,22,4859.75,2294,2010-03-15 14:16:00,2011-09-05 12:20:00,220.89772727272728,538,0
14535.0,36,8,4820.45,2377,2010-02-24 15:03:00,2011-08-04 15:04:00,602.55625,526,0
14536.0,169,1,171.8,40,2011-03-25 12:21:00,2011-03-25 12:21:00,171.8,0,1
14537.0,532,1,285.84000000000003,108,2010-03-26 13:44:00,2010-03-26 13:44:00,285.84000000000003,0,0
14538.0,165,4,1089.0900000000001,159,2010-01-25 15:42:00,2011-03-28 14:57:00,272.27250000000004,426,0
14540.0,218,9,2994.98,1320,2009-12-07 13:00:00,2011-02-03 15:02:00,332.77555555555557,423,0
14541.0,78,13,2353.68,1085,2010-01-07 11:59:00,2011-06-24 10:31:00,181.0523076923077,532,0
14542.0,95,1,103.25,19,2011-06-07 08:19:00,2011-06-07 08:19:00,103.25,0,1
14543.0,18,36,14541.54,2617,2009-12-01 13:47:00,2011-08-23 12:26:00,403.9316666666667,629,0
14544.0,271,2,2079.9,1738,2010-08-26 16:00:00,2010-12-13 12:50:00,1039.95,108,0
14545.0,583,1,349.25,236,2010-02-03 15:23:00,2010-02-03 15:23:00,349.25,0,1
14546.0,111,8,3494.69,1880,2009-12-06 13:10:00,2011-05-22 11:41:00,436.83625,531,0
14548.0,60,9,2627.49,1021,2009-12-06 14:00:00,2011-07-12 12:19:00,291.9433333333333,582,1
14549.0,220,4,916.5500000000001,395,2009-12-02 14:06:00,2011-02-01 13:47:00,229.13750000000002,425,1
14550.0,297,2,587.69,382,2010-08-13 12:05:00,2010-11-16 14:05:00,293.845,95,0
14551.0,113,6,819.24,447,2010-01-27 12:06:00,2011-05-19 18:21:00,136.54,477,0
14552.0,61,3,511.28000000000003,261,2010-04-26 13:44:00,2011-07-11 12:49:00,170.42666666666668,440,1
14553.0,128,6,1294.59,829,2010-07-18 12:07:00,2011-05-05 11:08:00,215.765,290,0
14555.0,211,5,2189.43,818,2009-12-18 11:39:00,2011-02-10 17:19:00,437.88599999999997,419,0
14556.0,505,3,835.34,331,2010-01-20 11:49:00,2010-04-22 14:57:00,278.44666666666666,92,1
14558.0,563,3,655.5,162,2009-12-08 10:41:00,2010-02-23 12:51:00,218.5,77,1
14559.0,299,1,75.6,72,2010-11-14 16:05:00,2010-11-14 16:05:00,75.6,0,1
14560.0,4,37,5441.46,3945,2009-12-02 10:15:00,2011-09-06 10:27:00,147.0664864864865,643,0
14561.0,71,2,566.99,375,2011-06-08 13:26:00,2011-06-30 13:43:00,283.495,22,0
14562.0,1,15,3994.51,1769,2010-02-07 14:10:00,2011-09-08 19:58:00,266.3006666666667,578,0
14563.0,419,2,679.44,335,2010-04-26 12:51:00,2010-07-18 12:01:00,339.72,82,1
14564.0,344,2,2605.62,1295,2009-12-04 09:27:00,2010-10-01 09:02:00,1302.81,300,1
14565.0,5,5,3859.2200000000003,1940,2010-08-23 09:48:00,2011-09-05 09:07:00,771.844,377,1
14566.0,20,4,4092.0,2400,2010-06-24 10:34:00,2011-08-21 11:05:00,1023.0,423,1
14567.0,39,1,800.76,172,2011-08-01 13:48:00,2011-08-01 13:48:00,800.76,0,0
14568.0,344,1,919.7,645,2010-09-30 17:15:00,2010-09-30 17:15:00,919.7,0,1
14569.0,362,3,371.59,179,2010-04-15 11:49:00,2010-09-13 10:51:00,123.86333333333333,150,0
14570.0,190,3,613.75,431,2010-09-22 13:07:00,2011-03-04 10:58:00,204.58333333333334,162,1
14571.0,334,1,161.65,57,2010-10-10 15:06:00,2010-10-10 15:06:00,161.65,0,1
14572.0,19,9,4871.78,2695,2010-03-28 13:47:00,2011-08-21 13:46:00,541.3088888888889,510,0
14573.0,89,13,2621.42,835,2010-01-08 16:34:00,2011-06-13 11:15:00,201.64769230769232,520,1
14574.0,642,1,143.70000000000002,63,2009-12-07 12:42:00,2009-12-07 12:42:00,143.70000000000002,0,1
14575.0,397,1,460.71,176,2010-08-08 14:51:00,2010-08-08 14:51:00,460.71,0,1
14576.0,281,1,70.80000000000001,24,2010-12-02 17:51:00,2010-12-02 17:51:00,70.80000000000001,0,1
14577.0,73,6,1161.18,500,2009-12-11 12:09:00,2011-06-29 11:46:00,193.53,564,0
14579.0,341,1,105.56,56,2010-10-03 14:36:00,2010-10-03 14:36:00,105.56,0,1
14580.0,427,1,14.850000000000001,3,2010-07-09 15:20:00,2010-07-09 15:20:00,14.850000000000001,0,1
14581.0,453,1,295.2,92,2010-06-13 15:48:00,2010-06-13 15:48:00,295.2,0,0
14583.0,53,7,1516.12,935,2010-03-28 15:16:00,2011-07-18 12:53:00,216.5885714285714,476,0
14584.0,78,8,1747.91,963,2010-02-17 14:01:00,2011-06-23 18:33:00,218.48875,491,1
14585.0,292,4,986.22,539,2010-10-19 12:17:00,2010-11-22 12:44:00,246.555,34,0
14586.0,186,1,237.36,444,2011-03-08 10:04:00,2011-03-08 10:04:00,237.36,0,1
14587.0,93,8,1473.53,728,2011-01-12 13:16:00,2011-06-08 14:09:00,184.19125,147,0
14588.0,487,1,135.39,62,2010-05-10 15:08:00,2010-05-10 15:08:00,135.39,0,1
14589.0,281,1,79.5,10,2010-12-03 11:42:00,2010-12-03 11:42:00,79.5,0,1
14590.0,334,20,3006.62,904,2009-12-07 14:10:00,2010-10-11 12:06:00,150.331,307,1
14591.0,122,1,250.22,105,2011-05-10 14:09:00,2011-05-10 14:09:00,250.22,0,0
14593.0,108,11,3433.61,1661,2009-12-09 12:57:00,2011-05-25 11:21:00,312.1463636363637,531,0
14594.0,282,1,510.0,292,2010-12-01 13:54:00,2010-12-01 13:54:00,510.0,0,0
14595.0,222,3,587.6500000000001,326,2010-01-20 13:59:00,2011-01-30 13:36:00,195.88333333333335,374,0
14596.0,536,1,229.47,79,2010-03-23 12:13:00,2010-03-23 12:13:00,229.47,0,1
14597.0,101,5,1483.49,988,2010-09-28 13:17:00,2011-06-01 12:33:00,296.698,245,0
14598.0,478,1,162.07,165,2010-05-19 13:07:00,2010-05-19 13:07:00,162.07,0,0
14599.0,299,2,474.54,295,2010-07-18 15:54:00,2010-11-14 14:49:00,237.27,118,1
14600.0,215,2,865.1700000000001,487,2010-11-11 15:56:00,2011-02-07 09:48:00,432.58500000000004,87,1
14602.0,565,1,205.35999999999999,80,2010-02-21 15:47:00,2010-02-21 15:47:00,205.35999999999999,0,1
14603.0,184,1,660.0,400,2011-03-10 10:27:00,2011-03-10 10:27:00,660.0,0,1
14604.0,542,1,143.85999999999999,88,2010-03-16 13:00:00,2010-03-16 13:00:00,143.85999999999999,0,1
14605.0,283,4,937.16,424,2009-12-08 13:59:00,2010-11-30 14:07:00,234.29,357,1
14606.0,3,170,28268.6,14291,2009-12-03 12:40:00,2011-09-07 12:41:00,166.28588235294117,643,0
14607.0,170,9,8063.13,4119,2009-12-15 11:25:00,2011-03-23 15:22:00,895.9033333333333,463,0
14608.0,271,8,1771.79,538,2009-12-06 12:34:00,2010-12-12 14:49:00,221.47375,371,0
14609.0,52,9,1371.0,12000,2010-02-09 09:48:00,2011-07-19 17:04:00,152.33333333333334,525,0
14610.0,305,2,24.35,15,2010-07-13 16:06:00,2010-11-09 10:58:00,12.175,118,1
14611.0,353,2,604.3299999999999,582,2010-04-20 10:19:00,2010-09-22 09:19:00,302.16499999999996,154,1
14612.0,324,1,877.7,134,2010-10-20 16:01:00,2010-10-20 16:01:00,877.7,0,1
14613.0,589,1,76.32000000000001,72,2010-01-28 13:02:00,2010-01-28 13:02:00,76.32000000000001,0,1
14614.0,295,1,295.13,189,2010-11-18 13:04:00,2010-11-18 13:04:00,295.13,0,1
14615.0,303,5,951.76,495,2010-06-09 13:59:00,2010-11-10 13:36:00,190.352,153,1
14616.0,152,5,527.78,170,2010-06-09 09:42:00,2011-04-11 09:54:00,105.556,306,1
14617.0,312,2,190.47000000000003,81,2010-10-20 10:40:00,2010-11-02 11:41:00,95.23500000000001,13,1
14618.0,247,5,1000.6800000000001,532,2010-06-11 10:11:00,2011-01-06 11:59:00,200.13600000000002,209,0
14619.0,155,2,1291.24,594,2010-06-16 14:41:00,2011-04-08 07:37:00,645.62,295,1
14620.0,115,2,412.78000000000003,214,2011-03-01 08:30:00,2011-05-18 11:58:00,206.39000000000001,78,1
14621.0,66,7,2215.12,1123,2010-01-25 09:08:00,2011-07-06 12:31:00,316.44571428571425,527,0
14622.0,94,1,320.58000000000004,146,2011-06-08 12:42:00,2011-06-08 12:42:00,320.58000000000004,0,1
14623.0,25,8,1779.04,906,2010-04-16 17:12:00,2011-08-15 13:51:00,222.38,485,0
14624.0,324,4,588.22,483,2010-04-14 10:44:00,2010-10-20 15:16:00,147.055,189,0
14625.0,105,11,4497.88,2155,2009-12-16 13:23:00,2011-05-27 15:32:00,408.89818181818185,527,1
14626.0,32,9,4190.94,2611,2009-12-10 14:57:00,2011-08-09 10:20:00,465.65999999999997,606,0
14627.0,288,1,462.75,284,2010-11-25 16:32:00,2010-11-25 16:32:00,462.75,0,1
14628.0,0,5,1998.0,1147,2010-01-25 14:40:00,2011-09-09 14:58:00,399.6,592,1
14630.0,393,1,338.65,111,2010-08-12 16:38:00,2010-08-12 16:38:00,338.65,0,1
14631.0,144,5,1648.79,1137,2010-08-09 14:45:00,2011-04-18 16:49:00,329.758,252,0
14632.0,172,1,114.56,96,2011-03-22 08:49:00,2011-03-22 08:49:00,114.56,0,1
14633.0,175,1,344.90000000000003,96,2011-03-18 17:07:00,2011-03-18 17:07:00,344.90000000000003,0,1
14634.0,347,4,2124.46,1906,2010-06-16 09:48:00,2010-09-28 10:40:00,531.115,104,1
14635.0,363,1,215.22,118,2010-09-12 10:47:00,2010-09-12 10:47:00,215.22,0,1
14636.0,178,1,300.19,117,2011-03-16 09:52:00,2011-03-16 09:52:00,300.19,0,0
14637.0,586,1,106.67999999999999,100,2010-01-31 15:52:00,2010-01-31 15:52:00,106.67999999999999,0,1
14639.0,29,7,3983.7,1768,2010-02-16 12:35:00,2011-08-11 13:41:00,569.1,541,0
14640.0,37,8,3043.04,1343,2010-01-22 15:44:00,2011-08-04 11:38:00,380.38,558,0
14643.0,79,5,1679.89,1377,2009-12-11 11:52:00,2011-06-22 14:41:00,335.978,558,1
14644.0,207,6,1604.46,578,2009-12-03 16:24:00,2011-02-14 14:14:00,267.41,437,0
14645.0,66,3,876.89,587,2010-03-15 11:33:00,2011-07-06 09:15:00,292.2966666666667,477,1
14646.0,2,120,426699.12,298022,2009-12-02 16:52:00,2011-09-08 11:28:00,3555.826,644,0
14647.0,110,2,519.97,180,2010-07-04 13:27:00,2011-05-22 13:40:00,259.985,322,1
14648.0,325,15,4546.86,3326,2009-12-10 13:59:00,2010-10-19 13:12:00,303.12399999999997,312,1
14649.0,121,7,2942.24,1796,2010-01-20 13:10:00,2011-05-11 14:42:00,420.32,476,0
14650.0,498,1,62.5,22,2010-04-29 20:27:00,2010-04-29 20:27:00,62.5,0,1
14651.0,120,8,1795.84,728,2010-03-18 11:39:00,2011-05-12 16:29:00,224.48,420,0
14653.0,247,6,2011.8,1331,2009-12-02 11:51:00,2011-01-05 13:41:00,335.3,399,0
14654.0,647,1,246.86,273,2009-12-01 12:57:00,2009-12-01 12:57:00,246.86,0,1
14655.0,131,4,2756.84,1774,2010-04-22 14:29:00,2011-05-01 14:59:00,689.21,374,0
14656.0,78,5,814.65,318,2010-04-15 12:10:00,2011-06-23 13:51:00,162.93,434,1
14657.0,64,5,1251.59,758,2010-09-30 19:57:00,2011-07-07 19:54:00,250.31799999999998,279,0
14658.0,26,1,123.14,23,2011-08-14 15:42:00,2011-08-14 15:42:00,123.14,0,0
14659.0,55,6,1641.55,767,2011-01-28 12:43:00,2011-07-17 12:31:00,273.59166666666664,169,0
14660.0,10,1,128.95,104,2011-08-31 10:40:00,2011-08-31 10:40:00,128.95,0,0
14662.0,144,6,1170.02,673,2009-12-03 16:47:00,2011-04-19 12:26:00,195.00333333333333,501,0
14663.0,339,2,490.6,397,2010-10-05 13:12:00,2010-10-05 13:21:00,245.3,0,1
14665.0,206,5,1645.6100000000001,672,2010-04-26 11:17:00,2011-02-16 10:34:00,329.122,295,0
14667.0,4,47,18756.96,11069,2009-12-02 12:38:00,2011-09-06 12:30:00,399.0842553191489,642,0
14668.0,354,1,111.63,49,2010-09-20 15:03:00,2010-09-20 15:03:00,111.63,0,1
14669.0,151,7,3243.93,2054,2009-12-02 13:06:00,2011-04-12 11:43:00,463.4185714285714,495,1
14670.0,189,3,602.0,434,2009-12-07 13:59:00,2011-03-04 14:13:00,200.66666666666666,452,1
14671.0,458,2,1127.45,571,2010-05-20 18:21:00,2010-06-08 13:39:00,563.725,18,1
14672.0,144,4,1113.14,646,2010-01-28 11:33:00,2011-04-19 10:19:00,278.285,445,1
14673.0,277,3,2047.9,1244,2010-10-26 10:14:00,2010-12-07 12:49:00,682.6333333333333,42,0
14674.0,418,1,173.66,103,2010-07-18 14:25:00,2010-07-18 14:25:00,173.66,0,1
14675.0,298,1,462.15,385,2010-11-16 12:22:00,2010-11-16 12:22:00,462.15,0,0
14676.0,57,10,7499.47,8116,2010-03-10 09:30:00,2011-07-15 11:50:00,749.947,492,0
14677.0,502,1,184.91,139,2010-04-26 09:48:00,2010-04-26 09:48:00,184.91,0,1
14678.0,488,1,403.39,179,2010-05-09 14:32:00,2010-05-09 14:32:00,403.39,0,1
14679.0,291,3,1289.44,794,2009-12-08 17:13:00,2010-11-23 11:51:00,429.81333333333333,349,1
14680.0,4,56,54081.22,26004,2009-12-04 12:36:00,2011-09-05 15:49:00,965.7360714285714,640,0
14681.0,121,4,770.1500000000001,144,2010-02-24 08:54:00,2011-05-12 10:45:00,192.53750000000002,442,0
14682.0,97,6,1514.81,949,2010-02-05 14:47:00,2011-06-05 12:12:00,252.46833333333333,484,1
14683.0,497,1,146.56,386,2010-04-30 17:18:00,2010-04-30 17:18:00,146.56,0,1
14684.0,124,3,751.53,481,2010-11-14 14:07:00,2011-05-08 12:58:00,250.51,174,0
14685.0,485,8,4619.79,2012,2009-12-13 11:32:00,2010-05-12 13:08:00,577.47375,150,1
14686.0,323,5,885.83,475,2010-02-18 18:29:00,2010-10-21 18:31:00,177.166,245,1
14687.0,16,3,1402.06,850,2010-06-06 10:36:00,2011-08-25 11:59:00,467.3533333333333,445,1
14688.0,2,23,6290.32,4937,2010-09-09 12:35:00,2011-09-08 12:16:00,273.4921739130435,363,0
14689.0,118,1,112.8,76,2011-05-15 11:22:00,2011-05-15 11:22:00,112.8,0,1
14690.0,61,3,639.34,259,2010-10-25 12:20:00,2011-07-11 11:58:00,213.11333333333334,258,0
14691.0,6,2,1274.68,464,2011-05-11 09:55:00,2011-09-04 11:17:00,637.34,116,0
14692.0,46,12,1745.09,905,2010-04-01 14:04:00,2011-07-25 15:08:00,145.42416666666665,480,1
14693.0,174,7,1165.36,388,2010-07-02 08:28:00,2011-03-20 12:50:00,166.48,261,1
14694.0,526,1,244.31,193,2010-04-01 19:46:00,2010-04-01 19:46:00,244.31,0,1
14695.0,428,3,1620.07,678,2009-12-07 11:05:00,2010-07-08 14:18:00,540.0233333333333,213,1
14696.0,29,6,2147.4900000000002,1607,2010-10-14 11:43:00,2011-08-12 12:37:00,357.915,302,0
14697.0,127,2,188.60999999999999,181,2011-05-05 15:29:00,2011-05-05 15:39:00,94.30499999999999,0,1
14699.0,123,4,702.6,484,2010-07-02 12:04:00,2011-05-09 14:54:00,175.65,311,1
14700.0,99,4,2438.56,1150,2010-08-11 12:19:00,2011-06-03 11:59:00,609.64,295,0
14701.0,82,13,3971.0,1523,2010-01-24 12:15:00,2011-06-20 11:36:00,305.46153846153845,511,0
14702.0,26,21,5149.78,2268,2009-12-10 20:22:00,2011-08-15 11:30:00,245.22761904761904,612,0
14704.0,52,4,487.82,240,2010-03-25 17:21:00,2011-07-20 12:01:00,121.955,481,0
14705.0,108,1,179.0,100,2011-05-25 12:39:00,2011-05-25 12:39:00,179.0,0,1
14706.0,528,1,390.69,263,2010-03-31 11:09:00,2010-03-31 11:09:00,390.69,0,1
14707.0,345,2,139.2,96,2010-05-12 11:07:00,2010-09-30 11:37:00,69.6,141,1
14708.0,63,4,1787.09,1298,2010-09-10 10:26:00,2011-07-08 16:08:00,446.7725,301,0
14709.0,3,21,7918.03,3661,2009-12-05 15:26:00,2011-09-07 12:21:00,377.0490476190476,640,0
14710.0,288,9,1316.46,773,2009-12-03 17:12:00,2010-11-25 13:29:00,146.27333333333334,356,0
14711.0,0,9,2365.42,801,2011-03-22 13:32:00,2011-09-09 13:42:00,262.82444444444445,171,0
14712.0,21,2,526.72,198,2010-10-17 14:49:00,2011-08-19 13:33:00,263.36,305,0
14713.0,8,19,4782.12,3077,2009-12-03 19:22:00,2011-09-01 19:11:00,251.69052631578947,636,0
14714.0,316,3,746.05,413,2010-01-21 11:51:00,2010-10-28 17:46:00,248.6833333333333,280,0
14715.0,4,7,1567.82,810,2010-01-19 12:18:00,2011-09-06 12:02:00,223.9742857142857,594,0
14716.0,58,2,424.33,503,2010-09-21 12:07:00,2011-07-14 12:42:00,212.165,296,0
14717.0,642,1,81.3,32,2009-12-06 13:05:00,2009-12-06 13:05:00,81.3,0,1
14718.0,319,1,226.42,202,2010-10-25 13:07:00,2010-10-25 13:07:00,226.42,0,1
14719.0,88,2,488.12,398,2011-04-04 14:17:00,2011-06-13 12:52:00,244.06,69,0
14720.0,36,1,155.8,40,2011-08-05 12:06:00,2011-08-05 12:06:00,155.8,0,0
14721.0,288,1,115.77,59,2010-11-25 13:08:00,2010-11-25 13:08:00,115.77,0,1
14722.0,56,3,513.37,222,2010-08-10 13:28:00,2011-07-15 14:58:00,171.12333333333333,339,1
14723.0,267,8,1405.76,819,2009-12-04 11:22:00,2010-12-16 19:19:00,175.72,377,0
14724.0,499,1,345.25,187,2010-04-28 13:26:00,2010-04-28 13:26:00,345.25,0,1
14725.0,304,3,597.16,747,2010-06-23 11:34:00,2010-11-10 11:47:00,199.0533333333333,140,0
14726.0,564,1,124.75,91,2010-02-23 12:35:00,2010-02-23 12:35:00,124.75,0,1
14727.0,183,3,467.92999999999995,468,2010-06-11 13:23:00,2011-03-10 14:45:00,155.97666666666666,272,1
14728.0,322,1,190.58,68,2010-10-22 15:57:00,2010-10-22 15:57:00,190.58,0,1
14729.0,283,3,907.38,574,2010-03-24 13:30:00,2010-12-01 12:43:00,302.46,251,1
14730.0,16,5,904.21,527,2011-03-08 12:49:00,2011-08-24 13:07:00,180.842,169,0
14731.0,115,2,251.01999999999998,182,2011-05-11 13:06:00,2011-05-18 11:02:00,125.50999999999999,6,0
14732.0,53,16,4432.88,1828,2009-12-09 10:48:00,2011-07-19 09:31:00,277.055,586,0
14733.0,20,14,15643.26,6372,2010-11-02 15:42:00,2011-08-21 11:57:00,1117.3757142857144,291,0
14734.0,335,4,1056.42,378,2010-06-06 15:15:00,2010-10-10 12:04:00,264.105,125,1
14735.0,8,47,9770.18,3614,2009-12-04 11:32:00,2011-09-01 16:45:00,207.87617021276597,636,0
14736.0,394,2,401.08,164,2010-08-11 15:13:00,2010-08-11 15:21:00,200.54,0,1
14737.0,38,3,3471.37,1029,2010-11-04 11:29:00,2011-08-03 10:04:00,1157.1233333333332,271,0
14738.0,43,7,1265.1000000000001,507,2009-12-07 10:21:00,2011-07-29 10:34:00,180.72857142857146,599,0
14739.0,3,22,10632.8,9030,2009-12-02 13:23:00,2011-09-06 14:09:00,483.30909090909086,643,0
14740.0,106,11,4161.06,2081,2010-02-25 11:40:00,2011-05-26 18:17:00,378.27818181818185,455,1
14741.0,22,5,1362.21,837,2010-10-18 09:33:00,2011-08-18 13:16:00,272.442,304,0
14742.0,344,1,579.85,374,2010-09-30 14:07:00,2010-09-30 14:07:00,579.85,0,1
14743.0,502,1,50.48,40,2010-04-26 10:26:00,2010-04-26 10:26:00,50.48,0,1
14744.0,207,12,3713.13,2439,2010-05-18 14:06:00,2011-02-15 11:33:00,309.4275,272,0
14745.0,22,12,2571.81,1977,2010-03-12 10:33:00,2011-08-19 10:05:00,214.3175,524,1
14746.0,315,4,593.5,398,2010-10-12 11:06:00,2010-10-29 14:44:00,148.375,17,1
14747.0,158,1,328.2,84,2011-04-04 14:09:00,2011-04-04 14:09:00,328.2,0,1
14748.0,33,9,2855.34,2590,2010-03-04 17:08:00,2011-08-08 12:28:00,317.26,521,0
14749.0,389,1,310.15,403,2010-08-17 12:36:00,2010-08-17 12:36:00,310.15,0,1
14750.0,645,1,112.03,65,2009-12-03 17:57:00,2009-12-03 17:57:00,112.03,0,1
14751.0,593,2,126.45,65,2009-12-13 14:08:00,2010-01-24 13:37:00,63.225,41,1
14753.0,370,1,306.36,201,2010-09-05 11:04:00,2010-09-05 11:04:00,306.36,0,0
14754.0,205,5,1140.7,698,2010-01-18 11:04:00,2011-02-17 12:21:00,228.14000000000001,395,0
14755.0,22,21,7829.95,3423,2009-12-03 16:51:00,2011-08-19 12:49:00,372.8547619047619,623,0
14756.0,292,2,1914.8,1007,2010-10-11 11:50:00,2010-11-22 09:22:00,957.4,41,0
14758.0,54,7,2864.97,840,2010-04-08 08:27:00,2011-07-18 08:21:00,409.28142857142853,465,1
14759.0,22,2,870.85,247,2011-04-21 10:55:00,2011-08-19 08:57:00,435.425,119,0
14760.0,206,1,89.2,40,2011-02-15 16:27:00,2011-02-15 16:27:00,89.2,0,1
14761.0,244,2,289.52,146,2010-09-21 14:22:00,2011-01-09 12:03:00,144.76,109,0
14762.0,173,2,417.57,428,2010-03-23 15:36:00,2011-03-21 08:20:00,208.785,362,1
14765.0,21,2,95.5,22,2011-06-16 19:49:00,2011-08-19 15:06:00,47.75,63,0
14766.0,77,9,5614.08,3698,2010-06-06 11:11:00,2011-06-24 15:00:00,623.7866666666666,383,0
14767.0,383,1,382.81,117,2010-08-22 14:54:00,2010-08-22 14:54:00,382.81,0,1
14768.0,36,1,133.20000000000002,40,2011-08-04 13:25:00,2011-08-04 13:25:00,133.20000000000002,0,0
14769.0,17,15,11585.07,8306,2009-12-16 09:17:00,2011-08-23 15:34:00,772.338,615,0
14770.0,141,8,3637.64,1598,2010-02-25 18:58:00,2011-04-21 14:21:00,454.705,419,1
14771.0,530,2,594.62,622,2009-12-03 09:44:00,2010-03-28 12:52:00,297.31,115,1
14772.0,21,1,139.26,82,2011-08-19 15:04:00,2011-08-19 15:04:00,139.26,0,1
14773.0,502,1,140.55,53,2010-04-26 10:29:00,2010-04-26 10:29:00,140.55,0,1
14774.0,438,1,241.45,99,2010-06-29 12:26:00,2010-06-29 12:26:00,241.45,0,1
14775.0,47,2,1108.02,1186,2010-12-02 16:38:00,2011-07-25 12:12:00,554.01,234,0
14776.0,14,12,3032.22,3754,2010-09-19 14:12:00,2011-08-26 14:23:00,252.68499999999997,341,0
14777.0,313,1,307.56,212,2010-11-01 12:50:00,2010-11-01 12:50:00,307.56,0,1
14778.0,36,2,730.86,306,2011-02-04 11:43:00,2011-08-04 15:23:00,365.43,181,1
14779.0,190,3,386.15,84,2011-01-20 12:04:00,2011-03-04 12:42:00,128.71666666666667,43,1
14782.0,229,1,200.10000000000002,114,2011-01-24 11:12:00,2011-01-24 11:12:00,200.10000000000002,0,1
14783.0,568,1,307.3,262,2010-02-18 16:16:00,2010-02-18 16:16:00,307.3,0,1
14784.0,233,2,274.62,182,2010-11-15 09:49:00,2011-01-20 09:25:00,137.31,65,0
14786.0,459,1,90.96,112,2010-06-07 13:42:00,2010-06-07 13:42:00,90.96,0,1
14787.0,380,1,110.65,59,2010-08-25 14:38:00,2010-08-25 14:38:00,110.65,0,1
14788.0,505,1,476.88,298,2010-04-22 18:16:00,2010-04-22 18:16:00,476.88,0,0
14790.0,29,8,2145.6,2327,2009-12-11 14:37:00,2011-08-12 12:15:00,268.2,608,0
14791.0,516,1,303.63,127,2010-04-12 10:24:00,2010-04-12 10:24:00,303.63,0,1
14793.0,444,1,396.91,270,2010-06-22 16:54:00,2010-06-22 16:54:00,396.91,0,0
14794.0,113,7,1313.53,421,2010-08-09 15:44:00,2011-05-20 11:53:00,187.64714285714285,283,0
14795.0,75,1,131.45000000000002,17,2011-06-26 13:04:00,2011-06-26 13:04:00,131.45000000000002,0,1
14796.0,4,24,9460.52,6483,2009-12-14 15:06:00,2011-09-06 10:42:00,394.18833333333333,630,0
14797.0,416,1,300.31,99,2010-07-20 14:07:00,2010-07-20 14:07:00,300.31,0,1
14798.0,53,7,647.97,555,2010-03-01 08:38:00,2011-07-18 14:40:00,92.56714285714285,504,0
14799.0,647,1,180.45,349,2009-12-02 11:18:00,2009-12-02 11:18:00,180.45,0,0
14800.0,19,14,7275.0199999999995,6477,2010-09-30 14:38:00,2011-08-22 12:26:00,519.6442857142857,325,0
14802.0,347,2,1502.98,2,2010-09-27 16:32:00,2010-09-27 16:34:00,751.49,0,1
14803.0,71,3,845.55,370,2011-02-20 13:21:00,2011-06-30 13:58:00,281.84999999999997,130,1
14805.0,223,4,659.24,335,2010-03-28 12:34:00,2011-01-30 10:43:00,164.81,307,0
14806.0,348,1,110.03999999999999,93,2010-09-26 15:50:00,2010-09-26 15:50:00,110.03999999999999,0,0
14807.0,300,2,519.29,247,2010-02-28 11:33:00,2010-11-14 12:47:00,259.645,259,1
14808.0,53,6,1846.31,1244,2011-06-20 12:53:00,2011-07-18 13:33:00,307.7183333333333,28,0
14809.0,530,2,686.76,232,2010-03-28 15:42:00,2010-03-28 15:44:00,343.38,0,1
14810.0,13,12,2318.47,1144,2010-10-06 13:12:00,2011-08-28 11:02:00,193.20583333333332,325,0
14811.0,296,1,170.5,74,2010-11-17 13:09:00,2010-11-17 13:09:00,170.5,0,1
14812.0,508,1,185.8,136,2010-04-20 12:13:00,2010-04-20 12:13:00,185.8,0,1
14813.0,279,4,1090.87,474,2010-04-08 11:49:00,2010-12-05 11:57:00,272.7175,241,1
14814.0,490,1,160.46,96,2010-05-07 14:10:00,2010-05-07 14:10:00,160.46,0,1
14816.0,106,1,271.85,5,2011-05-26 13:16:00,2011-05-26 13:16:00,271.85,0,1
14817.0,109,7,3959.86,2462,2010-03-22 12:10:00,2011-05-23 13:35:00,565.6942857142857,427,1
14818.0,78,5,922.24,424,2010-03-02 12:48:00,2011-06-23 14:13:00,184.448,478,0
14819.0,101,3,282.81,112,2009-12-21 15:54:00,2011-05-31 13:50:00,94.27,525,0
14820.0,82,6,907.24,558,2010-01-31 12:49:00,2011-06-19 14:56:00,151.20666666666668,504,0
14821.0,276,7,1286.45,485,2010-02-01 13:33:00,2010-12-08 08:43:00,183.77857142857144,309,1
14822.0,394,1,157.70000000000002,94,2010-08-11 12:52:00,2010-08-11 12:52:00,157.70000000000002,0,1
14823.0,89,3,321.43,88,2011-05-29 12:48:00,2011-06-12 13:12:00,107.14333333333333,14,1
14824.0,0,7,3337.11,1646,2010-03-12 13:07:00,2011-09-09 14:12:00,476.73,546,0
14825.0,37,19,4037.54,2399,2010-04-06 14:14:00,2011-08-04 11:16:00,212.5021052631579,484,0
14826.0,491,2,385.2,152,2010-01-13 13:08:00,2010-05-07 09:00:00,192.6,113,1
14828.0,106,13,9839.460000000001,9718,2009-12-07 11:19:00,2011-05-27 10:16:00,756.8815384615385,535,1
14829.0,93,6,1526.92,1059,2010-09-29 13:14:00,2011-06-08 14:29:00,254.48666666666668,252,0
14831.0,589,3,1676.57,885,2009-12-02 09:21:00,2010-01-28 14:31:00,558.8566666666667,57,1
14832.0,539,1,322.69,1,2010-03-19 15:14:00,2010-03-19 15:14:00,322.69,0,1
14833.0,408,1,94.8,58,2010-07-29 10:06:00,2010-07-29 10:06:00,94.8,0,1
14834.0,29,3,915.16,318,2010-10-28 17:37:00,2011-08-11 14:36:00,305.05333333333334,286,0
14835.0,438,2,297.0,180,2010-04-01 19:34:00,2010-06-29 10:08:00,148.5,88,1
14837.0,14,8,3156.38,2820,2010-01-24 10:20:00,2011-08-26 13:00:00,394.5475,579,0
14838.0,332,2,773.6700000000001,362,2009-12-03 09:52:00,2010-10-12 15:46:00,386.83500000000004,313,1
14839.0,327,3,915.28,927,2010-01-04 16:29:00,2010-10-17 13:01:00,305.0933333333333,285,1
14840.0,177,2,362.71,179,2010-06-18 15:42:00,2011-03-17 12:00:00,181.355,271,1
14841.0,88,12,6242.81,3621,2009-12-02 16:49:00,2011-06-13 14:55:00,520.2341666666667,557,0
14842.0,4,3,1901.52,711,2011-02-04 15:32:00,2011-09-05 14:30:00,633.84,212,0
14843.0,346,1,211.79999999999998,132,2010-09-29 12:39:00,2010-09-29 12:39:00,211.79999999999998,0,1
14844.0,32,9,5770.3,3837,2010-04-12 12:50:00,2011-08-08 13:34:00,641.1444444444445,483,0
14845.0,509,1,150.0,600,2010-04-19 10:19:00,2010-04-19 10:19:00,150.0,0,1
14846.0,336,1,437.4,193,2010-10-08 17:07:00,2010-10-08 17:07:00,437.4,0,1
14847.0,58,3,1348.95,533,2010-05-24 12:29:00,2011-07-14 10:52:00,449.65000000000003,415,1
14848.0,314,1,310.56,260,2010-10-31 12:22:00,2010-10-31 12:22:00,310.56,0,1
14849.0,4,35,13617.44,10420,2010-01-10 11:40:00,2011-09-05 14:57:00,389.0697142857143,603,0
14850.0,221,7,1794.01,1408,2010-05-20 13:28:00,2011-02-01 11:21:00,256.28714285714284,256,1
14851.0,165,2,524.19,445,2010-03-19 11:52:00,2011-03-28 14:59:00,262.095,374,0
14852.0,5,17,5498.91,4014,2010-03-05 14:51:00,2011-09-04 13:56:00,323.46529411764703,547,0
14853.0,120,4,1115.57,297,2010-04-13 09:26:00,2011-05-12 15:17:00,278.8925,394,0
14854.0,42,10,3864.66,2608,2010-01-22 09:48:00,2011-07-29 15:40:00,386.466,553,0
14855.0,28,7,6520.3,3510,2010-04-08 10:30:00,2011-08-12 14:02:00,931.4714285714286,491,1
14857.0,57,6,3001.251,1805,2010-03-15 11:00:00,2011-07-14 15:03:00,500.2085,486,0
14858.0,415,1,180.75,105,2010-07-22 10:51:00,2010-07-22 10:51:00,180.75,0,1
14859.0,113,2,648.76,426,2010-06-03 10:26:00,2011-05-19 14:42:00,324.38,350,0
14861.0,290,9,1254.94,959,2009-12-08 12:12:00,2010-11-24 11:18:00,139.4377777777778,350,0
14862.0,58,1,304.09999999999997,430,2011-07-14 11:20:00,2011-07-14 11:20:00,304.09999999999997,0,0
14865.0,281,3,114.72,288,2009-12-01 16:05:00,2010-12-02 18:23:00,38.24,366,0
14866.0,15,11,7624.22,3033,2010-08-26 11:54:00,2011-08-26 11:48:00,693.1109090909091,364,0
14867.0,95,16,2952.06,996,2009-12-05 15:47:00,2011-06-07 11:39:00,184.50375,548,1
14868.0,29,8,2527.4900000000002,1514,2010-10-15 14:52:00,2011-08-11 14:55:00,315.93625000000003,300,0
14869.0,12,5,2469.85,1943,2009-12-16 11:43:00,2011-08-28 16:09:00,493.96999999999997,620,0
14870.0,171,6,1838.95,483,2010-01-25 09:05:00,2011-03-23 10:51:00,306.4916666666667,422,1
14871.0,87,8,1091.34,383,2009-12-01 11:57:00,2011-06-14 13:04:00,136.4175,560,0
14872.0,393,3,816.6,662,2010-03-16 14:41:00,2010-08-13 12:34:00,272.2,149,1
14873.0,119,2,854.13,311,2010-03-16 10:51:00,2011-05-13 13:52:00,427.065,423,1
14874.0,444,1,116.18,148,2010-06-22 14:58:00,2010-06-22 14:58:00,116.18,0,1
14875.0,17,3,2862.4,1332,2010-09-24 10:28:00,2011-08-24 12:20:00,954.1333333333333,334,1
14876.0,430,2,256.7,162,2010-05-27 13:49:00,2010-07-06 14:57:00,128.35,40,1
14877.0,327,2,437.0,171,2010-03-07 12:25:00,2010-10-17 13:09:00,218.5,224,1
14878.0,83,22,3702.7200000000003,2257,2010-02-21 11:14:00,2011-06-19 11:14:00,168.30545454545455,483,0
14879.0,594,1,185.06,104,2010-01-24 11:35:00,2010-01-24 11:35:00,185.06,0,1
14880.0,94,2,363.27,245,2011-02-24 12:27:00,2011-06-07 13:27:00,181.635,103,0
14882.0,299,12,3038.4500000000003,1482,2010-03-30 15:02:00,2010-11-14 13:04:00,253.20416666666668,228,0
14883.0,73,2,358.48,322,2011-05-12 09:49:00,2011-06-29 09:32:00,179.24,47,0
14884.0,578,1,120.6,72,2010-02-08 12:56:00,2010-02-08 12:56:00,120.6,0,1
14885.0,41,3,1598.12,1308,2010-08-31 10:11:00,2011-07-31 12:05:00,532.7066666666666,334,1
14886.0,162,1,364.8,160,2011-04-01 08:56:00,2011-04-01 08:56:00,364.8,0,1
14888.0,116,1,369.2,184,2011-05-16 14:58:00,2011-05-16 14:58:00,369.2,0,1
14889.0,245,1,135.9,90,2011-01-07 15:19:00,2011-01-07 15:19:00,135.9,0,1
14890.0,163,3,817.25,636,2010-02-18 09:00:00,2011-03-31 11:57:00,272.4166666666667,406,1
14891.0,57,4,1106.73,788,2010-09-29 12:41:00,2011-07-14 18:08:00,276.6825,288,1
14892.0,600,1,202.35000000000002,79,2010-01-18 08:58:00,2010-01-18 08:58:00,202.35000000000002,0,1
14893.0,527,1,571.76,248,2010-04-01 09:03:00,2010-04-01 09:03:00,571.76,0,0
14894.0,352,2,837.0600000000001,338,2009-12-02 10:42:00,2010-09-22 15:23:00,418.53000000000003,294,0
14895.0,0,31,21955.62,9281,2009-12-10 14:22:00,2011-09-09 15:11:00,708.2458064516129,638,0
14896.0,114,8,2092.42,1117,2009-12-06 12:42:00,2011-05-19 10:20:00,261.5525,528,1
14897.0,206,5,1949.66,816,2009-12-15 17:05:00,2011-02-16 08:37:00,389.932,427,0
14898.0,43,13,3215.59,2091,2009-12-03 16:40:00,2011-07-28 14:03:00,247.35307692307694,601,0
14899.0,304,1,1384.88,586,2010-11-09 15:20:00,2010-11-09 15:20:00,1384.88,0,1
14900.0,431,1,13.919999999999998,48,2010-07-05 15:09:00,2010-07-05 15:09:00,13.919999999999998,0,1
14901.0,11,8,1690.48,801,2010-07-29 11:11:00,2011-08-30 12:00:00,211.31,397,0
14902.0,305,2,702.96,498,2010-06-04 12:35:00,2010-11-09 10:29:00,351.48,157,0
14903.0,34,4,2411.82,1334,2011-03-06 11:50:00,2011-08-07 12:42:00,602.955,154,0
14904.0,317,2,615.2,564,2010-10-08 12:48:00,2010-10-27 15:40:00,307.6,19,0
14905.0,67,8,1971.39,1009,2009-12-03 14:36:00,2011-07-05 12:41:00,246.42375,578,1
14906.0,354,1,68.44,1,2010-09-20 16:30:00,2010-09-20 16:30:00,68.44,0,1
14907.0,8,14,5272.87,2433,2010-04-16 13:40:00,2011-09-01 16:41:00,376.63357142857143,503,0
14908.0,372,1,104.10000000000001,50,2010-09-02 16:39:00,2010-09-02 16:39:00,104.10000000000001,0,0
14909.0,346,3,1404.68,888,2010-02-14 15:47:00,2010-09-28 16:56:00,468.2266666666667,226,1
14911.0,2,309,234125.25,113200,2009-12-01 11:41:00,2011-09-07 14:13:00,757.6868932038835,645,0
14912.0,156,5,1504.1899999999998,1293,2010-01-26 16:29:00,2011-04-07 11:06:00,300.83799999999997,435,0
14913.0,92,7,3762.85,3574,2010-08-11 08:40:00,2011-06-09 14:14:00,537.55,302,0
14915.0,0,11,1811.25,707,2009-12-03 10:17:00,2011-09-09 13:34:00,164.6590909090909,645,1
14916.0,3,7,2741.73,2109,2010-04-01 10:57:00,2011-09-07 10:07:00,391.67571428571426,523,0
14917.0,506,2,1123.75,891,2010-04-22 09:44:00,2010-04-22 11:28:00,561.875,0,1
14918.0,25,9,5955.81,2551,2010-04-08 11:18:00,2011-08-16 11:50:00,661.7566666666667,495,1
14919.0,448,1,359.35,129,2010-06-18 13:06:00,2010-06-18 13:06:00,359.35,0,1
14920.0,122,3,1607.17,886,2010-05-23 15:25:00,2011-05-11 10:32:00,535.7233333333334,352,1
14921.0,110,1,903.01,631,2011-05-22 12:51:00,2011-05-22 12:51:00,903.01,0,0
14922.0,303,2,843.74,376,2010-07-20 09:45:00,2010-11-11 11:14:00,421.87,114,1
14924.0,155,3,931.01,312,2010-03-10 12:51:00,2011-04-08 09:25:00,310.33666666666664,393,1
14926.0,291,2,359.4,204,2010-04-20 09:59:00,2010-11-23 07:13:00,179.7,216,1
14927.0,306,1,308.2,196,2010-11-08 12:30:00,2010-11-08 12:30:00,308.2,0,1
14928.0,537,1,223.91000000000003,268,2010-03-22 09:14:00,2010-03-22 09:14:00,223.91000000000003,0,1
14929.0,331,1,612.8100000000001,351,2010-10-14 12:22:00,2010-10-14 12:22:00,612.8100000000001,0,0
14930.0,18,6,5246.63,2199,2010-04-12 11:22:00,2011-08-23 10:31:00,874.4383333333334,497,1
14931.0,115,2,586.0,98,2011-04-13 09:32:00,2011-05-17 17:12:00,293.0,34,0
14932.0,275,2,1029.66,337,2010-11-19 09:16:00,2010-12-09 11:48:00,514.83,20,1
14933.0,353,4,1770.0,600,2010-09-21 17:29:00,2010-09-22 10:47:00,442.5,0,1
14934.0,192,4,2441.4,1517,2010-09-24 12:08:00,2011-03-02 11:48:00,610.35,158,0
14935.0,206,2,2849.83,1931,2010-03-30 11:48:00,2011-02-15 14:44:00,1424.915,322,1
14936.0,18,7,9346.67,4541,2010-05-05 12:26:00,2011-08-23 12:30:00,1335.2385714285715,475,0
14937.0,39,1,759.56,172,2011-08-01 14:16:00,2011-08-01 14:16:00,759.56,0,0
14938.0,471,2,2322.43,1369,2010-05-26 13:35:00,2010-05-26 13:38:00,1161.215,0,1
14940.0,327,2,531.49,384,2009-12-06 15:46:00,2010-10-18 10:47:00,265.745,315,1
14941.0,488,1,182.1,80,2010-05-10 11:30:00,2010-05-10 11:30:00,182.1,0,1
14942.0,311,4,746.56,354,2009-12-10 10:32:00,2010-11-03 10:51:00,186.64,328,1
14943.0,572,1,107.62,46,2010-02-14 16:04:00,2010-02-14 16:04:00,107.62,0,1
14944.0,4,14,7048.61,3748,2010-02-17 08:47:00,2011-09-06 09:23:00,503.47214285714284,566,0
14945.0,323,1,179.4,156,2010-10-22 11:26:00,2010-10-22 11:26:00,179.4,0,1
14947.0,40,5,937.47,355,2010-03-25 11:29:00,2011-08-01 09:31:00,187.494,493,0
14948.0,7,4,639.23,453,2011-05-04 14:52:00,2011-09-02 14:39:00,159.8075,120,0
14949.0,378,4,515.0,250,2009-12-18 15:28:00,2010-08-27 15:38:00,128.75,252,1
14952.0,116,28,13064.47,5409,2009-12-03 15:34:00,2011-05-17 08:38:00,466.5882142857143,529,0
14953.0,327,3,723.95,803,2010-09-30 12:16:00,2010-10-17 12:52:00,241.3166666666667,17,0
14954.0,612,1,167.27,92,2010-01-05 16:38:00,2010-01-05 16:38:00,167.27,0,0
14955.0,642,1,163.77,74,2009-12-07 11:35:00,2009-12-07 11:35:00,163.77,0,1
14956.0,330,1,1325.0,2500,2010-10-14 16:40:00,2010-10-14 16:40:00,1325.0,0,1
14957.0,162,2,333.29,105,2010-03-05 10:50:00,2011-03-31 17:59:00,166.645,391,1
14958.0,56,6,957.9399999999999,249,2009-12-03 16:02:00,2011-07-15 14:20:00,159.65666666666667,588,1
14959.0,19,3,537.32,400,2011-02-16 13:00:00,2011-08-22 09:28:00,179.10666666666668,186,0
14960.0,80,1,88.3,20,2011-06-21 13:38:00,2011-06-21 13:38:00,88.3,0,0
14961.0,0,20,14283.4,7333,2009-12-04 11:32:00,2011-09-09 13:37:00,714.17,644,0
14962.0,180,4,366.91,123,2010-05-04 14:57:00,2011-03-14 09:42:00,91.7275,313,1
14963.0,93,8,1970.8799999999999,1308,2010-07-02 12:43:00,2011-06-09 12:30:00,246.35999999999999,341,0
14964.0,156,1,206.21,143,2011-04-06 14:13:00,2011-04-06 14:13:00,206.21,0,1
14965.0,5,2,599.0,365,2011-09-04 13:15:00,2011-09-04 13:20:00,299.5,0,1
14966.0,296,5,924.5200000000001,911,2009-12-15 13:48:00,2010-11-17 13:14:00,184.90400000000002,336,0
14967.0,351,5,1518.81,512,2009-12-03 14:07:00,2010-09-24 11:11:00,303.762,294,0
14968.0,367,1,357.4,131,2010-09-07 13:28:00,2010-09-07 13:28:00,357.4,0,0
14969.0,613,1,906.23,665,2010-01-05 12:43:00,2010-01-05 12:43:00,906.23,0,1
14970.0,46,11,4447.04,897,2010-02-14 13:37:00,2011-07-25 14:45:00,404.2763636363636,526,0
14972.0,37,2,145.07,40,2010-11-23 16:17:00,2011-08-03 14:54:00,72.535,252,1
14973.0,16,3,1314.45,369,2011-04-28 12:22:00,2011-08-24 15:51:00,438.15000000000003,118,1
14975.0,330,1,192.45,127,2010-10-14 14:11:00,2010-10-14 14:11:00,192.45,0,0
14976.0,10,4,559.96,162,2011-01-17 11:09:00,2011-08-30 17:23:00,139.99,225,0
14977.0,635,1,31.929999999999996,17,2009-12-14 10:37:00,2009-12-14 10:37:00,31.929999999999996,0,1
14978.0,145,9,2748.0,632,2010-04-28 10:50:00,2011-04-18 10:55:00,305.3333333333333,355,0
14979.0,644,1,439.46,213,2009-12-04 12:54:00,2009-12-04 12:54:00,439.46,0,1
14980.0,646,1,150.68,79,2009-12-02 14:09:00,2009-12-02 14:09:00,150.68,0,1
14981.0,155,2,372.92,241,2010-10-12 11:04:00,2011-04-07 13:45:00,186.46,177,1
14982.0,481,1,237.78,125,2010-05-16 15:52:00,2010-05-16 15:52:00,237.78,0,1
14983.0,598,1,183.20000000000002,90,2010-01-19 17:32:00,2010-01-19 17:32:00,183.20000000000002,0,1
14984.0,90,5,1168.32,311,2010-01-11 13:22:00,2011-06-12 11:04:00,233.664,516,0
14985.0,107,2,296.75,260,2010-12-16 19:51:00,2011-05-25 14:29:00,148.375,159,1
14986.0,285,2,566.9,342,2010-01-24 15:54:00,2010-11-28 15:25:00,283.45,307,1
14987.0,275,7,1550.6499999999999,607,2009-12-02 14:56:00,2010-12-09 12:13:00,221.52142857142854,371,0
14988.0,121,7,2066.6,1276,2010-04-16 13:34:00,2011-05-12 12:05:00,295.2285714285714,390,1
14989.0,571,1,342.4,200,2010-02-16 10:40:00,2010-02-16 10:40:00,342.4,0,1
14990.0,521,2,305.42,130,2009-12-09 13:31:00,2010-04-06 13:54:00,152.71,118,1
14991.0,339,1,314.67,191,2010-10-05 13:01:00,2010-10-05 13:01:00,314.67,0,1
14992.0,351,1,210.5,145,2010-09-23 17:48:00,2010-09-23 17:48:00,210.5,0,1
14993.0,473,1,36.13,21,2010-05-25 12:47:00,2010-05-25 12:47:00,36.13,0,1
14994.0,291,5,960.63,577,2010-03-26 14:16:00,2010-11-22 12:59:00,192.126,240,1
14995.0,189,1,119.31,51,2011-03-04 13:14:00,2011-03-04 13:14:00,119.31,0,0
14996.0,390,2,442.28999999999996,404,2010-08-15 13:41:00,2010-08-15 13:44:00,221.14499999999998,0,1
14997.0,87,2,385.68,600,2010-02-22 12:11:00,2011-06-14 16:52:00,192.84,477,0
14998.0,79,4,770.73,367,2010-04-13 16:07:00,2011-06-22 17:30:00,192.6825,435,1
14999.0,502,1,129.48000000000002,88,2010-04-26 10:47:00,2010-04-26 10:47:00,129.48000000000002,0,1
15001.0,303,2,230.85999999999999,81,2010-11-10 13:31:00,2010-11-10 13:51:00,115.42999999999999,0,1
15002.0,25,9,4817.28,2518,2010-01-12 11:40:00,2011-08-16 10:44:00,535.2533333333333,580,1
15003.0,382,6,1060.7,547,2010-01-26 13:04:00,2010-08-23 15:44:00,176.78333333333333,209,1
15004.0,56,1,1246.32,630,2011-07-15 14:05:00,2011-07-15 14:05:00,1246.32,0,1
15005.0,5,48,12312.13,7643,2009-12-01 14:19:00,2011-09-05 11:18:00,256.5027083333333,642,0
15006.0,362,1,323.05,114,2010-09-12 13:03:00,2010-09-12 13:03:00,323.05,0,0
15007.0,68,1,156.91,69,2011-07-03 16:00:00,2011-07-03 16:00:00,156.91,0,1
15008.0,389,2,360.0,1500,2010-03-12 11:13:00,2010-08-16 13:09:00,180.0,157,1
15011.0,305,2,416.6,289,2010-10-19 12:05:00,2010-11-09 11:10:00,208.3,20,1
15012.0,283,2,628.64,334,2010-05-12 11:49:00,2010-12-01 12:49:00,314.32,203,0
15013.0,397,10,1641.3,1747,2010-01-31 12:15:00,2010-08-09 12:05:00,164.13,189,1
15014.0,85,1,117.72999999999999,68,2011-06-16 19:40:00,2011-06-16 19:40:00,117.72999999999999,0,0
15015.0,410,13,2365.02,1593,2009-12-14 14:46:00,2010-07-26 13:50:00,181.92461538461538,223,1
15016.0,82,5,630.3,247,2010-06-14 13:06:00,2011-06-20 12:06:00,126.05999999999999,370,1
15018.0,162,2,402.59000000000003,115,2010-12-07 10:47:00,2011-04-01 09:56:00,201.29500000000002,114,0
15019.0,176,1,266.0,159,2011-03-18 12:35:00,2011-03-18 12:35:00,266.0,0,1
15020.0,288,1,203.42,112,2010-11-25 13:29:00,2010-11-25 13:29:00,203.42,0,1
15021.0,66,8,1988.09,901,2010-07-29 16:35:00,2011-07-06 11:52:00,248.51125,341,0
15022.0,586,1,281.05,113,2010-01-31 16:02:00,2010-01-31 16:02:00,281.05,0,0
15023.0,25,17,10478.24,4418,2010-02-03 15:45:00,2011-08-15 15:06:00,616.3670588235294,557,0
15024.0,22,11,3259.8,1697,2010-10-11 16:14:00,2011-08-18 19:13:00,296.3454545454546,311,0
15025.0,477,1,636.08,326,2010-05-20 13:28:00,2010-05-20 13:28:00,636.08,0,0
15026.0,149,4,823.39,469,2010-09-17 13:52:00,2011-04-13 14:25:00,205.8475,208,0
15027.0,77,9,3096.42,2740,2010-03-25 14:39:00,2011-06-24 14:33:00,344.0466666666667,455,0
15028.0,278,3,716.55,456,2010-11-10 14:32:00,2010-12-06 12:47:00,238.85,25,0
15029.0,529,1,365.1,234,2010-03-30 12:16:00,2010-03-30 12:16:00,365.1,0,1
15030.0,177,7,1614.39,1009,2010-03-04 17:10:00,2011-03-16 15:34:00,230.62714285714287,376,0
15031.0,19,12,2750.23,1329,2009-12-08 13:38:00,2011-08-21 15:35:00,229.18583333333333,621,0
15032.0,165,8,13780.65,8259,2009-12-10 15:27:00,2011-03-28 15:03:00,1722.58125,472,1
15033.0,18,6,1629.1,916,2011-01-14 13:28:00,2011-08-22 13:40:00,271.51666666666665,220,0
15034.0,142,11,6669.62,3699,2010-05-11 13:30:00,2011-04-21 11:03:00,606.329090909091,344,0
15036.0,86,2,245.69,151,2011-06-13 12:19:00,2011-06-15 13:35:00,122.845,2,0
15037.0,285,2,402.51,301,2010-11-28 12:14:00,2010-11-28 13:05:00,201.255,0,1
15038.0,97,7,1121.82,352,2010-10-10 14:35:00,2011-06-05 11:14:00,160.26,237,0
15039.0,1,84,38630.79,17505,2009-12-10 11:39:00,2011-09-09 11:15:00,459.89035714285717,637,0
15040.0,451,1,7.49,1,2010-06-16 11:40:00,2010-06-16 11:40:00,7.49,0,1
15041.0,79,2,294.02,197,2010-09-21 13:16:00,2011-06-22 16:16:00,147.01,274,1
15042.0,108,2,315.45,238,2010-04-23 14:01:00,2011-05-24 16:25:00,157.725,396,1
15043.0,372,5,2336.7999999999997,731,2010-06-24 15:50:00,2010-09-02 15:09:00,467.35999999999996,69,0
15044.0,45,31,13706.380000000001,4031,2009-12-16 15:13:00,2011-07-26 13:57:00,442.1412903225807,586,0
15045.0,61,2,735.66,114,2011-03-27 11:44:00,2011-07-11 11:33:00,367.83,105,1
15046.0,6,21,6583.15,3811,2010-01-14 14:29:00,2011-09-04 11:54:00,313.4833333333333,597,0
15047.0,179,1,343.62,222,2011-03-15 10:49:00,2011-03-15 10:49:00,343.62,0,1
15048.0,26,3,423.23,205,2010-12-06 12:15:00,2011-08-15 10:02:00,141.07666666666668,251,0
15049.0,183,1,121.17000000000002,63,2011-03-11 12:13:00,2011-03-11 12:13:00,121.17000000000002,0,1
15050.0,330,2,2411.7,1404,2010-08-16 12:00:00,2010-10-14 14:18:00,1205.85,59,0
15051.0,59,7,2921.29,2393,2009-12-01 13:29:00,2011-07-12 15:29:00,417.32714285714286,588,0
15052.0,228,1,215.78,82,2011-01-24 15:52:00,2011-01-24 15:52:00,215.78,0,1
15053.0,65,2,478.6,514,2011-03-03 12:06:00,2011-07-06 13:06:00,239.3,125,0
15055.0,384,3,560.07,230,2009-12-16 15:48:00,2010-08-22 11:06:00,186.69000000000003,248,1
15056.0,429,1,133.45,81,2010-07-07 15:58:00,2010-07-07 15:58:00,133.45,0,1
15057.0,184,5,3255.96,1394,2009-12-05 15:27:00,2011-03-09 15:17:00,651.192,458,1
15058.0,34,12,2530.7,1208,2010-02-24 14:07:00,2011-08-07 10:43:00,210.89166666666665,528,0
15059.0,16,17,3194.45,1418,2009-12-06 12:17:00,2011-08-24 13:22:00,187.90882352941176,626,0
15061.0,37,116,119859.38,70984,2009-12-01 12:18:00,2011-08-04 10:45:00,1033.2705172413794,610,0
15062.0,127,7,2411.8,1650,2010-04-08 15:41:00,2011-05-06 10:19:00,344.54285714285714,392,0
15063.0,122,1,370.79999999999995,56,2011-05-10 13:25:00,2011-05-10 13:25:00,370.79999999999995,0,1
15064.0,319,4,1254.41,810,2009-12-22 16:17:00,2010-10-25 14:32:00,313.6025,306,1
15065.0,74,4,3027.48,1244,2010-10-25 09:13:00,2011-06-28 11:44:00,756.87,246,0
15067.0,192,3,2981.17,1544,2010-04-11 15:54:00,2011-03-02 12:10:00,993.7233333333334,324,0
15068.0,165,3,863.4499999999999,601,2010-03-28 13:18:00,2011-03-28 14:27:00,287.81666666666666,365,0
15069.0,88,1,1109.53,520,2011-06-13 14:16:00,2011-06-13 14:16:00,1109.53,0,1
15070.0,282,3,843.25,375,2009-12-15 13:49:00,2010-12-02 11:23:00,281.0833333333333,351,1
15071.0,3,4,1455.56,416,2010-05-18 12:45:00,2011-09-07 11:43:00,363.89,476,1
15072.0,388,1,187.51999999999998,164,2010-08-17 15:46:00,2010-08-17 15:46:00,187.51999999999998,0,1
15073.0,95,7,2606.57,1347,2010-01-27 08:48:00,2011-06-07 12:00:00,372.3671428571429,496,0
15074.0,14,3,1566.33,1063,2010-08-29 11:47:00,2011-08-26 14:45:00,522.11,362,1
15076.0,82,3,1447.74,866,2010-07-05 14:11:00,2011-06-20 08:23:00,482.58,349,1
15077.0,404,2,2428.08,528,2009-12-09 17:10:00,2010-08-02 11:13:00,1214.04,235,1
15078.0,15,43,14721.36,7272,2009-12-04 12:03:00,2011-08-26 11:19:00,342.3572093023256,629,0
15079.0,122,11,3767.35,1504,2009-12-08 11:22:00,2011-05-11 12:45:00,342.48636363636365,519,1
15080.0,337,2,546.25,287,2010-07-26 10:03:00,2010-10-08 11:52:00,273.125,74,1
15081.0,117,9,1708.97,729,2010-06-22 10:25:00,2011-05-15 13:31:00,189.88555555555556,327,0
15082.0,578,1,93.35000000000001,43,2010-02-09 10:23:00,2010-02-09 10:23:00,93.35000000000001,0,1
15083.0,166,1,88.2,38,2011-03-28 12:18:00,2011-03-28 12:18:00,88.2,0,1
15084.0,289,2,965.2,600,2010-03-04 10:45:00,2010-11-25 11:58:00,482.6,266,1
15085.0,639,1,347.54,169,2009-12-10 11:47:00,2009-12-10 11:47:00,347.54,0,1
15086.0,474,2,218.53,95,2010-03-24 13:56:00,2010-05-24 12:27:00,109.265,60,1
15087.0,191,1,306.94,470,2011-03-03 10:34:00,2011-03-03 10:34:00,306.94,0,1
15089.0,3,3,2036.28,1189,2011-08-03 14:14:00,2011-09-06 16:02:00,678.76,34,0
15090.0,217,1,381.32,208,2011-02-04 14:03:00,2011-02-04 14:03:00,381.32,0,1
15091.0,584,2,565.9,236,2010-02-03 11:46:00,2010-02-03 11:50:00,282.95,0,0
15092.0,124,3,776.46,230,2010-09-03 12:33:00,2011-05-08 14:10:00,258.82,247,1
15093.0,26,22,13756.19,11176,2009-12-08 12:46:00,2011-08-15 09:59:00,625.2813636363636,614,0
15094.0,372,2,83.0,28,2010-03-05 12:56:00,2010-09-02 16:55:00,41.5,181,1
15095.0,13,10,3141.64,2233,2010-01-21 09:37:00,2011-08-28 12:01:00,314.164,584,1
15097.0,492,2,660.27,254,2010-05-05 14:22:00,2010-05-05 14:33:00,330.135,0,0
15098.0,91,3,39916.5,121,2011-06-10 15:22:00,2011-06-10 15:33:00,13305.5,0,1
15100.0,243,7,2894.7,334,2010-01-07 14:33:00,2011-01-10 10:35:00,413.5285714285714,367,1
15101.0,268,5,1262.69,469,2010-04-28 15:00:00,2010-12-15 12:54:00,252.538,230,0
15102.0,440,2,554.67,339,2010-06-11 10:16:00,2010-06-27 12:16:00,277.335,16,1
15104.0,106,2,1027.44,637,2011-03-02 14:16:00,2011-05-27 12:29:00,513.72,85,1
15105.0,44,3,1328.96,810,2010-03-23 12:18:00,2011-07-28 10:09:00,442.9866666666667,491,0
15106.0,50,3,1032.83,822,2011-03-15 12:52:00,2011-07-21 17:02:00,344.27666666666664,128,0
15107.0,220,9,940.35,356,2010-09-14 10:47:00,2011-02-01 14:46:00,104.48333333333333,140,1
15108.0,51,4,1300.25,499,2011-04-26 10:54:00,2011-07-21 10:24:00,325.0625,85,1
15109.0,155,3,983.1,258,2009-12-04 12:33:00,2011-04-08 09:58:00,327.7,489,1
15110.0,36,4,886.3000000000001,212,2010-08-11 15:49:00,2011-08-05 09:25:00,221.57500000000002,358,0
15111.0,282,3,1451.89,560,2010-04-26 13:12:00,2010-12-02 11:45:00,483.96333333333337,219,0
15112.0,520,1,209.4,72,2010-04-07 14:17:00,2010-04-07 14:17:00,209.4,0,1
15114.0,2,9,2318.53,2253,2010-10-14 16:44:00,2011-09-07 13:30:00,257.6144444444445,327,0
15115.0,642,1,191.74,88,2009-12-07 11:20:00,2009-12-07 11:20:00,191.74,0,0
15116.0,44,2,790.97,255,2011-05-19 08:50:00,2011-07-28 09:48:00,395.485,70,0
15117.0,30,5,1609.92,2230,2010-03-15 13:39:00,2011-08-11 11:51:00,321.98400000000004,513,0
15118.0,43,1,244.8,1440,2011-07-28 14:54:00,2011-07-28 14:54:00,244.8,0,1
15119.0,155,1,266.4,88,2011-04-08 09:08:00,2011-04-08 09:08:00,266.4,0,1
15120.0,43,1,358.82,296,2011-07-29 09:48:00,2011-07-29 09:48:00,358.82,0,1
15121.0,198,1,295.15,125,2011-02-24 12:41:00,2011-02-24 12:41:00,295.15,0,0
15122.0,23,11,4497.47,2045,2010-03-30 14:05:00,2011-08-17 16:48:00,408.8609090909091,505,1
15123.0,115,4,3526.33,1838,2010-03-16 09:49:00,2011-05-17 14:57:00,881.5825,427,0
15124.0,101,3,357.38,318,2010-02-26 10:49:00,2011-06-01 09:06:00,119.12666666666667,459,0
15125.0,22,21,16291.87,8149,2010-03-31 13:29:00,2011-08-18 17:50:00,775.8033333333334,505,0
15126.0,446,2,449.49,273,2010-01-21 17:09:00,2010-06-21 12:31:00,224.745,150,1
15127.0,429,1,304.97,213,2010-07-08 10:07:00,2010-07-08 10:07:00,304.97,0,0
15128.0,36,4,1482.92,1247,2010-10-05 16:46:00,2011-08-05 10:31:00,370.73,303,0
15129.0,16,22,6209.51,3829,2010-04-08 17:15:00,2011-08-25 10:45:00,282.25045454545455,503,0
15130.0,79,1,330.11,197,2011-06-23 10:15:00,2011-06-23 10:15:00,330.11,0,1
15131.0,304,1,80.28,88,2010-11-10 12:07:00,2010-11-10 12:07:00,80.28,0,1
15132.0,15,3,842.23,633,2011-03-22 12:02:00,2011-08-26 11:47:00,280.74333333333334,156,0
15133.0,37,5,1806.9,960,2010-07-07 12:31:00,2011-08-04 10:44:00,361.38,392,1
15134.0,36,6,823.16,560,2010-10-13 12:44:00,2011-08-04 15:17:00,137.19333333333333,295,0
15135.0,148,2,305.68,84,2010-06-01 13:33:00,2011-04-14 19:16:00,152.84,317,1
15136.0,5,1,582.9,374,2011-09-04 16:05:00,2011-09-04 16:05:00,582.9,0,0
15137.0,430,2,823.4,596,2010-01-28 15:45:00,2010-07-07 09:41:00,411.7,159,1
15138.0,303,1,502.52,300,2010-11-11 09:16:00,2010-11-11 09:16:00,502.52,0,1
15139.0,149,2,178.96,208,2011-01-07 12:44:00,2011-04-14 11:39:00,89.48,96,1
15140.0,25,6,2617.55,1704,2010-09-23 13:07:00,2011-08-16 11:38:00,436.2583333333334,326,0
15141.0,367,7,1388.47,1197,2010-03-28 15:58:00,2010-09-08 11:33:00,198.35285714285715,163,1
15142.0,319,5,2121.18,1790,2010-07-27 09:05:00,2010-10-25 15:36:00,424.236,90,0
15143.0,135,2,563.63,320,2010-10-03 13:58:00,2011-04-28 12:03:00,281.815,206,1
15144.0,2,22,9140.710000000001,4121,2009-12-13 11:35:00,2011-09-08 12:20:00,415.48681818181825,634,0
15145.0,136,2,724.03,438,2011-04-05 15:20:00,2011-04-26 16:40:00,362.015,21,0
15146.0,74,2,1327.16,1473,2011-02-21 13:07:00,2011-06-28 12:09:00,663.58,126,1
15147.0,149,1,623.5,366,2011-04-13 15:57:00,2011-04-13 15:57:00,623.5,0,1
15149.0,43,5,1554.6100000000001,380,2010-02-28 11:13:00,2011-07-29 10:58:00,310.922,515,1
15150.0,18,8,7256.2300000000005,4999,2010-06-14 12:01:00,2011-08-22 15:05:00,907.0287500000001,434,0
15151.0,332,2,2085.61,795,2010-07-18 12:19:00,2010-10-12 16:37:00,1042.805,86,1
15152.0,22,7,2901.35,1463,2010-01-07 15:15:00,2011-08-18 12:53:00,414.4785714285714,587,0
15154.0,387,2,1091.99,245,2010-08-18 17:41:00,2010-08-18 17:43:00,545.995,0,0
15155.0,292,1,383.96999999999997,192,2010-11-21 12:59:00,2010-11-21 12:59:00,383.96999999999997,0,1
15157.0,63,4,2223.41,2984,2009-12-10 14:44:00,2011-07-08 13:26:00,555.8525,574,0
15158.0,310,1,204.62,21,2010-11-03 13:46:00,2010-11-03 13:46:00,204.62,0,0
15159.0,22,22,12445.69,7737,2010-10-04 09:31:00,2011-08-19 09:38:00,565.7131818181819,319,0
15160.0,266,4,589.27,307,2010-10-14 15:26:00,2010-12-17 14:15:00,147.3175,63,1
15161.0,297,1,119.92,144,2010-11-16 16:08:00,2010-11-16 16:08:00,119.92,0,1
15162.0,640,1,312.9,74,2009-12-08 13:14:00,2009-12-08 13:14:00,312.9,0,1
15163.0,101,1,155.0,48,2011-05-31 15:22:00,2011-05-31 15:22:00,155.0,0,0
15164.0,117,8,1594.05,714,2010-01-18 13:34:00,2011-05-15 13:14:00,199.25625,481,0
15165.0,282,1,975.5,320,2010-12-01 14:03:00,2010-12-01 14:03:00,975.5,0,1
15166.0,377,1,167.16,140,2010-08-29 12:31:00,2010-08-29 12:31:00,167.16,0,1
15167.0,230,5,1659.67,872,2010-02-04 14:13:00,2011-01-23 12:41:00,331.934,352,1
15169.0,291,2,569.22,356,2009-12-13 11:16:00,2010-11-22 13:04:00,284.61,344,1
15170.0,316,1,81.15,33,2010-10-29 10:34:00,2010-10-29 10:34:00,81.15,0,1
15171.0,240,1,1289.5,290,2011-01-12 15:36:00,2011-01-12 15:36:00,1289.5,0,1
15172.0,45,3,886.74,838,2011-04-17 11:56:00,2011-07-27 11:29:00,295.58,100,0
15173.0,290,7,1494.6,840,2010-04-01 12:26:00,2010-11-24 10:21:00,213.5142857142857,236,1
15174.0,232,2,481.46,382,2010-10-25 09:40:00,2011-01-21 09:06:00,240.73,87,1
15176.0,577,1,988.04,448,2010-02-10 10:36:00,2010-02-10 10:36:00,988.04,0,1
15177.0,335,1,948.93,485,2010-10-10 12:48:00,2010-10-10 12:48:00,948.93,0,1
15178.0,169,1,40.5,30,2011-03-24 15:12:00,2011-03-24 15:12:00,40.5,0,1
15179.0,143,11,6740.09,4772,2009-12-03 12:27:00,2011-04-20 09:03:00,612.7354545454546,502,0
15180.0,276,3,904.4300000000001,690,2010-04-29 15:27:00,2010-12-07 14:57:00,301.4766666666667,221,1
15181.0,84,4,945.7199999999999,396,2009-12-08 19:02:00,2011-06-17 13:57:00,236.42999999999998,555,0
15182.0,63,11,2998.952,1186,2010-02-21 12:03:00,2011-07-08 13:37:00,272.632,502,1
15183.0,457,3,639.93,297,2010-05-04 11:31:00,2010-06-10 10:43:00,213.30999999999997,36,1
15184.0,100,3,518.42,336,2009-12-16 12:06:00,2011-06-02 12:06:00,172.80666666666664,533,0
15186.0,77,4,1221.05,663,2010-01-12 10:14:00,2011-06-24 14:54:00,305.2625,528,0
15187.0,1,6,1883.88,801,2011-05-11 13:49:00,2011-09-09 10:05:00,313.98,120,0
15188.0,634,1,310.43,233,2009-12-14 13:30:00,2009-12-14 13:30:00,310.43,0,1
15189.0,0,38,13934.76,5380,2010-07-18 13:37:00,2011-09-09 14:18:00,366.7042105263158,418,0
15190.0,343,1,834.4399999999999,790,2010-10-01 13:09:00,2010-10-01 13:09:00,834.4399999999999,0,1
15191.0,372,3,588.05,287,2010-01-20 12:35:00,2010-09-02 15:37:00,196.01666666666665,225,1
15192.0,29,5,1981.39,1644,2010-01-29 10:13:00,2011-08-12 11:41:00,396.278,560,1
15194.0,36,24,9280.69,6749,2009-12-03 10:37:00,2011-08-05 10:39:00,386.6954166666667,610,0
15196.0,342,2,316.25,131,2009-12-13 11:14:00,2010-10-03 10:50:00,158.125,293,1
15197.0,162,5,1571.15,791,2009-12-11 12:56:00,2011-04-01 11:50:00,314.23,475,0
15198.0,1,5,571.35,327,2010-01-19 10:01:00,2011-09-08 14:42:00,114.27000000000001,597,1
15199.0,4,9,2821.45,803,2010-05-13 10:14:00,2011-09-06 10:12:00,313.4944444444444,480,0
15200.0,404,1,549.05,195,2010-08-02 09:38:00,2010-08-02 09:38:00,549.05,0,1
15201.0,35,6,1539.67,1364,2010-04-07 14:50:00,2011-08-05 14:05:00,256.6116666666667,484,0
15202.0,329,3,6001.49,3,2010-10-15 12:39:00,2010-10-15 13:05:00,2000.4966666666667,0,1
15203.0,15,13,3900.7,3768,2009-12-08 18:06:00,2011-08-26 09:58:00,300.05384615384617,625,0
15204.0,266,1,316.58,258,2010-12-17 13:49:00,2010-12-17 13:49:00,316.58,0,1
15205.0,36,1,476.29999999999995,196,2011-08-04 16:07:00,2011-08-04 16:07:00,476.29999999999995,0,0
15206.0,9,3,236.7,90,2011-03-09 08:59:00,2011-09-01 11:41:00,78.89999999999999,176,0
15207.0,325,3,683.9200000000001,428,2010-06-10 17:29:00,2010-10-19 13:29:00,227.97333333333336,130,1
15208.0,72,3,423.91999999999996,194,2010-10-12 12:17:00,2011-06-29 13:51:00,141.30666666666664,260,0
15209.0,639,1,178.98000000000002,94,2009-12-09 17:26:00,2009-12-09 17:26:00,178.98000000000002,0,1
15210.0,134,3,1176.19,841,2010-05-13 14:42:00,2011-04-28 16:11:00,392.06333333333333,350,1
15211.0,274,1,766.14,234,2010-12-09 16:08:00,2010-12-09 16:08:00,766.14,0,0
15212.0,150,2,208.28,84,2010-11-28 10:45:00,2011-04-12 13:45:00,104.14,135,1
15213.0,228,2,328.35,272,2011-01-14 11:05:00,2011-01-25 12:21:00,164.175,11,1
15214.0,93,2,651.63,556,2011-04-11 09:46:00,2011-06-09 09:44:00,325.815,58,0
15215.0,6,5,1987.53,643,2010-04-06 11:21:00,2011-09-04 12:24:00,397.506,516,0
15216.0,528,1,389.49,189,2010-03-31 09:52:00,2010-03-31 09:52:00,389.49,0,0
15217.0,472,1,426.24,190,2010-05-25 13:51:00,2010-05-25 13:51:00,426.24,0,1
15218.0,26,19,9625.03,5482,2010-01-26 11:33:00,2011-08-15 12:06:00,506.5805263157895,566,0
15219.0,85,2,685.45,271,2010-03-01 11:33:00,2011-06-16 16:57:00,342.725,472,1
15220.0,24,5,1284.05,1137,2011-03-04 10:24:00,2011-08-16 14:28:00,256.81,165,0
15221.0,275,4,2465.4500000000003,287,2010-03-12 10:40:00,2010-12-08 13:08:00,616.3625000000001,271,1
15222.0,228,11,3550.91,4458,2009-12-16 13:49:00,2011-01-25 08:03:00,322.81,404,1
15223.0,135,5,1417.95,385,2009-12-05 11:19:00,2011-04-28 11:31:00,283.59000000000003,509,1
15224.0,267,5,871.36,443,2010-01-15 16:14:00,2010-12-16 15:02:00,174.272,334,1
15225.0,143,1,409.40000000000003,226,2011-04-19 14:51:00,2011-04-19 14:51:00,409.40000000000003,0,1
15226.0,220,1,154.41,71,2011-02-02 11:41:00,2011-02-02 11:41:00,154.41,0,1
15227.0,125,7,2145.91,1056,2010-03-16 08:23:00,2011-05-08 10:11:00,306.5585714285714,418,0
15228.0,39,5,4417.59,2625,2010-07-28 10:21:00,2011-08-02 12:27:00,883.518,370,0
15229.0,495,1,160.5,114,2010-05-02 13:50:00,2010-05-02 13:50:00,160.5,0,1
15230.0,148,2,429.6,351,2011-04-13 11:04:00,2011-04-14 14:39:00,214.8,1,1
15231.0,530,1,250.26,190,2010-03-28 15:12:00,2010-03-28 15:12:00,250.26,0,1
15232.0,22,2,612.06,686,2011-07-22 12:21:00,2011-08-18 16:27:00,306.03,27,1
15233.0,310,1,59.400000000000006,12,2010-11-03 13:36:00,2010-11-03 13:36:00,59.400000000000006,0,1
15234.0,186,1,197.0,196,2011-03-08 08:53:00,2011-03-08 08:53:00,197.0,0,1
15235.0,127,16,2937.81,1735,2010-11-16 12:48:00,2011-05-06 09:44:00,183.613125,170,1
15236.0,208,1,321.05,269,2011-02-14 10:52:00,2011-02-14 10:52:00,321.05,0,1
15237.0,112,2,1093.65,798,2011-04-26 15:04:00,2011-05-20 14:47:00,546.825,23,0
15238.0,4,2,772.78,577,2011-06-08 16:00:00,2011-09-05 15:26:00,386.39,88,0
15240.0,101,10,3798.79,2600,2009-12-05 14:57:00,2011-06-01 11:27:00,379.879,542,0
15241.0,36,9,2638.58,3068,2010-02-23 13:59:00,2011-08-04 16:41:00,293.17555555555555,527,0
15242.0,331,1,302.04,196,2010-10-13 15:33:00,2010-10-13 15:33:00,302.04,0,1
15243.0,344,1,610.6,358,2010-09-30 17:28:00,2010-09-30 17:28:00,610.6,0,0
15244.0,157,2,578.45,307,2010-02-11 14:48:00,2011-04-05 15:12:00,289.225,418,0
15245.0,43,8,4610.84,3021,2010-04-23 14:23:00,2011-07-28 18:56:00,576.355,461,1
15246.0,147,3,780.4,359,2010-06-02 11:28:00,2011-04-15 14:45:00,260.1333333333333,317,1
15247.0,31,3,976.06,514,2010-06-20 14:08:00,2011-08-09 12:52:00,325.3533333333333,414,1
15248.0,320,3,1893.93,1065,2010-06-23 14:34:00,2010-10-24 13:09:00,631.3100000000001,122,1
15249.0,1,16,8216.88,4474,2010-03-26 14:51:00,2011-09-09 11:46:00,513.555,531,0
15250.0,550,1,60.0,48,2010-03-09 07:35:00,2010-03-09 07:35:00,60.0,0,1
15251.0,0,18,19535.37,11641,2010-01-29 12:42:00,2011-09-09 15:53:00,1085.2983333333332,588,0
15252.0,92,4,1663.18,1007,2010-04-07 10:24:00,2011-06-09 14:15:00,415.795,428,0
15253.0,79,4,1310.74,933,2010-05-02 11:17:00,2011-06-23 12:19:00,327.685,417,0
15254.0,36,3,1088.35,711,2010-05-28 10:08:00,2011-08-04 15:04:00,362.7833333333333,433,1
15255.0,305,8,2838.57,1737,2009-12-03 09:10:00,2010-11-08 15:12:00,354.82125,340,0
15256.0,58,2,170.4,92,2010-05-27 11:41:00,2011-07-14 11:47:00,85.2,413,1
15257.0,192,2,685.9,71,2010-10-21 14:03:00,2011-03-01 12:58:00,342.95,130,1
15258.0,78,2,623.16,142,2011-05-06 14:16:00,2011-06-24 12:30:00,311.58,48,1
15259.0,422,4,1182.3799999999999,631,2010-01-26 09:41:00,2010-07-15 08:47:00,295.59499999999997,169,1
15260.0,9,25,9188.23,4722,2009-12-06 11:45:00,2011-08-31 13:55:00,367.5292,633,1
15261.0,44,4,1508.0,806,2010-10-01 11:59:00,2011-07-27 15:20:00,377.0,299,1
15262.0,233,3,418.82,218,2010-08-08 15:55:00,2011-01-20 12:16:00,139.60666666666665,164,1
15263.0,16,1,156.51,89,2011-08-25 10:26:00,2011-08-25 10:26:00,156.51,0,1
15264.0,439,1,454.66,178,2010-06-27 13:29:00,2010-06-27 13:29:00,454.66,0,0
15265.0,60,4,3345.64,1570,2009-12-01 17:08:00,2011-07-11 14:46:00,836.41,586,1
15266.0,247,5,852.21,236,2010-01-07 12:19:00,2011-01-05 13:40:00,170.442,363,1
15267.0,65,2,1407.76,704,2011-06-10 10:24:00,2011-07-07 11:36:00,703.88,27,0
15268.0,388,3,961.9000000000001,428,2010-04-13 11:27:00,2010-08-18 10:33:00,320.6333333333334,126,1
15269.0,289,2,816.56,346,2010-11-14 12:58:00,2010-11-24 15:32:00,408.28,10,0
15270.0,27,19,7995.66,3506,2009-12-17 15:02:00,2011-08-14 10:38:00,420.82421052631577,604,0
15271.0,4,19,3799.09,2052,2010-08-05 14:57:00,2011-09-06 09:49:00,199.9521052631579,396,0
15272.0,359,4,1363.54,377,2010-02-14 13:39:00,2010-09-15 17:07:00,340.885,213,0
15273.0,509,1,228.96,216,2010-04-19 11:31:00,2010-04-19 11:31:00,228.96,0,1
15276.0,303,3,514.22,267,2010-10-01 12:24:00,2010-11-10 16:07:00,171.40666666666667,40,0
15277.0,334,1,220.44,168,2010-10-10 16:02:00,2010-10-10 16:02:00,220.44,0,0
15278.0,471,4,496.15999999999997,458,2010-02-12 14:53:00,2010-05-27 10:03:00,124.03999999999999,103,1
15279.0,264,5,1580.54,802,2010-02-02 10:15:00,2010-12-20 10:48:00,316.108,321,1
15280.0,81,3,406.21999999999997,513,2010-05-17 14:17:00,2011-06-20 17:14:00,135.40666666666667,399,1
15281.0,46,15,8403.2,5150,2010-10-08 12:14:00,2011-07-26 09:23:00,560.2133333333334,290,0
15282.0,479,1,348.59,395,2010-05-18 16:27:00,2010-05-18 16:27:00,348.59,0,1
15283.0,299,3,148.33,27,2010-07-09 15:46:00,2010-11-14 14:54:00,49.443333333333335,127,1
15284.0,409,1,24.75,5,2010-07-27 13:25:00,2010-07-27 13:25:00,24.75,0,1
15285.0,317,1,94.92,120,2010-10-28 09:46:00,2010-10-28 09:46:00,94.92,0,1
15287.0,289,3,369.34000000000003,577,2009-12-02 12:13:00,2010-11-25 10:29:00,123.11333333333334,357,0
15288.0,65,9,3582.9700000000003,1350,2010-02-12 15:27:00,2011-07-07 10:28:00,398.1077777777778,509,0
15289.0,47,4,1351.29,1387,2010-03-28 11:45:00,2011-07-25 11:01:00,337.8225,483,0
15290.0,13,20,5945.65,3789,2010-02-24 10:15:00,2011-08-28 10:54:00,297.28249999999997,550,0
15291.0,4,37,12863.28,4371,2009-12-03 11:09:00,2011-09-06 09:15:00,347.65621621621625,641,0
15292.0,110,1,180.94,56,2011-05-22 15:00:00,2011-05-22 15:00:00,180.94,0,1
15293.0,575,1,247.5,178,2010-02-12 11:54:00,2010-02-12 11:54:00,247.5,0,1
15294.0,320,1,233.35,97,2010-10-25 11:45:00,2010-10-25 11:45:00,233.35,0,1
15295.0,563,1,217.23999999999998,151,2010-02-23 13:03:00,2010-02-23 13:03:00,217.23999999999998,0,1
15296.0,18,11,9269.46,4973,2010-01-21 13:48:00,2011-08-22 14:20:00,842.6781818181818,578,0
15298.0,2,18,8017.69,5290,2009-12-08 17:04:00,2011-09-08 08:56:00,445.4272222222222,638,0
15299.0,73,8,6519.54,5083,2010-01-12 11:34:00,2011-06-28 17:01:00,814.9425,532,0
15301.0,23,14,6280.89,3537,2010-09-15 15:41:00,2011-08-18 09:45:00,448.63500000000005,336,0
15302.0,639,1,308.0,102,2009-12-09 13:11:00,2009-12-09 13:11:00,308.0,0,1
15303.0,199,3,1224.18,514,2010-01-25 09:42:00,2011-02-22 13:59:00,408.06,393,1
15304.0,74,7,717.0500000000001,103,2010-10-14 10:24:00,2011-06-28 08:19:00,102.4357142857143,256,0
15305.0,464,1,93.6,40,2010-06-02 13:50:00,2010-06-02 13:50:00,93.6,0,1
15306.0,2,8,2967.45,2776,2010-02-18 17:12:00,2011-09-08 12:47:00,370.93125,566,0
15307.0,5,1,205.3,37,2011-09-05 11:38:00,2011-09-05 11:38:00,205.3,0,1
15308.0,183,1,310.47,175,2011-03-10 13:08:00,2011-03-10 13:08:00,310.47,0,1
15309.0,520,4,797.96,440,2009-12-04 13:01:00,2010-04-08 11:11:00,199.49,124,1
15310.0,388,1,1634.64,1476,2010-08-18 11:38:00,2010-08-18 11:38:00,1634.64,0,1
15311.0,3,182,102158.74,62326,2009-12-01 11:21:00,2011-09-06 14:38:00,561.3117582417583,644,0
15312.0,12,11,2800.14,1587,2009-12-16 09:23:00,2011-08-28 14:00:00,254.5581818181818,620,0
15313.0,19,1,52.0,25,2011-08-21 16:02:00,2011-08-21 16:02:00,52.0,0,1
15314.0,108,3,820.4499999999999,750,2010-10-07 15:41:00,2011-05-24 14:39:00,273.4833333333333,228,1
15315.0,25,1,233.54,262,2011-08-15 15:17:00,2011-08-15 15:17:00,233.54,0,0
15316.0,236,1,165.0,100,2011-01-17 11:34:00,2011-01-17 11:34:00,165.0,0,1
15317.0,586,1,129.75,45,2010-01-31 15:55:00,2010-01-31 15:55:00,129.75,0,1
15319.0,193,1,204.5,175,2011-03-01 12:48:00,2011-03-01 12:48:00,204.5,0,1
15321.0,201,10,5120.89,3017,2010-02-03 09:47:00,2011-02-21 11:10:00,512.089,383,0
15322.0,385,1,711.18,555,2010-08-20 13:10:00,2010-08-20 13:10:00,711.18,0,0
15323.0,472,3,434.6,188,2010-02-16 09:21:00,2010-05-26 10:01:00,144.86666666666667,99,1
15324.0,610,1,140.22000000000003,74,2010-01-07 14:37:00,2010-01-07 14:37:00,140.22000000000003,0,1
15325.0,13,8,1602.01,1383,2010-02-16 13:30:00,2011-08-28 11:55:00,200.25125,557,1
15326.0,243,5,1700.52,1351,2009-12-01 13:19:00,2011-01-10 11:38:00,340.104,404,1
15328.0,317,1,107.24,88,2010-10-28 09:05:00,2010-10-28 09:05:00,107.24,0,1
15329.0,43,10,2688.63,1119,2009-12-14 12:18:00,2011-07-28 15:31:00,268.863,591,0
15331.0,409,3,767.91,701,2010-04-09 14:26:00,2010-07-28 09:42:00,255.97,109,1
15332.0,275,6,6553.74,2958,2010-07-14 13:01:00,2010-12-08 14:43:00,1092.29,147,1
15333.0,117,1,1028.56,344,2011-05-15 13:27:00,2011-05-15 13:27:00,1028.56,0,1
15334.0,66,3,351.67,274,2011-06-19 13:51:00,2011-07-06 11:22:00,117.22333333333334,16,1
15336.0,311,1,240.5,84,2010-11-03 12:39:00,2010-11-03 12:39:00,240.5,0,1
15337.0,320,1,373.02,200,2010-10-24 15:29:00,2010-10-24 15:29:00,373.02,0,1
15338.0,586,1,283.43,150,2010-01-31 14:25:00,2010-01-31 14:25:00,283.43,0,1
15339.0,227,6,1511.67,886,2010-02-08 13:38:00,2011-01-25 13:15:00,251.94500000000002,350,0
15340.0,471,1,105.5,76,2010-05-27 10:27:00,2010-05-27 10:27:00,105.5,0,1
15341.0,358,1,382.2,196,2010-09-16 16:41:00,2010-09-16 16:41:00,382.2,0,0
15342.0,39,1,406.09,283,2011-08-02 10:19:00,2011-08-02 10:19:00,406.09,0,1
15346.0,242,3,596.12,260,2010-10-04 15:11:00,2011-01-11 11:18:00,198.70666666666668,98,1
15347.0,275,4,1363.6,672,2010-09-28 12:50:00,2010-12-08 15:25:00,340.9,71,1
15349.0,67,2,473.81,327,2011-06-05 15:46:00,2011-07-04 16:06:00,236.905,29,1
15350.0,282,2,663.25,323,2010-11-21 15:14:00,2010-12-01 13:33:00,331.625,9,1
15351.0,279,4,2052.85,867,2010-10-03 12:18:00,2010-12-05 11:49:00,513.2125,62,0
15352.0,458,1,114.95,43,2010-06-09 11:28:00,2010-06-09 11:28:00,114.95,0,1
15353.0,164,7,3175.95,1551,2009-12-02 11:33:00,2011-03-30 12:15:00,453.70714285714286,483,1
15354.0,512,3,284.4,3,2010-04-15 16:17:00,2010-04-15 16:24:00,94.8,0,1
15356.0,14,11,2978.09,1727,2010-10-13 13:12:00,2011-08-26 13:25:00,270.73545454545456,317,0
15358.0,30,35,14343.02,13261,2009-12-07 12:19:00,2011-08-11 12:44:00,409.80057142857146,612,0
15359.0,572,8,181.35,145,2010-01-15 11:30:00,2010-02-15 10:47:00,22.66875,30,1
15361.0,271,4,689.07,373,2010-06-14 13:27:00,2010-12-13 09:52:00,172.2675,181,1
15362.0,358,2,613.08,368,2009-12-01 09:08:00,2010-09-17 10:37:00,306.54,290,1
15363.0,282,2,1004.11,527,2010-08-04 08:41:00,2010-12-02 12:28:00,502.055,120,1
15364.0,5,2,913.19,493,2011-03-30 13:39:00,2011-09-05 09:46:00,456.595,158,1
15365.0,5,8,3204.09,1451,2010-02-04 16:43:00,2011-09-04 15:37:00,400.51125,576,0
15366.0,267,6,1892.11,1887,2010-02-26 10:10:00,2010-12-16 15:59:00,315.35166666666663,293,0
15367.0,155,9,4619.92,2637,2009-12-10 14:20:00,2011-04-08 11:50:00,513.3244444444445,483,0
15368.0,303,1,275.8,176,2010-11-10 15:52:00,2010-11-10 15:52:00,275.8,0,0
15369.0,401,11,6251.26,3288,2009-12-08 07:43:00,2010-08-04 13:54:00,568.2963636363637,239,1
15370.0,50,5,2866.42,1178,2010-10-25 12:08:00,2011-07-21 18:36:00,573.284,269,0
15371.0,571,1,59.400000000000006,12,2010-02-15 13:14:00,2010-02-15 13:14:00,59.400000000000006,0,1
15372.0,46,8,6017.06,6410,2010-02-14 11:24:00,2011-07-25 16:39:00,752.1325,526,1
15373.0,25,14,2692.38,623,2010-05-02 11:57:00,2011-08-16 08:52:00,192.31285714285715,470,0
15374.0,38,2,307.32,290,2010-03-25 12:03:00,2011-08-03 09:59:00,153.66,495,1
15375.0,599,1,60.959999999999994,84,2010-01-18 15:38:00,2010-01-18 15:38:00,60.959999999999994,0,1
15376.0,26,2,989.02,537,2011-05-01 13:45:00,2011-08-14 15:39:00,494.51,105,0
15377.0,292,4,1211.75,253,2010-10-20 11:42:00,2010-11-22 08:55:00,302.9375,32,1
15378.0,372,2,246.5,130,2010-07-26 08:47:00,2010-09-03 11:30:00,123.25,39,1
15379.0,78,8,4877.84,3000,2010-11-04 11:59:00,2011-06-23 13:13:00,609.73,231,1
15380.0,50,8,2371.36,872,2009-12-01 13:50:00,2011-07-21 16:33:00,296.42,597,0
15381.0,123,5,1890.5700000000002,802,2010-05-05 14:35:00,2011-05-10 11:55:00,378.11400000000003,369,1
15382.0,94,10,9904.960000000001,6794,2009-12-04 14:13:00,2011-06-08 11:57:00,990.4960000000001,550,0
15384.0,79,4,2027.79,1767,2010-04-26 12:38:00,2011-06-23 10:57:00,506.9475,422,1
15385.0,302,2,625.2,267,2010-01-31 13:02:00,2010-11-12 12:28:00,312.6,284,0
15386.0,95,1,394.14,446,2011-06-06 13:47:00,2011-06-06 13:47:00,394.14,0,1
15387.0,401,1,468.65,335,2010-08-04 16:05:00,2010-08-04 16:05:00,468.65,0,1
15388.0,179,1,140.54,88,2011-03-14 13:53:00,2011-03-14 13:53:00,140.54,0,1
15389.0,81,5,2733.8,3940,2010-01-27 12:44:00,2011-06-20 16:18:00,546.76,509,1
15390.0,305,2,1216.66,894,2010-10-26 17:23:00,2010-11-08 15:19:00,608.33,12,1
15391.0,493,1,289.87,109,2010-05-04 15:04:00,2010-05-04 15:04:00,289.87,0,1
15392.0,269,4,1715.07,1269,2010-10-04 12:50:00,2010-12-14 15:50:00,428.7675,71,0
15393.0,190,4,783.58,322,2009-12-15 17:56:00,2011-03-03 16:58:00,195.895,442,0
15394.0,113,9,4539.7,2008,2009-12-15 19:05:00,2011-05-19 14:27:00,504.4111111111111,519,0
15395.0,235,1,107.45,17,2011-01-18 12:40:00,2011-01-18 12:40:00,107.45,0,1
15396.0,22,2,796.38,278,2010-05-05 09:04:00,2011-08-19 10:56:00,398.19,471,1
15397.0,199,1,94.0,20,2011-02-23 09:25:00,2011-02-23 09:25:00,94.0,0,1
15400.0,1,8,1302.3,662,2010-05-28 08:33:00,2011-09-08 13:57:00,162.7875,468,1
15401.0,361,2,216.95000000000002,93,2010-05-20 10:56:00,2010-09-13 13:42:00,108.47500000000001,116,1
15402.0,58,6,1830.54,2034,2010-04-27 12:12:00,2011-07-14 12:17:00,305.09,443,1
15403.0,401,2,170.88,492,2009-12-09 12:45:00,2010-08-05 12:21:00,85.44,238,1
15404.0,285,1,257.06,334,2010-11-29 11:03:00,2010-11-29 11:03:00,257.06,0,1
15405.0,98,2,659.84,348,2010-05-12 15:56:00,2011-06-03 14:44:00,329.92,386,1
15406.0,210,3,717.45,423,2010-09-12 13:06:00,2011-02-11 16:20:00,239.15,152,0
15407.0,93,3,740.73,329,2011-02-07 13:18:00,2011-06-09 11:32:00,246.91,121,0
15408.0,173,1,267.18,106,2011-03-20 15:02:00,2011-03-20 15:02:00,267.18,0,1
15409.0,630,1,131.25,59,2009-12-18 15:35:00,2009-12-18 15:35:00,131.25,0,1
15410.0,8,9,4324.29,1751,2010-04-19 08:57:00,2011-09-01 19:08:00,480.4766666666667,500,0
15411.0,33,2,382.21,155,2011-06-10 12:30:00,2011-08-07 12:54:00,191.105,58,0
15412.0,80,1,190.53,108,2011-06-21 15:24:00,2011-06-21 15:24:00,190.53,0,1
15413.0,601,5,6798.72,2694,2009-12-01 10:18:00,2010-01-17 11:33:00,1359.7440000000001,47,1
15414.0,151,1,36.2,12,2011-04-11 13:45:00,2011-04-11 13:45:00,36.2,0,0
15415.0,222,1,572.8100000000001,575,2011-01-30 14:13:00,2011-01-30 14:13:00,572.8100000000001,0,1
15416.0,64,6,3732.83,2028,2010-02-01 11:55:00,2011-07-07 18:29:00,622.1383333333333,521,0
15418.0,334,2,452.32,266,2010-05-02 11:31:00,2010-10-10 13:38:00,226.16,161,1
15420.0,343,6,743.0,844,2009-12-05 13:29:00,2010-10-01 15:46:00,123.83333333333333,300,1
15421.0,124,9,3594.34,1806,2009-12-07 15:10:00,2011-05-08 14:02:00,399.37111111111113,516,0
15422.0,232,7,1619.97,710,2010-02-07 11:52:00,2011-01-20 16:17:00,231.42428571428573,347,1
15423.0,491,2,223.39,97,2010-03-28 13:42:00,2010-05-07 09:21:00,111.695,39,0
15424.0,163,3,597.78,873,2010-09-02 17:17:00,2011-03-30 13:02:00,199.26,208,1
15425.0,309,4,1944.57,1042,2010-02-14 12:36:00,2010-11-04 18:13:00,486.1425,263,1
15426.0,166,6,1830.98,811,2010-05-02 15:10:00,2011-03-27 16:05:00,305.16333333333336,329,0
15428.0,296,3,668.97,245,2009-12-17 17:46:00,2010-11-17 13:46:00,222.99,334,0
15430.0,377,2,954.75,309,2010-06-29 15:04:00,2010-08-29 10:42:00,477.375,60,1
15431.0,412,1,153.24,84,2010-07-25 12:44:00,2010-07-25 12:44:00,153.24,0,1
15432.0,450,1,149.57,27,2010-06-16 14:34:00,2010-06-16 14:34:00,149.57,0,0
15433.0,123,2,533.3,534,2011-03-17 14:12:00,2011-05-10 10:45:00,266.65,53,1
15434.0,16,9,2112.86,1255,2010-01-24 15:35:00,2011-08-24 16:24:00,234.76222222222225,577,0
15436.0,143,1,489.05,251,2011-04-19 16:52:00,2011-04-19 16:52:00,489.05,0,0
15437.0,171,2,393.45,177,2010-03-09 10:45:00,2011-03-22 13:11:00,196.725,378,1
15438.0,40,1,156.57999999999998,59,2011-07-31 14:19:00,2011-07-31 14:19:00,156.57999999999998,0,1
15439.0,314,4,1269.05,572,2010-02-24 12:05:00,2010-10-31 10:38:00,317.2625,248,1
15440.0,45,2,237.66,125,2011-05-15 11:30:00,2011-07-26 14:27:00,118.83,72,0
15441.0,305,3,1254.21,587,2009-12-09 14:55:00,2010-11-08 15:50:00,418.07,334,1
15442.0,158,1,594.0,120,2011-04-05 12:24:00,2011-04-05 12:24:00,594.0,0,1
15443.0,18,9,2623.82,1419,2010-03-07 12:10:00,2011-08-22 12:52:00,291.53555555555556,533,0
15445.0,173,2,284.5,118,2010-04-28 15:00:00,2011-03-20 15:06:00,142.25,326,1
15446.0,286,3,406.95,267,2009-12-13 13:53:00,2010-11-28 11:59:00,135.65,349,1
15447.0,240,5,492.88,228,2010-03-24 14:40:00,2011-01-13 11:26:00,98.576,294,1
15448.0,222,2,788.81,487,2010-02-03 13:29:00,2011-01-31 10:42:00,394.405,361,1
15449.0,94,2,647.7,516,2011-03-23 10:43:00,2011-06-07 16:42:00,323.85,76,0
15451.0,343,2,233.21,79,2010-04-19 14:08:00,2010-10-01 13:40:00,116.605,164,1
15452.0,173,4,1507.63,945,2010-07-16 14:23:00,2011-03-20 15:21:00,376.9075,247,0
15453.0,1,4,712.8,362,2011-06-05 12:37:00,2011-09-08 15:05:00,178.2,95,0
15454.0,271,2,307.69,148,2010-03-31 13:15:00,2010-12-12 14:21:00,153.845,256,1
15455.0,507,1,38.25,3,2010-04-21 12:43:00,2010-04-21 12:43:00,38.25,0,1
15456.0,192,10,2119.27,2826,2009-12-08 12:54:00,2011-03-01 13:51:00,211.927,448,1
15457.0,171,1,237.07,132,2011-03-22 15:31:00,2011-03-22 15:31:00,237.07,0,1
15458.0,311,1,208.79999999999998,144,2010-11-02 19:50:00,2010-11-02 19:50:00,208.79999999999998,0,0
15459.0,326,2,202.82999999999998,121,2010-07-30 14:31:00,2010-10-18 15:25:00,101.41499999999999,80,1
15460.0,263,1,216.76,109,2010-12-20 16:08:00,2010-12-20 16:08:00,216.76,0,1
15461.0,370,2,429.7,230,2010-03-18 12:40:00,2010-09-05 12:31:00,214.85,170,1
15462.0,3,4,737.05,495,2010-09-20 10:23:00,2011-09-06 13:11:00,184.2625,351,1
15464.0,247,1,1048.85,350,2011-01-05 15:56:00,2011-01-05 15:56:00,1048.85,0,1
15465.0,48,29,11293.16,2418,2009-12-10 09:42:00,2011-07-24 10:03:00,389.4193103448276,591,0
15466.0,299,3,1236.48,698,2009-12-03 12:28:00,2010-11-15 12:50:00,412.16,347,0
15467.0,54,2,402.56,235,2011-07-10 14:42:00,2011-07-17 15:24:00,201.28,7,0
15468.0,302,1,962.97,1245,2010-11-12 09:39:00,2010-11-12 09:39:00,962.97,0,0
15469.0,29,2,640.0,262,2010-09-27 10:09:00,2011-08-11 16:54:00,320.0,318,0
15470.0,485,1,63.419999999999995,232,2010-05-13 09:35:00,2010-05-13 09:35:00,63.419999999999995,0,1
15471.0,289,2,847.0799999999999,417,2010-06-07 12:17:00,2010-11-24 14:39:00,423.53999999999996,170,0
15472.0,22,1,371.56,251,2011-08-18 15:17:00,2011-08-18 15:17:00,371.56,0,1
15473.0,354,1,274.8,104,2010-09-21 09:14:00,2010-09-21 09:14:00,274.8,0,0
15474.0,505,1,163.1,56,2010-04-23 11:14:00,2010-04-23 11:14:00,163.1,0,1
15476.0,289,4,2209.98,1174,2010-09-23 14:00:00,2010-11-24 15:17:00,552.495,62,1
15477.0,559,1,368.4,216,2010-02-28 10:37:00,2010-02-28 10:37:00,368.4,0,1
15478.0,484,1,583.56,319,2010-05-13 18:49:00,2010-05-13 18:49:00,583.56,0,0
15479.0,642,1,147.4,38,2009-12-06 15:08:00,2009-12-06 15:08:00,147.4,0,1
15480.0,25,5,6279.0,1852,2010-02-01 14:52:00,2011-08-15 14:32:00,1255.8,559,1
15481.0,310,1,1993.34,1450,2010-11-03 14:52:00,2010-11-03 14:52:00,1993.34,0,1
15482.0,75,11,5641.099999999999,2203,2009-12-02 16:59:00,2011-06-27 10:29:00,512.8272727272727,571,0
15483.0,70,10,862.2,944,2010-01-24 15:42:00,2011-07-01 13:07:00,86.22,522,1
15484.0,449,2,1061.69,924,2009-12-05 15:18:00,2010-06-17 16:16:00,530.845,194,0
15485.0,245,6,4475.14,1891,2009-12-01 17:31:00,2011-01-07 17:18:00,745.8566666666667,401,0
15486.0,436,1,102.0,40,2010-06-30 13:15:00,2010-06-30 13:15:00,102.0,0,1
15487.0,589,1,231.32,144,2010-01-29 12:07:00,2010-01-29 12:07:00,231.32,0,1
15488.0,2,5,431.92,251,2010-05-05 13:03:00,2011-09-08 10:11:00,86.384,490,1
15489.0,120,6,1633.5900000000001,876,2010-01-15 16:58:00,2011-05-12 12:54:00,272.26500000000004,481,0
15490.0,339,1,217.6,85,2010-10-05 13:11:00,2010-10-05 13:11:00,217.6,0,1
15491.0,4,6,3100.09,1646,2011-04-18 10:04:00,2011-09-05 15:56:00,516.6816666666667,140,1
15493.0,59,7,3631.93,1062,2010-02-23 11:14:00,2011-07-13 11:19:00,518.8471428571428,505,0
15494.0,30,4,3608.2,3026,2009-12-10 20:16:00,2011-08-10 15:29:00,902.05,607,0
15495.0,288,1,246.5,194,2010-11-25 13:46:00,2010-11-25 13:46:00,246.5,0,1
15496.0,540,1,146.14000000000001,98,2010-03-18 13:16:00,2010-03-18 13:16:00,146.14000000000001,0,1
15497.0,229,8,8365.789999999999,2841,2009-12-18 15:08:00,2011-01-24 10:01:00,1045.7237499999999,401,0
15498.0,30,36,21849.55,11042,2009-12-16 17:27:00,2011-08-11 08:39:00,606.9319444444444,602,0
15499.0,633,1,161.6,60,2009-12-16 12:17:00,2009-12-16 12:17:00,161.6,0,1
15501.0,314,2,402.5,206,2010-10-20 12:47:00,2010-10-31 11:15:00,201.25,10,1
15502.0,33,7,9564.07,5386,2010-06-03 11:12:00,2011-08-08 11:45:00,1366.2957142857142,431,0
15503.0,272,2,267.15,136,2009-12-13 11:34:00,2010-12-12 10:57:00,133.575,363,1
15504.0,430,3,371.02,115,2010-02-12 12:34:00,2010-07-07 12:02:00,123.67333333333333,144,0
15505.0,23,3,2091.14,964,2011-07-07 13:33:00,2011-08-18 10:57:00,697.0466666666666,41,0
15506.0,48,4,1270.12,945,2010-08-19 12:38:00,2011-07-24 11:45:00,317.53,338,0
15507.0,81,1,492.36,162,2011-06-21 11:19:00,2011-06-21 11:19:00,492.36,0,1
15508.0,98,6,1000.27,440,2011-04-18 15:31:00,2011-06-03 15:43:00,166.71166666666667,46,1
15509.0,289,1,166.51,72,2010-11-24 14:48:00,2010-11-24 14:48:00,166.51,0,1
15510.0,240,1,250.0,2,2011-01-13 12:10:00,2011-01-13 12:10:00,250.0,0,1
15512.0,65,4,331.58,235,2010-02-01 13:23:00,2011-07-07 10:20:00,82.895,520,1
15513.0,4,33,24344.47,9546,2010-01-13 14:59:00,2011-09-06 09:53:00,737.7112121212122,600,0
15514.0,135,13,5021.03,3302,2009-12-04 16:37:00,2011-04-28 12:06:00,386.2330769230769,509,0
15515.0,296,1,171.81,131,2010-11-17 13:39:00,2010-11-17 13:39:00,171.81,0,1
15517.0,142,1,267.03,293,2011-04-20 14:02:00,2011-04-20 14:02:00,267.03,0,1
15518.0,33,14,3901.25,2677,2009-12-20 12:21:00,2011-08-07 13:08:00,278.6607142857143,595,0
15519.0,292,2,344.61,116,2010-09-19 13:57:00,2010-11-21 14:35:00,172.305,63,1
15521.0,4,15,6433.2699999999995,4150,2010-01-05 10:19:00,2011-09-06 10:04:00,428.88466666666665,608,0
15523.0,297,15,16947.98,15741,2009-12-02 15:16:00,2010-11-16 15:27:00,1129.8653333333334,349,0
15524.0,516,1,151.4,24,2010-04-12 09:19:00,2010-04-12 09:19:00,151.4,0,0
15525.0,282,2,783.71,388,2010-11-22 12:10:00,2010-12-01 13:17:00,391.855,9,0
15527.0,54,20,4476.65,1739,2009-12-15 17:31:00,2011-07-18 11:42:00,223.83249999999998,579,0
15528.0,163,1,229.33,123,2011-03-30 16:14:00,2011-03-30 16:14:00,229.33,0,1
15529.0,52,9,3515.8,3030,2010-11-10 14:26:00,2011-07-20 11:38:00,390.64444444444445,251,0
15530.0,59,4,1480.1,1056,2010-07-15 11:10:00,2011-07-13 12:15:00,370.025,363,0
15532.0,40,9,3416.76,1203,2010-06-08 14:52:00,2011-07-31 13:13:00,379.64000000000004,417,0
15534.0,635,1,162.25,63,2009-12-14 12:48:00,2009-12-14 12:48:00,162.25,0,1
15535.0,82,6,1087.82,323,2010-09-16 20:04:00,2011-06-19 16:02:00,181.3033333333333,275,1
15536.0,318,1,259.09,242,2010-10-26 16:31:00,2010-10-26 16:31:00,259.09,0,1
15537.0,72,1,110.92,29,2011-06-29 13:10:00,2011-06-29 13:10:00,110.92,0,1
15538.0,447,6,3358.3999999999996,1016,2010-02-14 12:38:00,2010-06-20 10:49:00,559.7333333333332,125,1
15540.0,285,1,247.38,244,2010-11-29 11:10:00,2010-11-29 11:10:00,247.38,0,0
15541.0,23,1,85.13000000000001,49,2011-08-17 14:58:00,2011-08-17 14:58:00,85.13000000000001,0,1
15542.0,421,3,918.45,469,2009-12-02 11:53:00,2010-07-15 13:32:00,306.15000000000003,225,1
15543.0,197,2,242.84,169,2010-09-06 11:28:00,2011-02-24 15:26:00,121.42,171,1
15544.0,29,18,7388.09,6122,2010-01-28 14:39:00,2011-08-12 09:10:00,410.44944444444445,560,0
15545.0,280,1,270.65999999999997,150,2010-12-03 17:28:00,2010-12-03 17:28:00,270.65999999999997,0,0
15546.0,516,2,1079.1000000000001,198,2010-04-12 11:45:00,2010-04-12 11:51:00,539.5500000000001,0,1
15547.0,19,20,7970.26,5176,2009-12-06 13:40:00,2011-08-21 16:24:00,398.51300000000003,623,0
15548.0,505,1,158.09,64,2010-04-23 12:20:00,2010-04-23 12:20:00,158.09,0,1
15549.0,67,7,2284.38,902,2010-01-11 13:16:00,2011-07-05 12:47:00,326.34000000000003,539,0
15550.0,15,11,2076.45,1101,2009-12-03 15:15:00,2011-08-25 15:18:00,188.7681818181818,630,0
15551.0,303,6,1274.02,596,2010-06-07 15:05:00,2010-11-10 14:04:00,212.33666666666667,155,0
15552.0,126,2,252.52,166,2010-03-26 16:17:00,2011-05-06 14:47:00,126.26,405,1
15554.0,187,1,217.2,74,2011-03-07 09:00:00,2011-03-07 09:00:00,217.2,0,1
15555.0,13,30,10127.12,7038,2009-12-06 11:58:00,2011-08-28 12:16:00,337.5706666666667,630,0
15558.0,548,1,214.13,86,2010-03-10 15:25:00,2010-03-10 15:25:00,214.13,0,1
15559.0,477,1,1109.4,526,2010-05-20 14:06:00,2010-05-20 14:06:00,1109.4,0,1
15560.0,307,2,153.52,72,2010-11-07 10:14:00,2010-11-07 10:15:00,76.76,0,1
15561.0,59,7,1583.47,1162,2010-02-14 12:22:00,2011-07-13 11:20:00,226.21,513,0
15562.0,261,3,673.3800000000001,561,2009-12-13 15:17:00,2010-12-23 09:55:00,224.46000000000004,374,1
15563.0,110,5,2202.18,2260,2010-01-28 11:36:00,2011-05-23 11:44:00,440.436,480,0
15564.0,372,2,70.74000000000001,42,2010-02-01 15:58:00,2010-09-02 15:52:00,35.370000000000005,212,1
15566.0,302,2,227.87,153,2009-12-15 14:53:00,2010-11-12 12:11:00,113.935,331,1
15569.0,13,10,3586.35,1736,2010-02-28 10:55:00,2011-08-28 10:15:00,358.635,545,1
15570.0,51,22,7972.2,3351,2010-03-28 14:04:00,2011-07-21 12:29:00,362.3727272727273,479,0
15571.0,295,10,3401.2,2242,2009-12-06 12:10:00,2010-11-18 14:25:00,340.12,347,0
15572.0,19,7,3071.1,1608,2010-04-14 14:38:00,2011-08-22 10:44:00,438.7285714285714,494,0
15573.0,527,3,599.73,417,2009-12-10 14:19:00,2010-03-31 13:40:00,199.91,110,0
15574.0,87,6,1518.7,949,2010-09-01 14:37:00,2011-06-15 12:01:00,253.11666666666667,286,1
15575.0,529,1,30.1,6,2010-03-30 12:50:00,2010-03-30 12:50:00,30.1,0,1
15577.0,60,5,397.98,121,2009-12-13 16:17:00,2011-07-11 17:03:00,79.596,575,1
15578.0,71,1,127.1,52,2011-06-30 13:03:00,2011-06-30 13:03:00,127.1,0,1
15579.0,223,4,1153.5,659,2010-10-03 14:37:00,2011-01-30 12:09:00,288.375,118,0
15580.0,286,8,1381.19,959,2010-02-07 11:21:00,2010-11-28 11:00:00,172.64875,293,1
15581.0,30,38,7794.59,3146,2009-12-02 12:19:00,2011-08-11 09:38:00,205.12078947368423,616,1
15582.0,9,2,541.51,407,2011-05-03 13:36:00,2011-08-31 14:52:00,270.755,120,0
15583.0,285,1,107.86,63,2010-11-28 15:04:00,2010-11-28 15:04:00,107.86,0,1
15584.0,71,3,707.04,222,2010-02-07 12:16:00,2011-06-30 16:39:00,235.67999999999998,508,0
15585.0,86,1,455.3,320,2011-06-16 08:38:00,2011-06-16 08:38:00,455.3,0,1
15586.0,502,3,1139.1,1338,2010-01-08 10:02:00,2010-04-26 11:00:00,379.7,108,1
15587.0,52,5,1065.24,372,2010-08-05 08:44:00,2011-07-20 11:00:00,213.048,349,0
15588.0,587,1,579.6,96,2010-01-31 12:19:00,2010-01-31 12:19:00,579.6,0,1
15589.0,165,3,478.53000000000003,243,2011-02-02 10:46:00,2011-03-29 09:54:00,159.51000000000002,54,1
15590.0,291,5,1496.6,832,2010-04-12 10:09:00,2010-11-22 14:49:00,299.32,224,1
15591.0,492,3,217.9,58,2010-02-04 09:20:00,2010-05-06 09:23:00,72.63333333333334,91,1
15594.0,3,2,788.22,464,2011-04-19 10:08:00,2011-09-07 10:51:00,394.11,141,0
15595.0,397,1,357.6,144,2010-08-09 12:27:00,2010-08-09 12:27:00,357.6,0,1
15596.0,10,9,3130.04,1376,2010-07-28 11:46:00,2011-08-31 10:55:00,347.78222222222223,398,1
15597.0,484,1,238.8,114,2010-05-13 13:10:00,2010-05-13 13:10:00,238.8,0,0
15598.0,337,1,307.34,244,2010-10-08 09:20:00,2010-10-08 09:20:00,307.34,0,0
15599.0,113,2,937.15,741,2010-09-20 10:15:00,2011-05-19 13:05:00,468.575,241,0
15600.0,337,4,1199.31,657,2010-04-25 11:50:00,2010-10-07 14:30:00,299.8275,165,1
15601.0,32,27,13769.02,10081,2009-12-01 14:53:00,2011-08-09 09:26:00,509.96370370370374,615,0
15602.0,110,12,2475.59,1557,2009-12-02 09:35:00,2011-05-23 12:35:00,206.29916666666668,537,0
15603.0,557,1,40.0,32,2010-03-01 16:02:00,2010-03-01 16:02:00,40.0,0,0
15605.0,161,7,1428.75,537,2010-01-14 14:03:00,2011-04-01 13:47:00,204.10714285714286,441,0
15606.0,28,16,4750.21,1485,2010-03-02 14:48:00,2011-08-12 15:00:00,296.888125,528,0
15607.0,246,9,1708.97,1470,2010-01-08 12:16:00,2011-01-07 12:44:00,189.88555555555556,364,1
15608.0,30,2,977.98,778,2010-10-20 10:10:00,2011-08-11 09:56:00,488.99,294,0
15609.0,93,1,298.48,148,2011-06-08 13:00:00,2011-06-08 13:00:00,298.48,0,1
15611.0,13,21,2352.9700000000003,500,2010-01-25 14:50:00,2011-08-28 10:40:00,112.04619047619049,579,0
15613.0,519,1,433.71999999999997,700,2010-04-08 12:51:00,2010-04-08 12:51:00,433.71999999999997,0,1
15614.0,347,4,3147.36,1632,2010-03-23 11:13:00,2010-09-28 10:46:00,786.84,188,1
15615.0,15,43,18342.08,10419,2009-12-02 15:28:00,2011-08-26 12:41:00,426.56000000000006,631,0
15616.0,347,1,317.11,137,2010-09-27 13:10:00,2010-09-27 13:10:00,317.11,0,1
15617.0,305,3,828.5500000000001,485,2010-07-20 13:16:00,2010-11-08 16:07:00,276.18333333333334,111,1
15618.0,1,3,419.041,215,2011-07-26 10:13:00,2011-09-08 12:57:00,139.68033333333332,44,0
15620.0,130,3,1264.19,934,2010-10-26 11:32:00,2011-05-03 11:22:00,421.3966666666667,188,0
15622.0,106,13,6745.05,3642,2010-03-04 10:29:00,2011-05-26 14:09:00,518.85,448,0
15623.0,50,8,2437.05,1087,2009-12-10 14:46:00,2011-07-21 17:26:00,304.63125,588,1
15624.0,26,4,588.13,357,2011-03-28 13:32:00,2011-08-15 11:38:00,147.0325,139,1
15625.0,13,9,3236.4,3020,2010-06-15 15:23:00,2011-08-28 10:21:00,359.6,438,1
15626.0,239,2,673.6,684,2010-10-14 17:16:00,2011-01-14 10:10:00,336.8,91,0
15627.0,366,2,566.9,344,2010-07-05 11:56:00,2010-09-08 14:14:00,283.45,65,1
15628.0,7,13,4407.42,2983,2009-12-13 13:39:00,2011-09-02 12:52:00,339.0323076923077,627,0
15629.0,359,4,2240.9,1518,2010-06-25 11:39:00,2010-09-15 13:46:00,560.225,82,1
15630.0,114,2,691.91,467,2010-03-05 14:30:00,2011-05-19 10:16:00,345.955,439,0
15631.0,551,1,596.67,525,2010-03-07 14:52:00,2010-03-07 14:52:00,596.67,0,1
15632.0,31,6,2351.84,1304,2011-03-10 08:29:00,2011-08-10 10:57:00,391.97333333333336,153,0
15633.0,418,13,4352.46,2058,2009-12-08 17:51:00,2010-07-18 13:54:00,334.8046153846154,221,1
15634.0,292,1,311.1,128,2010-11-21 15:30:00,2010-11-21 15:30:00,311.1,0,0
15635.0,305,1,100.35,5,2010-11-09 08:58:00,2010-11-09 08:58:00,100.35,0,1
15636.0,191,3,1026.52,358,2010-05-19 11:37:00,2011-03-02 14:50:00,342.17333333333335,287,0
15637.0,323,4,574.23,523,2009-12-15 17:54:00,2010-10-22 08:24:00,143.5575,310,0
15638.0,288,6,2265.2,1134,2010-04-08 14:37:00,2010-11-26 11:52:00,377.5333333333333,231,1
15639.0,43,3,1065.08,849,2010-04-13 13:11:00,2011-07-28 14:30:00,355.02666666666664,471,1
15640.0,31,25,20361.26,10678,2009-12-14 16:36:00,2011-08-10 10:45:00,814.4504,603,0
15641.0,14,12,5345.55,4422,2009-12-06 15:31:00,2011-08-26 14:04:00,445.46250000000003,627,1
15642.0,639,1,105.78000000000002,270,2009-12-10 11:51:00,2009-12-10 11:51:00,105.78000000000002,0,1
15643.0,101,3,664.0,246,2011-03-02 14:34:00,2011-06-01 07:38:00,221.33333333333334,90,1
15644.0,75,4,813.0,557,2011-03-23 15:37:00,2011-06-26 14:54:00,203.25,94,1
15645.0,323,2,443.16,140,2010-10-10 12:51:00,2010-10-21 18:36:00,221.58,11,0
15646.0,67,5,974.61,1051,2010-10-25 13:06:00,2011-07-05 09:53:00,194.922,252,1
15647.0,324,1,169.0,124,2010-10-20 15:09:00,2010-10-20 15:09:00,169.0,0,1
15648.0,113,2,657.35,221,2011-03-17 18:59:00,2011-05-19 15:53:00,328.675,62,1
15649.0,245,4,2170.35,485,2010-11-17 16:22:00,2011-01-07 13:34:00,542.5875,50,1
15650.0,431,2,553.88,210,2010-03-21 11:46:00,2010-07-06 10:41:00,276.94,106,1
15651.0,170,3,840.08,630,2010-04-22 13:26:00,2011-03-24 08:56:00,280.0266666666667,335,0
15652.0,0,5,1420.34,659,2010-08-11 16:58:00,2011-09-09 14:22:00,284.068,393,1
15653.0,2,2,877.4399999999999,1200,2011-08-16 09:50:00,2011-09-08 10:49:00,438.71999999999997,23,1
15655.0,152,1,560.67,324,2011-04-10 15:25:00,2011-04-10 15:25:00,560.67,0,1
15656.0,87,3,563.63,202,2011-02-28 15:32:00,2011-06-14 13:48:00,187.87666666666667,105,0
15658.0,99,8,2423.4700000000003,691,2009-12-03 11:19:00,2011-06-02 15:22:00,302.93375000000003,546,1
15659.0,296,2,226.04,50,2010-02-24 13:32:00,2010-11-18 10:51:00,113.02,266,0
15660.0,45,12,2096.47,1421,2010-02-05 16:01:00,2011-07-27 09:14:00,174.70583333333332,536,0
15661.0,226,8,1215.95,779,2010-05-10 07:59:00,2011-01-26 13:56:00,151.99375,261,1
15662.0,570,2,283.73,145,2009-12-01 13:49:00,2010-02-16 16:47:00,141.865,77,1
15663.0,15,1,138.14,106,2011-08-25 15:50:00,2011-08-25 15:50:00,138.14,0,1
15664.0,358,3,867.6,373,2010-02-28 12:50:00,2010-09-16 18:09:00,289.2,200,0
15665.0,77,5,4015.12,2794,2010-03-14 15:07:00,2011-06-24 14:57:00,803.024,466,1
15666.0,381,2,632.9399999999999,469,2010-08-01 15:41:00,2010-08-24 16:14:00,316.46999999999997,23,1
15668.0,127,1,76.32000000000001,72,2011-05-06 10:39:00,2011-05-06 10:39:00,76.32000000000001,0,1
15669.0,13,3,565.54,262,2011-03-21 09:13:00,2011-08-28 11:19:00,188.51333333333332,160,0
15670.0,206,2,325.2,132,2010-06-01 15:34:00,2011-02-16 10:50:00,162.6,259,1
15671.0,4,5,1972.89,1185,2011-03-14 09:37:00,2011-09-06 10:53:00,394.57800000000003,176,0
15672.0,634,1,45.300000000000004,10,2009-12-14 16:52:00,2009-12-14 16:52:00,45.300000000000004,0,1
15673.0,66,8,5638.16,2911,2010-02-22 14:28:00,2011-07-06 10:15:00,704.77,498,0
15674.0,123,12,5881.29,2999,2009-12-08 17:08:00,2011-05-10 10:39:00,490.1075,517,0
15675.0,64,3,443.74,582,2010-10-31 14:14:00,2011-07-07 19:14:00,147.91333333333333,249,0
15676.0,193,1,897.8,555,2011-03-01 10:19:00,2011-03-01 10:19:00,897.8,0,0
15677.0,330,2,648.4,356,2010-09-02 12:08:00,2010-10-14 15:19:00,324.2,42,0
15678.0,304,2,1541.19,883,2010-07-05 12:49:00,2010-11-09 14:38:00,770.595,127,0
15679.0,63,2,260.26,398,2011-06-10 08:24:00,2011-07-08 13:31:00,130.13,28,0
15680.0,275,8,3652.79,2453,2009-12-02 12:15:00,2010-12-08 14:43:00,456.59875,371,0
15681.0,92,12,2266.76,1026,2010-05-24 14:18:00,2011-06-09 16:34:00,188.89666666666668,381,0
15682.0,508,2,318.24,222,2010-01-21 14:37:00,2010-04-19 15:30:00,159.12,88,1
15683.0,26,2,524.54,332,2010-08-23 12:01:00,2011-08-14 12:56:00,262.27,356,1
15684.0,456,3,173.95,77,2009-12-04 16:13:00,2010-06-10 18:51:00,57.98333333333333,188,1
15685.0,359,1,55.980000000000004,36,2010-09-15 13:43:00,2010-09-15 13:43:00,55.980000000000004,0,1
15686.0,329,1,90.0,72,2010-10-15 13:50:00,2010-10-15 13:50:00,90.0,0,1
15687.0,96,5,1679.45,657,2011-01-13 15:13:00,2011-06-06 09:13:00,335.89,143,0
15688.0,328,1,190.57,95,2010-10-17 12:06:00,2010-10-17 12:06:00,190.57,0,1
15689.0,29,3,521.03,207,2010-04-01 09:53:00,2011-08-12 09:37:00,173.67666666666665,497,1
15690.0,10,1,111.0,204,2011-08-31 11:40:00,2011-08-31 11:40:00,111.0,0,0
15691.0,161,4,571.3,212,2009-12-06 16:01:00,2011-04-01 15:13:00,142.825,480,1
15693.0,568,1,37.5,30,2010-02-18 14:37:00,2010-02-18 14:37:00,37.5,0,1
15694.0,85,19,7637.19,1720,2009-12-07 15:43:00,2011-06-16 16:06:00,401.9573684210526,556,0
15695.0,176,4,1131.04,484,2010-01-27 10:56:00,2011-03-18 08:32:00,282.76,414,1
15696.0,130,11,2808.01,1089,2010-01-24 14:36:00,2011-05-03 11:34:00,255.27363636363637,463,0
15697.0,599,1,246.75,127,2010-01-19 09:10:00,2010-01-19 09:10:00,246.75,0,1
15698.0,533,1,46.2,60,2010-03-25 17:38:00,2010-03-25 17:38:00,46.2,0,1
15700.0,81,2,696.68,357,2011-06-19 15:36:00,2011-06-20 16:53:00,348.34,1,1
15701.0,20,1,857.0,479,2011-08-21 12:36:00,2011-08-21 12:36:00,857.0,0,0
15702.0,385,2,140.39000000000001,103,2010-01-26 17:23:00,2010-08-20 14:50:00,70.19500000000001,205,1
15703.0,174,1,211.5,66,2011-03-20 10:51:00,2011-03-20 10:51:00,211.5,0,1
15704.0,49,6,3817.96,1723,2010-05-05 14:51:00,2011-07-22 13:35:00,636.3266666666667,442,1
15705.0,110,1,143.1,62,2011-05-22 15:37:00,2011-05-22 15:37:00,143.1,0,1
15706.0,25,1,450.05,160,2011-08-15 14:32:00,2011-08-15 14:32:00,450.05,0,0
15708.0,48,8,3714.91,1445,2010-10-10 11:33:00,2011-07-24 12:20:00,464.36375,287,0
15709.0,193,2,327.85,169,2010-04-29 18:31:00,2011-03-01 10:38:00,163.925,305,1
15710.0,326,1,898.87,641,2010-10-18 17:05:00,2010-10-18 17:05:00,898.87,0,1
15711.0,466,2,420.25,199,2010-01-24 12:13:00,2010-06-01 12:14:00,210.125,128,1
15712.0,19,10,3166.36,1162,2009-12-01 11:17:00,2011-08-22 11:44:00,316.636,629,0
15713.0,52,4,1010.79,510,2009-12-16 09:41:00,2011-07-19 13:34:00,252.6975,580,1
15714.0,362,3,453.93,175,2010-06-02 12:08:00,2010-09-12 14:22:00,151.31,102,0
15715.0,465,5,658.02,246,2010-03-30 12:17:00,2010-06-02 09:56:00,131.60399999999998,63,1
15716.0,55,11,3056.81,1821,2009-12-07 12:42:00,2011-07-17 11:59:00,277.89181818181817,586,1
15717.0,143,5,607.0,224,2010-04-26 10:41:00,2011-04-19 13:21:00,121.4,358,1
15718.0,449,1,293.79,95,2010-06-17 16:20:00,2010-06-17 16:20:00,293.79,0,1
15719.0,9,29,9246.12,4821,2009-12-01 12:47:00,2011-09-01 12:41:00,318.8317241379311,638,0
15720.0,459,1,143.19,48,2010-06-07 15:40:00,2010-06-07 15:40:00,143.19,0,0
15722.0,18,9,4460.34,1850,2010-03-09 15:05:00,2011-08-23 11:30:00,495.59333333333336,531,0
15723.0,274,4,947.65,444,2010-05-14 12:55:00,2010-12-10 11:12:00,236.9125,209,1
15724.0,110,3,310.85,117,2010-11-04 10:22:00,2011-05-22 14:40:00,103.61666666666667,199,1
15726.0,299,1,321.91,123,2010-11-14 16:12:00,2010-11-14 16:12:00,321.91,0,1
15727.0,16,14,8875.84,5504,2010-01-24 12:12:00,2011-08-24 14:54:00,633.9885714285714,577,0
15728.0,289,2,544.6,132,2010-09-21 14:46:00,2010-11-25 10:39:00,272.3,64,1
15729.0,122,3,192.55,47,2010-11-01 13:44:00,2011-05-11 12:36:00,64.18333333333334,190,1
15730.0,1,4,1382.92,861,2010-10-04 14:15:00,2011-09-08 14:28:00,345.73,339,0
15731.0,463,1,125.3,122,2010-06-04 10:10:00,2010-06-04 10:10:00,125.3,0,1
15732.0,121,10,1682.07,1361,2010-02-04 10:10:00,2011-05-11 14:24:00,168.207,461,1
15733.0,192,1,162.3,62,2011-03-02 09:05:00,2011-03-02 09:05:00,162.3,0,1
15734.0,24,4,2263.3,516,2010-06-10 14:25:00,2011-08-17 10:50:00,565.825,432,1
15735.0,330,1,327.68,206,2010-10-14 13:38:00,2010-10-14 13:38:00,327.68,0,1
15736.0,344,2,1815.72,1268,2010-09-30 14:19:00,2010-09-30 14:20:00,907.86,0,1
15737.0,57,5,897.9300000000001,445,2011-04-11 10:01:00,2011-07-15 12:33:00,179.586,95,0
15738.0,6,38,12414.0,8660,2009-12-10 15:52:00,2011-09-04 12:04:00,326.6842105263158,632,0
15741.0,367,2,208.62,70,2010-03-31 11:55:00,2010-09-07 16:21:00,104.31,160,1
15742.0,528,1,156.87,51,2010-03-30 15:25:00,2010-03-30 15:25:00,156.87,0,1
15743.0,23,2,434.05,119,2011-06-08 10:14:00,2011-08-18 12:43:00,217.025,71,0
15745.0,145,1,302.85,127,2011-04-17 13:04:00,2011-04-17 13:04:00,302.85,0,0
15746.0,43,1,196.88,178,2011-07-28 15:21:00,2011-07-28 15:21:00,196.88,0,1
15747.0,29,8,2138.04,1183,2010-01-18 11:21:00,2011-08-11 14:04:00,267.255,570,0
15748.0,358,2,465.45000000000005,211,2010-09-16 16:52:00,2010-09-16 16:55:00,232.72500000000002,0,0
15749.0,144,3,44534.3,18028,2011-01-11 12:55:00,2011-04-18 13:20:00,14844.766666666668,97,1
15750.0,80,14,5441.541,3861,2009-12-01 17:19:00,2011-06-22 12:16:00,388.6815,567,0
15751.0,370,11,1380.44,443,2009-12-06 13:08:00,2010-09-05 12:44:00,125.49454545454546,272,1
15752.0,2,8,3674.31,2664,2010-09-08 11:56:00,2011-09-07 15:52:00,459.28875,364,0
15753.0,214,1,79.2,144,2011-02-08 12:41:00,2011-02-08 12:41:00,79.2,0,1
15754.0,156,7,2670.84,1599,2010-02-22 13:31:00,2011-04-07 12:24:00,381.54857142857145,408,0
15755.0,17,14,4773.7,3231,2009-12-04 08:24:00,2011-08-23 15:20:00,340.9785714285714,627,0
15756.0,62,3,364.84,167,2011-04-04 14:00:00,2011-07-10 11:19:00,121.61333333333333,96,0
15757.0,127,5,2487.3,1433,2010-06-10 13:47:00,2011-05-06 11:40:00,497.46000000000004,329,0
15759.0,127,7,830.9300000000001,523,2009-12-02 10:08:00,2011-05-05 15:13:00,118.70428571428572,519,1
15760.0,540,2,13916.34,2,2010-03-19 11:35:00,2010-03-19 11:45:00,6958.17,0,1
15761.0,352,1,143.05,31,2010-09-23 09:33:00,2010-09-23 09:33:00,143.05,0,1
15764.0,16,7,4499.73,2943,2010-08-18 13:58:00,2011-08-24 15:09:00,642.8185714285713,371,0
15765.0,576,1,370.63,335,2010-02-11 10:25:00,2010-02-11 10:25:00,370.63,0,1
15766.0,365,2,516.0,164,2010-01-26 15:55:00,2010-09-09 13:51:00,258.0,225,0
15768.0,25,34,15601.09,4259,2009-12-03 12:10:00,2011-08-16 10:48:00,458.85558823529414,620,1
15769.0,11,39,74315.32,41572,2009-12-11 09:58:00,2011-08-30 11:37:00,1905.5210256410257,627,0
15770.0,522,1,321.45,67,2010-04-06 11:47:00,2010-04-06 11:47:00,321.45,0,1
15771.0,513,3,1006.54,512,2010-01-15 12:14:00,2010-04-14 13:56:00,335.5133333333333,89,1
15772.0,327,1,280.88,110,2010-10-17 13:33:00,2010-10-17 13:33:00,280.88,0,1
15773.0,318,1,138.84,99,2010-10-26 15:27:00,2010-10-26 15:27:00,138.84,0,0
15774.0,327,5,1059.14,386,2010-02-21 12:57:00,2010-10-17 12:59:00,211.82800000000003,238,0
15775.0,154,2,150.5,260,2010-03-18 07:32:00,2011-04-08 12:56:00,75.25,386,1
15776.0,42,1,241.62,138,2011-07-29 13:46:00,2011-07-29 13:46:00,241.62,0,1
15777.0,150,7,1762.61,599,2010-05-20 10:37:00,2011-04-12 16:43:00,251.80142857142854,327,1
15778.0,340,1,307.95,101,2010-10-04 15:10:00,2010-10-04 15:10:00,307.95,0,1
15779.0,372,2,124.08000000000001,20,2010-06-25 15:55:00,2010-09-02 16:40:00,62.040000000000006,69,1
15780.0,93,3,475.28000000000003,220,2010-12-17 11:43:00,2011-06-09 12:01:00,158.42666666666668,174,1
15781.0,47,2,211.3,66,2011-02-07 09:15:00,2011-07-25 12:25:00,105.65,168,0
15782.0,339,1,1399.36,980,2010-10-05 15:43:00,2010-10-05 15:43:00,1399.36,0,0
15784.0,377,2,848.3299999999999,381,2010-02-05 14:42:00,2010-08-29 10:38:00,424.16499999999996,204,1
15785.0,67,15,5306.79,3878,2009-12-15 16:28:00,2011-07-05 10:08:00,353.786,566,0
15786.0,23,3,6743.46,4927,2010-06-21 10:13:00,2011-08-17 13:33:00,2247.82,422,0
15788.0,418,1,221.82999999999998,115,2010-07-19 12:48:00,2010-07-19 12:48:00,221.82999999999998,0,1
15789.0,267,6,1962.01,2499,2010-03-26 11:21:00,2010-12-16 14:35:00,327.00166666666667,265,1
15791.0,113,4,3218.89,1797,2010-03-08 09:41:00,2011-05-19 15:15:00,804.7225,437,0
15792.0,309,2,933.84,606,2010-03-31 09:42:00,2010-11-05 08:21:00,466.92,218,1
15793.0,178,6,1740.6,1324,2009-12-01 12:54:00,2011-03-16 10:45:00,290.09999999999997,469,0
15794.0,645,2,777.0,288,2009-12-02 15:10:00,2009-12-03 13:04:00,388.5,0,1
15795.0,59,8,1979.8700000000001,1411,2010-01-18 11:31:00,2011-07-13 10:43:00,247.48375000000001,540,1
15796.0,18,14,4039.9900000000002,1403,2010-03-31 13:10:00,2011-08-22 14:35:00,288.5707142857143,509,0
15797.0,22,6,2821.08,1281,2010-01-27 13:12:00,2011-08-18 17:04:00,470.18,568,1
15798.0,402,3,1535.37,915,2010-01-27 11:55:00,2010-08-04 09:13:00,511.78999999999996,188,1
15799.0,94,3,1021.39,926,2010-10-17 14:26:00,2011-06-07 15:28:00,340.4633333333333,233,0
15800.0,16,7,1242.58,588,2010-03-31 13:17:00,2011-08-24 14:23:00,177.51142857142855,511,1
15801.0,19,1,137.22,70,2011-08-22 09:53:00,2011-08-22 09:53:00,137.22,0,0
15802.0,52,1,451.42,1,2011-07-20 11:38:00,2011-07-20 11:38:00,451.42,0,1
15803.0,354,3,1513.84,740,2010-02-01 16:29:00,2010-09-20 13:08:00,504.6133333333333,230,0
15804.0,3,5,2554.84,1492,2011-05-25 10:12:00,2011-09-06 15:14:00,510.968,104,0
15805.0,15,24,8228.75,5121,2009-12-10 12:57:00,2011-08-25 14:50:00,342.8645833333333,623,0
15806.0,67,2,521.88,413,2011-03-08 09:24:00,2011-07-05 12:15:00,260.94,119,0
15807.0,317,2,913.62,1102,2010-02-11 15:32:00,2010-10-27 13:04:00,456.81,257,0
15808.0,215,21,18409.93,7229,2009-12-01 16:30:00,2011-02-06 14:33:00,876.6633333333333,431,1
15809.0,93,6,1157.88,650,2010-06-22 14:23:00,2011-06-08 15:31:00,192.98000000000002,351,0
15810.0,79,7,2968.25,1648,2010-02-04 18:18:00,2011-06-22 14:01:00,424.0357142857143,502,0
15811.0,15,6,3445.7,1611,2010-11-16 16:46:00,2011-08-26 09:37:00,574.2833333333333,282,0
15812.0,16,12,5201.47,3450,2009-12-15 13:40:00,2011-08-24 14:19:00,433.4558333333334,617,1
15813.0,117,2,1303.9099999999999,603,2011-04-14 09:09:00,2011-05-16 08:13:00,651.9549999999999,31,1
15814.0,302,2,689.11,457,2010-04-15 14:31:00,2010-11-11 17:55:00,344.555,210,0
15815.0,50,4,1874.7,1514,2011-03-25 08:43:00,2011-07-22 12:20:00,468.675,119,0
15816.0,451,2,144.14999999999998,54,2010-06-15 12:54:00,2010-06-15 13:36:00,72.07499999999999,0,1
15817.0,330,3,2766.4,1596,2010-06-14 13:31:00,2010-10-15 11:07:00,922.1333333333333,122,1
15818.0,497,1,340.5,284,2010-04-30 12:58:00,2010-04-30 12:58:00,340.5,0,1
15819.0,40,9,3614.81,2710,2010-03-18 11:08:00,2011-07-31 15:22:00,401.6455555555556,500,0
15820.0,229,1,206.98,128,2011-01-24 12:00:00,2011-01-24 12:00:00,206.98,0,1
15822.0,268,5,1394.79,735,2009-12-06 15:12:00,2010-12-15 13:38:00,278.95799999999997,373,0
15823.0,281,3,3897.17,1775,2009-12-08 15:12:00,2010-12-02 15:08:00,1299.0566666666666,358,1
15824.0,362,2,890.94,478,2010-06-25 15:10:00,2010-09-12 13:20:00,445.47,78,1
15825.0,81,1,532.94,220,2011-06-20 13:27:00,2011-06-20 13:27:00,532.94,0,1
15826.0,120,2,1663.97,1349,2010-05-20 17:00:00,2011-05-13 10:44:00,831.985,357,0
15827.0,23,27,3556.14,1691,2010-01-08 11:25:00,2011-08-17 15:05:00,131.70888888888888,586,0
15828.0,284,1,1108.82,367,2010-11-29 16:41:00,2010-11-29 16:41:00,1108.82,0,1
15829.0,8,2,636.14,996,2011-07-22 10:23:00,2011-09-01 16:45:00,318.07,41,1
15831.0,33,2,451.11,687,2011-01-19 14:52:00,2011-08-07 13:54:00,225.555,199,0
15832.0,163,1,836.79,465,2011-03-30 15:29:00,2011-03-30 15:29:00,836.79,0,1
15833.0,647,1,80.4,24,2009-12-02 11:59:00,2009-12-02 11:59:00,80.4,0,1
15834.0,75,6,3331.06,1535,2010-10-11 14:05:00,2011-06-27 10:16:00,555.1766666666666,258,0
15835.0,47,3,675.51,333,2011-01-13 10:35:00,2011-07-25 12:50:00,225.17,193,0
15837.0,395,1,385.03000000000003,216,2010-08-11 10:16:00,2010-08-11 10:16:00,385.03000000000003,0,0
15838.0,18,27,54673.42,54294,2009-12-15 09:51:00,2011-08-23 12:18:00,2024.9414814814813,616,0
15839.0,57,1,299.18,234,2011-07-14 16:35:00,2011-07-14 16:35:00,299.18,0,0
15840.0,82,1,241.74,256,2011-06-20 11:42:00,2011-06-20 11:42:00,241.74,0,0
15841.0,127,7,2131.61,1815,2009-12-10 08:29:00,2011-05-05 14:37:00,304.5157142857143,511,0
15842.0,302,2,548.8,296,2010-06-30 09:06:00,2010-11-11 14:08:00,274.4,134,1
15843.0,213,1,118.95000000000002,27,2011-02-09 10:19:00,2011-02-09 10:19:00,118.95000000000002,0,1
15845.0,54,8,3241.27,1580,2010-01-26 14:44:00,2011-07-18 10:05:00,405.15875,537,0
15846.0,294,1,107.01,79,2010-11-19 14:40:00,2010-11-19 14:40:00,107.01,0,1
15847.0,197,4,613.98,542,2010-03-08 08:47:00,2011-02-24 16:46:00,153.495,353,0
15848.0,531,1,139.94,46,2010-03-28 10:54:00,2010-03-28 10:54:00,139.94,0,1
15850.0,77,5,938.75,1319,2009-12-13 13:27:00,2011-06-24 14:16:00,187.75,558,0
15851.0,436,1,109.73,67,2010-07-01 12:34:00,2010-07-01 12:34:00,109.73,0,1
15852.0,96,3,257.26,60,2010-07-01 10:16:00,2011-06-06 11:22:00,85.75333333333333,340,1
15854.0,49,18,5002.85,1509,2009-12-10 12:08:00,2011-07-22 13:17:00,277.93611111111113,589,0
15855.0,46,6,1052.72,712,2010-08-20 17:15:00,2011-07-26 10:20:00,175.45333333333335,339,1
15856.0,4,42,29274.71,16983,2009-12-03 14:02:00,2011-09-05 17:44:00,697.0169047619047,641,0
15857.0,339,1,273.48,276,2010-10-05 16:43:00,2010-10-05 16:43:00,273.48,0,0
15858.0,198,10,3337.7400000000002,2477,2009-12-10 11:42:00,2011-02-23 13:21:00,333.774,440,0
15859.0,341,1,438.46,174,2010-10-03 12:52:00,2010-10-03 12:52:00,438.46,0,1
15860.0,8,15,2295.14,1247,2009-12-06 12:31:00,2011-09-02 10:34:00,153.00933333333333,634,0
15861.0,44,7,2366.43,2192,2010-01-28 19:41:00,2011-07-28 11:29:00,338.06142857142856,545,0
15862.0,21,12,2755.14,1594,2009-12-17 11:33:00,2011-08-19 16:34:00,229.595,610,0
15863.0,102,4,299.06,147,2009-12-17 10:20:00,2011-05-31 11:36:00,74.765,530,0
15864.0,8,4,1202.3000000000002,852,2010-11-23 15:02:00,2011-09-02 10:31:00,300.57500000000005,282,0
15865.0,123,3,1667.72,957,2010-01-05 13:58:00,2011-05-10 11:44:00,555.9066666666666,489,0
15866.0,10,1,230.53,126,2011-08-30 14:09:00,2011-08-30 14:09:00,230.53,0,1
15867.0,22,28,8201.22,4572,2009-12-14 15:16:00,2011-08-18 16:24:00,292.9007142857143,612,0
15868.0,492,1,94.53,57,2010-05-05 14:11:00,2010-05-05 14:11:00,94.53,0,1
15869.0,186,3,323.65999999999997,274,2010-03-23 16:50:00,2011-03-07 17:23:00,107.88666666666666,349,1
15870.0,306,3,508.52,173,2010-09-19 16:22:00,2010-11-08 10:57:00,169.50666666666666,49,0
15871.0,346,1,33.099999999999994,5,2010-09-28 14:16:00,2010-09-28 14:16:00,33.099999999999994,0,1
15872.0,288,2,434.75,294,2010-06-07 14:53:00,2010-11-26 12:05:00,217.375,171,0
15873.0,409,4,313.91999999999996,1152,2010-07-27 11:58:00,2010-07-28 12:41:00,78.47999999999999,1,1
15874.0,87,20,9086.63,3633,2010-01-07 13:56:00,2011-06-15 11:01:00,454.33149999999995,523,0
15875.0,555,1,111.72,76,2010-03-03 16:51:00,2010-03-03 16:51:00,111.72,0,1
15876.0,318,2,1449.1399999999999,886,2010-09-17 15:26:00,2010-10-26 18:58:00,724.5699999999999,39,1
15878.0,471,2,330.77,243,2009-12-06 12:28:00,2010-05-27 12:17:00,165.385,171,1
15879.0,313,4,1157.3,643,2009-12-17 19:54:00,2010-10-31 16:21:00,289.325,317,1
15880.0,278,1,686.5600000000001,422,2010-12-05 13:00:00,2010-12-05 13:00:00,686.5600000000001,0,1
15881.0,221,5,501.39000000000004,260,2010-12-10 13:32:00,2011-01-31 16:59:00,100.278,52,1
15882.0,108,8,1495.98,814,2009-12-10 15:33:00,2011-05-25 11:35:00,186.9975,530,1
15884.0,341,2,249.70000000000002,158,2009-12-03 18:23:00,2010-10-03 15:55:00,124.85000000000001,303,1
15885.0,2,15,1951.82,622,2010-01-21 12:47:00,2011-09-08 10:43:00,130.12133333333333,594,1
15886.0,326,3,871.78,520,2010-04-20 15:03:00,2010-10-19 12:01:00,290.5933333333333,181,0
15887.0,316,3,1027.15,605,2010-06-02 11:53:00,2010-10-29 08:36:00,342.3833333333334,148,1
15888.0,310,2,260.85,63,2010-07-01 11:51:00,2010-11-04 09:59:00,130.425,125,0
15889.0,66,8,1806.28,989,2009-12-10 12:21:00,2011-07-06 11:10:00,225.785,572,1
15890.0,304,5,535.65,119,2010-04-14 08:43:00,2010-11-10 12:46:00,107.13,210,1
15891.0,136,1,524.52,442,2011-04-27 12:35:00,2011-04-27 12:35:00,524.52,0,1
15892.0,578,1,128.2,46,2010-02-08 16:23:00,2010-02-08 16:23:00,128.2,0,1
15893.0,391,1,305.28000000000003,288,2010-08-15 11:12:00,2010-08-15 11:12:00,305.28000000000003,0,1
15894.0,162,2,420.29,283,2010-12-05 14:06:00,2011-03-31 13:50:00,210.145,115,1
15895.0,59,1,179.17,94,2011-07-13 10:27:00,2011-07-13 10:27:00,179.17,0,1
15897.0,103,2,222.05,261,2011-05-29 13:32:00,2011-05-29 13:50:00,111.025,0,1
15898.0,136,24,5210.42,2272,2009-12-11 16:11:00,2011-04-27 10:03:00,217.10083333333333,501,0
15899.0,278,1,112.5,78,2010-12-06 10:36:00,2010-12-06 10:36:00,112.5,0,1
15900.0,323,3,549.29,440,2010-05-26 11:27:00,2010-10-22 10:44:00,183.09666666666666,148,0
15901.0,64,5,449.83,527,2010-06-14 12:39:00,2011-07-08 12:18:00,89.966,388,0
15902.0,289,1,145.01,124,2010-11-24 16:57:00,2010-11-24 16:57:00,145.01,0,1
15903.0,137,7,4454.72,2192,2010-01-14 10:57:00,2011-04-26 11:51:00,636.3885714285715,467,0
15905.0,452,1,114.69,82,2010-06-14 16:00:00,2010-06-14 16:00:00,114.69,0,1
15906.0,54,7,1785.66,449,2010-09-15 12:17:00,2011-07-18 11:37:00,255.09428571428572,305,0
15907.0,86,2,529.52,256,2011-05-13 13:01:00,2011-06-16 12:45:00,264.76,33,0
15908.0,400,2,764.57,174,2010-07-15 19:21:00,2010-08-06 11:56:00,382.285,21,1
15909.0,83,1,191.94,98,2011-06-19 10:38:00,2011-06-19 10:38:00,191.94,0,1
15910.0,8,12,2112.98,1666,2010-01-21 11:51:00,2011-09-01 16:59:00,176.08166666666668,588,0
15911.0,533,8,1702.34,811,2009-12-09 13:26:00,2010-03-26 12:06:00,212.7925,106,1
15912.0,87,9,1074.7,759,2009-12-10 12:58:00,2011-06-14 14:29:00,119.41111111111111,551,1
15913.0,443,1,6.300000000000001,3,2010-06-23 16:31:00,2010-06-23 16:31:00,6.300000000000001,0,1
15914.0,287,2,205.99,149,2010-11-26 16:09:00,2010-11-26 16:10:00,102.995,0,1
15915.0,311,1,429.21,451,2010-11-03 11:13:00,2010-11-03 11:13:00,429.21,0,1
15916.0,101,10,2747.61,1341,2009-12-10 16:21:00,2011-06-01 11:52:00,274.761,537,0
15917.0,157,5,560.63,263,2009-12-02 14:55:00,2011-04-06 10:40:00,112.126,489,1
15918.0,100,3,582.88,240,2010-03-18 11:40:00,2011-06-02 11:42:00,194.29333333333332,441,1
15919.0,278,1,541.44,484,2010-12-06 11:26:00,2010-12-06 11:26:00,541.44,0,0
15920.0,63,9,571.64,240,2009-12-14 13:09:00,2011-07-08 15:31:00,63.51555555555555,571,1
15921.0,82,4,802.11,342,2010-03-09 11:03:00,2011-06-20 11:03:00,200.5275,468,1
15922.0,282,1,739.0,276,2010-12-01 13:51:00,2010-12-01 13:51:00,739.0,0,1
15923.0,282,1,254.16,244,2010-12-02 12:16:00,2010-12-02 12:16:00,254.16,0,1
15924.0,640,1,102.82,103,2009-12-08 15:00:00,2009-12-08 15:00:00,102.82,0,1
15925.0,103,1,207.15,93,2011-05-29 15:35:00,2011-05-29 15:35:00,207.15,0,1
15926.0,451,1,134.44,155,2010-06-15 15:23:00,2010-06-15 15:23:00,134.44,0,1
15927.0,556,1,123.39,69,2010-03-02 13:25:00,2010-03-02 13:25:00,123.39,0,1
15928.0,565,1,293.53,164,2010-02-21 15:16:00,2010-02-21 15:16:00,293.53,0,1
15929.0,553,1,594.0,120,2010-03-05 14:56:00,2010-03-05 14:56:00,594.0,0,1
15931.0,337,1,239.9,118,2010-10-07 16:46:00,2010-10-07 16:46:00,239.9,0,1
15932.0,17,6,1885.95,1509,2011-02-23 14:50:00,2011-08-24 12:00:00,314.325,181,0
15934.0,327,2,2190.66,2166,2010-10-06 12:08:00,2010-10-18 10:13:00,1095.33,11,1
15935.0,148,2,416.86,115,2011-04-12 09:35:00,2011-04-14 13:27:00,208.43,2,1
15936.0,288,2,282.79,211,2010-08-29 11:42:00,2010-11-25 16:39:00,141.395,88,1
15938.0,21,9,734.81,449,2010-06-01 09:42:00,2011-08-19 12:56:00,81.64555555555555,444,1
15939.0,16,15,8805.630000000001,6104,2010-11-30 12:07:00,2011-08-24 14:46:00,587.042,267,0
15940.0,220,1,35.8,4,2011-02-01 16:18:00,2011-02-01 16:18:00,35.8,0,1
15941.0,546,1,405.0,60,2010-03-12 14:45:00,2010-03-12 14:45:00,405.0,0,1
15942.0,43,1,337.44,232,2011-07-29 09:01:00,2011-07-29 09:01:00,337.44,0,1
15943.0,559,2,271.28999999999996,183,2010-01-31 11:04:00,2010-02-28 12:49:00,135.64499999999998,28,1
15944.0,186,4,2164.24,859,2009-12-13 12:57:00,2011-03-08 10:33:00,541.06,449,1
15945.0,274,4,827.27,397,2009-12-01 13:47:00,2010-12-09 13:14:00,206.8175,372,1
15946.0,412,3,2304.18,1614,2010-03-16 10:49:00,2010-07-25 12:18:00,768.06,131,1
15948.0,334,1,553.85,285,2010-10-11 12:16:00,2010-10-11 12:16:00,553.85,0,0
15950.0,15,8,6506.58,3100,2010-01-26 11:39:00,2011-08-25 14:13:00,813.3225,576,0
15951.0,195,2,680.12,281,2010-11-23 18:20:00,2011-02-27 11:57:00,340.06,95,0
15952.0,68,2,327.8,144,2011-04-28 12:55:00,2011-07-03 13:33:00,163.9,66,0
15953.0,121,14,2836.31,1411,2009-12-03 14:00:00,2011-05-12 11:44:00,202.59357142857144,524,0
15954.0,498,1,190.75,119,2010-04-29 13:35:00,2010-04-29 13:35:00,190.75,0,1
15955.0,16,16,6705.75,3181,2010-02-23 16:36:00,2011-08-25 11:36:00,419.109375,547,0
15956.0,460,2,617.6,278,2009-12-13 11:16:00,2010-06-06 13:06:00,308.8,175,1
15957.0,330,2,501.21,247,2010-10-15 12:11:00,2010-10-15 12:22:00,250.605,0,0
15958.0,313,3,388.64,131,2010-06-07 10:59:00,2010-11-01 12:22:00,129.54666666666665,147,0
15959.0,591,3,579.49,282,2010-01-26 16:19:00,2010-01-26 16:38:00,193.16333333333333,0,1
15960.0,283,4,410.95,258,2010-09-30 15:50:00,2010-11-30 15:57:00,102.7375,61,1
15961.0,288,1,451.28999999999996,154,2010-11-25 15:59:00,2010-11-25 15:59:00,451.28999999999996,0,1
15962.0,358,1,295.83,235,2010-09-16 13:48:00,2010-09-16 13:48:00,295.83,0,1
15964.0,572,1,272.96000000000004,94,2010-02-14 15:30:00,2010-02-14 15:30:00,272.96000000000004,0,1
15965.0,276,10,2323.64,1054,2009-12-03 11:45:00,2010-12-07 13:18:00,232.36399999999998,369,0
15966.0,360,1,426.53000000000003,275,2010-09-15 10:44:00,2010-09-15 10:44:00,426.53000000000003,0,1
15967.0,228,11,2796.57,1055,2009-12-01 13:29:00,2011-01-25 11:57:00,254.23363636363638,419,0
15968.0,297,1,418.05,253,2010-11-16 13:04:00,2010-11-16 13:04:00,418.05,0,1
15969.0,95,3,769.65,143,2010-07-05 13:10:00,2011-06-07 12:19:00,256.55,336,0
15970.0,213,2,1017.32,498,2010-04-20 11:30:00,2011-02-09 12:08:00,508.66,295,1
15971.0,18,13,3812.4300000000003,1446,2009-12-08 09:46:00,2011-08-23 09:53:00,293.2638461538462,623,0
15972.0,365,5,1810.27,480,2010-04-18 14:06:00,2010-09-09 13:20:00,362.054,143,1
15973.0,276,3,988.44,301,2010-10-06 15:00:00,2010-12-08 11:42:00,329.48,62,1
15974.0,4,6,2895.0099999999998,1864,2011-02-24 10:10:00,2011-09-05 15:40:00,482.5016666666666,193,0
15976.0,74,6,1746.6399999999999,1078,2010-06-06 14:01:00,2011-06-27 13:00:00,291.1066666666666,385,1
15978.0,341,2,2180.64,1556,2010-03-05 14:39:00,2010-10-03 14:08:00,1090.32,211,0
15979.0,512,1,329.22,450,2010-04-16 11:35:00,2010-04-16 11:35:00,329.22,0,1
15980.0,163,5,4955.0,3894,2010-06-01 14:40:00,2011-03-30 15:05:00,991.0,302,0
15981.0,47,19,8412.49,4257,2010-03-29 10:07:00,2011-07-25 10:47:00,442.7626315789474,483,0
15982.0,514,1,324.51,131,2010-04-13 15:47:00,2010-04-13 15:47:00,324.51,0,1
15983.0,270,7,3632.07,2258,2009-12-06 12:52:00,2010-12-14 12:30:00,518.8671428571429,372,0
15984.0,10,27,7770.41,5199,2009-12-01 13:38:00,2011-08-31 12:11:00,287.792962962963,637,0
15985.0,32,7,2715.28,2750,2010-05-27 15:51:00,2011-08-08 16:31:00,387.8971428571429,438,1
15986.0,291,1,186.3,100,2010-11-23 10:02:00,2010-11-23 10:02:00,186.3,0,0
15987.0,30,7,1437.27,1533,2010-11-25 12:56:00,2011-08-11 09:45:00,205.3242857142857,258,0
15988.0,461,2,612.0600000000001,305,2010-02-21 11:36:00,2010-06-06 12:45:00,306.03000000000003,105,0
15989.0,285,2,372.51,171,2009-12-02 15:51:00,2010-11-29 12:03:00,186.255,361,1
15990.0,196,6,1619.31,818,2010-02-28 12:30:00,2011-02-25 15:35:00,269.885,362,0
15991.0,443,1,150.55,41,2010-06-23 15:50:00,2010-06-23 15:50:00,150.55,0,1
15992.0,305,2,854.61,497,2010-09-12 11:52:00,2010-11-08 14:51:00,427.305,57,0
15994.0,321,2,775.11,292,2010-03-14 11:55:00,2010-10-24 12:14:00,387.555,224,0
15995.0,323,1,696.19,353,2010-10-21 13:57:00,2010-10-21 13:57:00,696.19,0,1
15996.0,25,6,1534.08,703,2010-11-07 15:49:00,2011-08-15 13:09:00,255.67999999999998,280,0
15998.0,81,14,7330.43,4709,2009-12-01 11:45:00,2011-06-21 10:48:00,523.6021428571429,566,0
15999.0,645,1,20.4,24,2009-12-04 12:31:00,2009-12-04 12:31:00,20.4,0,1
16001.0,290,1,583.39,337,2010-11-23 17:10:00,2010-11-23 17:10:00,583.39,0,1
16002.0,534,1,169.21,70,2010-03-24 13:08:00,2010-03-24 13:08:00,169.21,0,1
16003.0,44,8,4672.36,1620,2009-12-03 18:51:00,2011-07-28 11:20:00,584.045,601,0
16004.0,384,5,2146.39,1076,2010-01-25 13:56:00,2010-08-22 11:48:00,429.27799999999996,208,1
16005.0,92,8,2118.91,1137,2010-09-15 13:21:00,2011-06-10 12:01:00,264.86375,267,0
16006.0,120,2,347.17,211,2010-11-17 12:03:00,2011-05-12 13:12:00,173.585,176,1
16007.0,90,5,2106.65,1833,2010-06-14 13:18:00,2011-06-12 12:01:00,421.33000000000004,362,0
16008.0,114,13,5044.5,3025,2010-03-19 11:07:00,2011-05-19 10:54:00,388.03846153846155,425,0
16009.0,69,1,462.19,208,2011-07-03 11:26:00,2011-07-03 11:26:00,462.19,0,0
16010.0,155,11,1724.06,931,2010-10-24 10:54:00,2011-04-08 10:14:00,156.73272727272726,165,1
16011.0,1,25,4713.16,2855,2009-12-01 12:02:00,2011-09-08 15:41:00,188.5264,646,0
16012.0,38,4,2706.62,1518,2010-06-28 11:39:00,2011-08-03 11:44:00,676.655,401,0
16013.0,8,72,43725.18,19294,2009-12-08 10:24:00,2011-09-02 11:34:00,607.2941666666667,633,0
16014.0,61,4,997.82,442,2010-01-31 12:43:00,2011-07-10 16:29:00,249.455,525,0
16016.0,105,7,1842.75,750,2010-11-02 13:27:00,2011-05-27 13:53:00,263.25,206,0
16017.0,326,4,1341.95,538,2010-01-05 12:06:00,2010-10-18 12:58:00,335.4875,286,0
16018.0,89,3,451.13,357,2009-12-07 13:57:00,2011-06-12 13:52:00,150.37666666666667,551,0
16019.0,45,25,16631.86,6436,2009-12-14 14:12:00,2011-07-26 14:03:00,665.2744,588,0
16021.0,304,2,532.25,297,2010-06-13 11:05:00,2010-11-09 14:48:00,266.125,149,1
16022.0,169,1,628.28,261,2011-03-24 13:16:00,2011-03-24 13:16:00,628.28,0,1
16023.0,101,2,500.69,227,2011-03-18 13:32:00,2011-05-31 14:19:00,250.345,74,0
16024.0,321,2,232.96,107,2010-10-24 11:40:00,2010-10-24 11:42:00,116.48,0,0
16027.0,1,15,2048.36,2099,2010-01-08 13:21:00,2011-09-09 10:47:00,136.55733333333333,608,1
16028.0,505,1,82.2,18,2010-04-23 11:45:00,2010-04-23 11:45:00,82.2,0,1
16029.0,3,96,95488.44,41804,2009-12-08 11:23:00,2011-09-07 09:45:00,994.67125,637,0
16030.0,219,1,331.24,283,2011-02-03 11:28:00,2011-02-03 11:28:00,331.24,0,1
16031.0,1,2,548.94,423,2011-04-06 14:23:00,2011-09-08 13:07:00,274.47,154,1
16032.0,365,6,1970.45,1480,2010-07-04 13:31:00,2010-09-09 18:00:00,328.40833333333336,67,1
16033.0,17,23,7898.03,2904,2010-08-11 16:44:00,2011-08-23 14:19:00,343.39260869565214,376,0
16034.0,105,6,928.72,597,2010-10-26 13:00:00,2011-05-27 16:17:00,154.78666666666666,213,1
16035.0,469,1,217.73,33,2010-05-28 15:09:00,2010-05-28 15:09:00,217.73,0,1
16036.0,172,3,1986.65,780,2010-03-29 14:47:00,2011-03-21 13:01:00,662.2166666666667,356,0
16037.0,179,5,1509.34,766,2010-03-01 12:31:00,2011-03-15 09:13:00,301.868,378,1
16038.0,86,2,393.33,229,2011-05-22 11:29:00,2011-06-15 13:50:00,196.665,24,0
16039.0,333,2,456.4,409,2010-03-21 15:17:00,2010-10-12 10:44:00,228.2,204,1
16040.0,57,6,1979.53,1010,2010-04-09 10:12:00,2011-07-14 16:12:00,329.9216666666667,461,0
16041.0,50,2,2739.8,1044,2011-07-21 16:27:00,2011-07-21 16:28:00,1369.9,0,0
16042.0,17,5,1528.1299999999999,959,2010-09-12 12:00:00,2011-08-24 12:04:00,305.626,346,0
16043.0,120,7,1759.0900000000001,850,2010-08-15 11:26:00,2011-05-12 13:43:00,251.29857142857145,270,0
16044.0,344,1,340.84000000000003,170,2010-09-30 18:12:00,2010-09-30 18:12:00,340.84000000000003,0,1
16045.0,29,8,3434.9300000000003,2108,2010-07-29 12:50:00,2011-08-12 12:41:00,429.36625000000004,378,1
16046.0,471,1,235.78,248,2010-05-26 13:18:00,2010-05-26 13:18:00,235.78,0,1
16047.0,591,1,107.14,1,2010-01-26 16:34:00,2010-01-26 16:34:00,107.14,0,1
16048.0,282,4,1075.23,569,2010-06-08 12:36:00,2010-12-01 15:28:00,268.8075,176,1
16049.0,284,3,787.89,372,2010-07-11 13:53:00,2010-11-29 14:36:00,262.63,141,0
16050.0,83,3,300.7,388,2010-11-03 15:55:00,2011-06-19 11:44:00,100.23333333333333,227,1
16051.0,591,1,188.44,80,2010-01-27 09:38:00,2010-01-27 09:38:00,188.44,0,1
16053.0,31,5,3247.08,2277,2010-04-08 11:11:00,2011-08-09 14:57:00,649.4159999999999,488,0
16054.0,54,4,2111.88,791,2010-04-01 18:37:00,2011-07-17 13:08:00,527.97,471,1
16055.0,130,1,134.8,22,2011-05-03 09:26:00,2011-05-03 09:26:00,134.8,0,1
16057.0,5,9,3135.96,1448,2010-01-07 17:11:00,2011-09-04 15:21:00,348.44,604,0
16058.0,315,1,62.7,18,2010-10-29 16:48:00,2010-10-29 16:48:00,62.7,0,1
16059.0,73,10,2709.21,1258,2010-05-19 13:04:00,2011-06-29 10:50:00,270.921,405,0
16060.0,310,3,541.95,243,2010-08-02 15:26:00,2010-11-04 12:10:00,180.65,93,1
16061.0,340,1,89.65,19,2010-10-04 15:29:00,2010-10-04 15:29:00,89.65,0,1
16062.0,43,7,2487.97,1885,2010-06-21 13:32:00,2011-07-29 12:50:00,355.4242857142857,402,0
16063.0,169,1,335.32,262,2011-03-24 14:55:00,2011-03-24 14:56:00,335.32,0,1
16064.0,634,1,111.0,56,2009-12-14 16:11:00,2009-12-14 16:11:00,111.0,0,1
16065.0,274,8,2382.62,1447,2010-09-02 13:27:00,2010-12-09 13:03:00,297.8275,97,1
16066.0,33,1,316.38,186,2011-08-07 14:33:00,2011-08-07 14:33:00,316.38,0,0
16067.0,472,3,3395.29,1279,2010-02-02 18:01:00,2010-05-26 12:33:00,1131.7633333333333,112,1
16068.0,503,1,122.93,52,2010-04-25 11:52:00,2010-04-25 11:52:00,122.93,0,1
16069.0,327,1,457.7,138,2010-10-18 10:32:00,2010-10-18 10:32:00,457.7,0,1
16071.0,436,3,750.5600000000001,517,2010-02-22 14:48:00,2010-06-30 13:41:00,250.1866666666667,127,0
16072.0,197,4,4328.89,1611,2010-06-08 16:47:00,2011-02-24 14:32:00,1082.2225,260,1
16073.0,206,1,122.39999999999999,48,2011-02-15 15:41:00,2011-02-15 15:41:00,122.39999999999999,0,1
16074.0,299,1,265.25,39,2010-11-14 13:19:00,2010-11-14 13:19:00,265.25,0,1
16075.0,412,2,736.9300000000001,271,2010-05-24 15:57:00,2010-07-25 11:31:00,368.46500000000003,61,1
16076.0,2,5,1357.98,1012,2011-05-15 12:31:00,2011-09-08 12:04:00,271.596,115,0
16077.0,535,1,2300.4,840,2010-03-24 10:42:00,2010-03-24 10:42:00,2300.4,0,1
16078.0,193,2,362.99,200,2010-02-08 13:29:00,2011-03-01 09:47:00,181.495,385,1
16080.0,183,3,515.66,236,2010-09-15 14:19:00,2011-03-10 14:44:00,171.88666666666666,176,0
16081.0,94,6,2645.65,1243,2010-02-03 12:46:00,2011-06-07 13:31:00,440.94166666666666,489,0
16082.0,579,1,106.75,39,2010-02-07 15:16:00,2010-02-07 15:16:00,106.75,0,1
16083.0,10,4,2351.42,1514,2010-11-16 11:53:00,2011-08-31 10:47:00,587.855,287,1
16084.0,208,1,436.18,216,2011-02-13 16:05:00,2011-02-13 16:05:00,436.18,0,1
16085.0,146,9,1687.06,972,2010-01-20 14:03:00,2011-04-17 12:25:00,187.45111111111112,451,0
16086.0,7,9,2643.3,1403,2009-12-02 13:20:00,2011-09-02 13:22:00,293.70000000000005,639,0
16087.0,298,5,1739.92,664,2010-01-19 12:30:00,2010-11-15 16:44:00,347.98400000000004,300,1
16088.0,485,2,1437.43,373,2010-04-27 10:56:00,2010-05-13 10:16:00,718.715,15,1
16089.0,295,2,271.44,122,2010-07-18 15:51:00,2010-11-18 13:51:00,135.72,122,1
16090.0,533,1,205.91,65,2010-03-25 13:05:00,2010-03-25 13:05:00,205.91,0,1
16091.0,64,2,315.06,154,2011-05-25 09:18:00,2011-07-08 08:45:00,157.53,43,1
16092.0,24,6,1587.94,1188,2010-05-09 16:10:00,2011-08-17 10:46:00,264.6566666666667,464,1
16093.0,16,1,17.0,20,2011-08-25 11:09:00,2011-08-25 11:09:00,17.0,0,1
16094.0,128,8,2869.43,1537,2010-04-16 14:00:00,2011-05-04 13:57:00,358.67875,382,0
16095.0,365,1,447.05,265,2010-09-09 16:54:00,2010-09-09 16:54:00,447.05,0,1
16096.0,173,4,1584.97,700,2010-03-04 15:44:00,2011-03-20 13:38:00,396.2425,380,1
16097.0,149,1,185.04999999999998,87,2011-04-13 13:47:00,2011-04-13 13:47:00,185.04999999999998,0,1
16098.0,37,13,4154.96,2038,2009-12-15 09:40:00,2011-08-03 17:05:00,319.6123076923077,596,0
16099.0,47,6,1433.4,888,2010-03-03 11:13:00,2011-07-25 10:28:00,238.9,508,0
16100.0,372,1,582.64,438,2010-09-03 11:39:00,2010-09-03 11:39:00,582.64,0,1
16101.0,344,3,1938.46,1087,2010-05-27 12:50:00,2010-10-01 10:45:00,646.1533333333333,126,0
16102.0,8,2,1392.8400000000001,776,2011-08-03 12:50:00,2011-09-02 11:54:00,696.4200000000001,29,0
16103.0,67,20,5918.47,2469,2010-01-08 12:08:00,2011-07-05 10:54:00,295.9235,542,0
16104.0,328,8,2476.25,925,2009-12-06 10:41:00,2010-10-17 10:34:00,309.53125,314,0
16105.0,158,5,2386.19,2125,2010-04-14 13:27:00,2011-04-05 10:13:00,477.238,355,1
16107.0,12,3,1494.1200000000001,500,2011-06-09 18:42:00,2011-08-28 14:53:00,498.04,79,0
16108.0,343,3,1393.42,858,2010-03-18 14:14:00,2010-10-01 15:10:00,464.47333333333336,197,0
16109.0,128,3,939.48,1092,2010-01-10 10:37:00,2011-05-05 09:17:00,313.16,479,1
16110.0,171,3,1175.72,522,2010-07-05 13:04:00,2011-03-22 13:54:00,391.9066666666667,260,0
16111.0,337,1,562.48,236,2010-10-07 19:51:00,2010-10-07 19:51:00,562.48,0,1
16112.0,52,4,195.73999999999998,574,2011-01-05 11:47:00,2011-07-19 14:28:00,48.934999999999995,195,1
16113.0,92,1,161.38,176,2011-06-09 16:16:00,2011-06-09 16:16:00,161.38,0,1
16114.0,80,1,135.75000000000003,43,2011-06-22 10:13:00,2011-06-22 10:13:00,135.75000000000003,0,1
16115.0,26,9,1838.85,1199,2010-05-14 11:59:00,2011-08-14 12:55:00,204.31666666666666,457,0
16116.0,121,1,612.78,248,2011-05-12 12:01:00,2011-05-12 12:01:00,612.78,0,1
16117.0,99,3,654.4,321,2010-04-27 11:50:00,2011-06-03 11:42:00,218.13333333333333,401,1
16118.0,562,1,4376.25,2851,2010-02-25 09:40:00,2010-02-25 09:40:00,4376.25,0,1
16119.0,303,6,1297.45,571,2009-12-16 11:56:00,2010-11-10 13:40:00,216.24166666666667,329,0
16120.0,331,2,1747.77,1327,2010-10-13 15:07:00,2010-10-13 15:22:00,873.885,0,0
16121.0,125,4,897.87,453,2010-05-23 10:52:00,2011-05-08 11:52:00,224.4675,350,0
16122.0,22,5,867.18,1182,2010-10-10 15:26:00,2011-08-19 10:18:00,173.43599999999998,312,0
16124.0,226,4,1772.49,797,2009-12-07 10:33:00,2011-01-26 14:45:00,443.1225,415,1
16125.0,276,14,4587.65,1944,2009-12-14 15:38:00,2010-12-07 15:48:00,327.6892857142857,358,1
16126.0,11,14,12065.73,5101,2009-12-02 13:34:00,2011-08-30 10:07:00,861.8378571428572,635,0
16127.0,636,1,145.06,68,2009-12-13 12:19:00,2009-12-13 12:19:00,145.06,0,0
16128.0,53,8,2615.53,1823,2010-07-16 16:30:00,2011-07-19 12:19:00,326.94125,367,0
16129.0,316,3,1396.05,1261,2010-07-20 12:32:00,2010-10-28 14:29:00,465.34999999999997,100,1
16130.0,331,4,987.48,296,2010-04-01 13:58:00,2010-10-13 15:14:00,246.87,195,1
16131.0,25,10,8729.38,4210,2009-12-02 10:09:00,2011-08-16 12:32:00,872.9379999999999,622,0
16132.0,453,2,664.1999999999999,280,2010-03-22 10:25:00,2010-06-13 13:49:00,332.09999999999997,83,1
16133.0,10,46,19022.49,10989,2010-03-31 12:21:00,2011-08-30 13:47:00,413.53239130434787,517,0
16134.0,268,4,1810.78,1424,2010-06-17 09:48:00,2010-12-15 14:00:00,452.695,181,0
16135.0,172,2,819.45,395,2010-05-05 09:35:00,2011-03-22 12:30:00,409.725,321,1
16136.0,187,2,396.72,300,2010-02-14 12:49:00,2011-03-07 09:52:00,198.36,385,0
16137.0,589,1,422.7,210,2010-01-28 15:04:00,2010-01-28 15:04:00,422.7,0,1
16138.0,288,3,910.35,774,2010-04-28 09:51:00,2010-11-26 12:13:00,303.45,212,1
16139.0,21,4,782.11,427,2009-12-03 13:51:00,2011-08-19 14:49:00,195.5275,624,0
16140.0,280,2,956.5600000000001,750,2010-09-24 12:03:00,2010-12-03 14:40:00,478.28000000000003,70,0
16141.0,326,1,335.54,172,2010-10-18 14:12:00,2010-10-18 14:12:00,335.54,0,0
16142.0,159,1,535.34,422,2011-04-04 10:16:00,2011-04-04 10:16:00,535.34,0,1
16143.0,17,11,4435.25,1807,2009-12-10 09:44:00,2011-08-23 16:01:00,403.20454545454544,621,0
16144.0,156,1,175.2,16,2011-04-07 10:09:00,2011-04-07 10:09:00,175.2,0,1
16145.0,9,16,5606.26,4395,2010-05-04 13:31:00,2011-09-01 10:11:00,350.39125,484,0
16146.0,66,4,946.38,544,2010-09-17 10:46:00,2011-07-05 14:20:00,236.595,291,1
16147.0,43,5,2398.91,1395,2010-02-05 12:26:00,2011-07-29 09:57:00,479.782,538,1
16148.0,205,2,386.62,250,2010-09-29 10:12:00,2011-02-16 14:01:00,193.31,140,1
16149.0,51,2,305.38,458,2010-10-06 15:54:00,2011-07-20 14:54:00,152.69,286,0
16150.0,38,8,3751.27,1891,2009-12-17 15:33:00,2011-08-03 09:07:00,468.90875,593,0
16152.0,178,1,1829.04,642,2011-03-16 09:47:00,2011-03-16 09:47:00,1829.04,0,1
16153.0,25,10,4332.8,3150,2010-05-26 12:41:00,2011-08-16 09:34:00,433.28000000000003,446,0
16155.0,291,5,796.9,495,2010-06-18 11:23:00,2010-11-23 12:03:00,159.38,158,1
16156.0,61,16,4541.31,2621,2009-12-02 17:06:00,2011-07-11 10:24:00,283.831875,585,0
16158.0,431,9,628.32,182,2009-12-05 15:00:00,2010-07-05 13:55:00,69.81333333333333,211,1
16159.0,191,4,1232.79,635,2009-12-03 11:51:00,2011-03-03 12:27:00,308.1975,455,1
16161.0,49,36,10319.94,5269,2010-02-08 11:06:00,2011-07-22 15:02:00,286.665,529,0
16162.0,161,1,37.4,4,2011-04-01 15:03:00,2011-04-01 15:03:00,37.4,0,1
16163.0,141,6,2849.58,768,2009-12-02 10:00:00,2011-04-21 15:15:00,474.93,505,1
16165.0,414,1,79.9,2,2010-07-22 14:17:00,2010-07-22 14:17:00,79.9,0,1
16166.0,337,2,435.83,173,2010-01-17 14:16:00,2010-10-07 15:44:00,217.915,263,1
16167.0,323,5,1386.1200000000001,1494,2009-12-01 10:46:00,2010-10-21 15:33:00,277.22400000000005,324,1
16168.0,4,57,9480.99,4599,2009-12-03 12:38:00,2011-09-06 11:53:00,166.33315789473684,641,0
16170.0,22,19,6544.61,5769,2010-02-18 13:50:00,2011-08-19 10:06:00,344.4531578947368,546,0
16172.0,4,8,1884.55,1419,2010-07-14 15:34:00,2011-09-05 13:22:00,235.56875,417,1
16173.0,1,2,635.05,242,2011-09-02 15:23:00,2011-09-09 09:03:00,317.525,6,0
16174.0,35,7,2246.75,1431,2010-04-15 15:12:00,2011-08-05 13:26:00,320.9642857142857,476,1
16175.0,3,7,1836.44,932,2010-05-25 12:01:00,2011-09-06 14:32:00,262.34857142857146,469,1
16176.0,330,4,2052.69,952,2010-03-29 14:52:00,2010-10-14 13:54:00,513.1725,198,1
16177.0,346,7,1915.36,926,2010-03-02 14:03:00,2010-09-29 10:12:00,273.62285714285713,210,0
16178.0,47,2,612.6,304,2010-11-03 14:46:00,2011-07-24 16:05:00,306.3,263,1
16180.0,9,13,16249.87,9813,2010-06-23 13:19:00,2011-08-31 16:28:00,1249.99,434,1
16182.0,39,8,8198.0,4896,2010-03-09 09:34:00,2011-08-01 16:41:00,1024.75,510,0
16183.0,304,3,739.1,238,2010-10-28 14:43:00,2010-11-10 11:12:00,246.36666666666667,12,0
16184.0,15,5,985.8000000000001,470,2011-05-12 13:33:00,2011-08-26 09:55:00,197.16000000000003,105,0
16185.0,142,2,450.31,214,2010-05-24 11:04:00,2011-04-21 11:59:00,225.155,332,0
16186.0,12,23,7715.7,6047,2009-12-09 15:36:00,2011-08-28 12:57:00,335.46521739130435,626,0
16187.0,8,12,5395.7,3925,2011-02-28 13:34:00,2011-09-01 13:53:00,449.64166666666665,185,0
16188.0,50,4,860.83,701,2010-10-27 11:50:00,2011-07-21 16:20:00,215.2075,267,0
16190.0,304,7,2508.4700000000003,1143,2009-12-14 11:59:00,2010-11-10 09:43:00,358.3528571428572,330,0
16191.0,172,19,13123.18,7621,2009-12-11 12:24:00,2011-03-22 08:54:00,690.6936842105264,465,0
16192.0,645,1,351.3,208,2009-12-04 12:28:00,2009-12-04 12:28:00,351.3,0,1
16193.0,146,2,630.43,379,2010-10-25 10:25:00,2011-04-17 11:45:00,315.215,174,1
16194.0,284,1,308.59999999999997,140,2010-11-29 13:28:00,2010-11-29 13:28:00,308.59999999999997,0,1
16195.0,632,1,323.25,123,2009-12-16 14:09:00,2009-12-16 14:09:00,323.25,0,1
16196.0,398,1,93.3,26,2010-08-08 11:40:00,2010-08-08 11:40:00,93.3,0,1
16197.0,378,9,2016.71,1420,2009-12-16 11:44:00,2010-08-27 12:56:00,224.07888888888888,254,1
16198.0,346,1,629.36,255,2010-09-28 13:59:00,2010-09-28 13:59:00,629.36,0,0
16199.0,301,7,942.75,321,2010-03-18 18:47:00,2010-11-12 12:55:00,134.67857142857142,238,1
16200.0,73,11,5113.4,2797,2009-12-02 15:04:00,2011-06-28 15:47:00,464.8545454545454,573,0
16201.0,19,2,552.45,343,2010-10-20 12:00:00,2011-08-22 10:47:00,276.225,305,0
16202.0,270,9,2501.9900000000002,1307,2009-12-02 10:48:00,2010-12-14 10:43:00,277.9988888888889,376,1
16203.0,57,5,899.9399999999999,503,2010-07-23 13:09:00,2011-07-15 12:45:00,179.988,356,0
16204.0,289,2,538.53,455,2009-12-08 17:44:00,2010-11-24 15:03:00,269.265,350,0
16205.0,89,4,1181.58,1002,2010-06-15 11:58:00,2011-06-13 11:33:00,295.395,362,0
16206.0,34,12,2475.12,1315,2010-01-24 15:25:00,2011-08-07 10:45:00,206.26,559,0
16208.0,198,9,3273.78,1451,2010-02-24 14:24:00,2011-02-23 13:37:00,363.75333333333333,363,0
16209.0,28,8,4001.06,1819,2010-06-11 11:58:00,2011-08-12 14:25:00,500.1325,427,0
16210.0,8,28,28652.170000000002,11085,2009-12-02 12:54:00,2011-09-02 12:33:00,1023.2917857142858,638,0
16211.0,330,2,543.5699999999999,365,2010-09-27 15:24:00,2010-10-14 13:20:00,271.78499999999997,16,0
16212.0,192,3,1101.52,478,2010-02-07 15:26:00,2011-03-01 12:51:00,367.17333333333335,386,0
16214.0,80,4,2038.25,1308,2010-09-30 13:57:00,2011-06-22 11:30:00,509.5625,264,1
16216.0,176,1,914.9300000000001,254,2011-03-17 15:34:00,2011-03-17 15:34:00,914.9300000000001,0,1
16217.0,144,2,304.25,91,2011-03-02 15:28:00,2011-04-18 13:31:00,152.125,46,1
16218.0,24,12,3990.77,2901,2010-05-27 16:09:00,2011-08-17 09:16:00,332.56416666666667,446,0
16219.0,410,1,40.8,48,2010-07-27 11:44:00,2010-07-27 11:44:00,40.8,0,1
16221.0,185,8,1686.02,1065,2010-08-10 13:32:00,2011-03-09 10:51:00,210.7525,210,0
16222.0,227,2,1345.22,503,2009-12-18 14:31:00,2011-01-25 13:38:00,672.61,402,1
16223.0,284,2,1102.3500000000001,651,2010-11-09 12:07:00,2010-11-30 11:50:00,551.1750000000001,20,1
16224.0,50,4,1187.12,1237,2010-11-17 13:14:00,2011-07-21 19:17:00,296.78,246,0
16225.0,59,14,2724.73,1243,2010-02-07 12:41:00,2011-07-13 12:18:00,194.62357142857144,520,0
16226.0,112,5,672.1700000000001,521,2010-10-22 11:19:00,2011-05-20 14:41:00,134.43400000000003,210,1
16227.0,134,3,1027.22,436,2010-06-22 13:28:00,2011-04-28 13:33:00,342.4066666666667,310,1
16228.0,294,3,890.8100000000001,561,2010-11-04 18:54:00,2010-11-19 14:20:00,296.93666666666667,14,1
16229.0,122,5,2215.46,1066,2010-05-24 12:59:00,2011-05-11 10:18:00,443.092,351,0
16230.0,99,2,542.03,365,2011-05-03 15:12:00,2011-06-03 10:06:00,271.015,30,1
16231.0,288,4,1078.22,564,2010-04-21 12:06:00,2010-11-25 15:00:00,269.555,218,1
16232.0,52,6,2447.13,1737,2010-06-07 14:04:00,2011-07-19 13:01:00,407.855,406,0
16233.0,239,8,1755.53,605,2009-12-02 13:23:00,2011-01-14 10:31:00,219.44125,407,0
16234.0,385,3,333.18,170,2010-05-27 10:39:00,2010-08-20 14:33:00,111.06,85,1
16235.0,96,7,1851.69,709,2010-08-26 12:10:00,2011-06-06 11:26:00,264.52714285714285,283,0
16237.0,346,1,136.65,57,2010-09-28 17:02:00,2010-09-28 17:02:00,136.65,0,1
16238.0,332,1,63.66,85,2010-10-13 12:36:00,2010-10-13 12:36:00,63.66,0,1
16239.0,99,5,1425.9,646,2010-09-02 19:17:00,2011-06-03 09:30:00,285.18,273,0
16241.0,5,13,3507.58,1882,2010-10-25 13:40:00,2011-09-04 13:38:00,269.81384615384616,313,0
16242.0,74,10,4717.78,2348,2010-03-15 16:02:00,2011-06-27 14:41:00,471.77799999999996,468,0
16244.0,121,2,2579.38,1474,2010-12-02 11:41:00,2011-05-12 10:18:00,1289.69,160,1
16245.0,31,2,769.7,430,2011-03-28 09:30:00,2011-08-10 09:34:00,384.85,135,0
16246.0,369,2,827.25,338,2010-02-08 12:32:00,2010-09-06 12:04:00,413.625,209,1
16247.0,79,1,114.56,182,2011-06-22 14:23:00,2011-06-22 14:23:00,114.56,0,1
16249.0,22,4,1440.77,762,2011-04-14 13:50:00,2011-08-19 11:47:00,360.1925,126,0
16250.0,170,3,791.38,376,2010-11-18 10:43:00,2011-03-23 15:07:00,263.79333333333335,125,1
16251.0,421,1,128.31,44,2010-07-15 14:55:00,2010-07-15 14:55:00,128.31,0,1
16252.0,292,1,295.09000000000003,158,2010-11-22 11:57:00,2010-11-22 11:57:00,295.09000000000003,0,1
16253.0,164,6,5326.69,4168,2009-12-08 17:24:00,2011-03-29 13:33:00,887.7816666666666,475,0
16254.0,287,3,985.14,549,2010-03-17 15:43:00,2010-11-26 13:22:00,328.38,253,1
16255.0,5,14,4469.68,2744,2010-01-24 12:21:00,2011-09-05 10:15:00,319.2628571428572,588,0
16256.0,176,3,1629.37,1590,2010-04-21 10:34:00,2011-03-18 12:18:00,543.1233333333333,331,1
16257.0,86,1,46.95,2,2011-06-16 10:11:00,2011-06-16 10:11:00,46.95,0,1
16258.0,36,14,10480.07,6551,2010-03-10 14:19:00,2011-08-04 14:33:00,748.5764285714286,512,0
16259.0,319,3,361.94,162,2010-04-13 16:57:00,2010-10-25 14:27:00,120.64666666666666,194,1
16261.0,22,4,731.0,350,2010-09-23 16:40:00,2011-08-18 18:51:00,182.75,329,0
16262.0,287,1,755.15,446,2010-11-26 13:22:00,2010-11-26 13:22:00,755.15,0,1
16263.0,332,1,351.01,200,2010-10-12 14:52:00,2010-10-12 14:52:00,351.01,0,1
16264.0,347,2,837.53,632,2010-09-19 16:14:00,2010-09-27 15:00:00,418.765,7,1
16265.0,20,10,5550.19,2439,2010-10-28 15:18:00,2011-08-21 12:39:00,555.019,296,0
16266.0,25,13,1657.18,746,2010-02-04 16:21:00,2011-08-16 12:00:00,127.47538461538463,557,0
16267.0,500,1,186.66,198,2010-04-27 14:10:00,2010-04-27 14:10:00,186.66,0,1
16269.0,347,1,717.57,579,2010-09-28 11:50:00,2010-09-28 11:50:00,717.57,0,1
16270.0,262,1,1141.24,688,2010-12-21 14:26:00,2010-12-21 14:26:00,1141.24,0,1
16271.0,35,8,2926.81,2047,2010-03-07 12:03:00,2011-08-05 17:43:00,365.85125,516,0
16272.0,26,1,411.7,224,2011-08-15 10:53:00,2011-08-15 10:54:00,411.7,0,1
16273.0,557,2,336.03999999999996,46,2010-02-21 16:02:00,2010-03-01 13:24:00,168.01999999999998,7,1
16274.0,282,1,715.9,310,2010-12-01 15:35:00,2010-12-01 15:35:00,715.9,0,1
16275.0,106,3,2151.11,1268,2010-03-08 14:41:00,2011-05-27 12:41:00,717.0366666666667,444,1
16276.0,86,3,2629.3900000000003,1467,2010-04-11 12:02:00,2011-06-16 09:34:00,876.4633333333335,430,1
16277.0,643,1,188.69,33,2009-12-06 11:27:00,2009-12-06 11:27:00,188.69,0,1
16278.0,9,3,1117.84,342,2010-07-28 15:40:00,2011-08-31 17:12:00,372.6133333333333,399,1
16279.0,86,7,4554.58,2793,2010-04-22 14:09:00,2011-06-16 11:50:00,650.6542857142857,419,0
16280.0,634,1,238.05,101,2009-12-14 15:49:00,2009-12-14 15:49:00,238.05,0,1
16281.0,333,2,1361.96,636,2010-01-26 13:41:00,2010-10-12 09:01:00,680.98,258,0
16282.0,249,3,1307.58,790,2009-12-21 11:52:00,2011-01-04 11:42:00,435.85999999999996,378,1
16283.0,30,6,3419.36,2094,2010-02-28 14:12:00,2011-08-11 12:00:00,569.8933333333333,528,0
16284.0,302,1,205.8,139,2010-11-11 13:27:00,2010-11-11 13:27:00,205.8,0,0
16285.0,555,1,176.9,60,2010-03-03 16:03:00,2010-03-03 16:03:00,176.9,0,1
16286.0,386,2,328.95,101,2010-03-26 09:58:00,2010-08-19 14:48:00,164.475,146,1
16287.0,79,5,1006.98,1426,2010-01-19 09:46:00,2011-06-23 09:08:00,201.39600000000002,519,1
16288.0,379,1,129.85,19,2010-08-26 14:45:00,2010-08-26 14:45:00,129.85,0,1
16289.0,371,1,136.31,97,2010-09-03 14:02:00,2010-09-03 14:02:00,136.31,0,1
16290.0,374,4,2069.3,1001,2010-05-23 11:46:00,2010-09-01 11:52:00,517.325,101,1
16291.0,591,1,117.72,1,2010-01-26 16:26:00,2010-01-26 16:26:00,117.72,0,1
16292.0,31,5,1253.76,688,2010-04-14 13:29:00,2011-08-10 12:24:00,250.752,482,1
16293.0,1,11,3863.29,1683,2009-12-11 09:58:00,2011-09-09 10:09:00,351.2081818181818,637,0
16294.0,386,1,126.05000000000001,54,2010-08-20 12:01:00,2010-08-20 12:01:00,126.05000000000001,0,1
16296.0,535,4,1313.67,645,2009-12-18 12:03:00,2010-03-23 13:11:00,328.4175,95,1
16297.0,178,1,301.9,206,2011-03-16 08:29:00,2011-03-16 08:29:00,301.9,0,1
16298.0,96,5,601.8,160,2010-09-23 15:23:00,2011-06-06 10:06:00,120.35999999999999,255,0
16299.0,386,1,193.65,107,2010-08-19 17:46:00,2010-08-19 17:46:00,193.65,0,1
16300.0,339,3,1392.43,658,2010-02-02 11:40:00,2010-10-05 13:14:00,464.1433333333334,245,1
16301.0,646,1,107.33,41,2009-12-03 10:20:00,2009-12-03 10:20:00,107.33,0,1
16302.0,36,1,233.22,158,2011-08-05 09:44:00,2011-08-05 09:44:00,233.22,0,1
16303.0,25,6,6603.97,3225,2010-03-18 14:12:00,2011-08-16 11:04:00,1100.6616666666666,515,0
16304.0,604,1,381.66,228,2010-01-14 08:30:00,2010-01-14 08:30:00,381.66,0,1
16305.0,48,1,361.21999999999997,256,2011-07-24 12:18:00,2011-07-24 12:18:00,361.21999999999997,0,1
16306.0,123,7,1192.82,742,2010-10-01 09:36:00,2011-05-10 12:12:00,170.40285714285713,221,1
16307.0,338,3,1194.92,1123,2010-05-11 14:40:00,2010-10-06 14:31:00,398.3066666666667,147,1
16308.0,17,6,4160.0,13000,2009-12-15 15:48:00,2011-08-24 10:52:00,693.3333333333334,616,0
16309.0,15,2,706.57,467,2011-04-13 11:46:00,2011-08-25 15:35:00,353.285,134,1
16310.0,323,2,460.08,270,2010-03-07 15:41:00,2010-10-21 14:47:00,230.04,227,1
16312.0,341,1,171.15,53,2010-10-03 14:15:00,2010-10-03 14:15:00,171.15,0,1
16314.0,299,3,1491.4,636,2010-08-24 11:52:00,2010-11-15 12:06:00,497.1333333333334,83,1
16315.0,240,2,402.71,143,2010-06-21 13:53:00,2011-01-13 11:57:00,201.355,205,1
16316.0,66,12,5018.81,2758,2010-08-03 14:38:00,2011-07-05 14:42:00,418.2341666666667,336,0
16317.0,29,5,2192.51,1236,2010-05-04 10:17:00,2011-08-12 12:46:00,438.50200000000007,465,1
16319.0,127,1,404.40000000000003,72,2011-05-06 11:27:00,2011-05-06 11:27:00,404.40000000000003,0,1
16320.0,81,6,5628.99,3319,2010-01-27 13:29:00,2011-06-20 15:25:00,938.165,509,1
16321.0,214,5,454.55,187,2009-12-01 10:36:00,2011-02-07 15:10:00,90.91,433,0
16323.0,105,2,353.66,146,2010-05-11 09:48:00,2011-05-27 14:48:00,176.83,381,1
16324.0,37,3,428.68,282,2011-06-15 14:26:00,2011-08-03 12:58:00,142.89333333333335,48,1
16325.0,64,11,3419.28,2390,2009-12-04 13:21:00,2011-07-07 13:44:00,310.8436363636364,580,0
16326.0,6,18,3254.0,732,2010-01-28 13:23:00,2011-09-04 12:09:00,180.77777777777777,583,0
16327.0,108,14,9356.76,7587,2009-12-14 13:06:00,2011-05-24 14:00:00,668.34,526,0
16328.0,472,1,310.83,141,2010-05-25 14:02:00,2010-05-25 14:02:00,310.83,0,1
16329.0,337,4,1703.07,826,2009-12-01 11:34:00,2010-10-08 12:44:00,425.7675,311,1
16330.0,21,6,431.38,203,2010-02-15 12:36:00,2011-08-19 17:10:00,71.89666666666666,550,0
16331.0,341,6,2037.7,756,2010-03-07 10:55:00,2010-10-03 13:47:00,339.6166666666667,210,1
16332.0,39,7,1076.48,602,2010-04-29 13:41:00,2011-08-01 13:29:00,153.78285714285715,458,0
16333.0,8,18,15619.6,24352,2011-02-03 10:50:00,2011-09-02 09:09:00,867.7555555555556,210,0
16334.0,401,1,277.48,211,2010-08-04 16:38:00,2010-08-04 16:38:00,277.48,0,1
16335.0,461,7,2774.0,1016,2009-12-04 10:18:00,2010-06-06 11:35:00,396.2857142857143,184,1
16336.0,330,4,3517.69,1473,2010-03-18 08:05:00,2010-10-15 12:32:00,879.4225,211,1
16338.0,66,1,214.79999999999998,94,2011-07-05 13:56:00,2011-07-05 13:56:00,214.79999999999998,0,1
16339.0,193,1,109.95,23,2011-02-28 13:41:00,2011-02-28 13:41:00,109.95,0,1
16340.0,16,3,1526.06,1345,2010-06-06 13:26:00,2011-08-24 14:53:00,508.68666666666667,444,1
16341.0,110,4,2676.57,2158,2010-04-09 10:30:00,2011-05-22 13:20:00,669.1425,408,0
16342.0,17,3,283.71,145,2011-06-13 10:10:00,2011-08-24 08:27:00,94.57,71,0
16343.0,316,1,316.59,227,2010-10-28 14:15:00,2010-10-28 14:15:00,316.59,0,0
16344.0,67,4,842.42,706,2010-02-09 12:16:00,2011-07-04 15:50:00,210.605,510,1
16345.0,392,1,623.33,331,2010-08-13 17:13:00,2010-08-13 17:13:00,623.33,0,0
16346.0,294,1,224.51,289,2010-11-19 15:55:00,2010-11-19 15:55:00,224.51,0,1
16347.0,297,9,2621.76,1397,2010-03-12 12:41:00,2010-11-16 14:15:00,291.3066666666667,249,0
16348.0,37,5,1103.91,772,2010-10-05 13:57:00,2011-08-03 15:28:00,220.782,302,0
16349.0,200,1,53.5,9,2011-02-22 12:40:00,2011-02-22 12:40:00,53.5,0,1
16350.0,243,6,1514.1200000000001,728,2010-10-07 16:33:00,2011-01-10 09:44:00,252.35333333333335,94,0
16351.0,242,13,3330.0299999999997,2165,2009-12-04 16:12:00,2011-01-11 10:26:00,256.1561538461538,402,1
16353.0,1,29,6791.56,2785,2009-12-07 13:55:00,2011-09-09 12:41:00,234.19172413793106,640,0
16354.0,289,3,733.71,449,2010-04-27 13:33:00,2010-11-25 12:18:00,244.57000000000002,211,0
16355.0,284,1,416.35,179,2010-11-29 14:21:00,2010-11-29 14:21:00,416.35,0,1
16356.0,107,6,415.87,190,2010-06-06 11:26:00,2011-05-26 11:51:00,69.31166666666667,354,1
16357.0,71,3,467.44,198,2010-11-23 18:52:00,2011-06-30 16:51:00,155.81333333333333,218,0
16358.0,93,2,1354.3000000000002,984,2010-11-10 11:36:00,2011-06-08 15:05:00,677.1500000000001,210,0
16359.0,4,14,2358.06,1457,2010-02-16 10:39:00,2011-09-06 12:11:00,168.43285714285713,567,0
16362.0,0,4,592.22,280,2010-09-28 09:24:00,2011-09-09 15:03:00,148.055,346,0
16364.0,46,1,347.55,115,2011-07-25 14:35:00,2011-07-25 14:35:00,347.55,0,0
16365.0,32,13,2629.34,956,2009-12-11 12:41:00,2011-08-08 16:15:00,202.2569230769231,605,0
16366.0,491,3,1220.83,626,2009-12-16 10:39:00,2010-05-06 13:28:00,406.9433333333333,141,0
16367.0,272,2,728.82,561,2010-11-21 13:23:00,2010-12-12 12:01:00,364.41,20,0
16368.0,345,1,142.78,57,2010-09-30 11:30:00,2010-09-30 11:30:00,142.78,0,0
16369.0,106,5,1465.6,758,2010-04-07 16:52:00,2011-05-27 09:39:00,293.12,414,0
16370.0,26,3,953.11,524,2011-04-28 16:40:00,2011-08-14 12:56:00,317.7033333333333,107,0
16371.0,358,1,157.2,108,2010-09-17 12:09:00,2010-09-17 12:09:00,157.2,0,1
16372.0,318,3,960.68,582,2010-04-11 15:20:00,2010-10-26 12:54:00,320.22666666666663,197,0
16373.0,291,2,309.49,119,2010-10-24 13:10:00,2010-11-22 15:50:00,154.745,29,1
16374.0,171,4,1454.72,612,2010-04-30 13:10:00,2011-03-22 13:46:00,363.68,326,0
16375.0,379,2,104.0,74,2010-08-26 14:12:00,2010-08-26 14:25:00,52.0,0,1
16377.0,176,2,1308.48,2928,2010-04-01 10:36:00,2011-03-17 15:41:00,654.24,350,1
16378.0,156,3,362.95,267,2011-02-02 12:42:00,2011-04-06 15:07:00,120.98333333333333,63,1
16381.0,305,2,258.7,112,2010-10-17 13:06:00,2010-11-09 09:56:00,129.35,22,1
16382.0,317,2,353.1,167,2010-06-07 12:42:00,2010-10-27 16:23:00,176.55,142,1
16383.0,177,6,2615.94,1443,2010-02-04 13:18:00,2011-03-16 13:00:00,435.99,404,0
16384.0,173,3,1183.55,801,2010-04-28 14:01:00,2011-03-21 10:13:00,394.51666666666665,326,0
16385.0,67,4,749.57,443,2010-03-18 12:45:00,2011-07-04 13:53:00,187.3925,473,0
16386.0,163,2,846.49,525,2010-11-17 11:19:00,2011-03-31 12:19:00,423.245,134,0
16387.0,232,5,918.55,457,2010-03-11 12:22:00,2011-01-21 11:34:00,183.70999999999998,315,1
16388.0,563,1,186.05,83,2010-02-24 10:20:00,2010-02-24 10:20:00,186.05,0,1
16389.0,114,2,670.17,307,2011-03-01 15:47:00,2011-05-18 13:55:00,335.085,77,0
16390.0,446,3,467.5,122,2010-01-29 15:25:00,2010-06-21 10:11:00,155.83333333333334,142,1
16391.0,310,4,1103.61,748,2010-05-27 11:27:00,2010-11-04 12:27:00,275.9025,161,1
16392.0,179,3,763.05,609,2010-05-27 11:17:00,2011-03-15 12:11:00,254.35,292,1
16393.0,3,19,4280.72,2571,2009-12-01 12:13:00,2011-09-06 12:56:00,225.30105263157895,644,0
16394.0,80,3,933.1,1404,2011-02-23 10:58:00,2011-06-21 13:22:00,311.03333333333336,118,0
16395.0,77,12,3018.2,2340,2009-12-06 12:26:00,2011-06-24 15:28:00,251.51666666666665,565,0
16396.0,385,1,137.8,80,2010-08-20 14:17:00,2010-08-20 14:17:00,137.8,0,1
16397.0,537,1,127.88,50,2010-03-21 15:36:00,2010-03-21 15:36:00,127.88,0,1
16398.0,63,2,1705.8,758,2011-03-31 09:38:00,2011-07-08 15:16:00,852.9,99,1
16399.0,144,2,411.66,351,2010-11-15 15:03:00,2011-04-18 13:46:00,205.83,153,0
16400.0,4,9,3159.44,2159,2009-12-08 12:38:00,2011-09-06 12:27:00,351.0488888888889,636,1
16401.0,41,18,5206.25,4473,2010-06-02 13:13:00,2011-07-31 12:16:00,289.2361111111111,423,0
16402.0,174,2,511.4,254,2010-12-05 13:42:00,2011-03-20 12:25:00,255.7,104,1
16403.0,221,1,177.5,114,2011-01-31 13:39:00,2011-01-31 13:39:00,177.5,0,1
16405.0,211,2,167.25,187,2011-02-02 17:08:00,2011-02-10 15:24:00,83.625,7,1
16406.0,360,2,389.61,149,2010-02-24 11:51:00,2010-09-15 11:53:00,194.805,203,0
16407.0,19,12,2224.34,1137,2010-10-03 13:56:00,2011-08-21 14:00:00,185.36166666666668,322,0
16408.0,500,1,231.93,227,2010-04-27 14:08:00,2010-04-27 14:08:00,231.93,0,1
16409.0,59,10,4719.43,3077,2009-12-13 15:38:00,2011-07-12 14:57:00,471.94300000000004,575,0
16410.0,643,1,130.32,348,2009-12-05 14:51:00,2009-12-05 14:51:00,130.32,0,1
16411.0,278,3,827.04,481,2010-10-07 15:09:00,2010-12-05 13:26:00,275.68,58,0
16412.0,303,4,495.4,238,2010-02-04 13:46:00,2010-11-11 11:52:00,123.85,279,0
16413.0,285,1,266.78000000000003,136,2010-11-29 12:49:00,2010-11-29 12:49:00,266.78000000000003,0,0
16414.0,189,4,484.26,191,2010-01-14 10:21:00,2011-03-04 13:27:00,121.065,414,0
16415.0,493,2,509.09000000000003,340,2010-02-01 12:30:00,2010-05-05 11:51:00,254.54500000000002,92,0
16416.0,299,6,1921.48,1538,2010-02-23 12:00:00,2010-11-14 13:24:00,320.24666666666667,264,0
16417.0,402,1,35.7,6,2010-08-04 09:08:00,2010-08-04 09:08:00,35.7,0,1
16418.0,2,4,795.03,466,2010-10-13 12:31:00,2011-09-08 10:35:00,198.7575,329,0
16419.0,22,8,1487.42,721,2010-02-09 13:26:00,2011-08-19 12:33:00,185.9275,555,1
16420.0,305,1,75.0,120,2010-11-08 15:15:00,2010-11-08 15:15:00,75.0,0,1
16421.0,285,3,526.27,123,2010-08-27 12:02:00,2010-11-28 13:31:00,175.42333333333332,93,1
16422.0,9,97,58084.770000000004,60271,2010-01-12 11:57:00,2011-09-01 12:50:00,598.8120618556701,597,0
16424.0,100,2,443.06,212,2010-11-22 11:24:00,2011-06-01 13:40:00,221.53,191,1
16425.0,211,1,302.7,199,2011-02-10 14:30:00,2011-02-10 14:30:00,302.7,0,1
16426.0,2,4,689.83,414,2011-03-08 15:45:00,2011-09-08 12:19:00,172.4575,183,0
16427.0,172,2,241.06,156,2011-02-28 15:18:00,2011-03-21 17:10:00,120.53,21,1
16428.0,323,3,660.28,595,2010-07-30 12:10:00,2010-10-22 12:22:00,220.09333333333333,84,1
16429.0,15,1,284.55,9,2011-08-25 13:54:00,2011-08-25 13:54:00,284.55,0,1
16430.0,290,6,817.09,204,2010-01-27 12:45:00,2010-11-23 14:53:00,136.18166666666667,300,0
16431.0,122,3,642.81,453,2011-02-15 14:02:00,2011-05-10 14:09:00,214.26999999999998,84,1
16433.0,318,1,200.26,108,2010-10-27 12:26:00,2010-10-27 12:26:00,200.26,0,0
16434.0,5,9,2125.83,1019,2010-01-17 14:51:00,2011-09-04 12:54:00,236.20333333333332,594,0
16435.0,421,3,1011.5699999999999,609,2010-07-13 13:29:00,2010-07-15 18:22:00,337.19,2,1
16436.0,577,3,329.34,239,2009-12-06 16:02:00,2010-02-09 13:19:00,109.77999999999999,64,1
16437.0,290,2,301.25,197,2010-10-06 12:34:00,2010-11-23 16:59:00,150.625,48,1
16439.0,631,1,310.70000000000005,74,2009-12-17 14:22:00,2009-12-17 14:22:00,310.70000000000005,0,1
16440.0,124,2,488.76,205,2010-08-03 11:32:00,2011-05-09 12:25:00,244.38,279,0
16441.0,200,4,864.23,421,2010-03-22 18:00:00,2011-02-21 17:35:00,216.0575,335,0
16442.0,137,4,719.71,491,2009-12-13 11:05:00,2011-04-26 11:51:00,179.9275,499,0
16443.0,430,1,162.24,96,2010-07-07 11:57:00,2010-07-07 11:57:00,162.24,0,1
16444.0,4,16,3543.31,1889,2010-03-24 14:06:00,2011-09-05 14:27:00,221.456875,530,0
16445.0,296,3,372.22,188,2010-10-24 12:39:00,2010-11-18 11:37:00,124.07333333333334,24,0
16446.0,115,1,2.9,2,2011-05-18 09:52:00,2011-05-18 09:52:00,2.9,0,0
16447.0,45,3,775.14,323,2010-02-17 14:09:00,2011-07-27 12:45:00,258.38,524,1
16448.0,107,2,367.87,179,2010-08-25 16:58:00,2011-05-25 16:28:00,183.935,272,1
16449.0,107,2,707.69,367,2011-03-04 12:15:00,2011-05-26 10:25:00,353.845,82,1
16450.0,59,3,1505.73,681,2010-02-21 15:46:00,2011-07-13 11:47:00,501.91,506,1
16451.0,470,2,746.1800000000001,404,2009-12-04 15:11:00,2010-05-27 17:56:00,373.09000000000003,174,0
16452.0,540,2,332.17,199,2010-01-15 12:22:00,2010-03-19 12:39:00,166.085,63,1
16453.0,440,2,251.71,139,2010-06-09 13:15:00,2010-06-27 12:46:00,125.855,17,1
16454.0,516,2,24.05,6,2010-04-07 15:54:00,2010-04-12 09:52:00,12.025,4,0
16455.0,4,10,3866.57,2871,2010-03-30 10:31:00,2011-09-06 10:46:00,386.65700000000004,525,0
16456.0,8,13,6862.91,3725,2010-03-29 11:16:00,2011-09-01 13:50:00,527.9161538461539,521,1
16457.0,127,1,208.36,140,2011-05-05 13:19:00,2011-05-05 13:19:00,208.36,0,1
16458.0,15,23,4384.1,2612,2010-05-26 14:38:00,2011-08-25 15:47:00,190.6130434782609,456,0
16459.0,639,1,71.78999999999999,59,2009-12-10 12:42:00,2009-12-10 12:42:00,71.78999999999999,0,1
16461.0,87,3,1615.22,1039,2010-03-03 13:57:00,2011-06-15 12:07:00,538.4066666666666,468,1
16462.0,95,2,68.0,8,2011-03-01 08:58:00,2011-06-07 11:07:00,34.0,98,0
16463.0,113,1,319.37,179,2011-05-19 14:45:00,2011-05-19 14:45:00,319.37,0,0
16464.0,51,1,385.0,316,2011-07-20 13:53:00,2011-07-20 13:53:00,385.0,0,0
16465.0,330,2,746.24,504,2010-09-21 10:46:00,2010-10-15 09:27:00,373.12,23,1
16466.0,12,13,3237.31,1549,2010-03-07 14:31:00,2011-08-28 13:08:00,249.02384615384614,538,0
16467.0,418,7,2869.16,7384,2009-12-02 11:59:00,2010-07-19 11:49:00,409.88,228,1
16468.0,379,2,712.62,340,2010-08-15 13:10:00,2010-08-26 16:36:00,356.31,11,0
16469.0,155,3,455.36,186,2010-07-13 13:17:00,2011-04-07 13:16:00,151.78666666666666,267,0
16470.0,25,10,2235.34,1184,2009-12-11 12:21:00,2011-08-16 11:40:00,223.53400000000002,612,0
16471.0,184,4,1189.98,670,2010-02-25 10:07:00,2011-03-10 09:41:00,297.495,377,1
16472.0,343,2,789.6,252,2010-04-21 11:48:00,2010-10-01 13:56:00,394.8,163,1
16473.0,74,4,470.83,296,2010-11-30 16:29:00,2011-06-28 09:10:00,117.7075,209,1
16474.0,54,1,355.57,204,2011-07-17 14:51:00,2011-07-17 14:51:00,355.57,0,0
16475.0,53,3,459.3,318,2011-03-11 09:39:00,2011-07-19 11:08:00,153.1,130,0
16476.0,341,1,350.35,187,2010-10-04 10:29:00,2010-10-04 10:29:00,350.35,0,1
16477.0,41,10,3824.82,2316,2010-08-12 09:43:00,2011-07-31 12:47:00,382.482,353,0
16481.0,591,1,453.38,201,2010-01-26 13:09:00,2010-01-26 13:09:00,453.38,0,1
16483.0,101,1,139.35,44,2011-05-31 13:08:00,2011-05-31 13:08:00,139.35,0,1
16484.0,83,2,404.3,200,2011-06-02 10:39:00,2011-06-19 12:06:00,202.15,17,1
16485.0,341,4,1931.03,919,2009-12-06 12:28:00,2010-10-03 15:30:00,482.7575,301,0
16486.0,447,1,134.36,24,2010-06-20 12:16:00,2010-06-20 12:16:00,134.36,0,1
16487.0,486,2,209.4,163,2010-02-18 17:36:00,2010-05-11 13:38:00,104.7,81,1
16488.0,24,2,354.57,619,2011-07-14 11:46:00,2011-08-17 09:05:00,177.285,33,0
16489.0,289,2,303.7,38,2010-09-29 15:02:00,2010-11-24 14:40:00,151.85,55,1
16490.0,345,1,205.41000000000003,113,2010-09-29 16:30:00,2010-09-29 16:30:00,205.41000000000003,0,1
16491.0,322,1,801.66,582,2010-10-22 15:42:00,2010-10-22 15:42:00,801.66,0,0
16492.0,450,1,385.56,235,2010-06-17 08:20:00,2010-06-17 08:20:00,385.56,0,1
16493.0,82,6,1562.75,1530,2010-03-26 13:05:00,2011-06-19 15:15:00,260.4583333333333,450,0
16494.0,206,1,826.53,675,2011-02-16 12:49:00,2011-02-16 12:49:00,826.53,0,1
16495.0,185,2,246.51,166,2011-03-08 16:38:00,2011-03-08 16:39:00,123.255,0,0
16496.0,117,5,1916.29,1437,2010-07-18 13:42:00,2011-05-16 10:48:00,383.258,301,0
16497.0,112,22,5280.29,2443,2009-12-03 14:11:00,2011-05-20 13:58:00,240.0131818181818,532,0
16498.0,70,2,100.97,45,2011-06-30 19:52:00,2011-07-01 15:07:00,50.485,0,1
16499.0,269,8,2578.34,1364,2010-06-11 12:22:00,2010-12-14 13:31:00,322.2925,186,1
16500.0,240,4,608.05,264,2010-06-14 14:54:00,2011-01-13 10:28:00,152.0125,212,0
16501.0,292,1,1237.23,642,2010-11-21 14:10:00,2010-11-21 14:10:00,1237.23,0,1
16502.0,529,2,266.5,251,2010-03-29 13:39:00,2010-03-29 13:44:00,133.25,0,1
16503.0,16,11,3614.34,1535,2010-06-21 14:07:00,2011-08-25 11:46:00,328.5763636363636,429,1
16507.0,481,1,152.76,116,2010-05-16 12:56:00,2010-05-16 12:56:00,152.76,0,1
16508.0,539,1,248.8,106,2010-03-19 13:41:00,2010-03-19 13:41:00,248.8,0,1
16509.0,206,1,363.7,64,2011-02-16 09:25:00,2011-02-16 09:25:00,363.7,0,1
16510.0,281,6,2100.0,1076,2010-01-17 12:30:00,2010-12-02 13:39:00,350.0,319,1
16511.0,54,5,1451.46,645,2010-03-01 12:21:00,2011-07-18 10:49:00,290.29200000000003,503,0
16515.0,1,9,2839.52,1463,2010-06-17 12:17:00,2011-09-09 11:15:00,315.5022222222222,448,0
16517.0,186,1,162.7,96,2011-03-07 13:50:00,2011-03-07 13:50:00,162.7,0,1
16518.0,193,3,665.75,321,2010-06-01 13:31:00,2011-02-28 16:36:00,221.91666666666666,272,0
16519.0,274,3,444.88,146,2010-03-01 13:51:00,2010-12-09 14:08:00,148.29333333333332,283,0
16520.0,95,6,2482.62,1266,2010-03-02 16:50:00,2011-06-06 13:24:00,413.77,460,1
16521.0,324,3,1148.01,1016,2010-03-01 13:22:00,2010-10-20 13:09:00,382.67,232,1
16522.0,345,2,433.36,212,2010-09-15 13:32:00,2010-09-30 10:54:00,216.68,14,1
16523.0,5,20,7743.81,3039,2010-01-24 13:14:00,2011-09-05 09:16:00,387.19050000000004,588,0
16524.0,355,2,308.14,260,2010-01-17 13:16:00,2010-09-19 13:37:00,154.07,245,1
16525.0,8,43,21927.54,13058,2009-12-02 13:53:00,2011-09-01 18:49:00,509.9427906976744,638,0
16526.0,81,2,717.21,279,2010-05-04 16:34:00,2011-06-21 12:02:00,358.605,412,1
16527.0,333,1,1044.38,620,2010-10-11 13:25:00,2010-10-11 13:25:00,1044.38,0,0
16529.0,99,4,2012.0,751,2010-06-27 13:29:00,2011-06-02 17:23:00,503.0,340,1
16530.0,577,1,48.349999999999994,17,2010-02-09 15:30:00,2010-02-09 15:30:00,48.349999999999994,0,1
16531.0,36,8,1738.27,1515,2010-09-24 09:49:00,2011-08-04 15:55:00,217.28375,314,0
16532.0,45,4,6524.639999999999,2064,2010-03-29 10:26:00,2011-07-27 10:41:00,1631.1599999999999,485,0
16534.0,551,1,635.9,168,2010-03-07 15:47:00,2010-03-07 15:47:00,635.9,0,1
16535.0,294,2,407.84,329,2010-01-28 15:26:00,2010-11-19 13:01:00,203.92,294,0
16536.0,19,1,548.97,251,2011-08-21 15:54:00,2011-08-21 15:54:00,548.97,0,1
16537.0,550,1,23.35,59,2010-03-08 13:41:00,2010-03-08 13:41:00,23.35,0,1
16538.0,450,3,399.62,257,2010-04-23 16:25:00,2010-06-16 16:59:00,133.20666666666668,54,1
16539.0,129,9,3396.81,1259,2010-06-25 15:24:00,2011-05-04 09:52:00,377.42333333333335,312,0
16540.0,323,1,226.70000000000002,114,2010-10-21 17:22:00,2010-10-21 17:22:00,226.70000000000002,0,1
16541.0,644,1,424.03,173,2009-12-04 13:22:00,2009-12-04 13:22:00,424.03,0,1
16542.0,310,1,137.7,96,2010-11-03 14:44:00,2010-11-03 14:44:00,137.7,0,0
16543.0,501,1,292.21,317,2010-04-27 11:38:00,2010-04-27 11:38:00,292.21,0,1
16544.0,429,4,376.70000000000005,150,2010-02-15 13:20:00,2010-07-08 11:11:00,94.17500000000001,142,1
16545.0,74,2,689.82,322,2010-11-29 10:39:00,2011-06-28 10:37:00,344.91,210,1
16546.0,200,5,5606.47,4367,2010-09-23 15:43:00,2011-02-22 11:20:00,1121.294,151,1
16547.0,455,1,111.71,113,2010-06-11 13:02:00,2010-06-11 13:02:00,111.71,0,1
16548.0,508,1,30.15,6,2010-04-19 16:15:00,2010-04-19 16:15:00,30.15,0,1
16549.0,33,26,9809.07,5430,2010-03-28 15:45:00,2011-08-07 15:43:00,377.2719230769231,496,0
16550.0,18,18,9435.13,5727,2009-12-02 11:24:00,2011-08-23 11:12:00,524.1738888888889,628,1
16551.0,5,7,2237.12,2076,2009-12-13 16:12:00,2011-09-05 09:38:00,319.5885714285714,630,1
16552.0,152,2,475.02000000000004,258,2010-12-01 12:36:00,2011-04-11 10:04:00,237.51000000000002,130,1
16553.0,72,33,16644.01,16475,2010-02-11 18:46:00,2011-06-29 15:42:00,504.36393939393935,502,1
16554.0,131,7,2318.73,1073,2009-12-15 09:42:00,2011-05-01 14:17:00,331.2471428571429,502,0
16555.0,19,5,1781.77,1731,2010-07-22 13:39:00,2011-08-22 12:32:00,356.354,395,0
16556.0,15,16,7255.16,3805,2009-12-07 10:51:00,2011-08-26 11:58:00,453.4475,627,0
16557.0,46,1,101.15,13,2011-07-25 13:28:00,2011-07-25 13:28:00,101.15,0,0
16558.0,1,32,10220.19,5963,2009-12-03 18:11:00,2011-09-08 14:21:00,319.3809375,643,0
16559.0,306,1,185.20000000000002,73,2010-11-07 13:52:00,2010-11-07 13:52:00,185.20000000000002,0,1
16560.0,267,7,2539.15,1272,2009-12-08 12:05:00,2010-12-16 14:36:00,362.7357142857143,373,0
16562.0,386,1,223.85999999999999,264,2010-08-20 11:45:00,2010-08-20 11:45:00,223.85999999999999,0,1
16563.0,309,5,3345.02,2110,2009-12-01 18:35:00,2010-11-04 14:11:00,669.004,337,0
16564.0,478,1,87.8,40,2010-05-19 14:41:00,2010-05-19 14:41:00,87.8,0,1
16565.0,273,4,773.05,211,2010-06-02 12:47:00,2010-12-10 15:21:00,193.2625,191,1
16566.0,79,3,463.88,216,2011-02-20 10:29:00,2011-06-22 14:24:00,154.62666666666667,122,0
16567.0,103,2,865.6,996,2011-01-07 09:31:00,2011-05-29 13:57:00,432.8,142,1
16568.0,337,2,1020.9000000000001,366,2010-03-08 14:51:00,2010-10-08 10:54:00,510.45000000000005,213,1
16569.0,540,4,1331.03,895,2009-12-16 15:05:00,2010-03-18 15:19:00,332.7575,92,0
16570.0,36,16,5829.9800000000005,3607,2010-03-30 09:32:00,2011-08-04 14:06:00,364.37375000000003,492,0
16571.0,85,9,3723.84,3355,2010-03-18 09:12:00,2011-06-16 13:14:00,413.76,455,0
16572.0,36,3,1009.6,532,2011-03-09 12:04:00,2011-08-04 16:34:00,336.53333333333336,148,1
16573.0,199,1,292.63,111,2011-02-22 15:14:00,2011-02-22 15:14:00,292.63,0,0
16574.0,333,2,850.34,586,2010-02-19 11:46:00,2010-10-12 09:25:00,425.17,234,0
16576.0,329,2,540.87,323,2010-07-06 10:42:00,2010-10-15 13:37:00,270.435,101,1
16577.0,576,1,380.0,142,2010-02-11 09:45:00,2010-02-11 09:45:00,380.0,0,1
16578.0,535,1,156.6,108,2010-03-23 15:11:00,2010-03-23 15:11:00,156.6,0,1
16579.0,335,1,295.05,119,2010-10-10 11:58:00,2010-10-10 11:58:00,295.05,0,1
16581.0,92,1,105.84,134,2011-06-10 10:05:00,2011-06-10 10:05:00,105.84,0,1
16582.0,22,1,313.62,164,2011-08-18 17:02:00,2011-08-18 17:02:00,313.62,0,1
16583.0,283,2,531.4,264,2010-02-04 12:18:00,2010-12-01 12:03:00,265.7,299,1
16584.0,163,4,2839.53,1761,2010-02-16 10:41:00,2011-03-30 13:14:00,709.8825,407,0
16585.0,503,2,341.59,151,2010-01-13 13:31:00,2010-04-25 10:34:00,170.795,101,1
16586.0,158,3,1462.78,348,2010-03-14 11:24:00,2011-04-05 09:32:00,487.5933333333333,386,1
16587.0,141,1,225.15,71,2011-04-21 15:51:00,2011-04-21 15:51:00,225.15,0,1
16588.0,295,4,1361.28,882,2010-05-14 13:43:00,2010-11-18 17:56:00,340.32,188,1
16589.0,16,3,367.8,324,2010-09-15 14:56:00,2011-08-25 10:00:00,122.60000000000001,343,0
16590.0,310,2,605.9,240,2010-10-21 12:09:00,2010-11-04 09:06:00,302.95,13,1
16592.0,46,22,5908.5599999999995,4362,2009-12-18 15:57:00,2011-07-26 11:39:00,268.5709090909091,584,0
16593.0,99,7,996.61,346,2009-12-05 10:44:00,2011-06-03 12:17:00,142.37285714285716,545,0
16595.0,285,4,1450.02,1043,2010-01-17 12:12:00,2010-11-28 14:15:00,362.505,315,0
16596.0,275,3,450.13,177,2009-12-10 13:09:00,2010-12-08 16:18:00,150.04333333333332,363,0
16598.0,195,1,145.04999999999998,73,2011-02-27 11:42:00,2011-02-27 11:42:00,145.04999999999998,0,1
16599.0,295,1,172.8,159,2010-11-19 12:45:00,2010-11-19 12:45:00,172.8,0,1
16600.0,162,9,1577.3500000000001,1643,2009-12-18 12:59:00,2011-03-31 19:20:00,175.26111111111112,468,0
16601.0,300,2,439.45,261,2010-03-26 13:39:00,2010-11-14 11:30:00,219.725,232,0
16602.0,298,1,235.25,93,2010-11-16 09:13:00,2010-11-16 09:13:00,235.25,0,0
16603.0,0,1,296.62,363,2011-09-09 13:02:00,2011-09-09 13:02:00,296.62,0,0
16604.0,472,2,432.45,175,2010-05-20 16:34:00,2010-05-26 09:10:00,216.225,5,1
16605.0,633,1,60.48,144,2009-12-15 19:03:00,2009-12-15 19:03:00,60.48,0,1
16606.0,313,2,357.66,148,2010-10-01 13:21:00,2010-10-31 13:57:00,178.83,30,1
16607.0,37,21,4626.74,3647,2010-04-29 14:01:00,2011-08-03 15:02:00,220.32095238095238,461,0
16608.0,363,2,1288.72,613,2010-02-14 11:57:00,2010-09-12 11:44:00,644.36,209,1
16609.0,44,5,2710.04,1245,2011-04-01 10:11:00,2011-07-27 13:51:00,542.008,117,0
16610.0,128,1,75.66,66,2011-05-04 13:13:00,2011-05-04 13:13:00,75.66,0,1
16611.0,95,6,1785.13,874,2010-03-10 16:07:00,2011-06-06 15:46:00,297.5216666666667,452,1
16612.0,28,8,2928.07,1307,2009-12-03 15:54:00,2011-08-12 14:32:00,366.00875,616,0
16614.0,92,3,1179.79,349,2010-05-10 15:18:00,2011-06-10 11:36:00,393.2633333333333,395,1
16615.0,535,1,291.5,211,2010-03-23 15:13:00,2010-03-23 15:13:00,291.5,0,1
16616.0,66,1,210.10000000000002,110,2011-07-05 13:38:00,2011-07-05 13:38:00,210.10000000000002,0,0
16617.0,145,1,151.85,91,2011-04-18 10:35:00,2011-04-18 10:35:00,151.85,0,1
16618.0,120,4,1441.29,771,2011-01-21 11:55:00,2011-05-13 10:37:00,360.3225,111,0
16619.0,173,4,1938.33,1055,2010-02-22 12:05:00,2011-03-21 08:18:00,484.5825,391,1
16620.0,170,5,1675.73,1106,2009-12-01 14:35:00,2011-03-24 10:37:00,335.146,477,0
16621.0,57,3,609.41,187,2011-03-07 11:32:00,2011-07-15 11:45:00,203.13666666666666,130,0
16622.0,453,1,225.4,44,2010-06-14 10:44:00,2010-06-14 10:44:00,225.4,0,1
16623.0,155,4,1015.24,442,2010-04-26 14:04:00,2011-04-08 10:09:00,253.81,346,1
16624.0,106,1,426.43,196,2011-05-26 14:20:00,2011-05-26 14:20:00,426.43,0,0
16625.0,184,5,1654.03,1057,2010-06-14 11:56:00,2011-03-10 12:50:00,330.806,269,1
16626.0,22,7,2165.34,1108,2011-03-18 12:27:00,2011-08-18 14:53:00,309.3342857142857,153,0
16628.0,16,6,1749.89,899,2010-03-08 12:24:00,2011-08-25 12:11:00,291.64833333333337,534,0
16629.0,5,1,236.78,216,2011-09-04 16:12:00,2011-09-04 16:12:00,236.78,0,0
16630.0,316,1,106.80000000000001,72,2010-10-28 14:30:00,2010-10-28 14:30:00,106.80000000000001,0,1
16631.0,391,7,1892.52,775,2010-02-26 10:49:00,2010-08-15 11:20:00,270.36,170,1
16632.0,395,2,406.4,256,2010-05-07 16:46:00,2010-08-11 11:39:00,203.2,95,1
16633.0,23,3,1168.26,463,2011-04-19 14:36:00,2011-08-17 14:11:00,389.42,119,0
16634.0,132,6,1814.61,1321,2010-01-21 09:30:00,2011-05-01 12:09:00,302.435,465,1
16635.0,316,1,473.0,277,2010-10-29 09:41:00,2010-10-29 09:41:00,473.0,0,1
16636.0,347,4,3802.04,2186,2010-03-03 14:06:00,2010-09-27 13:13:00,950.51,207,1
16637.0,33,2,530.55,351,2011-04-28 10:20:00,2011-08-08 12:00:00,265.275,102,0
16638.0,8,14,2300.75,1595,2010-08-18 13:33:00,2011-09-01 17:14:00,164.33928571428572,379,0
16639.0,116,3,961.62,400,2010-10-26 18:23:00,2011-05-17 10:10:00,320.54,202,0
16640.0,307,1,179.4,146,2010-11-07 10:48:00,2010-11-07 10:48:00,179.4,0,1
16641.0,15,2,554.5,454,2010-01-07 12:22:00,2011-08-26 12:49:00,277.25,596,1
16642.0,117,2,696.85,427,2010-10-20 14:22:00,2011-05-16 12:35:00,348.425,207,0
16643.0,155,2,923.11,553,2010-10-13 09:47:00,2011-04-08 08:24:00,461.555,176,1
16644.0,87,2,833.78,826,2011-05-11 12:53:00,2011-06-15 12:39:00,416.89,34,1
16645.0,645,1,160.39,117,2009-12-04 09:49:00,2009-12-04 09:49:00,160.39,0,1
16646.0,358,1,678.8,1072,2010-09-16 13:28:00,2010-09-16 13:28:00,678.8,0,1
16647.0,79,4,541.9,396,2010-06-13 15:52:00,2011-06-23 11:47:00,135.475,374,1
16648.0,365,2,382.14,222,2010-04-28 14:58:00,2010-09-10 11:59:00,191.07,134,0
16649.0,429,1,306.58000000000004,82,2010-07-07 15:41:00,2010-07-07 15:41:00,306.58000000000004,0,1
16650.0,329,6,1397.69,1139,2010-07-08 14:18:00,2010-10-15 15:28:00,232.94833333333335,99,0
16651.0,496,1,136.2,60,2010-05-02 11:46:00,2010-05-02 11:46:00,136.2,0,1
16652.0,19,14,15302.29,6271,2010-03-17 10:22:00,2011-08-22 11:00:00,1093.0207142857143,523,0
16654.0,50,8,1711.47,703,2010-04-06 13:29:00,2011-07-21 15:23:00,213.93375,471,1
16655.0,40,10,4622.74,2681,2010-01-31 15:40:00,2011-07-31 15:31:00,462.274,545,0
16656.0,5,26,15324.050000000001,13681,2009-12-04 12:59:00,2011-09-05 09:20:00,589.3865384615385,639,0
16657.0,58,2,446.11,668,2011-03-30 12:02:00,2011-07-14 11:45:00,223.055,105,0
16658.0,277,6,814.07,317,2010-03-30 16:24:00,2010-12-06 13:47:00,135.67833333333334,250,1
16659.0,98,1,39.12,72,2011-06-03 15:03:00,2011-06-03 15:03:00,39.12,0,1
16660.0,120,5,996.26,648,2010-01-14 11:09:00,2011-05-13 10:44:00,199.252,483,0
16661.0,449,4,986.63,385,2009-12-17 15:39:00,2010-06-17 15:24:00,246.6575,181,1
16662.0,303,1,163.8,36,2010-11-10 16:56:00,2010-11-10 16:56:00,163.8,0,1
16663.0,638,1,165.0,100,2009-12-10 13:12:00,2009-12-10 13:12:00,165.0,0,1
16664.0,478,1,109.2,24,2010-05-19 17:11:00,2010-05-19 17:11:00,109.2,0,1
16665.0,271,1,135.39999999999998,59,2010-12-12 14:03:00,2010-12-12 14:03:00,135.39999999999998,0,1
16666.0,530,1,106.96000000000001,134,2010-03-28 15:13:00,2010-03-28 15:13:00,106.96000000000001,0,0
16667.0,193,1,203.35,78,2011-02-28 12:57:00,2011-02-28 12:57:00,203.35,0,0
16668.0,26,12,822.22,713,2010-03-18 18:25:00,2011-08-15 12:22:00,68.51833333333333,514,0
16670.0,15,17,7174.22,4130,2009-12-10 15:28:00,2011-08-25 17:22:00,422.0129411764706,623,0
16671.0,74,1,1382.88,656,2011-06-28 11:20:00,2011-06-28 11:20:00,1382.88,0,0
16672.0,8,17,6911.84,2474,2011-03-18 10:15:00,2011-09-01 14:58:00,406.57882352941175,167,0
16673.0,588,1,188.83,101,2010-01-29 14:22:00,2010-01-29 14:22:00,188.83,0,1
16674.0,7,1,122.2,63,2011-09-02 13:59:00,2011-09-02 13:59:00,122.2,0,0
16675.0,351,2,608.86,296,2010-08-18 13:11:00,2010-09-24 12:15:00,304.43,36,1
16676.0,122,5,1868.28,703,2010-10-17 13:07:00,2011-05-10 15:10:00,373.656,205,0
16677.0,320,2,880.62,457,2010-02-25 16:11:00,2010-10-24 14:53:00,440.31,240,1
16678.0,8,8,2137.3,1638,2011-03-02 09:24:00,2011-09-02 10:24:00,267.1625,184,0
16679.0,275,3,793.06,276,2010-06-10 18:35:00,2010-12-08 13:51:00,264.3533333333333,180,1
16680.0,437,2,637.75,283,2010-06-23 09:30:00,2010-06-29 14:52:00,318.875,6,0
16681.0,54,5,1484.18,1135,2010-03-08 14:10:00,2011-07-18 10:21:00,296.836,496,0
16682.0,1,3,810.22,762,2011-06-05 11:02:00,2011-09-08 15:16:00,270.0733333333333,95,0
16683.0,443,1,320.25,190,2010-06-24 10:36:00,2010-06-24 10:36:00,320.25,0,1
16684.0,42,45,114372.71,79040,2009-12-07 12:56:00,2011-07-29 15:12:00,2541.615777777778,599,0
16686.0,7,15,4487.8,3160,2009-12-06 15:48:00,2011-09-02 17:38:00,299.18666666666667,635,0
16687.0,300,1,157.63,141,2010-11-14 11:46:00,2010-11-14 11:46:00,157.63,0,1
16690.0,111,3,213.95,117,2010-09-14 15:00:00,2011-05-22 10:53:00,71.31666666666666,249,0
16691.0,327,2,178.83,92,2010-05-27 14:55:00,2010-10-17 15:03:00,89.415,143,1
16692.0,165,4,1914.6999999999998,878,2010-09-24 11:31:00,2011-03-28 14:46:00,478.67499999999995,185,1
16693.0,181,4,875.01,535,2010-02-21 12:42:00,2011-03-13 11:06:00,218.7525,384,0
16694.0,632,1,98.30000000000001,26,2009-12-16 15:45:00,2009-12-16 15:45:00,98.30000000000001,0,1
16695.0,471,2,193.15,185,2010-05-27 12:24:00,2010-05-27 12:36:00,96.575,0,1
16696.0,44,4,657.9000000000001,146,2011-04-05 15:20:00,2011-07-27 14:23:00,164.47500000000002,112,1
16697.0,150,1,112.75,27,2011-04-12 17:12:00,2011-04-12 17:12:00,112.75,0,1
16698.0,136,2,1998.0,840,2011-03-31 13:33:00,2011-04-27 10:52:00,999.0,26,1
16699.0,289,7,994.6,640,2009-12-04 13:31:00,2010-11-24 14:38:00,142.0857142857143,355,1
16700.0,31,22,8187.11,6098,2009-12-02 10:51:00,2011-08-10 09:52:00,372.1413636363636,615,0
16701.0,39,23,8568.85,9611,2009-12-01 19:19:00,2011-08-02 12:11:00,372.5586956521739,608,0
16702.0,324,4,1110.83,692,2009-12-07 16:40:00,2010-10-20 14:10:00,277.7075,316,1
16704.0,527,2,695.66,455,2010-02-05 14:14:00,2010-03-31 14:02:00,347.83,53,1
16705.0,8,32,39260.411,20752,2009-12-09 13:34:00,2011-09-02 09:24:00,1226.88784375,631,0
16706.0,7,2,411.55,220,2011-08-17 15:53:00,2011-09-02 13:41:00,205.775,15,0
16707.0,309,4,551.11,402,2010-03-09 15:16:00,2010-11-04 14:39:00,137.7775,239,1
16709.0,109,13,8042.18,2946,2009-12-09 13:16:00,2011-05-24 11:46:00,618.6292307692308,530,0
16710.0,47,19,5709.94,3958,2009-12-04 13:41:00,2011-07-24 14:21:00,300.5231578947368,597,0
16711.0,49,7,2127.32,632,2009-12-02 13:22:00,2011-07-22 14:23:00,303.90285714285716,597,0
16712.0,4,10,3121.42,1506,2010-11-03 15:45:00,2011-09-05 16:27:00,312.142,306,0
16713.0,25,28,11608.33,6551,2009-12-15 12:49:00,2011-08-16 12:12:00,414.5832142857143,608,0
16714.0,128,4,1529.8,849,2010-02-07 11:17:00,2011-05-05 11:09:00,382.45,451,1
16715.0,472,1,323.8,532,2010-05-26 12:35:00,2010-05-26 12:35:00,323.8,0,0
16716.0,176,3,2149.6800000000003,912,2010-03-19 11:05:00,2011-03-18 10:03:00,716.5600000000001,363,1
16717.0,5,12,4687.51,2116,2009-12-07 15:55:00,2011-09-05 10:27:00,390.62583333333333,636,0
16718.0,278,5,3647.53,2343,2009-12-06 13:07:00,2010-12-05 13:03:00,729.5060000000001,363,1
16719.0,58,12,3469.31,2070,2009-12-13 10:59:00,2011-07-14 09:54:00,289.1091666666667,577,0
16720.0,285,2,640.24,297,2009-12-17 17:54:00,2010-11-28 14:49:00,320.12,345,0
16721.0,171,1,292.47,172,2011-03-22 16:08:00,2011-03-22 16:08:00,292.47,0,1
16722.0,9,19,7914.85,7303,2009-12-03 19:23:00,2011-09-01 11:38:00,416.571052631579,636,0
16723.0,0,4,1301.63,1002,2009-12-04 13:23:00,2011-09-09 13:01:00,325.4075,643,1
16724.0,314,1,147.35,69,2010-10-31 11:40:00,2010-10-31 11:40:00,147.35,0,1
16725.0,211,14,1882.11,784,2009-12-13 15:54:00,2011-02-10 16:52:00,134.43642857142856,424,1
16726.0,105,6,1501.58,920,2010-10-24 16:09:00,2011-05-27 13:00:00,250.26333333333332,214,0
16727.0,273,4,1437.42,1109,2010-01-20 10:48:00,2010-12-10 13:48:00,359.355,324,1
16728.0,76,3,550.0,321,2011-03-20 13:28:00,2011-06-26 11:59:00,183.33333333333334,97,0
16729.0,8,17,5363.43,4037,2011-04-12 14:22:00,2011-09-01 16:18:00,315.4958823529412,142,0
16730.0,144,2,480.94,750,2011-01-24 14:01:00,2011-04-19 12:41:00,240.47,84,0
16731.0,557,1,174.05,127,2010-03-01 15:05:00,2010-03-01 15:05:00,174.05,0,1
16732.0,312,3,3783.89,2097,2009-12-08 13:04:00,2010-11-01 13:33:00,1261.2966666666666,328,0
16733.0,439,1,259.68,112,2010-06-28 10:12:00,2010-06-28 10:12:00,259.68,0,1
16734.0,23,2,306.15999999999997,109,2011-08-17 15:00:00,2011-08-17 15:02:00,153.07999999999998,0,0
16735.0,8,13,5964.3,4075,2009-12-08 09:24:00,2011-09-02 10:21:00,458.7923076923077,633,0
16736.0,415,5,2956.56,1050,2009-12-03 16:12:00,2010-07-22 10:09:00,591.312,230,1
16737.0,487,1,417.59999999999997,288,2010-05-11 09:53:00,2010-05-11 09:53:00,417.59999999999997,0,0
16738.0,207,1,3.75,3,2011-02-15 09:46:00,2011-02-15 09:46:00,3.75,0,1
16739.0,86,2,786.43,391,2010-06-21 09:38:00,2011-06-16 09:17:00,393.215,359,1
16740.0,304,1,236.81,116,2010-11-09 13:34:00,2010-11-09 13:34:00,236.81,0,1
16741.0,534,1,173.06,81,2010-03-24 15:15:00,2010-03-24 15:15:00,173.06,0,1
16742.0,402,13,2387.71,2599,2009-12-16 17:22:00,2010-08-04 10:52:00,183.67000000000002,230,0
16743.0,22,13,3901.03,3369,2010-04-22 13:21:00,2011-08-18 18:15:00,300.0792307692308,483,0
16744.0,6,3,403.51,244,2011-06-19 15:13:00,2011-09-04 12:10:00,134.50333333333333,76,0
16745.0,7,16,6372.7,5787,2011-02-01 11:31:00,2011-09-02 13:10:00,398.29375,213,0
16746.0,10,36,15789.82,9821,2009-12-04 13:00:00,2011-08-31 09:10:00,438.6061111111111,634,0
16748.0,127,12,3031.63,1739,2009-12-10 12:28:00,2011-05-06 11:26:00,252.63583333333335,511,0
16749.0,500,2,4387.08,2078,2009-12-15 14:05:00,2010-04-27 13:06:00,2193.54,132,1
16750.0,30,3,416.12,138,2011-04-21 16:53:00,2011-08-10 14:49:00,138.70666666666668,110,0
16752.0,282,1,415.0,108,2010-12-02 12:18:00,2010-12-02 12:18:00,415.0,0,1
16754.0,281,29,67502.47,67831,2010-03-08 11:32:00,2010-12-02 17:38:00,2327.671379310345,269,1
16755.0,23,7,2900.58,1999,2009-12-09 14:25:00,2011-08-17 13:21:00,414.36857142857144,615,1
16756.0,124,7,1312.3700000000001,707,2010-03-09 15:56:00,2011-05-09 09:33:00,187.48142857142858,425,1
16757.0,228,2,270.48,180,2010-10-26 15:09:00,2011-01-25 11:59:00,135.24,90,1
16760.0,339,1,228.0,168,2010-10-05 15:55:00,2010-10-05 15:55:00,228.0,0,1
16761.0,6,1,316.62,341,2011-09-04 11:15:00,2011-09-04 11:15:00,316.62,0,1
16762.0,53,1,314.15000000000003,143,2011-07-18 12:52:00,2011-07-18 12:52:00,314.15000000000003,0,0
16763.0,108,2,964.6999999999999,492,2009-12-01 15:26:00,2011-05-25 11:52:00,482.34999999999997,539,1
16764.0,8,4,782.5500000000001,363,2011-07-19 17:17:00,2011-09-01 16:46:00,195.63750000000002,43,0
16765.0,203,2,454.75,311,2010-11-22 13:42:00,2011-02-18 15:41:00,227.375,88,1
16766.0,182,2,1145.6,536,2011-03-11 13:34:00,2011-03-11 15:22:00,572.8,0,1
16767.0,3,11,7318.7,6611,2010-04-28 16:49:00,2011-09-07 09:15:00,665.3363636363637,496,0
16768.0,13,8,1516.52,669,2009-12-07 11:47:00,2011-08-28 10:43:00,189.565,628,0
16769.0,169,4,1141.75,301,2009-12-14 11:10:00,2011-03-24 13:41:00,285.4375,465,1
16770.0,146,8,1818.51,1027,2010-08-22 16:08:00,2011-04-17 12:49:00,227.31375,237,0
16771.0,184,8,3376.7400000000002,1877,2009-12-09 11:52:00,2011-03-09 13:56:00,422.09250000000003,455,0
16772.0,332,3,3723.5499999999997,689,2009-12-18 10:50:00,2010-10-12 13:19:00,1241.1833333333332,298,1
16773.0,345,2,249.65,81,2009-12-06 15:01:00,2010-09-29 15:47:00,124.825,297,0
16774.0,25,7,1475.1299999999999,689,2010-02-16 16:53:00,2011-08-15 12:57:00,210.7328571428571,544,0
16775.0,31,13,2535.78,863,2010-09-23 17:34:00,2011-08-09 15:12:00,195.06,319,0
16776.0,325,1,231.57,188,2010-10-20 12:13:00,2010-10-20 12:13:00,231.57,0,0
16777.0,166,4,1258.66,461,2010-03-17 12:42:00,2011-03-27 14:34:00,314.665,375,0
16778.0,183,1,93.18,66,2011-03-10 15:21:00,2011-03-10 15:21:00,93.18,0,0
16779.0,16,46,29033.25,17915,2009-12-03 13:03:00,2011-08-25 10:32:00,631.1576086956521,629,0
16780.0,9,3,605.55,355,2010-10-28 19:41:00,2011-08-31 16:09:00,201.85,306,1
16781.0,281,2,934.25,305,2010-02-08 13:56:00,2010-12-02 14:26:00,467.125,297,1
16782.0,47,34,9800.86,4081,2009-12-09 11:58:00,2011-07-24 15:23:00,288.2605882352941,592,0
16783.0,346,1,391.95,163,2010-09-29 11:53:00,2010-09-29 11:53:00,391.95,0,1
16784.0,286,4,788.93,472,2010-03-28 12:55:00,2010-11-28 11:57:00,197.2325,244,0
16785.0,319,1,533.78,313,2010-10-26 10:36:00,2010-10-26 10:36:00,533.78,0,1
16786.0,303,1,51.839999999999996,72,2010-11-11 08:25:00,2010-11-11 08:25:00,51.839999999999996,0,1
16787.0,307,4,1035.43,474,2010-01-10 11:12:00,2010-11-07 11:01:00,258.8575,300,1
16788.0,32,5,1950.3,985,2010-02-07 12:40:00,2011-08-08 14:53:00,390.06,547,1
16791.0,31,13,3117.18,1450,2009-12-03 18:08:00,2011-08-09 13:22:00,239.78307692307692,613,0
16792.0,191,5,623.46,324,2010-01-04 13:47:00,2011-03-02 14:41:00,124.69200000000001,422,1
16794.0,17,9,1496.7,1291,2010-03-25 15:17:00,2011-08-23 13:51:00,166.3,515,0
16795.0,274,3,2492.39,1459,2010-01-25 13:14:00,2010-12-09 14:08:00,830.7966666666666,318,1
16797.0,302,5,1827.77,909,2009-12-02 13:33:00,2010-11-11 19:14:00,365.554,344,1
16798.0,463,3,848.71,209,2009-12-10 19:35:00,2010-06-03 19:01:00,282.90333333333336,174,1
16799.0,341,2,495.98,176,2010-09-12 12:46:00,2010-10-03 14:28:00,247.99,21,1
16801.0,72,4,1619.73,499,2011-03-11 13:56:00,2011-06-29 15:33:00,404.9325,110,1
16802.0,588,2,582.61,369,2009-12-09 13:00:00,2010-01-29 13:44:00,291.305,51,1
16804.0,179,1,118.05,34,2011-03-14 15:48:00,2011-03-14 15:48:00,118.05,0,0
16805.0,83,5,1097.24,1122,2009-12-08 14:29:00,2011-06-19 11:23:00,219.448,557,1
16806.0,12,4,801.49,378,2011-04-14 19:59:00,2011-08-28 15:27:00,200.3725,135,1
16807.0,52,6,2123.88,1433,2010-03-26 14:38:00,2011-07-20 12:00:00,353.98,480,1
16808.0,8,2,288.42,196,2011-03-10 19:05:00,2011-09-01 19:34:00,144.21,175,1
16809.0,45,7,1283.43,812,2010-04-13 15:34:00,2011-07-26 14:24:00,183.34714285714287,468,0
16810.0,101,2,842.0400000000001,372,2010-10-15 15:32:00,2011-05-31 15:32:00,421.02000000000004,228,1
16812.0,270,4,2392.0,1116,2010-11-22 14:36:00,2010-12-14 12:35:00,598.0,21,1
16813.0,6,7,1187.64,1187,2011-05-19 13:28:00,2011-09-04 11:12:00,169.66285714285715,107,0
16814.0,18,31,11197.3,4486,2010-04-11 12:45:00,2011-08-23 11:51:00,361.2032258064516,498,0
16815.0,363,2,410.97,238,2010-06-21 12:05:00,2010-09-12 10:59:00,205.485,82,1
16816.0,12,4,417.06,274,2010-12-16 17:01:00,2011-08-28 14:16:00,104.265,254,1
16817.0,95,11,2379.58,1317,2010-10-04 09:06:00,2011-06-07 10:05:00,216.32545454545453,246,0
16818.0,2,9,2528.47,1582,2011-05-18 11:42:00,2011-09-07 14:40:00,280.94111111111107,112,0
16819.0,374,2,182.59,253,2010-08-31 17:31:00,2010-08-31 17:37:00,91.295,0,1
16820.0,5,1,497.61,307,2011-09-05 12:06:00,2011-09-05 12:06:00,497.61,0,1
16821.0,291,1,113.35,13,2010-11-23 10:04:00,2010-11-23 10:04:00,113.35,0,1
16822.0,595,1,181.39,171,2010-01-22 14:22:00,2010-01-22 14:22:00,181.39,0,1
16823.0,136,7,2260.09,1168,2009-12-02 09:57:00,2011-04-26 15:00:00,322.87,510,1
16824.0,73,2,448.5,288,2010-11-11 12:21:00,2011-06-28 13:36:00,224.25,229,0
16825.0,95,4,1370.41,1089,2010-06-23 13:14:00,2011-06-07 09:44:00,342.6025,348,0
16827.0,302,5,392.13,125,2010-04-29 19:07:00,2010-11-11 14:04:00,78.426,195,1
16828.0,2,2,128.5,59,2011-08-19 13:24:00,2011-09-07 15:10:00,64.25,19,1
16829.0,66,2,513.32,215,2010-11-16 18:11:00,2011-07-06 10:48:00,256.66,231,1
16830.0,352,3,881.59,435,2009-12-13 12:11:00,2010-09-23 12:37:00,293.86333333333334,284,0
16831.0,474,1,91.8,48,2010-05-24 09:08:00,2010-05-24 09:08:00,91.8,0,1
16832.0,93,5,417.61,179,2010-09-07 12:35:00,2011-06-08 15:36:00,83.522,274,1
16833.0,169,5,1973.8,744,2010-03-26 15:31:00,2011-03-25 08:53:00,394.76,363,0
16834.0,137,2,898.96,760,2010-02-03 14:24:00,2011-04-26 09:37:00,449.48,446,1
16835.0,37,6,1538.41,515,2010-05-19 08:41:00,2011-08-03 13:50:00,256.4016666666667,441,1
16836.0,26,3,621.82,458,2010-05-14 12:52:00,2011-08-15 12:38:00,207.27333333333334,457,0
16837.0,67,9,1911.74,727,2011-04-08 08:48:00,2011-07-05 10:06:00,212.41555555555556,88,0
16838.0,106,4,1159.61,509,2010-02-14 15:27:00,2011-05-26 13:13:00,289.9025,465,1
16839.0,19,32,16585.420000000002,8276,2010-02-11 15:02:00,2011-08-22 10:42:00,518.2943750000001,556,0
16840.0,512,2,139.85,117,2010-02-03 12:42:00,2010-04-15 15:48:00,69.925,71,1
16841.0,46,11,3697.3,3106,2010-01-12 11:32:00,2011-07-25 13:06:00,336.1181818181818,559,0
16842.0,10,3,1264.19,693,2011-02-10 14:51:00,2011-08-31 10:42:00,421.3966666666667,201,1
16843.0,3,32,18184.1,17377,2009-12-10 11:40:00,2011-09-07 10:56:00,568.253125,635,0
16844.0,472,2,614.34,281,2010-05-06 09:16:00,2010-05-26 10:29:00,307.17,20,1
16845.0,527,1,253.88,167,2010-03-31 13:09:00,2010-03-31 13:09:00,253.88,0,1
16846.0,486,2,628.09,382,2010-03-10 12:03:00,2010-05-11 13:45:00,314.045,62,0
16847.0,527,1,421.45000000000005,177,2010-03-31 13:32:00,2010-03-31 13:32:00,421.45000000000005,0,0
16848.0,286,3,1130.2,598,2010-10-03 11:01:00,2010-11-28 12:38:00,376.73333333333335,56,0
16849.0,96,1,124.57,33,2011-06-06 09:16:00,2011-06-06 09:16:00,124.57,0,1
16850.0,243,1,332.41,249,2011-01-10 11:09:00,2011-01-10 11:09:00,332.41,0,1
16852.0,85,1,113.06,51,2011-06-16 15:49:00,2011-06-16 15:49:00,113.06,0,0
16854.0,326,2,1408.96,997,2010-03-09 14:32:00,2010-10-18 16:31:00,704.48,223,1
16856.0,327,2,323.09000000000003,159,2010-09-23 13:11:00,2010-10-18 11:54:00,161.54500000000002,24,0
16857.0,352,1,352.8,168,2010-09-23 10:49:00,2010-09-23 10:49:00,352.8,0,1
16858.0,278,10,4668.28,1514,2009-12-15 11:09:00,2010-12-06 09:52:00,466.828,355,1
16859.0,54,7,1932.41,1899,2010-03-04 12:37:00,2011-07-18 12:19:00,276.05857142857144,500,1
16860.0,362,3,1610.62,625,2010-02-15 13:46:00,2010-09-13 10:05:00,536.8733333333333,209,1
16861.0,67,4,843.63,500,2010-07-19 11:44:00,2011-07-04 15:38:00,210.9075,350,0
16862.0,456,4,662.33,513,2010-01-07 12:57:00,2010-06-10 13:05:00,165.5825,154,1
16863.0,276,2,659.97,441,2010-10-26 10:03:00,2010-12-08 08:58:00,329.985,42,0
16864.0,343,2,409.25,283,2010-04-20 11:56:00,2010-10-01 16:16:00,204.625,164,1
16865.0,311,1,130.95,157,2010-11-03 11:34:00,2010-11-03 11:34:00,130.95,0,1
16866.0,50,3,207.73999999999998,60,2011-07-01 12:34:00,2011-07-22 10:06:00,69.24666666666666,20,1
16867.0,599,1,76.74000000000001,58,2010-01-19 09:11:00,2010-01-19 09:11:00,76.74000000000001,0,1
16868.0,303,3,393.39,116,2010-04-25 11:31:00,2010-11-10 13:17:00,131.13,199,1
16869.0,75,2,387.68,242,2011-06-17 13:01:00,2011-06-27 12:16:00,193.84,9,0
16870.0,378,1,450.15999999999997,278,2010-08-27 13:53:00,2010-08-27 13:53:00,450.15999999999997,0,1
16871.0,120,4,2037.82,861,2011-03-14 10:31:00,2011-05-13 11:44:00,509.455,60,0
16872.0,14,5,997.7900000000001,933,2010-09-02 17:36:00,2011-08-26 15:38:00,199.55800000000002,357,0
16873.0,36,10,11365.24,6816,2010-02-09 14:17:00,2011-08-04 15:33:00,1136.524,541,0
16874.0,288,1,217.74,81,2010-11-25 13:08:00,2010-11-25 13:08:00,217.74,0,1
16875.0,54,10,3277.2,1518,2010-01-05 09:16:00,2011-07-18 11:41:00,327.71999999999997,559,0
16876.0,313,1,136.01,181,2010-11-01 11:59:00,2010-11-01 11:59:00,136.01,0,1
16877.0,61,2,188.98,104,2011-05-15 16:13:00,2011-07-10 16:18:00,94.49,56,0
16880.0,9,7,1430.8,765,2010-08-03 13:54:00,2011-09-01 11:22:00,204.4,393,0
16882.0,148,2,215.70000000000002,102,2011-01-26 17:43:00,2011-04-14 14:36:00,107.85000000000001,77,0
16883.0,96,19,2396.59,1080,2009-12-04 12:07:00,2011-06-05 12:51:00,126.1363157894737,548,1
16884.0,466,2,644.08,201,2010-05-18 12:00:00,2010-06-01 12:45:00,322.04,14,0
16885.0,266,2,429.88,229,2010-11-19 12:51:00,2010-12-17 17:23:00,214.94,28,0
16886.0,365,1,134.0,48,2010-09-09 15:08:00,2010-09-09 15:08:00,134.0,0,1
16887.0,310,2,465.84000000000003,267,2009-12-01 13:41:00,2010-11-04 11:29:00,232.92000000000002,337,0
16888.0,310,3,437.15,147,2010-01-07 13:07:00,2010-11-04 12:39:00,145.71666666666667,300,1
16889.0,104,6,2530.9,1616,2010-05-23 10:46:00,2011-05-29 11:05:00,421.81666666666666,371,1
16890.0,386,3,285.41,243,2010-05-06 16:27:00,2010-08-20 11:23:00,95.13666666666667,105,1
16891.0,5,9,1807.26,681,2009-12-04 12:37:00,2011-09-05 11:31:00,200.80666666666667,639,0
16892.0,93,3,339.54,208,2009-12-08 14:20:00,2011-06-09 11:35:00,113.18,547,0
16893.0,276,2,401.77,182,2010-11-28 15:14:00,2010-12-08 12:06:00,200.885,9,1
16894.0,411,3,1324.06,507,2010-06-22 14:21:00,2010-07-25 15:43:00,441.3533333333333,33,1
16895.0,348,4,902.28,331,2010-02-12 11:07:00,2010-09-27 11:13:00,225.57,227,0
16896.0,464,1,103.95,18,2010-06-02 15:40:00,2010-06-02 15:40:00,103.95,0,1
16897.0,208,2,289.78,73,2011-01-30 11:52:00,2011-02-13 15:02:00,144.89,14,1
16898.0,86,4,827.03,636,2010-05-12 12:18:00,2011-06-15 13:35:00,206.7575,399,0
16899.0,59,5,949.64,521,2010-11-07 15:00:00,2011-07-13 11:33:00,189.928,247,0
16901.0,638,1,204.26,42,2009-12-10 16:30:00,2009-12-10 16:30:00,204.26,0,1
16902.0,25,1,1706.88,629,2011-08-15 14:17:00,2011-08-15 14:17:00,1706.88,0,1
16903.0,289,2,689.04,485,2010-10-20 14:42:00,2010-11-24 14:55:00,344.52,35,0
16904.0,4,19,4427.17,2427,2010-10-24 16:03:00,2011-09-06 12:25:00,233.00894736842105,316,0
16905.0,146,13,2785.65,918,2009-12-10 20:04:00,2011-04-17 11:30:00,214.28076923076924,492,0
16906.0,96,6,1263.97,516,2010-05-13 13:23:00,2011-06-06 09:04:00,210.66166666666666,388,0
16907.0,57,8,1438.13,463,2010-07-01 17:30:00,2011-07-14 17:44:00,179.76625,378,0
16908.0,631,1,252.59,61,2009-12-17 13:35:00,2009-12-17 13:35:00,252.59,0,1
16910.0,0,1,111.78,93,2011-09-09 14:14:00,2011-09-09 14:14:00,111.78,0,0
16911.0,545,2,255.25,161,2010-02-16 16:12:00,2010-03-14 12:18:00,127.625,25,1
16912.0,43,11,3463.31,1253,2009-12-09 12:32:00,2011-07-28 14:35:00,314.8463636363636,596,0
16913.0,199,3,423.90999999999997,229,2010-02-26 12:06:00,2011-02-22 12:56:00,141.3033333333333,361,1
16915.0,36,9,1303.89,117,2010-05-19 13:32:00,2011-08-04 13:03:00,144.87666666666667,441,0
16916.0,281,3,745.22,427,2010-10-20 12:56:00,2010-12-02 13:14:00,248.40666666666667,43,0
16917.0,186,2,1857.83,793,2010-03-17 15:24:00,2011-03-08 11:55:00,928.915,355,1
16918.0,4,13,2967.17,1910,2009-12-03 12:27:00,2011-09-05 13:50:00,228.24384615384616,641,0
16919.0,65,24,5125.91,2425,2010-08-19 15:28:00,2011-07-06 13:35:00,213.57958333333332,320,1
16920.0,320,1,355.45,81,2010-10-24 14:07:00,2010-10-24 14:07:00,355.45,0,1
16921.0,351,2,276.88,128,2010-04-18 15:34:00,2010-09-23 14:08:00,138.44,157,0
16922.0,482,1,611.08,281,2010-05-16 11:24:00,2010-05-16 11:24:00,611.08,0,1
16923.0,8,27,11052.26,5077,2010-01-31 11:14:00,2011-09-01 14:29:00,409.342962962963,578,0
16925.0,449,1,125.65,123,2010-06-17 15:03:00,2010-06-17 15:03:00,125.65,0,1
16926.0,280,5,1421.35,237,2010-07-01 12:57:00,2010-12-03 13:42:00,284.27,155,1
16927.0,25,3,543.05,993,2010-12-13 11:57:00,2011-08-16 11:10:00,181.01666666666665,245,1
16928.0,3,27,3669.18,2414,2010-02-03 12:30:00,2011-09-06 13:29:00,135.89555555555555,580,0
16929.0,37,2,428.88,326,2011-07-07 12:39:00,2011-08-04 12:13:00,214.44,27,0
16931.0,12,16,3548.2,2283,2010-11-07 13:24:00,2011-08-28 14:28:00,221.7625,294,0
16932.0,332,2,278.77,142,2010-05-17 14:15:00,2010-10-12 14:14:00,139.385,147,0
16933.0,148,8,2842.75,1386,2009-12-09 15:03:00,2011-04-14 13:33:00,355.34375,490,0
16934.0,293,4,1160.06,540,2010-03-28 12:43:00,2010-11-21 11:39:00,290.015,237,0
16935.0,291,3,535.1,278,2010-10-14 13:09:00,2010-11-23 09:16:00,178.36666666666667,39,1
16936.0,295,1,288.49,169,2010-11-19 11:54:00,2010-11-19 11:54:00,288.49,0,0
16937.0,408,1,202.1,126,2010-07-28 17:56:00,2010-07-28 17:56:00,202.1,0,1
16938.0,89,8,6717.55,4869,2010-02-17 14:47:00,2011-06-13 11:24:00,839.69375,480,0
16939.0,398,3,449.0,232,2010-02-28 13:33:00,2010-08-08 12:24:00,149.66666666666666,160,1
16940.0,78,7,5246.14,3570,2009-12-08 13:08:00,2011-06-23 13:13:00,749.4485714285714,562,0
16941.0,521,1,33.0,12,2010-04-07 11:13:00,2010-04-07 11:13:00,33.0,0,1
16942.0,45,7,1449.14,597,2011-04-26 11:59:00,2011-07-26 12:57:00,207.02,91,0
16943.0,121,5,1299.49,147,2010-03-25 13:34:00,2011-05-12 11:57:00,259.898,412,1
16944.0,519,1,101.36,27,2010-04-09 11:03:00,2010-04-09 11:03:00,101.36,0,1
16945.0,8,27,7209.72,5085,2009-12-09 11:33:00,2011-09-02 09:48:00,267.0266666666667,631,0
16946.0,292,5,1222.04,509,2010-03-02 10:49:00,2010-11-21 14:06:00,244.408,264,1
16947.0,145,5,955.21,655,2010-03-03 10:54:00,2011-04-18 09:38:00,191.042,410,1
16948.0,48,7,868.77,2091,2010-02-21 13:48:00,2011-07-24 12:46:00,124.11,517,1
16949.0,95,4,893.75,386,2011-01-27 12:11:00,2011-06-07 10:34:00,223.4375,130,0
16950.0,33,9,3384.2200000000003,2185,2010-01-24 11:26:00,2011-08-07 13:30:00,376.0244444444445,560,0
16951.0,44,3,1277.75,1318,2011-02-08 14:58:00,2011-07-28 12:05:00,425.9166666666667,169,1
16952.0,18,5,798.78,344,2009-12-11 13:52:00,2011-08-22 13:03:00,159.756,618,1
16954.0,34,15,5242.18,3776,2010-01-18 14:49:00,2011-08-07 10:55:00,349.4786666666667,565,0
16955.0,94,6,1309.41,823,2010-01-31 11:38:00,2011-06-08 10:36:00,218.235,492,1
16957.0,148,2,416.64,172,2011-03-03 09:25:00,2011-04-14 13:56:00,208.32,42,1
16958.0,344,1,809.44,561,2010-09-30 14:25:00,2010-09-30 14:25:00,809.44,0,1
16960.0,162,6,1737.91,1306,2010-03-02 13:36:00,2011-04-01 11:54:00,289.6516666666667,394,0
16961.0,25,3,794.56,482,2010-06-25 14:36:00,2011-08-15 13:46:00,264.8533333333333,415,1
16962.0,319,1,251.04,158,2010-10-26 11:36:00,2010-10-26 11:36:00,251.04,0,1
16963.0,96,1,110.55000000000001,35,2011-06-05 13:48:00,2011-06-05 13:48:00,110.55000000000001,0,1
16964.0,642,2,207.85,49,2009-12-06 12:51:00,2009-12-06 12:53:00,103.925,0,1
16965.0,136,1,201.19,291,2011-04-27 12:08:00,2011-04-27 12:08:00,201.19,0,1
16966.0,79,4,1486.56,1320,2011-04-13 14:17:00,2011-06-22 15:06:00,371.64,70,0
16967.0,98,1,319.02,333,2011-06-03 14:24:00,2011-06-03 14:24:00,319.02,0,1
16968.0,17,1,253.31,98,2011-08-24 10:51:00,2011-08-24 10:51:00,253.31,0,0
16969.0,43,2,478.96000000000004,740,2011-06-01 12:10:00,2011-07-28 13:54:00,239.48000000000002,57,0
16970.0,535,1,71.4,12,2010-03-23 13:50:00,2010-03-23 13:50:00,71.4,0,1
16972.0,292,2,786.25,190,2010-09-09 11:20:00,2010-11-22 10:59:00,393.125,73,1
16973.0,295,1,127.0,60,2010-11-18 13:56:00,2010-11-18 13:56:00,127.0,0,1
16974.0,432,2,365.5,70,2010-05-24 10:43:00,2010-07-05 10:18:00,182.75,41,1
16975.0,332,3,926.12,586,2010-07-22 11:38:00,2010-10-12 17:53:00,308.70666666666665,82,1
16976.0,176,1,251.51999999999998,88,2011-03-17 16:33:00,2011-03-17 16:33:00,251.51999999999998,0,1
16977.0,304,4,496.0,142,2010-03-18 11:06:00,2010-11-09 13:17:00,124.0,236,1
16978.0,575,2,424.55,119,2010-02-11 16:27:00,2010-02-11 16:33:00,212.275,0,0
16979.0,57,5,1563.39,721,2010-09-15 14:30:00,2011-07-15 08:59:00,312.678,302,0
16980.0,164,3,1473.3300000000002,1039,2010-10-07 14:05:00,2011-03-29 16:36:00,491.11000000000007,173,1
16983.0,6,9,2969.27,1861,2010-09-19 12:38:00,2011-09-04 11:00:00,329.9188888888889,349,0
16984.0,39,8,9499.58,4539,2010-03-07 15:34:00,2011-08-01 17:37:00,1187.4475,512,0
16985.0,67,20,9037.58,2558,2009-12-10 13:34:00,2011-07-05 09:33:00,451.879,571,0
16986.0,354,9,3015.55,1499,2010-02-04 14:46:00,2010-09-20 15:00:00,335.06111111111113,228,0
16987.0,79,7,1540.3,380,2009-12-02 14:34:00,2011-06-22 16:44:00,220.04285714285714,567,0
16988.0,289,1,256.55,115,2010-11-25 09:22:00,2010-11-25 09:22:00,256.55,0,0
16989.0,7,2,890.7,1086,2011-07-12 09:11:00,2011-09-02 13:55:00,445.35,52,0
16990.0,128,2,344.0,200,2010-10-13 11:42:00,2011-05-05 08:30:00,172.0,203,1
16991.0,330,1,1041.21,793,2010-10-14 14:08:00,2010-10-14 14:08:00,1041.21,0,1
16992.0,8,11,4834.54,1831,2010-02-11 12:36:00,2011-09-02 08:50:00,439.50363636363636,567,0
16993.0,373,2,1950.9499999999998,285,2010-05-12 13:55:00,2010-09-02 12:16:00,975.4749999999999,112,1
16996.0,30,8,1708.43,765,2010-10-18 12:24:00,2011-08-10 14:34:00,213.55375,296,0
16997.0,197,3,702.0,360,2011-01-18 11:51:00,2011-02-24 17:28:00,234.0,37,1
16998.0,59,5,402.0,104,2010-09-21 14:39:00,2011-07-13 09:44:00,80.4,294,1
17000.0,305,2,406.3,305,2010-10-27 14:16:00,2010-11-08 13:35:00,203.15,11,1
17001.0,1,16,5444.72,3184,2010-03-25 12:41:00,2011-09-09 12:24:00,340.295,532,0
17002.0,125,6,2071.34,1008,2010-03-08 15:46:00,2011-05-08 11:21:00,345.22333333333336,425,0
17003.0,311,4,830.16,495,2010-05-10 11:20:00,2010-11-02 13:15:00,207.54,176,1
17004.0,2,3,2018.6200000000001,1064,2010-10-11 15:43:00,2011-09-08 12:16:00,672.8733333333333,331,0
17005.0,380,2,742.36,787,2010-04-30 10:55:00,2010-08-26 10:57:00,371.18,118,1
17006.0,301,4,854.54,301,2010-03-05 13:33:00,2010-11-12 13:43:00,213.635,252,0
17007.0,64,6,805.61,466,2010-09-28 13:51:00,2011-07-07 18:14:00,134.26833333333335,282,0
17008.0,338,1,81.36,24,2010-10-06 15:19:00,2010-10-06 15:19:00,81.36,0,1
17009.0,460,1,242.06,336,2010-06-06 16:01:00,2010-06-06 16:01:00,242.06,0,1
17011.0,556,2,400.8,606,2010-02-26 09:47:00,2010-03-02 13:50:00,200.4,4,0
17012.0,634,1,384.16,268,2009-12-14 17:34:00,2009-12-14 17:34:00,384.16,0,1
17015.0,94,1,524.5,549,2011-06-07 13:19:00,2011-06-07 13:19:00,524.5,0,0
17016.0,486,1,552.4,309,2010-05-12 12:32:00,2010-05-12 12:32:00,552.4,0,1
17017.0,71,23,10847.63,8229,2009-12-03 13:22:00,2011-06-30 14:48:00,471.6360869565217,574,0
17018.0,235,5,1772.6,340,2009-12-05 10:27:00,2011-01-18 08:46:00,354.52,408,0
17019.0,171,10,3735.52,2474,2009-12-02 11:52:00,2011-03-23 11:16:00,373.552,475,0
17020.0,451,2,935.62,860,2010-03-03 12:27:00,2010-06-15 13:06:00,467.81,104,1
17021.0,351,6,1182.22,992,2010-04-29 20:05:00,2010-09-23 20:01:00,197.03666666666666,146,1
17022.0,342,1,189.0,72,2010-10-03 10:27:00,2010-10-03 10:27:00,189.0,0,0
17023.0,326,3,800.18,530,2010-01-11 15:09:00,2010-10-18 15:37:00,266.72666666666663,280,1
17024.0,8,2,56.25,45,2011-07-05 09:31:00,2011-09-01 15:21:00,28.125,58,0
17025.0,282,4,1313.84,928,2010-03-08 13:37:00,2010-12-01 15:46:00,328.46,268,0
17026.0,94,3,208.98,132,2010-10-18 15:22:00,2011-06-07 14:28:00,69.66,231,1
17027.0,88,7,1092.7,520,2009-12-10 12:10:00,2011-06-13 13:44:00,156.1,550,0
17028.0,490,3,1593.83,856,2009-12-18 14:28:00,2010-05-07 15:33:00,531.2766666666666,140,1
17029.0,20,7,2137.3,1265,2010-02-14 10:19:00,2011-08-21 11:06:00,305.3285714285715,553,1
17031.0,64,5,2619.45,1485,2010-05-07 14:52:00,2011-07-08 09:38:00,523.89,426,0
17032.0,457,8,3004.6,1695,2009-12-10 15:36:00,2010-06-10 12:16:00,375.575,181,1
17033.0,123,3,910.75,311,2010-11-07 12:55:00,2011-05-09 16:01:00,303.5833333333333,183,0
17034.0,197,3,680.2,388,2010-07-14 12:55:00,2011-02-25 10:10:00,226.73333333333335,225,0
17035.0,155,4,613.59,327,2009-12-03 10:37:00,2011-04-08 11:23:00,153.3975,491,1
17036.0,292,1,176.9,76,2010-11-21 14:26:00,2010-11-21 14:26:00,176.9,0,1
17038.0,324,1,630.77,507,2010-10-20 16:04:00,2010-10-20 16:04:00,630.77,0,0
17039.0,513,1,1954.99,689,2010-04-14 12:56:00,2010-04-14 12:56:00,1954.99,0,1
17040.0,47,2,463.25,189,2010-06-07 15:08:00,2011-07-25 10:19:00,231.625,412,1
17041.0,18,5,1355.6,925,2010-04-18 14:25:00,2011-08-23 09:53:00,271.12,491,0
17042.0,30,4,922.8199999999999,892,2011-04-06 14:53:00,2011-08-10 13:19:00,230.70499999999998,125,0
17043.0,87,6,1206.34,983,2009-12-09 15:20:00,2011-06-14 13:52:00,201.05666666666664,551,0
17044.0,284,11,11013.82,5218,2009-12-07 12:25:00,2010-11-30 10:48:00,1001.2563636363636,357,0
17045.0,22,5,827.6800000000001,294,2010-10-06 14:52:00,2011-08-18 17:09:00,165.536,316,1
17046.0,66,5,1906.07,1636,2010-03-29 13:46:00,2011-07-05 14:24:00,381.214,463,1
17047.0,114,5,1937.76,1003,2009-12-08 08:48:00,2011-05-18 16:51:00,387.552,526,0
17048.0,27,7,2071.68,1068,2010-01-18 13:55:00,2011-08-14 11:49:00,295.9542857142857,572,1
17049.0,27,15,6894.150000000001,2683,2010-03-04 10:23:00,2011-08-14 12:33:00,459.61,528,0
17050.0,5,11,4691.79,2451,2010-01-26 14:54:00,2011-09-04 13:48:00,426.5263636363636,585,1
17051.0,103,4,714.39,513,2010-03-21 14:55:00,2011-05-29 14:13:00,178.5975,433,1
17053.0,40,1,498.48,122,2011-08-01 10:23:00,2011-08-01 10:23:00,498.48,0,1
17054.0,47,4,1207.32,739,2011-04-08 13:14:00,2011-07-25 09:58:00,301.83,107,0
17055.0,355,1,239.55,87,2010-09-20 12:21:00,2010-09-20 12:21:00,239.55,0,1
17056.0,647,1,128.60000000000002,26,2009-12-01 12:55:00,2009-12-01 12:55:00,128.60000000000002,0,1
17057.0,505,1,294.74,129,2010-04-22 19:21:00,2010-04-22 19:21:00,294.74,0,1
17058.0,108,2,819.66,455,2011-04-14 09:18:00,2011-05-24 13:50:00,409.83,40,0
17059.0,19,8,4757.59,3012,2010-01-26 14:43:00,2011-08-21 15:17:00,594.69875,572,0
17060.0,175,1,234.24,216,2011-03-18 13:27:00,2011-03-18 13:27:00,234.24,0,1
17061.0,20,10,4658.83,1408,2011-04-21 13:29:00,2011-08-21 10:44:00,465.883,121,0
17062.0,223,6,1208.22,922,2010-09-26 11:57:00,2011-01-30 11:01:00,201.37,125,1
17063.0,72,10,2849.26,1438,2009-12-01 12:36:00,2011-06-29 13:59:00,284.92600000000004,575,0
17064.0,92,2,461.3,189,2011-01-16 16:10:00,2011-06-10 10:26:00,230.65,144,0
17065.0,547,2,194.7,82,2010-03-12 11:40:00,2010-03-12 11:41:00,97.35,0,1
17066.0,635,1,228.34,93,2009-12-13 13:24:00,2009-12-13 13:24:00,228.34,0,1
17067.0,634,3,454.54,322,2009-12-08 12:03:00,2009-12-15 08:39:00,151.51333333333335,6,1
17068.0,4,42,8148.2300000000005,3919,2010-03-28 14:26:00,2011-09-06 12:10:00,194.0054761904762,526,0
17069.0,64,10,4580.37,2539,2009-12-03 12:27:00,2011-07-07 14:30:00,458.037,581,0
17070.0,23,2,445.32,234,2010-10-25 15:57:00,2011-08-17 17:01:00,222.66,296,1
17071.0,43,10,2774.59,1360,2010-01-24 13:05:00,2011-07-28 16:04:00,277.459,550,0
17072.0,534,1,282.05,218,2010-03-24 16:33:00,2010-03-24 16:33:00,282.05,0,1
17073.0,18,1,453.79,307,2011-08-22 14:37:00,2011-08-22 14:37:00,453.79,0,0
17074.0,472,1,203.05,19,2010-05-26 12:04:00,2010-05-26 12:04:00,203.05,0,1
17075.0,162,9,2103.68,736,2009-12-14 11:24:00,2011-03-31 13:47:00,233.7422222222222,472,0
17076.0,183,5,735.87,331,2009-12-04 12:12:00,2011-03-11 08:59:00,147.174,461,0
17077.0,487,1,306.0,36,2010-05-10 16:36:00,2010-05-10 16:36:00,306.0,0,1
17080.0,179,6,746.23,475,2010-07-01 16:03:00,2011-03-15 12:05:00,124.37166666666667,256,0
17081.0,305,4,674.23,311,2010-02-22 13:19:00,2010-11-09 12:44:00,168.5575,259,0
17082.0,227,5,3365.12,1793,2009-12-15 11:25:00,2011-01-25 14:36:00,673.024,406,0
17083.0,18,9,4049.79,1955,2010-02-09 11:46:00,2011-08-22 15:43:00,449.9766666666667,559,1
17084.0,305,1,2253.22,1476,2010-11-08 14:20:00,2010-11-08 14:20:00,2253.22,0,0
17085.0,32,28,7891.41,3603,2009-12-06 12:16:00,2011-08-08 14:15:00,281.8360714285714,610,1
17087.0,647,1,221.53,113,2009-12-02 10:41:00,2009-12-02 10:41:00,221.53,0,1
17088.0,92,2,1399.1100000000001,525,2011-03-31 09:48:00,2011-06-10 09:23:00,699.5550000000001,70,0
17089.0,295,1,128.45,35,2010-11-18 15:33:00,2010-11-18 15:33:00,128.45,0,1
17090.0,7,10,1917.3,802,2010-07-19 16:02:00,2011-09-02 15:05:00,191.73,409,0
17091.0,7,17,6675.34,3389,2009-12-16 15:45:00,2011-09-02 14:56:00,392.66705882352943,624,0
17092.0,35,9,4450.25,3061,2010-02-02 16:42:00,2011-08-05 16:10:00,494.47222222222223,548,0
17093.0,502,1,235.88,114,2010-04-26 10:22:00,2010-04-26 10:22:00,235.88,0,1
17094.0,231,2,402.20000000000005,212,2010-10-12 10:48:00,2011-01-21 13:09:00,201.10000000000002,101,1
17095.0,208,6,1792.05,1311,2009-12-15 12:32:00,2011-02-13 13:52:00,298.675,425,0
17096.0,52,9,3180.9900000000002,1410,2010-06-02 14:48:00,2011-07-19 17:02:00,353.4433333333334,412,0
17097.0,9,7,1025.56,451,2010-10-05 14:09:00,2011-08-31 15:35:00,146.50857142857143,330,0
17098.0,291,3,591.0699999999999,125,2010-06-17 10:30:00,2010-11-23 12:13:00,197.0233333333333,159,1
17099.0,442,1,582.17,317,2010-06-24 16:25:00,2010-06-24 16:25:00,582.17,0,1
17101.0,87,4,1115.9,518,2010-06-07 15:12:00,2011-06-14 14:49:00,278.975,371,0
17102.0,171,1,25.5,2,2011-03-23 10:08:00,2011-03-23 10:08:00,25.5,0,1
17103.0,631,1,424.3,471,2009-12-17 14:08:00,2009-12-17 14:08:00,424.3,0,1
17104.0,333,1,474.03,149,2010-10-12 12:21:00,2010-10-12 12:21:00,474.03,0,1
17105.0,68,2,665.78,693,2011-02-06 14:46:00,2011-07-03 15:53:00,332.89,147,1
17106.0,298,1,491.23,156,2010-11-15 14:11:00,2010-11-15 14:11:00,491.23,0,1
17107.0,64,7,11594.05,5139,2010-01-31 15:47:00,2011-07-07 18:56:00,1656.292857142857,522,0
17108.0,573,1,174.95,31,2010-02-14 12:22:00,2010-02-14 12:22:00,174.95,0,1
17109.0,141,4,875.01,448,2010-07-30 12:42:00,2011-04-21 15:51:00,218.7525,265,0
17110.0,74,3,510.7,142,2010-04-08 13:32:00,2011-06-27 12:58:00,170.23333333333332,444,1
17111.0,334,1,227.97,299,2010-10-10 15:21:00,2010-10-10 15:21:00,227.97,0,0
17112.0,412,1,205.17,134,2010-07-25 11:14:00,2010-07-25 11:14:00,205.17,0,1
17113.0,483,6,2322.59,915,2010-01-11 10:14:00,2010-05-14 13:59:00,387.09833333333336,123,1
17114.0,48,6,603.59,157,2011-01-09 11:39:00,2011-07-24 11:58:00,100.59833333333334,196,0
17115.0,92,6,2536.81,773,2009-12-05 12:13:00,2011-06-10 08:54:00,422.8016666666667,551,0
17116.0,557,1,389.78,392,2010-03-01 16:29:00,2010-03-01 16:29:00,389.78,0,1
17117.0,197,1,116.19999999999999,68,2011-02-24 13:54:00,2011-02-24 13:54:00,116.19999999999999,0,1
17118.0,227,1,157.02,154,2011-01-26 12:19:00,2011-01-26 12:19:00,157.02,0,1
17120.0,142,1,307.46,120,2011-04-20 15:21:00,2011-04-20 15:21:00,307.46,0,1
17121.0,312,1,314.74,106,2010-11-02 11:47:00,2010-11-02 11:47:00,314.74,0,1
17122.0,28,4,570.5,368,2010-07-28 09:34:00,2011-08-12 14:33:00,142.625,380,1
17123.0,71,3,977.17,676,2010-05-16 11:52:00,2011-07-01 10:47:00,325.7233333333333,410,1
17124.0,94,1,298.89,130,2011-06-07 14:02:00,2011-06-07 14:02:00,298.89,0,1
17126.0,61,9,2070.44,1468,2010-08-31 13:41:00,2011-07-10 13:52:00,230.04888888888888,313,1
17127.0,338,5,1155.0300000000002,340,2009-12-04 15:18:00,2010-10-07 09:54:00,231.00600000000003,306,1
17128.0,244,1,157.09,76,2011-01-09 12:02:00,2011-01-09 12:02:00,157.09,0,1
17129.0,429,1,31.85,5,2010-07-07 13:46:00,2010-07-07 13:46:00,31.85,0,1
17132.0,361,2,1272.8,980,2010-08-08 13:49:00,2010-09-13 16:31:00,636.4,36,1
17133.0,99,8,12208.880000000001,8502,2010-03-21 12:31:00,2011-06-02 14:46:00,1526.1100000000001,438,0
17134.0,16,3,637.1,148,2010-09-23 18:32:00,2011-08-25 09:53:00,212.36666666666667,335,1
17135.0,199,5,1314.98,1118,2010-05-09 16:03:00,2011-02-23 10:27:00,262.996,289,0
17136.0,571,1,231.68,256,2010-02-15 13:13:00,2010-02-15 13:13:00,231.68,0,1
17137.0,325,6,1133.63,697,2010-01-31 12:27:00,2010-10-19 14:51:00,188.93833333333336,261,1
17138.0,185,7,4417.27,2024,2010-02-04 14:19:00,2011-03-09 11:54:00,631.0385714285715,397,1
17139.0,32,20,15767.81,7877,2010-01-11 11:31:00,2011-08-09 11:56:00,788.3905,575,0
17140.0,156,1,465.32,302,2011-04-06 13:33:00,2011-04-06 13:33:00,465.32,0,1
17141.0,327,4,754.33,436,2010-01-24 14:19:00,2010-10-17 14:54:00,188.5825,266,1
17142.0,148,4,1283.75,323,2010-01-24 15:23:00,2011-04-14 18:22:00,320.9375,445,1
17143.0,326,2,924.11,330,2010-07-12 13:26:00,2010-10-18 15:27:00,462.055,98,1
17145.0,422,4,3120.91,2591,2010-02-19 12:07:00,2010-07-15 09:02:00,780.2275,145,1
17146.0,15,13,5860.24,2192,2010-02-02 09:39:00,2011-08-26 12:44:00,450.7876923076923,570,1
17147.0,116,7,2458.47,943,2010-01-11 09:38:00,2011-05-17 10:57:00,351.21,491,0
17149.0,360,1,143.10000000000002,18,2010-09-14 14:56:00,2010-09-14 14:56:00,143.10000000000002,0,1
17150.0,286,6,1375.65,403,2009-12-06 10:51:00,2010-11-28 11:27:00,229.275,357,1
17151.0,644,1,231.90000000000003,42,2009-12-04 14:56:00,2009-12-04 14:56:00,231.90000000000003,0,1
17152.0,104,4,2016.5,577,2010-10-10 12:40:00,2011-05-29 12:19:00,504.125,230,1
17155.0,87,6,784.0600000000001,899,2009-12-03 11:34:00,2011-06-15 10:22:00,130.67666666666668,558,0
17156.0,401,1,591.87,391,2010-08-05 11:30:00,2010-08-05 11:30:00,591.87,0,1
17157.0,85,18,4994.36,2022,2009-12-04 13:00:00,2011-06-16 15:08:00,277.46444444444444,559,0
17158.0,142,4,1411.58,830,2010-03-07 15:50:00,2011-04-21 10:12:00,352.895,409,0
17159.0,81,3,1089.16,542,2010-03-04 14:53:00,2011-06-21 09:49:00,363.05333333333334,473,0
17160.0,18,16,9692.31,7951,2009-12-04 10:57:00,2011-08-22 13:32:00,605.769375,626,0
17161.0,353,1,856.01,537,2010-09-21 16:44:00,2010-09-21 16:44:00,856.01,0,1
17162.0,40,9,1463.66,865,2011-02-07 12:27:00,2011-07-31 16:04:00,162.6288888888889,174,0
17163.0,355,2,406.68,465,2010-02-02 10:39:00,2010-09-20 10:08:00,203.34,229,0
17164.0,61,3,1270.42,802,2011-03-11 14:26:00,2011-07-11 12:47:00,423.47333333333336,121,0
17165.0,193,6,1794.32,788,2009-12-11 09:18:00,2011-02-28 16:39:00,299.05333333333334,444,1
17166.0,113,1,127.59,57,2011-05-20 08:18:00,2011-05-20 08:18:00,127.59,0,0
17167.0,289,3,867.11,429,2010-09-20 14:02:00,2010-11-25 10:05:00,289.0366666666667,65,1
17168.0,408,1,400.2,220,2010-07-29 12:33:00,2010-07-29 12:33:00,400.2,0,1
17169.0,92,2,629.63,247,2010-05-10 13:00:00,2011-06-09 13:16:00,314.815,395,0
17170.0,283,2,178.68,152,2010-11-15 16:23:00,2010-11-30 15:55:00,89.34,14,1
17171.0,198,2,384.59,225,2010-02-16 12:02:00,2011-02-23 16:37:00,192.295,372,1
17172.0,340,2,638.81,735,2009-12-13 11:46:00,2010-10-05 12:02:00,319.405,296,0
17173.0,26,2,961.26,238,2011-07-31 15:26:00,2011-08-15 10:28:00,480.63,14,0
17174.0,127,1,59.9,41,2011-05-06 11:47:00,2011-05-06 11:47:00,59.9,0,1
17175.0,50,3,1132.6299999999999,644,2011-02-16 14:56:00,2011-07-21 18:08:00,377.5433333333333,155,0
17176.0,111,3,902.3199999999999,576,2010-01-31 15:49:00,2011-05-22 12:41:00,300.7733333333333,475,1
17177.0,414,1,119.5,40,2010-07-22 14:53:00,2010-07-22 14:53:00,119.5,0,1
17178.0,640,1,436.71,101,2009-12-08 16:20:00,2009-12-08 16:20:00,436.71,0,1
17179.0,87,6,1507.26,625,2010-05-26 11:22:00,2011-06-14 16:48:00,251.21,384,1
17180.0,150,10,2025.81,1674,2010-01-21 17:43:00,2011-04-12 16:20:00,202.581,445,0
17181.0,283,2,380.97,459,2010-04-23 11:21:00,2010-12-01 12:38:00,190.485,222,0
17182.0,332,2,321.3,54,2009-12-21 15:22:00,2010-10-13 10:09:00,160.65,295,1
17183.0,14,1,329.67,141,2011-08-26 15:25:00,2011-08-26 15:25:00,329.67,0,0
17184.0,478,2,198.41000000000003,73,2009-12-09 14:17:00,2010-05-19 14:24:00,99.20500000000001,161,1
17185.0,501,3,229.46,119,2010-04-20 13:49:00,2010-04-27 12:15:00,76.48666666666666,6,1
17187.0,136,2,467.71,426,2010-07-01 14:38:00,2011-04-27 12:39:00,233.855,299,1
17188.0,73,11,3933.79,2212,2009-12-08 19:16:00,2011-06-28 14:51:00,357.61727272727273,566,0
17189.0,15,5,957.63,604,2009-12-02 11:45:00,2011-08-25 19:39:00,191.526,631,1
17190.0,116,6,1493.3,2065,2010-03-05 13:21:00,2011-05-16 15:29:00,248.88333333333333,437,0
17191.0,4,14,4303.88,2229,2009-12-01 16:34:00,2011-09-06 12:15:00,307.42,643,0
17192.0,445,1,77.83,46,2010-06-21 16:07:00,2010-06-21 16:07:00,77.83,0,1
17193.0,86,4,1059.3,558,2009-12-02 10:02:00,2011-06-16 10:23:00,264.825,561,0
17194.0,183,3,812.5,420,2010-06-27 13:16:00,2011-03-11 12:05:00,270.8333333333333,256,1
17195.0,564,1,562.98,486,2010-02-22 13:05:00,2010-02-22 13:05:00,562.98,0,1
17196.0,337,1,352.9,168,2010-10-08 11:31:00,2010-10-08 11:31:00,352.9,0,1
17198.0,274,2,1043.32,484,2010-12-03 14:54:00,2010-12-09 13:34:00,521.66,5,0
17199.0,491,1,145.12,304,2010-05-06 13:53:00,2010-05-06 13:53:00,145.12,0,1
17200.0,296,4,356.71,367,2010-02-25 13:23:00,2010-11-17 13:04:00,89.1775,264,1
17201.0,433,3,899.41,807,2010-02-10 12:26:00,2010-07-04 11:40:00,299.80333333333334,143,0
17202.0,330,1,160.65,55,2010-10-15 11:25:00,2010-10-15 11:25:00,160.65,0,1
17203.0,297,4,2012.03,1756,2010-11-16 12:52:00,2010-11-16 13:07:00,503.0075,0,0
17204.0,84,9,5504.6900000000005,2651,2010-06-10 11:37:00,2011-06-17 14:46:00,611.6322222222223,372,1
17205.0,325,2,615.27,1330,2010-05-24 15:36:00,2010-10-19 16:11:00,307.635,148,0
17207.0,561,1,303.21999999999997,241,2010-02-25 19:08:00,2010-02-25 19:08:00,303.21999999999997,0,1
17208.0,305,1,115.35,103,2010-11-09 12:50:00,2010-11-09 12:50:00,115.35,0,1
17209.0,558,3,611.6,731,2009-12-03 11:10:00,2010-02-28 16:01:00,203.86666666666667,87,1
17210.0,302,1,253.37,243,2010-11-12 12:15:00,2010-11-12 12:15:00,253.37,0,1
17211.0,89,11,3194.32,1815,2009-12-13 13:17:00,2011-06-12 13:21:00,290.3927272727273,546,0
17212.0,162,3,794.41,727,2010-08-10 09:22:00,2011-03-31 19:42:00,264.80333333333334,233,1
17213.0,50,11,4181.08,1761,2009-12-15 10:28:00,2011-07-21 15:47:00,380.0981818181818,583,0
17214.0,158,4,613.67,179,2010-12-15 15:14:00,2011-04-04 16:28:00,153.4175,110,0
17215.0,373,1,186.15,104,2010-09-01 13:39:00,2010-09-01 13:39:00,186.15,0,1
17216.0,463,1,65.05,22,2010-06-03 13:03:00,2010-06-03 13:03:00,65.05,0,1
17217.0,143,2,218.0,95,2010-03-30 13:35:00,2011-04-19 17:19:00,109.0,385,1
17218.0,123,13,3180.54,1638,2010-01-25 16:12:00,2011-05-09 16:59:00,244.65692307692308,469,0
17219.0,326,1,144.9,99,2010-10-19 11:29:00,2010-10-19 11:29:00,144.9,0,0
17220.0,8,17,3578.48,2139,2010-01-20 11:57:00,2011-09-01 15:59:00,210.49882352941177,589,0
17221.0,501,3,643.39,427,2010-04-11 15:34:00,2010-04-27 10:27:00,214.46333333333334,15,0
17222.0,386,5,1250.86,735,2010-01-10 15:24:00,2010-08-19 13:48:00,250.17199999999997,220,0
17223.0,219,3,873.53,222,2010-11-29 17:19:00,2011-02-02 15:57:00,291.1766666666667,64,1
17224.0,410,1,100.86,65,2010-07-26 13:30:00,2010-07-26 13:30:00,100.86,0,1
17225.0,491,1,131.15,36,2010-05-07 11:38:00,2010-05-07 11:38:00,131.15,0,1
17226.0,218,3,900.12,855,2010-02-12 14:31:00,2011-02-04 11:52:00,300.04,356,1
17227.0,82,9,1556.46,1329,2010-01-15 15:05:00,2011-06-20 10:13:00,172.94,520,0
17228.0,117,9,1958.73,1647,2010-03-12 11:54:00,2011-05-16 10:40:00,217.63666666666666,429,0
17229.0,5,2,318.76,185,2011-07-20 12:38:00,2011-09-04 13:56:00,159.38,46,1
17230.0,173,18,9924.95,3903,2009-12-08 13:41:00,2011-03-20 16:12:00,551.3861111111112,467,1
17231.0,35,22,5961.44,3043,2009-12-07 16:38:00,2011-08-05 16:19:00,270.9745454545454,605,0
17233.0,357,2,369.98,167,2009-12-15 12:03:00,2010-09-17 13:20:00,184.99,276,0
17234.0,92,1,149.89000000000001,55,2011-06-10 11:20:00,2011-06-10 11:20:00,149.89000000000001,0,1
17235.0,281,7,1696.72,873,2010-06-04 17:01:00,2010-12-02 13:38:00,242.38857142857142,180,0
17236.0,88,11,1710.86,730,2010-03-07 13:00:00,2011-06-13 15:47:00,155.53272727272727,463,0
17237.0,285,2,687.39,310,2010-11-23 11:45:00,2010-11-29 11:51:00,343.695,6,0
17238.0,45,26,5998.37,2807,2009-12-01 10:59:00,2011-07-26 15:42:00,230.70653846153846,602,0
17239.0,222,4,1189.45,515,2010-07-01 10:53:00,2011-01-31 09:41:00,297.3625,213,1
17240.0,505,1,130.6,108,2010-04-22 15:44:00,2010-04-22 15:44:00,130.6,0,1
17241.0,294,12,2744.14,865,2010-02-15 14:47:00,2010-11-19 13:01:00,228.6783333333333,276,1
17242.0,17,5,2889.28,1459,2010-01-24 10:27:00,2011-08-23 14:55:00,577.856,576,1
17243.0,2,59,16667.170000000002,6361,2009-12-01 15:36:00,2011-09-08 12:44:00,282.49440677966106,645,0
17244.0,292,4,871.14,803,2009-12-06 11:27:00,2010-11-21 13:53:00,217.785,350,0
17245.0,114,2,371.63,307,2010-01-19 15:39:00,2011-05-19 10:43:00,185.815,484,1
17246.0,456,2,38.92,36,2009-12-01 17:45:00,2010-06-11 12:36:00,19.46,191,1
17248.0,29,2,546.16,292,2010-08-15 11:55:00,2011-08-11 13:34:00,273.08,361,1
17249.0,338,1,68.03,79,2010-10-07 11:33:00,2010-10-07 11:33:00,68.03,0,1
17250.0,170,1,162.65,70,2011-03-23 16:45:00,2011-03-23 16:45:00,162.65,0,0
17251.0,272,3,812.4300000000001,379,2009-12-15 10:36:00,2010-12-12 11:06:00,270.81,362,1
17252.0,26,2,353.86,193,2011-06-06 16:41:00,2011-08-15 09:45:00,176.93,69,1
17254.0,310,1,198.29,146,2010-11-03 14:00:00,2010-11-03 14:00:00,198.29,0,0
17255.0,208,3,613.18,437,2010-09-19 15:53:00,2011-02-13 15:18:00,204.39333333333332,146,0
17256.0,16,5,498.93,299,2010-04-18 13:40:00,2011-08-24 13:30:00,99.786,492,1
17257.0,345,2,192.73,188,2010-09-29 12:49:00,2010-09-29 12:51:00,96.365,0,1
17258.0,306,2,417.3,188,2010-02-12 15:51:00,2010-11-08 12:37:00,208.65,268,1
17259.0,57,6,1889.34,1158,2010-02-22 13:38:00,2011-07-14 15:01:00,314.89,507,1
17260.0,320,1,120.95,23,2010-10-24 13:21:00,2010-10-24 13:21:00,120.95,0,1
17261.0,419,1,230.44,98,2010-07-18 11:49:00,2010-07-18 11:49:00,230.44,0,1
17262.0,136,10,2459.62,669,2009-12-15 11:26:00,2011-04-26 15:58:00,245.962,497,0
17263.0,117,1,63.440000000000005,36,2011-05-15 14:32:00,2011-05-15 14:32:00,63.440000000000005,0,1
17264.0,333,1,279.59,227,2010-10-11 12:52:00,2010-10-11 12:52:00,279.59,0,1
17265.0,48,2,562.9,394,2011-06-12 12:00:00,2011-07-24 10:49:00,281.45,41,1
17266.0,57,3,320.15,118,2010-03-09 10:42:00,2011-07-15 11:57:00,106.71666666666665,493,0
17267.0,36,2,317.62,159,2011-08-04 17:19:00,2011-08-04 17:22:00,158.81,0,1
17268.0,17,11,1733.8899999999999,1395,2009-12-08 11:46:00,2011-08-24 10:06:00,157.62636363636364,623,1
17269.0,295,1,537.46,336,2010-11-19 11:12:00,2010-11-19 11:12:00,537.46,0,1
17270.0,378,2,604.4,421,2009-12-07 17:18:00,2010-08-27 14:09:00,302.2,262,1
17271.0,645,1,210.39,117,2009-12-03 13:49:00,2009-12-03 13:49:00,210.39,0,1
17272.0,108,2,1409.44,1161,2011-03-22 12:05:00,2011-05-24 13:46:00,704.72,63,0
17273.0,333,1,141.12,133,2010-10-11 15:57:00,2010-10-11 15:57:00,141.12,0,1
17274.0,305,1,465.4,194,2010-11-09 12:06:00,2010-11-09 12:06:00,465.4,0,0
17275.0,292,1,114.52,72,2010-11-21 13:26:00,2010-11-21 13:26:00,114.52,0,1
17276.0,311,1,508.39,189,2010-11-02 16:20:00,2010-11-02 16:20:00,508.39,0,1
17277.0,137,2,1065.3500000000001,430,2011-01-21 12:37:00,2011-04-26 12:47:00,532.6750000000001,95,1
17278.0,150,2,271.24,195,2010-05-23 13:49:00,2011-04-12 13:10:00,135.62,323,1
17280.0,347,1,118.85999999999999,74,2010-09-27 16:46:00,2010-09-27 16:46:00,118.85999999999999,0,1
17281.0,283,6,797.8499999999999,295,2010-02-04 13:00:00,2010-11-30 18:05:00,132.975,299,1
17282.0,39,5,2339.66,2351,2010-06-09 12:07:00,2011-08-01 14:29:00,467.93199999999996,418,1
17283.0,288,1,188.46,179,2010-11-26 11:53:00,2010-11-26 11:53:00,188.46,0,1
17284.0,30,7,2634.72,1947,2010-09-20 16:18:00,2011-08-11 12:00:00,376.3885714285714,324,0
17285.0,537,2,428.34,140,2010-02-14 14:10:00,2010-03-21 13:38:00,214.17,34,1
17286.0,309,2,241.56,253,2010-11-04 13:43:00,2010-11-04 13:52:00,120.78,0,0
17287.0,52,19,3750.2599999999998,1892,2009-12-03 12:45:00,2011-07-19 14:59:00,197.38210526315788,593,0
17288.0,116,9,1743.95,1165,2010-11-10 14:44:00,2011-05-16 14:32:00,193.77222222222224,186,0
17289.0,89,7,1302.34,874,2010-03-08 12:52:00,2011-06-12 13:51:00,186.04857142857142,461,0
17290.0,291,6,976.2,743,2009-12-13 13:28:00,2010-11-23 11:13:00,162.70000000000002,344,0
17291.0,217,1,550.8000000000001,72,2011-02-04 13:04:00,2011-02-04 13:04:00,550.8000000000001,0,1
17292.0,381,2,271.75,131,2010-05-09 14:52:00,2010-08-24 17:14:00,135.875,107,1
17293.0,28,13,2766.15,1611,2009-12-03 15:09:00,2011-08-12 14:03:00,212.78076923076924,616,0
17294.0,578,2,467.78999999999996,297,2010-02-08 14:21:00,2010-02-08 16:12:00,233.89499999999998,0,1
17296.0,639,1,338.13,216,2009-12-09 14:01:00,2009-12-09 14:01:00,338.13,0,1
17298.0,10,5,957.5600000000001,854,2010-03-08 08:56:00,2011-08-30 16:43:00,191.512,540,1
17299.0,9,4,615.16,536,2010-08-15 16:00:00,2011-08-31 14:22:00,153.79,380,0
17300.0,300,2,393.64,467,2010-08-15 11:02:00,2010-11-14 10:56:00,196.82,90,1
17301.0,533,1,132.8,80,2010-03-25 13:16:00,2010-03-25 13:16:00,132.8,0,0
17302.0,32,3,661.61,345,2011-02-07 10:14:00,2011-08-09 09:04:00,220.53666666666666,182,0
17303.0,270,1,250.04,144,2010-12-13 13:32:00,2010-12-13 13:32:00,250.04,0,1
17304.0,443,1,111.5,73,2010-06-23 16:23:00,2010-06-23 16:23:00,111.5,0,1
17305.0,558,1,2135.46,1006,2010-03-01 12:47:00,2010-03-01 12:47:00,2135.46,0,1
17306.0,9,17,7851.1,11514,2010-11-01 11:38:00,2011-09-01 09:39:00,461.8294117647059,303,0
17307.0,304,11,3999.8900000000003,3667,2010-01-19 16:38:00,2010-11-09 13:40:00,363.6263636363637,293,1
17308.0,302,2,4511.76,5148,2010-09-13 09:35:00,2010-11-11 13:19:00,2255.88,59,1
17309.0,4,3,330.59000000000003,193,2010-02-04 15:49:00,2011-09-05 15:20:00,110.19666666666667,577,1
17310.0,296,2,1025.1,402,2010-06-23 11:38:00,2010-11-17 16:00:00,512.55,147,1
17311.0,226,5,2738.17,2160,2010-02-03 12:38:00,2011-01-27 10:56:00,547.634,357,0
17312.0,48,3,644.3,372,2011-07-03 13:12:00,2011-07-24 11:52:00,214.76666666666665,20,1
17314.0,58,14,3883.43,2785,2009-12-03 11:25:00,2011-07-14 11:28:00,277.3878571428571,588,0
17315.0,9,35,7727.38,4235,2010-09-27 12:45:00,2011-08-31 15:49:00,220.7822857142857,338,0
17316.0,329,1,124.45,44,2010-10-15 14:35:00,2010-10-15 14:35:00,124.45,0,1
17318.0,634,1,164.28,60,2009-12-14 13:11:00,2009-12-14 13:11:00,164.28,0,1
17319.0,578,1,29.1,14,2010-02-08 15:47:00,2010-02-08 15:47:00,29.1,0,1
17320.0,9,6,2895.77,1392,2010-01-21 16:29:00,2011-08-31 13:31:00,482.62833333333333,586,1
17321.0,303,4,1040.32,444,2010-05-11 12:10:00,2010-11-10 12:56:00,260.08,183,0
17322.0,285,5,922.59,631,2009-12-03 11:46:00,2010-11-28 14:41:00,184.518,360,1
17323.0,34,9,1181.77,1172,2010-01-10 11:58:00,2011-08-07 12:05:00,131.30777777777777,574,0
17324.0,241,10,2013.87,1299,2009-12-18 15:29:00,2011-01-12 11:21:00,201.387,389,0
17325.0,189,3,609.5699999999999,465,2010-03-08 11:31:00,2011-03-04 13:09:00,203.18999999999997,361,1
17326.0,317,2,321.95,140,2010-06-28 14:05:00,2010-10-27 15:38:00,160.975,121,1
17327.0,319,2,152.35,59,2010-05-26 11:20:00,2010-10-26 09:54:00,76.175,152,1
17328.0,582,1,104.7,86,2010-02-04 17:11:00,2010-02-04 17:11:00,104.7,0,1
17329.0,224,4,724.6800000000001,357,2009-12-03 16:09:00,2011-01-28 15:29:00,181.17000000000002,420,0
17330.0,454,2,59.900000000000006,2,2010-03-02 09:20:00,2010-06-13 12:34:00,29.950000000000003,103,0
17331.0,33,1,175.2,16,2011-08-08 11:55:00,2011-08-08 11:55:00,175.2,0,1
17332.0,437,5,838.27,794,2010-02-21 14:41:00,2010-06-29 16:10:00,167.654,128,1
17334.0,211,3,635.15,566,2010-10-29 12:16:00,2011-02-10 14:59:00,211.71666666666667,104,1
17335.0,293,2,508.0,216,2010-01-24 11:15:00,2010-11-21 10:17:00,254.0,300,1
17336.0,381,1,81.12,48,2010-08-24 15:37:00,2010-08-24 15:37:00,81.12,0,1
17337.0,60,4,2027.8700000000001,1269,2011-02-02 17:06:00,2011-07-11 14:55:00,506.96750000000003,158,1
17338.0,23,16,10705.66,5102,2010-03-10 16:09:00,2011-08-17 14:22:00,669.10375,524,0
17339.0,3,3,362.36,188,2010-07-18 13:08:00,2011-09-06 13:29:00,120.78666666666668,415,1
17340.0,29,14,17645.18,9251,2010-02-14 14:54:00,2011-08-11 12:58:00,1260.3700000000001,542,0
17341.0,66,5,1889.83,1169,2010-06-17 18:17:00,2011-07-06 12:33:00,377.966,383,1
17342.0,289,4,1227.54,521,2010-02-08 09:16:00,2010-11-25 11:07:00,306.885,290,1
17343.0,264,6,1259.94,454,2009-12-03 18:30:00,2010-12-19 15:07:00,209.99,380,1
17344.0,638,1,307.54,147,2009-12-11 12:31:00,2009-12-11 12:31:00,307.54,0,0
17345.0,2,9,1351.07,1845,2009-12-01 16:17:00,2011-09-07 14:09:00,150.11888888888888,644,0
17346.0,12,19,3912.65,2956,2010-04-18 12:18:00,2011-08-28 15:01:00,205.92894736842106,497,0
17348.0,207,5,1477.04,1591,2010-03-10 12:13:00,2011-02-15 10:49:00,295.408,341,0
17349.0,88,5,852.25,840,2010-03-18 14:26:00,2011-06-13 14:29:00,170.45,452,1
17350.0,303,3,619.971,421,2010-02-01 15:38:00,2010-11-10 16:15:00,206.657,282,0
17351.0,78,11,1828.38,362,2009-12-10 18:43:00,2011-06-23 19:29:00,166.21636363636364,560,0
17352.0,605,1,36.25,15,2010-01-12 16:13:00,2010-01-12 16:13:00,36.25,0,1
17353.0,38,4,3242.0,2168,2010-03-25 12:52:00,2011-08-02 17:19:00,810.5,495,1
17354.0,337,3,1750.3999999999999,1529,2010-10-07 13:22:00,2010-10-07 13:42:00,583.4666666666666,0,0
17355.0,295,1,285.11,257,2010-11-18 13:18:00,2010-11-18 13:18:00,285.11,0,1
17356.0,221,5,946.47,925,2010-01-20 12:14:00,2011-02-01 11:07:00,189.294,376,1
17358.0,212,5,866.05,442,2010-02-24 16:42:00,2011-02-09 16:57:00,173.20999999999998,350,1
17359.0,557,1,156.6,76,2010-03-01 14:48:00,2010-03-01 14:48:00,156.6,0,0
17360.0,93,4,976.54,468,2010-10-01 12:07:00,2011-06-08 17:09:00,244.135,250,0
17361.0,95,4,656.36,289,2010-02-01 14:30:00,2011-06-06 14:02:00,164.09,489,0
17362.0,148,7,1024.04,549,2010-01-06 10:53:00,2011-04-14 14:43:00,146.29142857142855,463,1
17363.0,304,3,940.86,523,2010-11-02 17:25:00,2010-11-09 17:11:00,313.62,6,1
17364.0,46,23,10223.05,6313,2009-12-07 15:28:00,2011-07-25 12:58:00,444.48043478260865,594,0
17365.0,79,12,5794.43,5841,2010-02-01 11:56:00,2011-06-23 10:44:00,482.8691666666667,506,0
17366.0,341,2,1096.24,510,2010-09-09 19:46:00,2010-10-03 16:04:00,548.12,23,1
17367.0,147,1,168.4,150,2011-04-15 14:21:00,2011-04-15 14:21:00,168.4,0,1
17368.0,2,12,2549.14,2244,2009-12-15 17:45:00,2011-09-07 14:47:00,212.4283333333333,630,0
17369.0,365,1,979.1999999999999,1152,2010-09-10 09:49:00,2010-09-10 09:49:00,979.1999999999999,0,1
17370.0,1,2,228.06,218,2011-06-23 11:50:00,2011-09-08 14:19:00,114.03,77,0
17371.0,270,4,336.29,171,2009-12-08 12:25:00,2010-12-13 15:20:00,84.0725,370,0
17372.0,75,26,4096.01,1721,2009-12-03 18:41:00,2011-06-26 14:06:00,157.53884615384615,569,0
17373.0,43,5,807.88,530,2010-02-28 14:17:00,2011-07-28 17:15:00,161.576,515,0
17374.0,128,3,727.11,155,2010-11-09 17:14:00,2011-05-05 09:05:00,242.37,176,1
17375.0,108,4,660.55,480,2010-10-04 09:14:00,2011-05-24 15:45:00,165.1375,232,1
17376.0,220,3,356.29,193,2010-07-05 11:11:00,2011-02-01 14:12:00,118.76333333333334,211,0
17377.0,35,67,16263.87,6607,2009-12-02 12:39:00,2011-08-05 15:40:00,242.74432835820897,611,0
17378.0,283,1,10.95,1,2010-11-30 18:46:00,2010-11-30 18:46:00,10.95,0,1
17380.0,343,3,645.0,252,2010-06-23 11:24:00,2010-10-01 16:42:00,215.0,100,1
17381.0,8,33,37988.409999999996,42969,2010-06-09 12:55:00,2011-09-01 15:52:00,1151.1639393939392,449,0
17382.0,345,7,836.88,432,2010-05-19 11:33:00,2010-09-30 10:53:00,119.55428571428571,133,0
17383.0,362,1,110.69999999999999,12,2010-09-12 14:54:00,2010-09-12 14:54:00,110.69999999999999,0,0
17384.0,128,2,398.8,76,2010-08-29 16:01:00,2011-05-04 16:07:00,199.4,248,0
17386.0,8,6,1823.69,1075,2010-11-19 13:40:00,2011-09-01 13:47:00,303.9483333333333,286,0
17388.0,41,10,2385.04,2278,2009-12-10 11:45:00,2011-07-31 12:34:00,238.504,598,0
17389.0,5,52,34895.08,12212,2009-12-04 12:06:00,2011-09-05 10:00:00,671.0592307692308,639,0
17390.0,330,1,149.3,49,2010-10-15 11:29:00,2010-10-15 11:29:00,149.3,0,1
17391.0,73,2,508.8,480,2011-06-28 12:21:00,2011-06-29 09:58:00,254.4,0,1
17392.0,216,3,626.56,493,2010-09-15 16:17:00,2011-02-06 12:48:00,208.85333333333332,143,1
17393.0,320,2,381.15,238,2010-08-08 15:53:00,2010-10-25 11:10:00,190.575,77,1
17394.0,128,1,203.86999999999998,241,2011-05-04 13:22:00,2011-05-04 13:22:00,203.86999999999998,0,1
17395.0,417,1,97.5,66,2010-07-19 15:34:00,2010-07-19 15:34:00,97.5,0,1
17396.0,58,12,6278.1,1519,2010-09-24 13:04:00,2011-07-14 10:24:00,523.1750000000001,292,0
17397.0,325,1,536.77,443,2010-10-19 13:20:00,2010-10-19 13:20:00,536.77,0,0
17398.0,24,3,653.38,310,2011-03-29 13:04:00,2011-08-17 09:48:00,217.79333333333332,140,1
17400.0,35,8,4677.05,2199,2009-12-17 15:41:00,2011-08-05 15:38:00,584.63125,595,1
17401.0,450,1,114.85,34,2010-06-16 16:54:00,2010-06-16 16:54:00,114.85,0,1
17402.0,11,18,4194.78,1290,2009-12-16 17:40:00,2011-08-30 12:32:00,233.04333333333332,621,0
17403.0,360,1,118.95,77,2010-09-15 12:29:00,2010-09-15 12:29:00,118.95,0,0
17404.0,32,18,36878.6,39554,2010-01-07 11:31:00,2011-08-08 13:12:00,2048.811111111111,578,0
17405.0,59,1,393.31,334,2011-07-12 14:17:00,2011-07-12 14:17:00,393.31,0,0
17406.0,242,13,4905.05,2124,2009-12-06 13:45:00,2011-01-10 15:07:00,377.3115384615385,400,1
17407.0,321,1,552.9,426,2010-10-24 11:57:00,2010-10-24 11:57:00,552.9,0,1
17408.0,72,3,316.09000000000003,163,2010-07-13 14:02:00,2011-06-29 12:53:00,105.36333333333334,350,1
17409.0,94,10,7793.51,4089,2009-12-11 12:17:00,2011-06-08 10:36:00,779.351,543,1
17410.0,5,2,419.55,149,2011-05-08 15:21:00,2011-09-04 16:08:00,209.775,119,0
17411.0,170,3,932.02,428,2009-12-03 12:02:00,2011-03-23 13:44:00,310.67333333333335,475,0
17412.0,105,13,3869.28,2224,2009-12-02 13:51:00,2011-05-27 14:55:00,297.6369230769231,541,0
17413.0,314,2,560.14,302,2010-05-19 11:11:00,2010-10-31 12:33:00,280.07,165,1
17414.0,94,5,2069.52,5536,2009-12-03 16:49:00,2011-06-08 11:43:00,413.904,551,0
17416.0,19,20,15699.52,7750,2009-12-14 16:29:00,2011-08-22 09:30:00,784.976,615,0
17417.0,458,1,164.18,76,2010-06-09 10:00:00,2010-06-09 10:00:00,164.18,0,1
17418.0,233,2,373.99,371,2010-11-17 13:42:00,2011-01-20 11:39:00,186.995,63,0
17419.0,53,14,4933.95,2424,2010-01-25 13:19:00,2011-07-19 12:39:00,352.425,539,0
17420.0,80,5,877.11,403,2010-11-03 13:09:00,2011-06-21 15:07:00,175.422,230,0
17421.0,295,3,1059.41,807,2009-12-04 15:43:00,2010-11-18 16:57:00,353.1366666666667,349,1
17422.0,2,10,3314.36,3034,2010-06-23 10:19:00,2011-09-07 15:00:00,331.43600000000004,441,0
17423.0,127,2,869.96,645,2010-11-11 12:26:00,2011-05-06 09:14:00,434.98,175,0
17426.0,0,11,7321.1,4634,2010-02-17 13:39:00,2011-09-09 15:51:00,665.5545454545455,569,0
17428.0,20,37,25224.0,14769,2009-12-01 17:28:00,2011-08-21 12:37:00,681.7297297297297,627,0
17429.0,37,5,1357.46,1286,2010-10-06 12:30:00,2011-08-03 13:22:00,271.492,301,1
17430.0,274,3,582.01,385,2010-08-17 11:52:00,2010-12-09 13:05:00,194.00333333333333,114,0
17431.0,222,1,403.3,292,2011-01-30 14:36:00,2011-01-30 14:36:00,403.3,0,1
17432.0,294,7,1385.6299999999999,809,2009-12-03 19:13:00,2010-11-19 17:01:00,197.94714285714284,350,0
17433.0,294,1,266.8,120,2010-11-19 13:37:00,2010-11-19 13:37:00,266.8,0,0
17435.0,320,1,331.35,195,2010-10-24 13:55:00,2010-10-24 13:55:00,331.35,0,1
17436.0,136,4,440.15999999999997,136,2009-12-07 12:31:00,2011-04-27 11:33:00,110.03999999999999,505,0
17437.0,439,1,373.17,284,2010-06-28 11:11:00,2010-06-28 11:11:00,373.17,0,1
17438.0,163,5,1422.77,553,2010-03-08 16:53:00,2011-03-31 10:26:00,284.554,387,1
17439.0,565,1,325.74,370,2010-02-22 12:48:00,2010-02-22 12:48:00,325.74,0,1
17440.0,66,4,323.58,282,2010-06-08 14:40:00,2011-07-06 11:54:00,80.895,392,1
17441.0,641,1,293.35,245,2009-12-07 13:32:00,2009-12-07 13:32:00,293.35,0,1
17442.0,3,14,4293.43,2898,2010-02-15 15:54:00,2011-09-07 12:19:00,306.67357142857145,568,0
17443.0,129,1,534.24,504,2011-05-04 10:47:00,2011-05-04 10:47:00,534.24,0,1
17444.0,57,3,2940.04,2119,2011-06-20 09:04:00,2011-07-15 12:05:00,980.0133333333333,25,1
17446.0,86,2,120.9,198,2011-02-02 14:40:00,2011-06-16 10:42:00,60.45,133,1
17448.0,406,46,14556.97,11548,2010-03-04 17:29:00,2010-07-30 14:07:00,316.45586956521737,147,1
17449.0,4,10,3927.84,2121,2009-12-09 14:16:00,2011-09-06 08:34:00,392.784,635,0
17450.0,4,28,138883.84,46907,2010-09-27 16:59:00,2011-09-05 13:52:00,4960.137142857143,342,0
17451.0,15,1,346.01,267,2011-08-26 11:54:00,2011-08-26 11:54:00,346.01,0,0
17454.0,101,10,1547.94,727,2010-01-15 15:40:00,2011-05-31 13:58:00,154.794,500,1
17455.0,113,1,131.7,66,2011-05-20 12:31:00,2011-05-20 12:31:00,131.7,0,1
17456.0,274,2,1225.42,730,2010-09-09 15:28:00,2010-12-09 15:23:00,612.71,90,1
17457.0,36,14,5984.8099999999995,2695,2009-12-07 14:52:00,2011-08-05 12:48:00,427.4864285714285,605,1
17458.0,291,1,213.08,112,2010-11-23 11:43:00,2010-11-23 11:43:00,213.08,0,0
17460.0,3,16,2228.27,980,2010-01-22 13:25:00,2011-09-06 15:04:00,139.266875,592,1
17462.0,193,1,463.40999999999997,155,2011-02-28 17:01:00,2011-02-28 17:01:00,463.40999999999997,0,0
17463.0,85,5,1907.14,1120,2010-04-29 17:57:00,2011-06-16 15:10:00,381.428,412,0
17464.0,67,3,1000.94,652,2010-03-30 13:15:00,2011-07-04 13:19:00,333.6466666666667,461,1
17465.0,335,7,2542.79,1477,2009-12-03 13:25:00,2010-10-10 11:56:00,363.2557142857143,310,1
17467.0,304,1,102.6,20,2010-11-09 12:58:00,2010-11-09 12:58:00,102.6,0,1
17468.0,284,1,57.8,68,2010-11-29 17:25:00,2010-11-29 17:25:00,57.8,0,0
17469.0,18,15,4230.55,1960,2009-12-16 15:06:00,2011-08-23 08:54:00,282.0366666666667,614,0
17470.0,36,10,2496.27,2443,2010-07-19 16:16:00,2011-08-04 13:15:00,249.627,380,0
17471.0,384,1,321.65000000000003,153,2010-08-22 11:53:00,2010-08-22 11:53:00,321.65000000000003,0,1
17472.0,100,4,935.1,558,2010-03-21 13:27:00,2011-06-01 14:57:00,233.775,437,1
17473.0,318,2,607.0,270,2010-09-09 19:03:00,2010-10-27 11:45:00,303.5,47,1
17474.0,509,1,1047.0,200,2010-04-19 10:43:00,2010-04-19 10:43:00,1047.0,0,1
17476.0,305,2,489.86,224,2009-12-02 12:09:00,2010-11-09 10:21:00,244.93,341,1
17477.0,522,2,1144.3,225,2010-03-02 11:53:00,2010-04-06 10:06:00,572.15,34,1
17478.0,317,2,1272.8,516,2010-03-16 14:19:00,2010-10-27 15:01:00,636.4,225,1
17479.0,542,1,389.26000000000005,266,2010-03-17 09:26:00,2010-03-17 09:26:00,389.26000000000005,0,1
17480.0,354,1,390.21,255,2010-09-21 12:31:00,2010-09-21 12:31:00,390.21,0,0
17481.0,3,1,260.63,149,2011-09-07 09:57:00,2011-09-07 09:57:00,260.63,0,0
17482.0,396,2,778.19,241,2010-05-10 14:10:00,2010-08-09 15:33:00,389.095,91,1
17483.0,43,3,452.43,172,2010-10-21 12:43:00,2011-07-28 17:33:00,150.81,280,0
17484.0,485,2,209.57,339,2010-03-25 16:17:00,2010-05-12 15:41:00,104.785,47,1
17486.0,170,1,396.87,191,2011-03-23 14:00:00,2011-03-23 14:00:00,396.87,0,1
17487.0,637,1,160.55,37,2009-12-11 15:06:00,2009-12-11 15:06:00,160.55,0,1
17488.0,550,1,336.5,136,2010-03-08 14:07:00,2010-03-08 14:07:00,336.5,0,1
17489.0,122,1,208.56,232,2011-05-11 11:34:00,2011-05-11 11:34:00,208.56,0,0
17490.0,86,3,963.38,537,2010-05-19 12:40:00,2011-06-16 09:15:00,321.12666666666667,392,0
17491.0,5,13,4540.31,2864,2010-04-28 11:57:00,2011-09-05 11:51:00,349.2546153846154,494,0
17492.0,157,3,1122.42,450,2010-07-09 13:27:00,2011-04-05 15:21:00,374.14000000000004,270,1
17493.0,294,1,100.91000000000001,62,2010-11-19 16:57:00,2010-11-19 16:57:00,100.91000000000001,0,1
17494.0,411,1,54.699999999999996,26,2010-07-26 10:06:00,2010-07-26 10:06:00,54.699999999999996,0,1
17495.0,300,1,309.16,138,2010-11-14 11:50:00,2010-11-14 11:50:00,309.16,0,0
17496.0,268,4,1412.89,675,2010-01-14 13:36:00,2010-12-16 08:39:00,353.2225,335,1
17497.0,299,2,287.25,59,2010-04-08 08:01:00,2010-11-14 14:17:00,143.625,220,1
17499.0,199,2,1341.39,1086,2010-05-27 09:59:00,2011-02-23 09:14:00,670.695,271,1
17501.0,130,2,288.6,160,2011-05-03 09:46:00,2011-05-03 09:47:00,144.3,0,1
17504.0,115,18,9565.12,5517,2010-02-08 09:22:00,2011-05-17 12:59:00,531.3955555555556,463,1
17505.0,71,5,2435.48,1242,2010-04-13 16:33:00,2011-07-01 12:50:00,487.096,443,1
17507.0,171,2,605.58,359,2011-02-03 18:08:00,2011-03-23 11:48:00,302.79,47,1
17508.0,190,8,4579.23,2891,2009-12-07 11:46:00,2011-03-04 08:10:00,572.40375,451,1
17510.0,330,1,206.07999999999998,208,2010-10-15 10:20:00,2010-10-15 10:20:00,206.07999999999998,0,0
17511.0,3,50,143916.92,95384,2009-12-02 10:52:00,2011-09-07 11:41:00,2878.3384,644,0
17512.0,30,16,4434.7300000000005,4515,2009-12-10 19:35:00,2011-08-10 14:55:00,277.17062500000003,607,0
17513.0,318,2,645.6,186,2010-08-17 15:08:00,2010-10-27 11:13:00,322.8,70,0
17514.0,37,2,542.83,295,2010-02-08 14:00:00,2011-08-03 15:45:00,271.415,541,1
17515.0,115,8,1549.81,505,2010-06-07 13:29:00,2011-05-17 14:03:00,193.72625,344,0
17516.0,28,5,798.32,486,2010-11-26 12:50:00,2011-08-12 14:50:00,159.66400000000002,259,0
17517.0,218,1,153.94,102,2011-02-04 11:48:00,2011-02-04 11:48:00,153.94,0,1
17518.0,335,2,329.42,267,2010-03-28 13:31:00,2010-10-10 12:40:00,164.71,195,1
17519.0,43,14,4753.45,3220,2009-12-01 09:57:00,2011-07-29 12:09:00,339.53214285714284,605,0
17521.0,108,3,714.41,403,2010-10-01 11:49:00,2011-05-24 15:14:00,238.13666666666666,235,0
17522.0,48,4,912.25,932,2011-05-05 16:31:00,2011-07-24 12:29:00,228.0625,79,0
17524.0,270,3,539.14,362,2010-09-27 16:20:00,2010-12-13 14:32:00,179.71333333333334,76,1
17525.0,269,3,1161.9,338,2010-10-07 09:12:00,2010-12-15 12:05:00,387.3,69,1
17526.0,200,11,3842.94,1312,2009-12-17 16:18:00,2011-02-22 09:10:00,349.35818181818183,431,0
17527.0,19,2,606.62,206,2011-05-05 13:43:00,2011-08-22 10:15:00,303.31,108,0
17529.0,519,2,1240.25,790,2010-01-11 12:29:00,2010-04-08 17:51:00,620.125,87,1
17530.0,115,8,2124.37,1235,2009-12-06 16:17:00,2011-05-17 16:49:00,265.54625,527,0
17531.0,99,3,1266.82,472,2010-03-31 12:57:00,2011-06-02 19:17:00,422.2733333333333,428,1
17532.0,295,1,65.34,30,2010-11-19 08:13:00,2010-11-19 08:13:00,65.34,0,1
17533.0,344,1,34.8,24,2010-10-01 09:14:00,2010-10-01 09:14:00,34.8,0,1
17534.0,360,4,1445.47,757,2010-02-25 16:55:00,2010-09-14 13:32:00,361.3675,200,0
17535.0,189,1,164.4,136,2011-03-04 15:20:00,2011-03-04 15:20:00,164.4,0,1
17536.0,86,3,364.83,201,2010-01-26 12:00:00,2011-06-15 13:23:00,121.61,505,1
17537.0,212,1,630.7,370,2011-02-09 13:37:00,2011-02-09 13:37:00,630.7,0,0
17539.0,527,4,1226.57,747,2009-12-13 12:36:00,2010-04-01 12:07:00,306.6425,108,1
17540.0,225,5,1280.5,458,2010-04-19 09:47:00,2011-01-27 14:35:00,256.1,283,0
17541.0,419,1,124.46,46,2010-07-18 11:36:00,2010-07-18 11:36:00,124.46,0,1
17542.0,179,3,341.7,324,2010-03-08 12:08:00,2011-03-15 11:45:00,113.89999999999999,371,1
17543.0,459,1,120.05,62,2010-06-08 12:41:00,2010-06-08 12:41:00,120.05,0,1
17544.0,299,3,960.69,439,2010-11-14 14:47:00,2010-11-14 15:08:00,320.23,0,1
17545.0,299,3,802.58,392,2010-05-11 10:04:00,2010-11-14 15:30:00,267.5266666666667,187,0
17547.0,285,2,727.85,223,2010-02-12 14:34:00,2010-11-29 09:41:00,363.925,289,1
17548.0,143,4,731.26,494,2010-11-08 16:19:00,2011-04-20 12:01:00,182.815,162,1
17550.0,106,9,2547.64,989,2010-02-07 15:07:00,2011-05-26 14:09:00,283.0711111111111,472,1
17551.0,268,1,306.84,150,2010-12-15 14:12:00,2010-12-15 14:12:00,306.84,0,1
17552.0,281,10,2453.4,1520,2010-03-22 09:19:00,2010-12-02 18:46:00,245.34,255,0
17553.0,39,4,3757.6,2288,2010-04-08 09:44:00,2011-08-02 10:00:00,939.4,481,1
17554.0,32,2,1249.89,1409,2011-07-14 20:01:00,2011-08-09 10:16:00,624.945,25,0
17555.0,244,4,769.93,554,2010-05-02 16:02:00,2011-01-09 12:31:00,192.4825,251,0
17556.0,115,2,300.67,184,2010-11-25 17:00:00,2011-05-18 10:48:00,150.335,173,1
17557.0,642,1,34.0,4,2009-12-07 10:15:00,2009-12-07 10:15:00,34.0,0,0
17558.0,302,1,259.17,54,2010-11-11 14:36:00,2010-11-11 14:36:00,259.17,0,1
17559.0,422,1,167.62,270,2010-07-15 12:02:00,2010-07-15 12:02:00,167.62,0,1
17560.0,4,8,1895.8,1588,2010-02-17 12:11:00,2011-09-06 09:18:00,236.975,565,1
17561.0,300,3,554.72,250,2009-12-06 13:29:00,2010-11-14 12:36:00,184.90666666666667,342,0
17562.0,19,4,661.1,601,2011-06-19 13:06:00,2011-08-22 12:16:00,165.275,63,0
17563.0,487,2,392.38,256,2010-04-07 10:02:00,2010-05-10 14:54:00,196.19,33,1
17565.0,496,1,131.83,67,2010-05-02 11:54:00,2010-05-02 11:54:00,131.83,0,1
17567.0,2,7,3950.0,2281,2010-09-24 10:48:00,2011-09-08 10:00:00,564.2857142857143,348,0
17568.0,542,1,382.79,283,2010-03-16 16:45:00,2010-03-16 16:45:00,382.79,0,1
17569.0,241,1,344.14,159,2011-01-11 14:15:00,2011-01-11 14:15:00,344.14,0,1
17570.0,291,1,100.0,1,2010-11-23 11:56:00,2010-11-23 11:56:00,100.0,0,1
17571.0,55,4,766.4399999999999,601,2010-06-15 12:50:00,2011-07-17 12:26:00,191.60999999999999,396,0
17572.0,9,9,692.26,336,2009-12-15 10:00:00,2011-09-01 10:28:00,76.91777777777777,625,0
17573.0,3,1,174.71,177,2011-09-07 10:36:00,2011-09-07 10:36:00,174.71,0,0
17574.0,152,1,185.65,77,2011-04-11 09:47:00,2011-04-11 09:47:00,185.65,0,1
17575.0,576,1,171.7,72,2010-02-10 13:48:00,2010-02-10 13:48:00,171.7,0,1
17576.0,8,36,7741.08,4154,2009-12-03 16:54:00,2011-09-01 16:30:00,215.03,636,0
17577.0,554,2,348.75,179,2010-02-09 10:10:00,2010-03-04 13:01:00,174.375,23,1
17578.0,127,7,1047.33,529,2010-06-28 11:55:00,2011-05-05 18:38:00,149.6185714285714,311,1
17579.0,47,3,575.24,247,2010-05-10 14:28:00,2011-07-25 09:50:00,191.74666666666667,440,0
17580.0,162,5,545.27,224,2010-10-13 14:28:00,2011-04-01 12:41:00,109.054,169,1
17581.0,19,35,14235.0,7540,2009-12-03 12:34:00,2011-08-22 10:09:00,406.7142857142857,626,0
17582.0,145,5,1450.7,606,2010-03-26 12:23:00,2011-04-17 13:18:00,290.14,387,1
17583.0,469,1,135.95,55,2010-05-28 14:24:00,2010-05-28 14:24:00,135.95,0,1
17584.0,36,5,4816.57,2251,2010-01-25 08:17:00,2011-08-04 14:12:00,963.314,556,0
17585.0,18,7,2093.3,2539,2010-08-18 16:39:00,2011-08-22 13:30:00,299.04285714285714,368,1
17586.0,528,1,167.4,68,2010-03-30 13:12:00,2010-03-30 13:12:00,167.4,0,1
17587.0,537,1,181.66,68,2010-03-21 14:16:00,2010-03-21 14:16:00,181.66,0,1
17588.0,9,7,2939.55,1379,2010-03-12 12:34:00,2011-08-31 13:37:00,419.9357142857143,537,1
17589.0,60,17,13488.77,8464,2010-03-07 13:48:00,2011-07-11 17:07:00,793.4570588235295,491,0
17591.0,31,7,2413.87,1049,2010-01-17 16:09:00,2011-08-09 12:55:00,344.8385714285714,568,0
17592.0,648,1,148.3,38,2009-12-01 10:49:00,2009-12-01 10:49:00,148.3,0,1
17593.0,1,10,7417.6,4767,2009-12-04 14:35:00,2011-09-09 09:52:00,741.76,643,0
17594.0,164,3,1819.7,1038,2010-04-14 08:53:00,2011-03-30 10:32:00,606.5666666666667,350,0
17596.0,45,10,3831.47,6066,2009-12-15 13:21:00,2011-07-26 13:46:00,383.147,588,0
17597.0,123,5,3484.09,2215,2010-05-05 15:33:00,2011-05-10 11:54:00,696.818,369,1
17598.0,290,1,409.98,126,2010-11-23 17:43:00,2010-11-23 17:43:00,409.98,0,1
17599.0,387,1,52.05,11,2010-08-19 12:50:00,2010-08-19 12:50:00,52.05,0,1
17601.0,148,2,421.48,299,2010-11-24 14:29:00,2011-04-14 18:02:00,210.74,141,1
17602.0,33,10,3257.71,2686,2010-03-30 17:25:00,2011-08-07 15:52:00,325.771,494,0
17603.0,527,3,1398.76,566,2009-12-10 09:44:00,2010-04-01 11:51:00,466.25333333333333,112,0
17604.0,126,6,945.9300000000001,616,2010-01-27 12:19:00,2011-05-06 13:43:00,157.655,464,1
17605.0,499,1,160.75,71,2010-04-28 14:45:00,2010-04-28 14:45:00,160.75,0,1
17606.0,646,1,87.30000000000001,42,2009-12-02 13:32:00,2009-12-02 13:32:00,87.30000000000001,0,1
17607.0,285,1,333.81,269,2010-11-28 13:11:00,2010-11-28 13:11:00,333.81,0,1
17608.0,358,2,305.11,307,2010-04-11 13:37:00,2010-09-16 16:15:00,152.555,158,0
17609.0,211,8,1319.81,873,2010-04-09 16:54:00,2011-02-10 17:54:00,164.97625,307,0
17610.0,449,5,1529.49,902,2009-12-06 16:07:00,2010-06-17 16:34:00,305.898,193,1
17611.0,33,22,7112.01,4667,2009-12-01 13:29:00,2011-08-08 10:51:00,323.27318181818185,614,0
17612.0,4,17,5029.35,3054,2009-12-17 11:59:00,2011-09-05 14:07:00,295.84411764705885,627,0
17613.0,27,9,2991.29,1673,2011-02-07 11:20:00,2011-08-14 12:08:00,332.36555555555555,188,0
17615.0,39,6,733.2,386,2010-08-11 12:54:00,2011-08-01 14:06:00,122.2,355,1
17616.0,83,4,1060.8,416,2010-09-14 10:43:00,2011-06-19 10:11:00,265.2,277,1
17617.0,468,1,395.33,255,2010-05-30 12:48:00,2010-05-30 12:48:00,395.33,0,1
17618.0,157,10,3768.44,1736,2010-01-24 11:03:00,2011-04-05 13:07:00,376.844,436,0
17619.0,221,1,218.52,127,2011-01-31 14:18:00,2011-01-31 14:18:00,218.52,0,1
17621.0,221,5,2697.0,906,2010-10-04 09:37:00,2011-01-31 13:07:00,539.4,119,0
17622.0,507,2,1130.21,379,2010-04-20 13:38:00,2010-04-21 12:36:00,565.105,0,1
17623.0,318,6,1856.6200000000001,536,2009-12-14 14:36:00,2010-10-26 14:12:00,309.43666666666667,315,0
17624.0,127,3,1125.45,716,2009-12-20 12:35:00,2011-05-05 17:59:00,375.15000000000003,501,0
17625.0,49,6,5255.58,3200,2009-12-15 11:49:00,2011-07-22 13:53:00,875.93,584,0
17626.0,512,1,254.0,202,2010-04-16 12:15:00,2010-04-16 12:15:00,254.0,0,1
17627.0,388,1,296.36,676,2010-08-18 11:27:00,2010-08-18 11:27:00,296.36,0,1
17629.0,29,7,1439.78,939,2010-10-14 13:35:00,2011-08-11 14:16:00,205.68285714285713,301,0
17630.0,79,2,503.59999999999997,158,2011-04-21 14:03:00,2011-06-23 11:58:00,251.79999999999998,62,1
17631.0,46,6,886.66,442,2009-12-09 14:15:00,2011-07-25 13:37:00,147.77666666666667,592,0
17633.0,12,5,1381.16,530,2010-11-15 14:55:00,2011-08-28 15:58:00,276.232,286,0
17634.0,1,7,2080.45,652,2011-01-06 12:45:00,2011-09-08 12:55:00,297.20714285714286,245,0
17635.0,333,3,1265.58,770,2010-04-28 10:51:00,2010-10-11 15:12:00,421.85999999999996,166,1
17637.0,24,1,338.95,215,2011-08-16 13:25:00,2011-08-16 13:25:00,338.95,0,0
17638.0,556,2,842.4,432,2009-12-18 09:58:00,2010-03-02 14:32:00,421.2,74,1
17639.0,185,6,615.17,576,2010-08-13 11:59:00,2011-03-08 15:22:00,102.52833333333332,207,1
17640.0,288,5,2547.28,1442,2010-03-23 09:15:00,2010-11-25 14:27:00,509.456,247,0
17642.0,29,5,1824.49,1475,2009-12-05 16:01:00,2011-08-12 09:11:00,364.898,614,1
17643.0,282,2,541.25,297,2010-07-22 13:07:00,2010-12-01 14:38:00,270.625,132,1
17644.0,29,16,4758.59,2574,2010-02-16 08:44:00,2011-08-11 14:53:00,297.411875,541,0
17646.0,128,12,4149.79,1418,2009-12-16 09:37:00,2011-05-04 13:17:00,345.81583333333333,504,1
17647.0,578,2,198.6,52,2010-02-08 14:39:00,2010-02-08 14:40:00,99.3,0,0
17648.0,102,4,1526.26,756,2010-11-19 16:41:00,2011-05-31 11:22:00,381.565,192,0
17649.0,47,3,1578.89,723,2010-08-24 13:01:00,2011-07-24 15:53:00,526.2966666666667,334,1
17651.0,65,10,2906.53,1656,2010-07-01 12:17:00,2011-07-07 08:22:00,290.653,370,0
17652.0,53,6,2713.57,1469,2011-03-03 14:05:00,2011-07-18 14:04:00,452.2616666666667,136,0
17653.0,9,2,343.34,687,2011-08-11 15:24:00,2011-09-01 12:17:00,171.67,20,0
17654.0,186,1,117.55,41,2011-03-07 13:17:00,2011-03-07 13:17:00,117.55,0,1
17655.0,26,7,2916.87,1259,2010-10-19 10:20:00,2011-08-15 11:59:00,416.69571428571425,300,0
17656.0,15,3,927.65,463,2011-08-03 10:45:00,2011-08-25 13:24:00,309.21666666666664,22,0
17657.0,339,1,126.0,60,2010-10-05 14:52:00,2010-10-05 14:52:00,126.0,0,1
17658.0,120,1,317.59999999999997,216,2011-05-12 15:23:00,2011-05-12 15:23:00,317.59999999999997,0,0
17659.0,9,11,2488.36,1112,2010-11-18 14:20:00,2011-08-31 15:13:00,226.21454545454546,286,0
17660.0,50,2,359.47,268,2009-12-02 16:02:00,2011-07-21 13:37:00,179.735,595,1
17662.0,571,2,412.92,184,2009-12-17 09:54:00,2010-02-16 09:38:00,206.46,60,1
17663.0,64,14,4389.45,1925,2010-03-04 11:42:00,2011-07-08 11:52:00,313.53214285714284,491,0
17664.0,121,3,887.78,863,2010-03-29 17:17:00,2011-05-11 14:17:00,295.9266666666667,407,0
17665.0,402,1,563.1,690,2010-08-03 13:12:00,2010-08-03 13:12:00,563.1,0,1
17666.0,387,3,1319.6399999999999,956,2010-06-30 12:03:00,2010-08-19 12:23:00,439.87999999999994,50,0
17667.0,71,8,3646.2,2062,2010-02-23 09:57:00,2011-07-01 09:47:00,455.775,492,0
17669.0,31,8,5168.85,2987,2010-04-01 18:48:00,2011-08-09 13:48:00,646.10625,494,0
17670.0,137,1,205.7,110,2011-04-26 09:12:00,2011-04-26 09:12:00,205.7,0,1
17671.0,67,4,1929.18,929,2010-11-29 11:53:00,2011-07-05 12:03:00,482.295,218,0
17672.0,218,6,3778.3,1711,2010-01-26 17:20:00,2011-02-03 13:29:00,629.7166666666667,372,0
17673.0,71,11,3814.23,2938,2010-03-19 14:02:00,2011-06-30 14:38:00,346.7481818181818,468,0
17674.0,278,1,601.32,698,2010-12-06 10:20:00,2010-12-06 10:20:00,601.32,0,0
17675.0,10,62,31959.510000000002,13611,2009-12-10 16:10:00,2011-08-30 15:42:00,515.4759677419355,627,0
17676.0,18,8,2109.0,1468,2010-03-30 10:49:00,2011-08-22 14:23:00,263.625,510,0
17677.0,9,44,32014.03,19209,2009-12-16 11:23:00,2011-08-31 15:08:00,727.5915909090909,623,0
17678.0,173,2,599.76,368,2010-04-15 13:54:00,2011-03-21 11:52:00,299.88,339,1
17679.0,431,5,1585.5,1026,2009-12-03 17:32:00,2010-07-06 09:39:00,317.1,214,0
17680.0,292,2,313.05,59,2010-07-16 16:07:00,2010-11-21 13:31:00,156.525,127,0
17681.0,506,5,731.2,450,2010-01-15 11:53:00,2010-04-21 17:22:00,146.24,96,1
17682.0,24,10,3881.8,2113,2010-03-08 09:49:00,2011-08-16 15:22:00,388.18,526,0
17683.0,295,3,819.01,781,2010-06-03 17:15:00,2010-11-19 10:11:00,273.00333333333333,168,1
17685.0,176,10,4264.36,2786,2010-02-11 13:44:00,2011-03-18 10:16:00,426.436,399,0
17686.0,30,7,7146.7,3065,2010-06-24 09:49:00,2011-08-11 11:44:00,1020.9571428571428,413,0
17687.0,330,1,432.68,210,2010-10-15 12:30:00,2010-10-15 12:30:00,432.68,0,1
17688.0,303,1,304.2,114,2010-11-11 10:41:00,2010-11-11 10:41:00,304.2,0,1
17689.0,297,2,317.08,300,2010-08-22 13:54:00,2010-11-16 13:22:00,158.54,85,1
17690.0,11,16,6216.83,2607,2010-02-03 14:26:00,2011-08-30 09:36:00,388.551875,572,0
17691.0,267,4,780.0500000000001,373,2010-06-11 11:50:00,2010-12-16 17:20:00,195.01250000000002,188,1
17692.0,36,12,2975.8,2338,2010-06-17 11:14:00,2011-08-04 14:01:00,247.98333333333335,413,1
17693.0,46,1,200.47,231,2011-07-25 15:48:00,2011-07-25 15:48:00,200.47,0,1
17694.0,51,3,1695.97,1493,2010-05-26 08:27:00,2011-07-21 12:00:00,565.3233333333334,421,1
17695.0,41,5,1746.04,1809,2010-01-28 09:27:00,2011-07-31 10:40:00,349.20799999999997,549,1
17696.0,17,26,7309.47,5458,2009-12-10 17:09:00,2011-08-23 13:59:00,281.1334615384616,620,0
17697.0,145,1,338.95,93,2011-04-17 15:40:00,2011-04-17 15:40:00,338.95,0,1
17698.0,170,1,154.95,93,2011-03-24 11:34:00,2011-03-24 11:34:00,154.95,0,1
17699.0,386,2,442.0,208,2010-05-27 11:53:00,2010-08-20 09:39:00,221.0,84,1
17700.0,4,13,5827.16,3028,2009-12-01 11:37:00,2011-09-06 09:34:00,448.2430769230769,643,0
17701.0,162,1,417.95,109,2011-04-01 12:25:00,2011-04-01 12:25:00,417.95,0,1
17702.0,18,5,2658.44,1851,2010-11-04 12:09:00,2011-08-23 09:38:00,531.688,291,0
17703.0,18,3,787.06,683,2010-10-17 16:16:00,2011-08-22 15:05:00,262.3533333333333,308,0
17704.0,78,2,885.19,343,2011-04-14 09:28:00,2011-06-24 09:40:00,442.595,71,1
17705.0,16,8,1228.3799999999999,889,2010-05-12 09:47:00,2011-08-25 09:53:00,153.54749999999999,470,0
17706.0,9,26,18272.99,7199,2010-01-19 12:13:00,2011-08-31 13:23:00,702.8073076923077,589,0
17707.0,94,8,609.3000000000001,546,2009-12-07 12:19:00,2011-06-07 15:03:00,76.16250000000001,547,1
17708.0,97,4,887.9300000000001,388,2010-10-12 12:13:00,2011-06-05 10:12:00,221.98250000000002,235,1
17709.0,79,5,671.01,295,2010-04-15 14:48:00,2011-06-23 11:55:00,134.202,433,1
17710.0,333,1,293.5,158,2010-10-12 07:49:00,2010-10-12 07:49:00,293.5,0,1
17711.0,199,1,220.53000000000003,107,2011-02-23 11:32:00,2011-02-23 11:32:00,220.53000000000003,0,0
17713.0,291,4,1198.09,989,2010-06-09 09:33:00,2010-11-22 16:50:00,299.5225,166,1
17714.0,230,5,1410.18,608,2010-07-14 10:41:00,2011-01-23 10:32:00,282.036,192,1
17715.0,110,2,489.59999999999997,576,2010-04-26 12:17:00,2011-05-23 12:32:00,244.79999999999998,392,1
17716.0,4,20,14437.64,8070,2009-12-02 17:18:00,2011-09-06 12:02:00,721.882,642,0
17717.0,330,1,376.92,344,2010-10-14 12:54:00,2010-10-14 12:54:00,376.92,0,1
17718.0,141,2,439.18,274,2010-03-05 08:01:00,2011-04-21 13:39:00,219.59,412,1
17719.0,15,12,4477.4,2118,2011-03-29 11:29:00,2011-08-25 14:21:00,373.1166666666666,149,0
17720.0,22,9,2460.57,1455,2010-05-10 09:58:00,2011-08-18 16:32:00,273.3966666666667,465,0
17721.0,568,1,307.21000000000004,107,2010-02-18 15:18:00,2010-02-18 15:18:00,307.21000000000004,0,1
17722.0,5,5,4430.36,2937,2010-11-29 09:44:00,2011-09-04 15:22:00,886.0719999999999,279,1
17723.0,36,7,3378.4000000000005,912,2010-11-29 10:35:00,2011-08-04 18:37:00,482.6285714285715,248,1
17724.0,47,1,373.1,78,2011-07-24 13:26:00,2011-07-24 13:26:00,373.1,0,0
17725.0,10,8,2507.12,1610,2011-03-17 19:47:00,2011-08-31 10:06:00,313.39,166,0
17726.0,304,7,1092.06,444,2010-01-26 14:58:00,2010-11-09 13:37:00,156.00857142857143,286,1
17728.0,313,2,1362.75,677,2010-09-12 14:58:00,2010-10-31 15:50:00,681.375,49,0
17729.0,505,1,438.65000000000003,247,2010-04-22 15:03:00,2010-04-22 15:03:00,438.65000000000003,0,1
17730.0,15,15,5531.09,3876,2010-04-29 11:48:00,2011-08-25 17:21:00,368.7393333333333,483,0
17731.0,37,5,1432.62,564,2010-02-09 12:37:00,2011-08-03 13:39:00,286.524,540,0
17732.0,282,8,2470.39,1151,2010-08-09 08:41:00,2010-12-02 09:29:00,308.79875,115,1
17733.0,171,1,216.95000000000002,87,2011-03-23 09:54:00,2011-03-23 09:54:00,216.95000000000002,0,0
17734.0,46,5,1281.9,662,2010-03-07 13:55:00,2011-07-26 09:20:00,256.38,505,0
17735.0,3,23,15226.15,9279,2010-07-30 13:25:00,2011-09-07 10:38:00,662.0065217391304,403,0
17736.0,22,1,307.49,213,2011-08-18 14:33:00,2011-08-18 14:33:00,307.49,0,0
17738.0,58,12,3876.0,2458,2010-03-19 10:07:00,2011-07-14 09:23:00,323.0,481,0
17739.0,106,14,6010.01,1885,2009-12-07 10:48:00,2011-05-27 09:15:00,429.2864285714286,535,0
17740.0,298,6,426.9,222,2010-01-11 13:11:00,2010-11-15 16:33:00,71.14999999999999,308,1
17741.0,316,2,101.1,114,2010-05-28 12:11:00,2010-10-29 11:59:00,50.55,153,1
17742.0,22,11,2098.48,653,2009-12-01 13:16:00,2011-08-18 15:28:00,190.7709090909091,625,1
17743.0,357,1,229.2,96,2010-09-17 14:54:00,2010-09-17 14:54:00,229.2,0,1
17744.0,160,5,1615.7,2100,2010-11-24 09:34:00,2011-04-03 12:46:00,323.14,130,0
17745.0,387,2,600.34,164,2010-06-02 09:03:00,2010-08-19 12:30:00,300.17,78,1
17746.0,149,4,904.1800000000001,688,2010-04-08 12:54:00,2011-04-13 14:31:00,226.04500000000002,370,1
17747.0,22,1,71.4,12,2011-08-19 08:13:00,2011-08-19 08:13:00,71.4,0,1
17748.0,436,1,358.15,111,2010-06-30 13:49:00,2010-06-30 13:49:00,358.15,0,1
17749.0,87,3,1026.18,446,2010-06-11 14:56:00,2011-06-14 15:45:00,342.06,368,1
17750.0,8,5,1271.46,2778,2011-06-28 15:44:00,2011-09-01 17:09:00,254.292,65,0
17751.0,330,1,157.85999999999999,147,2010-10-14 13:57:00,2010-10-14 13:57:00,157.85999999999999,0,1
17752.0,268,1,80.64,192,2010-12-15 16:19:00,2010-12-15 16:19:00,80.64,0,1
17753.0,373,4,390.56,128,2010-01-06 14:20:00,2010-09-01 15:49:00,97.64,238,1
17754.0,51,10,3380.33,3416,2009-12-11 15:52:00,2011-07-20 15:56:00,338.033,586,0
17756.0,285,3,733.7,400,2010-11-10 12:54:00,2010-11-29 12:20:00,244.5666666666667,18,1
17757.0,23,46,7137.610000000001,3646,2010-01-13 15:56:00,2011-08-17 13:04:00,155.1654347826087,580,0
17758.0,61,8,2992.03,2052,2010-05-20 13:18:00,2011-07-10 15:12:00,374.00375,416,0
17759.0,78,4,609.07,345,2010-05-05 11:40:00,2011-06-23 13:41:00,152.2675,414,0
17760.0,282,5,803.88,622,2010-02-28 12:15:00,2010-12-01 15:08:00,160.776,276,0
17762.0,365,1,129.75,129,2010-09-09 17:40:00,2010-09-09 17:40:00,129.75,0,1
17763.0,172,4,86.15,41,2010-02-18 14:32:00,2011-03-21 14:25:00,21.5375,395,1
17764.0,120,4,1066.79,482,2009-12-03 14:28:00,2011-05-12 16:11:00,266.6975,525,0
17765.0,68,4,530.8,197,2010-09-17 12:45:00,2011-07-04 12:41:00,132.7,289,1
17766.0,290,2,299.61,155,2010-11-23 14:17:00,2010-11-23 14:29:00,149.805,0,1
17767.0,319,1,141.85,70,2010-10-25 16:22:00,2010-10-25 16:22:00,141.85,0,0
17768.0,75,5,1647.66,1372,2009-12-02 12:26:00,2011-06-26 13:46:00,329.53200000000004,571,0
17769.0,48,11,4933.83,2389,2010-01-19 11:33:00,2011-07-24 11:06:00,448.53,550,0
17770.0,108,5,1143.27,365,2011-03-02 13:35:00,2011-05-25 12:34:00,228.654,83,1
17771.0,232,3,257.4,196,2010-04-29 13:21:00,2011-01-20 14:13:00,85.8,266,0
17772.0,302,1,202.0,64,2010-11-12 11:31:00,2010-11-12 11:31:00,202.0,0,0
17773.0,423,2,585.27,260,2010-01-18 14:32:00,2010-07-13 14:07:00,292.635,175,1
17774.0,6,9,3328.05,1609,2010-02-08 16:06:00,2011-09-04 12:49:00,369.78333333333336,572,1
17775.0,164,1,56.4,72,2011-03-30 10:50:00,2011-03-30 10:50:00,56.4,0,1
17776.0,296,2,338.56,277,2009-12-16 14:59:00,2010-11-18 12:14:00,169.28,336,1
17777.0,9,1,194.7,163,2011-08-31 14:35:00,2011-08-31 14:35:00,194.7,0,0
17778.0,571,1,197.70000000000002,214,2010-02-16 12:44:00,2010-02-16 12:44:00,197.70000000000002,0,1
17779.0,53,1,323.09,248,2011-07-19 12:19:00,2011-07-19 12:19:00,323.09,0,0
17780.0,576,3,352.91,158,2010-01-24 11:21:00,2010-02-10 13:43:00,117.63666666666667,17,1
17781.0,68,2,188.02,34,2011-03-31 19:54:00,2011-07-03 16:00:00,94.01,93,1
17782.0,292,2,679.02,538,2010-11-22 10:03:00,2010-11-22 11:15:00,339.51,0,1
17783.0,157,2,208.85,138,2010-07-15 12:50:00,2011-04-06 10:07:00,104.425,264,0
17784.0,459,1,112.86,72,2010-06-07 16:08:00,2010-06-07 16:08:00,112.86,0,1
17785.0,354,2,271.44,160,2010-05-23 13:01:00,2010-09-20 14:14:00,135.72,120,0
17786.0,226,1,114.85,56,2011-01-26 14:35:00,2011-01-26 14:35:00,114.85,0,0
17787.0,62,4,2601.4700000000003,1266,2010-12-03 13:43:00,2011-07-10 11:24:00,650.3675000000001,218,1
17788.0,39,1,16.7,3,2011-08-02 10:38:00,2011-08-02 10:38:00,16.7,0,0
17789.0,190,2,397.15,199,2010-02-16 13:16:00,2011-03-03 13:14:00,198.575,379,1
17790.0,29,18,2181.57,1148,2010-06-13 13:30:00,2011-08-11 14:54:00,121.19833333333334,424,0
17792.0,376,2,370.05,151,2010-08-18 13:08:00,2010-08-29 14:30:00,185.025,11,1
17794.0,596,2,147.3,46,2010-01-20 12:17:00,2010-01-22 10:18:00,73.65,1,1
17795.0,89,2,350.39,341,2011-03-20 12:02:00,2011-06-13 12:36:00,175.195,85,1
17796.0,223,6,1286.09,361,2010-10-14 13:37:00,2011-01-30 12:42:00,214.34833333333333,107,0
17797.0,92,6,1477.85,841,2009-12-15 14:30:00,2011-06-10 11:29:00,246.3083333333333,541,0
17798.0,491,1,183.09,142,2010-05-07 11:42:00,2010-05-07 11:42:00,183.09,0,1
17799.0,8,19,5817.71,3298,2009-12-13 16:03:00,2011-09-01 14:42:00,306.1952631578947,626,0
17800.0,0,7,916.6,564,2011-01-09 13:50:00,2011-09-09 13:19:00,130.94285714285715,242,0
17801.0,360,3,798.3299999999999,838,2010-01-17 11:31:00,2010-09-14 14:32:00,266.10999999999996,240,1
17802.0,89,9,4400.5,2441,2009-12-13 13:39:00,2011-06-12 14:57:00,488.94444444444446,546,0
17803.0,301,1,184.66,98,2010-11-12 13:53:00,2010-11-12 13:53:00,184.66,0,1
17804.0,285,3,385.23,195,2009-12-01 12:22:00,2010-11-28 14:01:00,128.41,362,1
17805.0,519,1,414.72,648,2010-04-08 14:36:00,2010-04-08 14:36:00,414.72,0,0
17807.0,304,3,437.87,262,2010-01-04 14:00:00,2010-11-09 16:21:00,145.95666666666668,309,1
17808.0,458,4,262.64,143,2010-05-07 16:26:00,2010-06-09 10:44:00,65.66,32,1
17809.0,38,16,8782.19,2039,2009-12-02 14:52:00,2011-08-02 15:40:00,548.886875,608,0
17810.0,578,2,374.81,119,2010-01-25 10:26:00,2010-02-09 10:47:00,187.405,15,1
17811.0,1,32,6636.23,3468,2010-09-20 11:24:00,2011-09-08 13:53:00,207.3821875,353,0
17812.0,277,4,651.28,406,2010-06-27 13:34:00,2010-12-06 15:27:00,162.82,162,0
17814.0,284,2,1617.32,1440,2010-10-13 14:03:00,2010-11-29 14:21:00,808.66,47,1
17815.0,302,1,591.96,612,2010-11-11 14:39:00,2010-11-11 14:39:00,591.96,0,1
17816.0,178,4,97.07,88,2009-12-15 15:27:00,2011-03-15 14:20:00,24.2675,454,0
17817.0,186,5,689.87,324,2010-10-13 15:07:00,2011-03-07 17:42:00,137.974,145,0
17818.0,647,1,130.18,90,2009-12-02 11:34:00,2009-12-02 11:34:00,130.18,0,1
17819.0,92,11,6376.12,1809,2009-12-13 15:24:00,2011-06-10 10:59:00,579.6472727272727,543,0
17820.0,283,1,183.56,112,2010-11-30 17:43:00,2010-11-30 17:43:00,183.56,0,1
17821.0,315,1,334.62,162,2010-10-29 13:20:00,2010-10-29 13:20:00,334.62,0,1
17822.0,329,5,2188.5,1389,2010-05-28 12:15:00,2010-10-15 13:47:00,437.7,140,1
17823.0,330,2,494.25,262,2010-10-14 16:14:00,2010-10-14 16:24:00,247.125,0,1
17825.0,508,4,731.96,540,2009-12-14 12:09:00,2010-04-20 12:01:00,182.99,126,1
17826.0,283,1,134.59,85,2010-11-30 13:23:00,2010-11-30 13:23:00,134.59,0,1
17827.0,151,5,1976.4,1306,2010-03-28 12:20:00,2011-04-11 16:56:00,395.28000000000003,379,0
17828.0,19,3,1076.66,481,2011-06-08 08:31:00,2011-08-22 09:03:00,358.8866666666667,75,0
17829.0,208,5,4756.74,3009,2010-02-22 15:39:00,2011-02-14 12:46:00,951.348,356,1
17830.0,171,2,287.65000000000003,65,2011-02-24 10:15:00,2011-03-23 11:44:00,143.82500000000002,27,0
17833.0,632,1,342.36,145,2009-12-16 13:40:00,2009-12-16 13:40:00,342.36,0,1
17834.0,324,2,730.47,687,2010-09-20 15:32:00,2010-10-21 12:09:00,365.235,30,1
17837.0,57,3,376.51,102,2011-06-29 16:44:00,2011-07-14 18:44:00,125.50333333333333,15,0
17838.0,201,11,5631.3,3310,2010-03-19 09:53:00,2011-02-20 13:52:00,511.93636363636364,338,0
17840.0,353,1,185.72,138,2010-09-22 12:24:00,2010-09-22 12:24:00,185.72,0,1
17841.0,1,168,53394.36,27280,2009-12-02 15:41:00,2011-09-09 10:12:00,317.8235714285714,645,0
17842.0,511,1,430.69,89,2010-04-16 14:23:00,2010-04-16 14:23:00,430.69,0,1
17843.0,212,2,326.23,276,2010-10-24 10:56:00,2011-02-09 15:33:00,163.115,108,1
17844.0,16,1,51.559999999999995,52,2011-08-25 11:27:00,2011-08-25 11:27:00,51.559999999999995,0,1
17845.0,464,4,598.19,196,2010-05-12 13:04:00,2010-06-02 15:20:00,149.5475,21,1
17847.0,425,2,129.69,29,2010-03-04 12:57:00,2010-07-12 10:00:00,64.845,129,1
17848.0,37,29,3571.3,1430,2009-12-06 13:19:00,2011-08-03 15:14:00,123.14827586206897,605,0
17849.0,127,8,1063.76,224,2010-03-14 15:17:00,2011-05-05 13:46:00,132.97,416,1
17850.0,281,155,56600.08,22785,2009-12-05 12:28:00,2010-12-02 15:27:00,365.1618064516129,362,1
17851.0,331,6,1563.34,938,2009-12-03 17:46:00,2010-10-13 15:13:00,260.5566666666667,313,1
17852.0,298,3,548.87,323,2009-12-08 12:51:00,2010-11-16 12:19:00,182.95666666666668,342,0
17853.0,316,3,1608.19,627,2009-12-03 15:09:00,2010-10-28 15:29:00,536.0633333333334,329,1
17854.0,94,6,1071.45,610,2009-12-08 11:13:00,2011-06-07 16:21:00,178.57500000000002,546,1
17855.0,282,1,417.94,394,2010-12-02 09:44:00,2010-12-02 09:44:00,417.94,0,1
17856.0,142,3,1142.63,577,2011-03-03 11:40:00,2011-04-20 13:13:00,380.8766666666667,48,0
17857.0,8,15,16057.72,10516,2010-03-08 12:09:00,2011-09-02 11:59:00,1070.5146666666667,542,0
17858.0,25,27,11298.24,5175,2009-12-06 15:41:00,2011-08-15 14:51:00,418.4533333333333,616,0
17859.0,214,1,148.21,127,2011-02-08 10:32:00,2011-02-08 10:32:00,148.21,0,1
17860.0,278,4,1015.54,817,2009-12-11 16:48:00,2010-12-06 12:41:00,253.885,359,1
17861.0,45,15,4328.46,3639,2009-12-10 11:27:00,2011-07-26 16:55:00,288.564,593,0
17862.0,233,4,1279.09,443,2010-05-25 17:22:00,2011-01-20 12:23:00,319.7725,239,1
17863.0,54,10,4370.48,3931,2010-02-25 12:01:00,2011-07-17 13:48:00,437.04799999999994,507,0
17864.0,185,3,535.23,694,2010-10-08 11:49:00,2011-03-09 11:44:00,178.41,151,0
17865.0,17,38,22865.41,10761,2009-12-01 10:49:00,2011-08-24 12:32:00,601.7213157894737,631,0
17866.0,52,3,1134.95,535,2009-12-14 16:01:00,2011-07-20 11:07:00,378.31666666666666,582,1
17867.0,53,13,1381.66,504,2009-12-02 13:39:00,2011-07-19 12:42:00,106.28153846153847,593,0
17868.0,295,1,234.65,91,2010-11-18 18:55:00,2010-11-18 18:55:00,234.65,0,1
17869.0,16,7,1036.16,560,2010-06-10 13:47:00,2011-08-24 16:16:00,148.02285714285716,440,1
17870.0,1,8,1963.77,995,2010-11-23 11:39:00,2011-09-09 10:37:00,245.47125,289,0
17871.0,114,5,1118.99,713,2010-01-15 14:48:00,2011-05-19 11:32:00,223.798,488,1
17872.0,291,1,235.87,176,2010-11-23 12:02:00,2010-11-23 12:02:00,235.87,0,1
17873.0,93,17,6243.84,4192,2009-12-16 15:11:00,2011-06-08 14:51:00,367.28470588235297,538,0
17874.0,94,6,683.46,221,2011-03-29 11:25:00,2011-06-07 12:54:00,113.91000000000001,70,1
17875.0,597,1,167.1,98,2010-01-20 15:30:00,2010-01-20 15:30:00,167.1,0,1
17876.0,309,3,3424.02,1958,2010-02-02 13:00:00,2010-11-05 10:52:00,1141.34,275,1
17877.0,79,1,237.61,98,2011-06-22 13:00:00,2011-06-22 13:00:00,237.61,0,1
17878.0,304,2,1032.88,637,2010-11-09 13:50:00,2010-11-09 13:52:00,516.44,0,0
17879.0,83,1,178.51999999999998,45,2011-06-19 12:36:00,2011-06-19 12:36:00,178.51999999999998,0,1
17880.0,274,3,824.9200000000001,466,2009-12-09 16:13:00,2010-12-10 10:21:00,274.97333333333336,365,1
17881.0,213,1,133.35000000000002,32,2011-02-08 17:16:00,2011-02-08 17:16:00,133.35000000000002,0,1
17882.0,288,2,313.46,134,2010-11-25 14:35:00,2010-11-25 14:40:00,156.73,0,1
17883.0,155,4,443.43,150,2010-02-25 20:07:00,2011-04-07 19:16:00,110.8575,405,0
17884.0,221,19,2958.28,2789,2009-12-04 16:23:00,2011-02-01 11:08:00,155.69894736842107,423,0
17886.0,120,5,1105.03,469,2010-04-29 11:10:00,2011-05-13 10:22:00,221.006,378,0
17887.0,38,1,111.35,30,2011-08-02 17:29:00,2011-08-02 17:29:00,111.35,0,1
17888.0,70,21,1401.44,1109,2009-12-21 16:34:00,2011-07-01 13:17:00,66.7352380952381,556,0
17889.0,121,7,774.87,417,2010-03-31 10:54:00,2011-05-11 16:26:00,110.69571428571429,406,1
17890.0,232,2,602.09,416,2010-12-13 15:12:00,2011-01-21 11:19:00,301.045,38,1
17891.0,71,1,203.85999999999999,393,2011-06-30 20:08:00,2011-06-30 20:08:00,203.85999999999999,0,1
17892.0,64,1,142.1,69,2011-07-07 12:56:00,2011-07-07 12:56:00,142.1,0,0
17893.0,134,1,112.25,161,2011-04-28 13:50:00,2011-04-28 13:50:00,112.25,0,1
17894.0,5,17,2330.32,970,2010-08-27 14:13:00,2011-09-04 14:36:00,137.07764705882354,373,0
17897.0,82,9,2585.0,1043,2010-05-12 16:03:00,2011-06-20 11:23:00,287.22222222222223,403,1
17898.0,116,3,246.96,185,2010-05-21 17:22:00,2011-05-16 17:13:00,82.32000000000001,359,0
17899.0,68,1,155.8,171,2011-07-03 14:58:00,2011-07-03 14:58:00,155.8,0,1
17900.0,99,2,112.19999999999999,73,2011-06-02 14:28:00,2011-06-02 14:38:00,56.099999999999994,0,1
17901.0,431,2,149.7,14,2010-07-06 10:54:00,2010-07-06 11:05:00,74.85,0,0
17902.0,456,1,216.39999999999998,526,2010-06-11 12:25:00,2010-06-11 12:25:00,216.39999999999998,0,1
17903.0,303,1,381.09000000000003,142,2010-11-10 15:39:00,2010-11-10 15:39:00,381.09000000000003,0,1
17905.0,66,12,2202.27,1248,2010-01-28 17:54:00,2011-07-06 10:47:00,183.5225,523,0
17906.0,156,1,72.9,26,2011-04-06 17:25:00,2011-04-06 17:25:00,72.9,0,1
17907.0,550,1,291.76,1046,2010-03-09 12:33:00,2010-03-09 12:33:00,291.76,0,1
17908.0,283,5,1411.54,856,2009-12-14 12:24:00,2010-12-01 11:45:00,282.308,351,1
17909.0,646,1,132.55,41,2009-12-02 13:10:00,2009-12-02 13:10:00,132.55,0,1
17910.0,635,1,261.7,121,2009-12-13 16:04:00,2009-12-13 16:04:00,261.7,0,1
17912.0,219,6,375.5,216,2010-11-29 13:53:00,2011-02-02 14:25:00,62.583333333333336,65,1
17913.0,265,13,3286.09,1556,2009-12-03 13:02:00,2010-12-19 11:35:00,252.77615384615385,380,0
17915.0,460,1,242.13,191,2010-06-06 13:22:00,2010-06-06 13:22:00,242.13,0,1
17916.0,538,2,43.87,90,2009-12-06 14:10:00,2010-03-21 12:26:00,21.935,104,1
17917.0,165,2,230.46,131,2010-12-12 12:08:00,2011-03-28 16:37:00,115.23,106,0
17918.0,410,3,396.39,352,2010-07-22 14:20:00,2010-07-27 11:51:00,132.13,4,1
17919.0,348,1,536.28,696,2010-09-27 10:40:00,2010-09-27 10:40:00,536.28,0,0
17920.0,14,46,22719.18,11720,2009-12-06 10:37:00,2011-08-26 13:56:00,493.89521739130436,628,0
17921.0,57,9,2198.7400000000002,865,2010-07-15 20:05:00,2011-07-14 18:56:00,244.30444444444447,363,0
17922.0,452,1,170.4,49,2010-06-14 16:32:00,2010-06-14 16:32:00,170.4,0,1
17923.0,191,3,497.0,140,2010-06-13 13:58:00,2011-03-02 15:15:00,165.66666666666666,262,1
17924.0,211,3,1076.4,216,2010-10-21 12:17:00,2011-02-11 11:38:00,358.8,112,0
17925.0,282,1,488.16,144,2010-12-02 10:10:00,2010-12-02 10:10:00,488.16,0,1
17926.0,42,5,1035.49,572,2010-05-09 14:07:00,2011-07-29 14:39:00,207.098,446,1
17927.0,631,1,294.0,108,2009-12-18 11:03:00,2009-12-18 11:03:00,294.0,0,1
17928.0,155,2,206.96,128,2010-05-17 15:30:00,2011-04-07 18:03:00,103.48,325,0
17929.0,22,11,2946.1,418,2009-12-09 11:40:00,2011-08-19 08:57:00,267.8272727272727,617,0
17930.0,71,10,3228.88,2722,2010-03-04 10:41:00,2011-06-30 18:44:00,322.88800000000003,483,0
17931.0,43,14,3437.29,1937,2010-02-16 15:47:00,2011-07-28 18:33:00,245.5207142857143,527,1
17932.0,83,2,934.51,593,2011-05-12 13:58:00,2011-06-19 10:39:00,467.255,37,0
17933.0,541,1,114.69,63,2010-03-17 15:11:00,2010-03-17 15:11:00,114.69,0,1
17934.0,316,1,344.90000000000003,150,2010-10-29 12:23:00,2010-10-29 12:23:00,344.90000000000003,0,0
17935.0,47,7,686.14,244,2009-12-04 14:33:00,2011-07-24 13:18:00,98.02,596,1
17937.0,24,5,3614.52,1416,2010-12-12 14:43:00,2011-08-17 12:10:00,722.904,247,0
17938.0,329,1,144.29,53,2010-10-15 14:27:00,2010-10-15 14:27:00,144.29,0,1
17939.0,69,1,99.14,40,2011-07-03 12:27:00,2011-07-03 12:27:00,99.14,0,1
17940.0,17,15,30201.19,84980,2009-12-03 12:31:00,2011-08-23 13:30:00,2013.4126666666666,628,0
17941.0,40,4,1433.28,1108,2010-01-06 15:37:00,2011-08-01 08:30:00,358.32,571,1
17944.0,332,1,75.41,85,2010-10-12 16:25:00,2010-10-12 16:25:00,75.41,0,1
17945.0,606,3,360.35,244,2010-01-12 11:33:00,2010-01-12 11:40:00,120.11666666666667,0,1
17946.0,142,2,149.57999999999998,75,2011-03-25 14:34:00,2011-04-20 17:00:00,74.78999999999999,26,1
17948.0,56,1,358.56000000000006,144,2011-07-15 12:58:00,2011-07-15 12:58:00,358.56000000000006,0,1
17949.0,2,106,108326.8,50890,2009-12-02 11:07:00,2011-09-07 14:30:00,1021.9509433962264,644,0
17950.0,274,6,1213.78,667,2010-01-04 17:39:00,2010-12-09 15:20:00,202.29666666666665,338,0
17951.0,267,3,1037.0400000000002,502,2010-10-31 15:15:00,2010-12-16 12:55:00,345.68000000000006,45,0
17952.0,287,4,819.61,504,2010-06-16 11:54:00,2010-11-26 13:54:00,204.9025,163,1
17953.0,449,1,160.82,99,2010-06-17 15:08:00,2010-06-17 15:08:00,160.82,0,1
17954.0,32,17,3523.54,2866,2009-12-09 13:22:00,2011-08-08 13:46:00,207.2670588235294,607,0
17955.0,108,6,949.9,681,2010-02-12 16:27:00,2011-05-25 12:00:00,158.31666666666666,466,1
17956.0,158,1,12.75,1,2011-04-04 13:47:00,2011-04-04 13:47:00,12.75,0,1
17958.0,26,2,973.88,284,2009-12-11 15:37:00,2011-08-15 12:19:00,486.94,611,1
17959.0,501,1,140.75,49,2010-04-26 14:12:00,2010-04-26 14:12:00,140.75,0,1
17960.0,80,3,135.08,60,2010-03-08 12:22:00,2011-06-21 14:15:00,45.02666666666667,470,1
17961.0,33,92,2878.72,1446,2009-12-01 14:48:00,2011-08-08 12:15:00,31.290434782608692,614,0
17962.0,51,4,687.42,651,2010-01-13 15:24:00,2011-07-20 14:16:00,171.855,552,1
17963.0,380,4,651.51,344,2010-01-19 17:25:00,2010-08-25 15:58:00,162.8775,217,1
17964.0,281,1,523.52,390,2010-12-02 13:32:00,2010-12-02 13:32:00,523.52,0,0
17965.0,1,27,6889.45,4358,2009-12-14 13:19:00,2011-09-09 10:54:00,255.1648148148148,633,0
17966.0,60,9,1470.42,2543,2010-01-18 13:24:00,2011-07-11 15:28:00,163.38,539,0
17967.0,281,2,357.28999999999996,198,2010-10-19 13:19:00,2010-12-03 11:19:00,178.64499999999998,44,1
17968.0,283,4,888.04,525,2010-07-15 15:01:00,2010-12-01 12:23:00,222.01,138,1
17969.0,75,20,2369.94,1017,2009-12-06 13:53:00,2011-06-26 13:00:00,118.497,566,1
17970.0,120,1,582.59,525,2011-05-12 20:03:00,2011-05-12 20:03:00,582.59,0,1
17971.0,457,1,161.94,62,2010-06-09 14:04:00,2010-06-09 14:04:00,161.94,0,1
17972.0,151,1,136.04,37,2011-04-12 12:16:00,2011-04-12 12:16:00,136.04,0,1
17974.0,129,4,1290.04,811,2010-10-28 20:03:00,2011-05-04 11:50:00,322.51,187,0
17975.0,24,22,6496.02,2070,2010-08-06 11:24:00,2011-08-17 10:59:00,295.2736363636364,375,0
17976.0,281,1,706.38,212,2010-12-02 13:49:00,2010-12-02 13:49:00,706.38,0,1
17977.0,309,1,1277.49,1720,2010-11-04 14:26:00,2010-11-04 14:26:00,1277.49,0,0
17978.0,274,4,1461.76,1797,2009-12-08 13:27:00,2010-12-09 14:05:00,365.44,366,1
17979.0,78,3,504.54,276,2011-03-25 11:34:00,2011-06-24 10:44:00,168.18,90,0
17980.0,75,4,1033.42,782,2010-11-11 14:42:00,2011-06-27 12:01:00,258.355,227,1
17981.0,320,1,239.12,260,2010-10-25 10:40:00,2010-10-25 10:40:00,239.12,0,1
17982.0,590,1,138.18,117,2010-01-28 09:38:00,2010-01-28 09:38:00,138.18,0,1
17983.0,304,1,171.71,108,2010-11-09 13:23:00,2010-11-09 13:24:00,171.71,0,1
17984.0,54,5,1191.27,973,2009-12-01 11:51:00,2011-07-17 15:59:00,238.254,593,1
17987.0,94,5,1003.64,1015,2010-06-07 11:23:00,2011-06-07 14:22:00,200.728,365,1
17988.0,26,12,434.42,170,2009-12-07 13:35:00,2011-08-14 15:56:00,36.20166666666667,615,0
17989.0,288,1,228.82999999999998,329,2010-11-25 13:49:00,2010-11-25 13:49:00,228.82999999999998,0,1
17990.0,146,6,1527.6100000000001,777,2009-12-07 15:19:00,2011-04-17 11:44:00,254.6016666666667,495,1
17991.0,134,3,320.55,100,2010-04-27 12:46:00,2011-04-28 15:58:00,106.85000000000001,366,1
17992.0,298,1,254.13,131,2010-11-15 13:04:00,2010-11-15 13:04:00,254.13,0,1
17993.0,526,1,235.19,112,2010-04-01 14:23:00,2010-04-01 14:23:00,235.19,0,1
17994.0,31,11,2313.32,2194,2010-03-29 10:37:00,2011-08-10 11:41:00,210.3018181818182,499,1
17995.0,191,3,495.48,263,2010-11-17 17:01:00,2011-03-03 12:30:00,165.16,105,1
17996.0,289,3,482.33,587,2010-06-11 11:48:00,2010-11-25 11:00:00,160.77666666666667,166,1
17997.0,1,6,1719.96,2060,2011-06-28 17:28:00,2011-09-08 15:16:00,286.66,71,0
17998.0,289,3,639.24,561,2009-12-01 13:07:00,2010-11-24 15:31:00,213.08,358,1
17999.0,275,2,539.18,268,2010-11-26 13:16:00,2010-12-08 15:17:00,269.59,12,0
18000.0,473,1,124.25,109,2010-05-24 17:34:00,2010-05-24 17:34:00,124.25,0,1
18001.0,359,4,536.61,530,2009-12-02 15:38:00,2010-09-16 11:37:00,134.1525,287,0
18002.0,285,4,249.92,72,2009-12-08 11:07:00,2010-11-29 10:57:00,62.48,355,1
18003.0,285,1,358.61,299,2010-11-28 15:09:00,2010-11-28 15:09:00,358.61,0,1
18004.0,271,1,169.47,78,2010-12-12 13:47:00,2010-12-12 13:47:00,169.47,0,1
18006.0,291,3,553.1800000000001,183,2009-12-17 12:27:00,2010-11-23 10:22:00,184.39333333333335,340,0
18007.0,302,1,220.32,252,2010-11-12 11:08:00,2010-11-12 11:08:00,220.32,0,1
18008.0,112,21,19736.35,7766,2010-01-06 12:35:00,2011-05-20 16:56:00,939.8261904761904,499,0
18009.0,144,8,2155.83,653,2010-02-25 11:49:00,2011-04-18 13:36:00,269.47875,417,1
18010.0,166,1,174.8,60,2011-03-28 12:27:00,2011-03-28 12:27:00,174.8,0,1
18011.0,282,2,527.03,198,2010-05-21 13:28:00,2010-12-01 17:35:00,263.515,194,1
18012.0,632,1,115.3,63,2009-12-16 13:16:00,2009-12-16 13:16:00,115.3,0,1
18013.0,64,2,187.29,285,2011-07-07 14:08:00,2011-07-07 14:11:00,93.645,0,1
18016.0,95,5,965.66,387,2010-01-27 16:00:00,2011-06-06 13:31:00,193.132,494,0
18017.0,78,3,509.0,300,2010-10-04 15:11:00,2011-06-23 15:48:00,169.66666666666666,262,0
18018.0,17,4,297.99,186,2010-10-15 11:05:00,2011-08-23 17:37:00,74.4975,312,1
18020.0,453,1,190.48000000000002,67,2010-06-14 12:31:00,2010-06-14 12:31:00,190.48000000000002,0,1
18021.0,419,2,227.06,169,2010-07-15 18:47:00,2010-07-18 10:52:00,113.53,2,1
18022.0,294,4,983.68,654,2010-06-11 13:59:00,2010-11-19 13:16:00,245.92,160,0
18024.0,62,2,389.78,184,2011-07-10 12:28:00,2011-07-10 12:40:00,194.89,0,1
18025.0,289,6,1177.72,1053,2010-03-30 17:33:00,2010-11-25 12:37:00,196.28666666666666,239,1
18026.0,410,2,2074.07,530,2010-07-22 16:21:00,2010-07-27 10:37:00,1037.035,4,1
18027.0,8,1,115.31,78,2011-09-02 10:38:00,2011-09-02 10:38:00,115.31,0,1
18028.0,492,1,192.05,133,2010-05-05 13:28:00,2010-05-05 13:28:00,192.05,0,1
18029.0,551,1,433.77,253,2010-03-07 15:30:00,2010-03-07 15:30:00,433.77,0,1
18031.0,288,1,462.09999999999997,300,2010-11-26 11:00:00,2010-11-26 11:00:00,462.09999999999997,0,1
18032.0,243,1,73.5,42,2011-01-09 15:32:00,2011-01-09 15:32:00,73.5,0,1
18034.0,285,1,370.82,431,2010-11-29 12:36:00,2010-11-29 12:36:00,370.82,0,0
18035.0,294,2,546.34,550,2010-11-19 13:42:00,2010-11-19 13:46:00,273.17,0,0
18036.0,14,10,1412.56,668,2009-12-18 12:04:00,2011-08-26 12:55:00,141.256,616,0
18037.0,63,15,167.42,37,2009-12-01 13:48:00,2011-07-08 13:39:00,11.161333333333333,583,1
18038.0,465,1,149.41,85,2010-06-01 15:59:00,2010-06-01 15:59:00,149.41,0,1
18039.0,283,4,579.17,570,2010-03-09 11:19:00,2010-11-30 13:07:00,144.7925,266,1
18040.0,155,1,239.0,96,2011-04-08 08:27:00,2011-04-08 08:27:00,239.0,0,0
18041.0,13,33,7653.12,6817,2010-01-14 10:04:00,2011-08-28 12:28:00,231.91272727272727,591,0
18042.0,451,1,116.1,36,2010-06-16 10:53:00,2010-06-16 10:53:00,116.1,0,0
18043.0,116,2,768.27,418,2010-12-08 12:35:00,2011-05-17 12:40:00,384.135,160,0
18044.0,75,15,2522.54,1216,2010-05-28 15:31:00,2011-06-26 13:31:00,168.16933333333333,393,0
18046.0,559,1,189.63,44,2010-02-28 11:36:00,2010-02-28 11:36:00,189.63,0,1
18047.0,290,2,342.69,138,2010-11-23 12:57:00,2010-11-23 13:11:00,171.345,0,1
18048.0,112,3,401.73,258,2010-08-03 13:03:00,2011-05-20 14:58:00,133.91,290,1
18049.0,346,2,556.52,425,2010-04-28 13:24:00,2010-09-28 14:26:00,278.26,153,1
18050.0,268,2,412.06,250,2010-11-11 15:51:00,2010-12-15 14:25:00,206.03,33,1
18051.0,543,7,2282.28,1661,2009-12-09 12:17:00,2010-03-15 13:58:00,326.04,96,1
18052.0,474,1,10877.18,17766,2010-05-24 11:11:00,2010-05-24 11:11:00,10877.18,0,1
18053.0,435,2,271.05,107,2010-06-30 12:36:00,2010-07-02 11:42:00,135.525,1,0
18054.0,302,1,176.5,96,2010-11-12 08:18:00,2010-11-12 08:18:00,176.5,0,1
18055.0,37,11,8084.24,2610,2010-10-22 13:27:00,2011-08-03 12:55:00,734.930909090909,284,0
18056.0,197,2,554.6,334,2010-03-31 12:29:00,2011-02-24 14:27:00,277.3,330,1
18057.0,302,3,1203.56,978,2010-01-18 12:42:00,2010-11-11 16:55:00,401.18666666666667,297,1
18058.0,450,2,603.9,306,2010-02-10 09:38:00,2010-06-16 13:45:00,301.95,126,0
18060.0,317,2,1185.46,902,2010-05-24 08:34:00,2010-10-27 16:41:00,592.73,156,1
18061.0,17,26,6163.07,3553,2009-12-04 11:36:00,2011-08-24 08:49:00,237.04115384615383,627,0
18062.0,82,6,1632.67,831,2010-04-21 08:55:00,2011-06-19 14:47:00,272.1116666666667,424,1
18063.0,300,2,186.60000000000002,48,2010-03-16 13:05:00,2010-11-14 10:46:00,93.30000000000001,242,1
18064.0,42,11,4495.03,2709,2010-02-01 15:01:00,2011-07-29 16:39:00,408.6390909090909,543,1
18065.0,93,23,4885.95,1829,2009-12-09 16:00:00,2011-06-09 12:27:00,212.43260869565216,546,0
18066.0,296,2,1122.4,427,2010-10-20 11:42:00,2010-11-18 10:08:00,561.2,28,0
18068.0,198,1,101.69999999999999,6,2011-02-23 14:50:00,2011-02-23 14:50:00,101.69999999999999,0,1
18069.0,89,9,3497.76,2550,2010-02-28 16:14:00,2011-06-12 15:14:00,388.64000000000004,468,0
18070.0,578,1,314.1,86,2010-02-08 13:28:00,2010-02-08 13:28:00,314.1,0,1
18071.0,167,6,1428.63,835,2009-12-05 10:31:00,2011-03-27 11:59:00,238.10500000000002,477,1
18072.0,95,1,247.44,288,2011-06-07 10:44:00,2011-06-07 10:44:00,247.44,0,1
18073.0,23,12,3877.5200000000004,3108,2011-05-26 19:38:00,2011-08-17 14:02:00,323.1266666666667,82,1
18074.0,283,2,1509.04,551,2010-07-22 10:31:00,2010-12-01 09:53:00,754.52,131,1
18075.0,15,18,5129.29,2832,2010-07-29 11:47:00,2011-08-25 15:10:00,284.9605555555556,392,0
18076.0,289,1,151.49,164,2010-11-24 14:02:00,2010-11-24 14:02:00,151.49,0,1
18077.0,13,14,3376.49,2666,2009-12-07 11:40:00,2011-08-28 12:29:00,241.17785714285714,629,0
18078.0,126,4,844.6,431,2010-03-21 15:50:00,2011-05-06 14:32:00,211.15,410,1
18079.0,36,3,2796.96,6458,2010-08-05 12:19:00,2011-08-05 11:00:00,932.32,364,0
18080.0,152,1,841.4999999999999,330,2011-04-11 10:10:00,2011-04-11 10:10:00,841.4999999999999,0,0
18081.0,22,2,208.05,55,2011-07-29 11:56:00,2011-08-19 12:23:00,104.025,21,0
18083.0,307,1,470.72999999999996,270,2010-11-07 11:44:00,2010-11-07 11:44:00,470.72999999999996,0,1
18084.0,292,2,722.4499999999999,449,2010-11-16 08:09:00,2010-11-21 15:47:00,361.22499999999997,5,0
18085.0,239,4,1645.75,585,2010-03-21 11:57:00,2011-01-13 15:17:00,411.4375,298,1
18086.0,183,1,101.34,106,2011-03-10 13:34:00,2011-03-10 13:34:00,101.34,0,1
18087.0,7,17,14761.519999999999,7775,2009-12-01 09:43:00,2011-09-02 15:12:00,868.3247058823529,640,1
18089.0,356,1,428.45,95,2010-09-19 11:57:00,2010-09-19 11:57:00,428.45,0,1
18090.0,331,1,349.4,321,2010-10-14 12:32:00,2010-10-14 12:32:00,349.4,0,1
18091.0,502,1,360.85,539,2010-04-25 13:18:00,2010-04-25 13:18:00,360.85,0,1
18092.0,29,15,12962.66,7858,2009-12-04 12:37:00,2011-08-12 12:37:00,864.1773333333333,616,0
18093.0,2,8,4452.71,3429,2010-03-31 10:27:00,2011-09-07 15:43:00,556.58875,525,1
18094.0,45,11,5776.52,3840,2010-01-07 11:16:00,2011-07-26 14:42:00,525.1381818181818,565,0
18095.0,222,5,2303.09,1623,2010-04-19 14:09:00,2011-01-31 12:50:00,460.61800000000005,286,1
18096.0,351,3,894.13,658,2010-07-14 14:30:00,2010-09-23 13:54:00,298.04333333333335,70,0
18097.0,36,10,3976.92,2472,2009-12-17 11:06:00,2011-08-05 10:32:00,397.692,595,0
18098.0,305,1,550.84,217,2010-11-08 16:31:00,2010-11-08 16:31:00,550.84,0,1
18099.0,36,1,168.31,149,2011-08-04 15:52:00,2011-08-04 15:52:00,168.31,0,1
18100.0,459,1,451.56,440,2010-06-07 14:19:00,2010-06-07 14:19:00,451.56,0,1
18101.0,52,4,515.74,187,2010-02-03 13:52:00,2011-07-19 13:05:00,128.935,530,0
18102.0,8,112,484615.1,155689,2009-12-01 09:24:00,2011-09-02 11:53:00,4326.9205357142855,640,0
18103.0,458,1,105.8,23,2010-06-08 13:36:00,2010-06-08 13:36:00,105.8,0,1
18106.0,239,6,1461.46,512,2010-01-15 11:36:00,2011-01-14 12:23:00,243.57666666666668,364,1
18107.0,351,1,167.13,66,2010-09-23 13:03:00,2010-09-23 13:03:00,167.13,0,1
18108.0,163,3,848.8100000000001,261,2009-12-02 12:47:00,2011-03-30 13:56:00,282.93666666666667,483,1
18109.0,0,30,6692.11,4056,2010-07-01 12:13:00,2011-09-09 13:58:00,223.0703333333333,435,0
18110.0,320,1,199.13,100,2010-10-24 14:21:00,2010-10-24 14:21:00,199.13,0,0
18111.0,498,1,405.85,232,2010-04-29 12:58:00,2010-04-29 12:58:00,405.85,0,1
18112.0,75,3,619.91,302,2010-06-06 12:40:00,2011-06-26 13:56:00,206.63666666666666,385,0
18113.0,278,1,152.64000000000001,144,2010-12-06 12:31:00,2010-12-06 12:31:00,152.64000000000001,0,1
18114.0,199,1,220.1,55,2011-02-22 13:20:00,2011-02-22 13:20:00,220.1,0,1
18115.0,607,1,9.700000000000001,3,2010-01-11 11:57:00,2010-01-11 11:57:00,9.700000000000001,0,1
18116.0,143,12,1990.74,1111,2010-10-24 15:29:00,2011-04-19 16:14:00,165.895,177,0
18118.0,1,22,5321.09,2702,2010-11-23 13:36:00,2011-09-09 12:22:00,241.86772727272728,289,0
18119.0,277,1,362.24,250,2010-12-07 11:59:00,2010-12-07 11:59:00,362.24,0,1
18120.0,123,1,111.15,31,2011-05-09 13:45:00,2011-05-09 13:45:00,111.15,0,1
18121.0,58,2,673.1,450,2011-07-08 12:14:00,2011-07-13 12:53:00,336.55,5,1
18122.0,60,1,119.19,69,2011-07-12 11:37:00,2011-07-12 11:37:00,119.19,0,0
18123.0,423,1,95.15,35,2010-07-14 12:47:00,2010-07-14 12:47:00,95.15,0,0
18124.0,381,1,111.53,51,2010-08-24 17:21:00,2010-08-24 17:21:00,111.53,0,1
18125.0,111,3,945.14,695,2011-01-27 15:02:00,2011-05-22 11:51:00,315.0466666666667,114,0
18127.0,43,2,352.40000000000003,92,2010-11-01 13:56:00,2011-07-29 10:06:00,176.20000000000002,269,0
18128.0,446,1,420.04,221,2010-06-20 13:19:00,2010-06-20 13:19:00,420.04,0,1
18129.0,152,1,112.55000000000001,48,2011-04-10 14:16:00,2011-04-10 14:16:00,112.55000000000001,0,1
18131.0,541,1,222.95999999999998,552,2010-03-18 08:48:00,2010-03-18 08:48:00,222.95999999999998,0,1
18132.0,413,1,226.9,216,2010-07-23 16:54:00,2010-07-23 16:54:00,226.9,0,1
18133.0,121,1,931.4999999999999,1350,2011-05-11 14:14:00,2011-05-11 14:14:00,931.4999999999999,0,1
18134.0,507,2,445.0,128,2010-01-14 11:59:00,2010-04-20 14:02:00,222.5,96,1
18135.0,99,6,677.53,492,2010-03-15 13:55:00,2011-06-02 14:04:00,112.92166666666667,444,0
18136.0,121,4,1447.88,776,2010-09-14 15:50:00,2011-05-12 11:59:00,361.97,239,0
18137.0,460,2,145.99,59,2010-06-06 13:45:00,2010-06-06 14:18:00,72.995,0,1
18138.0,204,1,152.65,38,2011-02-17 14:51:00,2011-02-17 14:51:00,152.65,0,1
18140.0,383,1,536.41,395,2010-08-23 11:58:00,2010-08-23 11:58:00,536.41,0,1
18141.0,311,2,882.47,433,2010-04-29 15:32:00,2010-11-03 11:44:00,441.235,187,1
18142.0,66,2,1019.52,1276,2011-05-08 12:31:00,2011-07-05 13:19:00,509.76,58,1
18143.0,26,2,1000.16,570,2011-07-21 10:44:00,2011-08-15 12:07:00,500.08,25,1
18144.0,19,16,4334.8,1960,2009-12-16 15:57:00,2011-08-22 09:21:00,270.925,613,0
18145.0,114,9,3780.02,3345,2009-12-08 12:30:00,2011-05-19 10:38:00,420.0022222222222,526,0
18146.0,50,2,160.35000000000002,153,2011-05-03 16:35:00,2011-07-22 12:08:00,80.17500000000001,79,1
18147.0,18,1,98.88,80,2011-08-23 12:22:00,2011-08-23 12:22:00,98.88,0,0
18148.0,556,1,114.10000000000001,64,2010-03-03 11:40:00,2010-03-03 11:40:00,114.10000000000001,0,1
18149.0,125,6,1562.31,888,2010-03-14 12:41:00,2011-05-08 12:48:00,260.385,420,0
18150.0,49,2,413.28,236,2011-05-22 10:47:00,2011-07-22 15:43:00,206.64,61,0
18151.0,44,6,1879.44,986,2010-03-04 10:47:00,2011-07-28 11:35:00,313.24,511,1
18152.0,555,1,426.69,75,2010-03-03 15:26:00,2010-03-03 15:26:00,426.69,0,1
18153.0,568,1,246.22,200,2010-02-18 15:50:00,2010-02-18 15:50:00,246.22,0,1
18154.0,298,3,533.41,371,2010-08-06 09:18:00,2010-11-16 12:40:00,177.8033333333333,102,0
18155.0,80,2,266.56,196,2011-02-21 10:36:00,2011-06-22 11:59:00,133.28,121,0
18156.0,279,1,412.46000000000004,146,2010-12-05 12:29:00,2010-12-05 12:29:00,412.46000000000004,0,0
18157.0,480,1,215.35,146,2010-05-17 14:09:00,2010-05-17 14:09:00,215.35,0,1
18159.0,210,1,530.15,139,2011-02-11 14:26:00,2011-02-11 14:26:00,530.15,0,1
18160.0,109,2,684.37,372,2010-11-18 16:33:00,2011-05-23 13:41:00,342.185,185,0
18161.0,49,4,955.67,540,2010-11-25 15:55:00,2011-07-22 13:31:00,238.9175,238,0
18162.0,641,1,379.16,335,2009-12-07 13:24:00,2009-12-07 13:24:00,379.16,0,1
18163.0,493,1,728.84,452,2010-05-04 14:51:00,2010-05-04 14:51:00,728.84,0,1
18165.0,86,1,302.46000000000004,254,2011-06-15 13:23:00,2011-06-15 13:23:00,302.46000000000004,0,1
18166.0,533,1,175.5,90,2010-03-26 12:26:00,2010-03-26 12:26:00,175.5,0,1
18167.0,15,1,498.48,122,2011-08-26 11:40:00,2011-08-26 11:40:00,498.48,0,0
18168.0,85,16,3770.27,2177,2009-12-03 17:29:00,2011-06-16 19:21:00,235.641875,560,1
18170.0,21,8,2553.2000000000003,1024,2010-01-08 14:10:00,2011-08-19 16:04:00,319.15000000000003,588,0
18171.0,8,8,2200.31,841,2010-01-05 10:46:00,2011-09-01 16:30:00,275.03875,604,0
18172.0,8,43,15553.44,6509,2009-12-11 09:58:00,2011-09-01 16:50:00,361.7079069767442,629,0
18173.0,108,4,2318.36,1538,2010-04-06 10:43:00,2011-05-24 14:25:00,579.59,413,0
18174.0,513,1,58.5,30,2010-04-15 12:17:00,2010-04-15 12:17:00,58.5,0,0
18175.0,585,1,176.1,70,2010-02-02 10:25:00,2010-02-02 10:25:00,176.1,0,1
18176.0,267,1,476.35,283,2010-12-16 15:45:00,2010-12-16 15:45:00,476.35,0,1
18177.0,67,8,1913.27,1073,2009-12-15 18:57:00,2011-07-05 10:23:00,239.15875,566,0
18178.0,38,11,6103.74,3850,2010-02-18 14:25:00,2011-08-03 09:30:00,554.8854545454545,530,1
18179.0,161,6,1857.54,1180,2010-02-14 15:51:00,2011-04-01 13:21:00,309.59,410,0
18180.0,46,2,601.85,553,2011-07-20 08:59:00,2011-07-26 08:51:00,300.925,5,0
18181.0,309,4,823.14,378,2009-12-04 15:30:00,2010-11-04 16:51:00,205.785,335,0
18182.0,372,1,291.13,167,2010-09-02 14:25:00,2010-09-02 14:25:00,291.13,0,1
18183.0,136,2,632.07,371,2011-03-10 10:08:00,2011-04-26 15:26:00,316.035,47,1
18185.0,158,1,304.25,183,2011-04-04 13:42:00,2011-04-04 13:42:00,304.25,0,1
18186.0,632,1,329.58,338,2009-12-17 10:22:00,2009-12-17 10:22:00,329.58,0,1
18187.0,541,1,724.89,310,2010-03-18 09:49:00,2010-03-18 09:49:00,724.89,0,1
18188.0,199,4,1706.15,884,2010-03-26 11:37:00,2011-02-22 14:43:00,426.5375,333,0
18189.0,177,2,946.59,622,2010-03-24 09:57:00,2011-03-17 09:49:00,473.295,357,0
18190.0,101,5,745.62,490,2009-12-22 12:05:00,2011-05-31 14:48:00,149.124,525,1
18191.0,171,2,529.4,332,2010-08-19 17:42:00,2011-03-23 12:08:00,264.7,215,1
18193.0,74,3,1207.35,926,2010-09-23 13:33:00,2011-06-27 13:58:00,402.45,277,1
18194.0,347,5,3188.2000000000003,1142,2010-01-28 15:30:00,2010-09-27 13:08:00,637.6400000000001,241,0
18195.0,296,1,101.16,60,2010-11-17 15:03:00,2010-11-17 15:03:00,101.16,0,1
18196.0,4,4,1464.31,1047,2010-03-17 14:55:00,2011-09-05 16:22:00,366.0775,537,1
18197.0,485,1,230.1,166,2010-05-13 10:46:00,2010-05-13 10:46:00,230.1,0,1
18198.0,10,14,4427.39,3491,2011-01-07 13:39:00,2011-08-31 11:50:00,316.2421428571429,235,0
18199.0,593,1,344.75,99,2010-01-25 11:32:00,2010-01-25 11:32:00,344.75,0,1
18200.0,15,1,163.8,111,2011-08-25 18:45:00,2011-08-25 18:45:00,163.8,0,1
18201.0,632,1,447.53000000000003,191,2009-12-17 08:55:00,2009-12-17 08:55:00,447.53000000000003,0,1
18202.0,109,3,1396.99,581,2011-02-01 13:36:00,2011-05-24 12:12:00,465.66333333333336,111,1
18203.0,66,4,504.42,113,2009-12-08 13:19:00,2011-07-05 13:07:00,126.105,573,1
18204.0,19,2,1367.32,912,2011-05-31 15:26:00,2011-08-22 09:10:00,683.66,82,0
18206.0,462,1,314.65999999999997,246,2010-06-04 13:47:00,2010-06-04 13:47:00,314.65999999999997,0,1
18207.0,408,1,544.47,325,2010-07-28 14:26:00,2010-07-28 14:26:00,544.47,0,1
18208.0,475,1,360.08,82,2010-05-23 11:54:00,2010-05-23 11:54:00,360.08,0,1
18210.0,176,2,289.85,163,2010-11-22 09:39:00,2011-03-17 16:58:00,144.925,115,0
18211.0,46,2,268.7,152,2011-03-06 12:09:00,2011-07-26 12:24:00,134.35,142,0
18212.0,235,2,546.72,167,2010-01-31 14:42:00,2011-01-17 16:14:00,273.36,351,1
18213.0,146,1,232.48000000000002,232,2011-04-17 10:21:00,2011-04-17 10:21:00,232.48000000000002,0,1
18214.0,440,4,1780.34,989,2010-06-03 19:47:00,2010-06-27 11:21:00,445.085,23,1
18215.0,346,4,1948.15,1025,2010-03-26 13:03:00,2010-09-28 16:18:00,487.0375,186,0
18217.0,423,2,323.29,249,2010-07-01 15:39:00,2010-07-14 12:27:00,161.645,12,0
18218.0,120,4,1142.0,1076,2010-02-17 15:11:00,2011-05-12 12:53:00,285.5,448,1
18219.0,58,15,2860.25,1364,2009-12-07 13:17:00,2011-07-13 13:33:00,190.68333333333334,583,0
18220.0,136,6,1921.76,1352,2009-12-15 11:42:00,2011-04-27 09:03:00,320.29333333333335,497,1
18221.0,25,4,1090.19,655,2010-11-14 15:46:00,2011-08-16 10:50:00,272.5475,274,0
18222.0,2,1,443.0,335,2011-09-08 10:45:00,2011-09-08 10:45:00,443.0,0,1
18223.0,6,23,11552.65,5470,2009-12-04 12:20:00,2011-09-04 11:49:00,502.2891304347826,638,0
18224.0,173,1,158.95000000000002,69,2011-03-21 10:30:00,2011-03-21 10:30:00,158.95000000000002,0,1
18225.0,22,21,10275.92,5642,2009-12-04 16:52:00,2011-08-18 17:57:00,489.32952380952383,622,0
18226.0,30,24,10901.86,7363,2010-03-05 10:05:00,2011-08-11 10:45:00,454.2441666666667,524,0
18227.0,127,2,388.75,22,2010-08-12 16:45:00,2011-05-06 12:23:00,194.375,266,1
18229.0,3,22,8738.87,2399,2009-12-03 14:42:00,2011-09-07 10:51:00,397.22136363636366,642,0
18230.0,3,7,3627.2200000000003,1710,2010-07-02 10:01:00,2011-09-06 13:20:00,518.1742857142857,431,0
18231.0,101,28,6880.97,2923,2010-01-10 12:13:00,2011-05-31 14:18:00,245.7489285714286,506,1
18232.0,67,3,500.62,277,2011-05-26 16:30:00,2011-07-05 11:10:00,166.87333333333333,39,0
18233.0,235,1,440.0,4,2011-01-18 08:44:00,2011-01-18 08:44:00,440.0,0,1
18234.0,461,1,179.6,80,2010-06-06 11:22:00,2010-06-06 11:22:00,179.6,0,1
18235.0,29,2,749.8,706,2011-05-06 13:35:00,2011-08-11 15:56:00,374.9,97,0
18236.0,38,10,1554.3,603,2010-04-15 13:39:00,2011-08-02 15:53:00,155.43,474,0
18237.0,1,3,725.55,465,2011-07-28 13:05:00,2011-09-09 12:36:00,241.85,42,0
18238.0,424,1,270.92,114,2010-07-12 12:51:00,2010-07-12 12:51:00,270.92,0,1
18239.0,128,6,2150.36,1052,2010-10-13 10:11:00,2011-05-05 12:38:00,358.3933333333334,204,1
18241.0,8,15,2263.48,1140,2010-04-01 11:55:00,2011-09-01 14:47:00,150.89866666666666,518,0
18242.0,105,6,2066.8,1412,2010-01-11 08:49:00,2011-05-27 14:22:00,344.4666666666667,501,0
18243.0,323,1,515.78,221,2010-10-21 14:29:00,2010-10-21 14:29:00,515.78,0,1
18244.0,340,2,568.64,856,2010-07-25 10:30:00,2010-10-05 11:15:00,284.32,72,1
18245.0,58,19,5430.7300000000005,4638,2010-03-08 15:26:00,2011-07-13 14:29:00,285.82789473684215,491,0
18246.0,142,2,395.62,118,2010-04-09 10:19:00,2011-04-20 13:55:00,197.81,376,0
18247.0,324,3,839.73,335,2010-03-18 15:52:00,2010-10-21 09:49:00,279.91,216,1
18248.0,32,2,804.02,511,2011-06-06 13:18:00,2011-08-09 10:19:00,402.01,63,1
18250.0,219,1,349.27,199,2011-02-02 13:16:00,2011-02-02 13:16:00,349.27,0,1
18251.0,354,8,21964.14,31815,2009-12-22 12:01:00,2010-09-20 13:26:00,2745.5175,272,0
18252.0,81,6,1085.32,716,2009-12-18 16:13:00,2011-06-21 11:47:00,180.88666666666666,549,0
18253.0,552,1,317.88,128,2010-03-07 12:38:00,2010-03-07 12:38:00,317.88,0,1
18254.0,490,1,267.9,188,2010-05-07 14:37:00,2010-05-07 14:37:00,267.9,0,1
18255.0,365,1,199.85,127,2010-09-09 16:31:00,2010-09-09 16:31:00,199.85,0,0
18256.0,297,1,110.7,180,2010-11-17 08:53:00,2010-11-17 08:53:00,110.7,0,1
18257.0,23,9,3825.39,2049,2010-02-18 16:20:00,2011-08-17 14:47:00,425.0433333333333,544,0
18258.0,373,6,2059.67,1981,2010-05-16 11:35:00,2010-09-01 14:20:00,343.27833333333336,108,1
18259.0,275,5,2355.9,792,2009-12-08 08:38:00,2010-12-08 13:38:00,471.18,365,0
18260.0,82,23,9962.11,5247,2009-12-15 13:50:00,2011-06-20 12:37:00,433.13521739130437,551,1
18261.0,5,1,224.8,102,2011-09-05 09:34:00,2011-09-05 09:34:00,224.8,0,0
18262.0,49,3,577.54,552,2010-04-16 09:05:00,2011-07-22 16:04:00,192.51333333333332,462,1
18263.0,65,2,811.4,1048,2011-04-01 11:48:00,2011-07-07 10:04:00,405.7,96,0
18264.0,408,1,603.25,241,2010-07-29 10:02:00,2010-07-29 10:02:00,603.25,0,1
18265.0,67,1,488.55,224,2011-07-04 15:26:00,2011-07-04 15:26:00,488.55,0,0
18266.0,343,1,251.1,138,2010-10-01 15:33:00,2010-10-01 15:33:00,251.1,0,1
18267.0,582,1,269.37,135,2010-02-05 08:43:00,2010-02-05 08:43:00,269.37,0,1
18268.0,43,6,1490.23,711,2009-12-11 10:27:00,2011-07-28 19:13:00,248.37166666666667,594,1
18269.0,275,1,337.2,152,2010-12-08 13:53:00,2010-12-08 13:53:00,337.2,0,1
18270.0,176,2,273.35,149,2010-10-03 10:49:00,2011-03-18 12:41:00,136.675,166,0
18271.0,519,2,680.85,319,2009-12-08 11:27:00,2010-04-09 09:26:00,340.425,121,1
18272.0,23,7,3413.85,2295,2010-03-04 12:53:00,2011-08-18 12:06:00,487.6928571428571,531,0
18273.0,5,3,306.0,120,2010-04-28 12:24:00,2011-09-05 11:27:00,102.0,494,0
18275.0,487,2,741.85,417,2009-12-08 16:23:00,2010-05-10 15:46:00,370.925,152,1
18276.0,302,5,1320.66,1060,2009-12-10 17:14:00,2010-11-12 10:11:00,264.132,336,0
18277.0,306,4,1069.67,381,2010-08-02 10:26:00,2010-11-07 15:52:00,267.4175,97,0
18278.0,314,1,240.3,74,2010-10-31 12:13:00,2010-10-31 12:13:00,240.3,0,0
18279.0,428,1,231.33999999999997,630,2010-07-08 14:48:00,2010-07-08 14:48:00,231.33999999999997,0,1
18280.0,187,2,488.15000000000003,194,2010-11-10 15:51:00,2011-03-07 09:52:00,244.07500000000002,116,1
18281.0,90,2,201.14,146,2010-05-11 10:49:00,2011-06-12 10:53:00,100.57,397,1
18282.0,35,1,100.21000000000001,75,2011-08-05 13:35:00,2011-08-05 13:35:00,100.21000000000001,0,0
18283.0,5,16,1762.44,1078,2010-02-19 17:16:00,2011-09-05 12:35:00,110.1525,562,0
18284.0,341,1,461.68,494,2010-10-04 11:33:00,2010-10-04 11:33:00,461.68,0,1
18285.0,570,1,427.0,145,2010-02-17 10:24:00,2010-02-17 10:24:00,427.0,0,1
18286.0,386,2,1296.43,608,2009-12-16 10:45:00,2010-08-20 11:57:00,648.215,247,1
18287.0,111,5,3110.99,1915,2010-05-17 11:55:00,2011-05-22 10:39:00,622.198,369,0
