Customer ID,Feature,Feature Value,SHAP Value,Absolute SHAP,Impact Direction,Impact Rank
12354.0,Recency,141.0,-46.62084874278723,46.62084874278723,Decreases Predicted Revenue,1
12354.0,Frequency,1.0,-40.37186891647247,40.37186891647247,Decreases Predicted Revenue,3
12354.0,Monetary,1079.4,-44.42119173483106,44.42119173483106,Decreases Predicted Revenue,2
12354.0,TotalItems,530.0,-36.24338203568991,36.24338203568991,Decreases Predicted Revenue,4
12354.0,AverageOrderValue,1079.4,-13.867462491910086,13.867462491910086,Decreases Predicted Revenue,6
12354.0,Tenure,0.0,15.372553601221242,15.372553601221242,Increases Predicted Revenue,5
14145.0,Recency,66.0,-0.2634733596532328,0.2634733596532328,Decreases Predicted Revenue,5
14145.0,Frequency,6.0,0.22505167744629917,0.22505167744629917,Increases Predicted Revenue,6
14145.0,Monetary,6709.05,53.49346487839621,53.49346487839621,Increases Predicted Revenue,1
14145.0,TotalItems,1475.0,-31.842644375319647,31.842644375319647,Decreases Predicted Revenue,3
14145.0,AverageOrderValue,1118.175,-34.64580218739215,34.64580218739215,Decreases Predicted Revenue,2
14145.0,Tenure,454.0,-21.020248187945448,21.020248187945448,Decreases Predicted Revenue,4
12970.0,Recency,231.0,-59.0387054449889,59.0387054449889,Decreases Predicted Revenue,1
12970.0,Frequency,8.0,-13.992605088901682,13.992605088901682,Decreases Predicted Revenue,4
12970.0,Monetary,1096.53,-57.78887474229655,57.78887474229655,Decreases Predicted Revenue,2
12970.0,TotalItems,712.0,-24.82348768317421,24.82348768317421,Decreases Predicted Revenue,3
12970.0,AverageOrderValue,137.06625,-3.8288545189003242,3.8288545189003242,Decreases Predicted Revenue,5
12970.0,Tenure,413.0,1.169823244889731,1.169823244889731,Increases Predicted Revenue,6
18201.0,Recency,632.0,-55.08494790316498,55.08494790316498,Decreases Predicted Revenue,1
18201.0,Frequency,1.0,-41.656732137553774,41.656732137553774,Decreases Predicted Revenue,3
18201.0,Monetary,447.53,-42.36222771719742,42.36222771719742,Decreases Predicted Revenue,2
18201.0,TotalItems,191.0,-33.181470099401004,33.181470099401004,Decreases Predicted Revenue,4
18201.0,AverageOrderValue,447.53,-9.724088089237714,9.724088089237714,Decreases Predicted Revenue,6
18201.0,Tenure,0.0,14.259800238211227,14.259800238211227,Increases Predicted Revenue,5
16783.0,Recency,346.0,-56.993566606810816,56.993566606810816,Decreases Predicted Revenue,1
16783.0,Frequency,1.0,-46.3818155725351,46.3818155725351,Decreases Predicted Revenue,3
16783.0,Monetary,391.95,-46.85931261329175,46.85931261329175,Decreases Predicted Revenue,2
16783.0,TotalItems,163.0,-36.856782280229496,36.856782280229496,Decreases Predicted Revenue,4
16783.0,AverageOrderValue,391.95,8.880449688954346,8.880449688954346,Increases Predicted Revenue,6
16783.0,Tenure,0.0,14.457821462999744,14.457821462999744,Increases Predicted Revenue,5
14955.0,Recency,642.0,-53.369834527981574,53.369834527981574,Decreases Predicted Revenue,1
14955.0,Frequency,1.0,-42.8877538090515,42.8877538090515,Decreases Predicted Revenue,3
14955.0,Monetary,163.77,-49.92249456653805,49.92249456653805,Decreases Predicted Revenue,2
14955.0,TotalItems,74.0,-36.10881330102404,36.10881330102404,Decreases Predicted Revenue,4
14955.0,AverageOrderValue,163.77,1.7767688250943636,1.7767688250943636,Increases Predicted Revenue,6
14955.0,Tenure,0.0,12.7176781732098,12.7176781732098,Increases Predicted Revenue,5
16186.0,Recency,12.0,271.7960545027688,271.7960545027688,Increases Predicted Revenue,2
16186.0,Frequency,23.0,246.37375986451036,246.37375986451036,Increases Predicted Revenue,3
16186.0,Monetary,7715.7,299.13411667345866,299.13411667345866,Increases Predicted Revenue,1
16186.0,TotalItems,6047.0,241.18829338588674,241.18829338588674,Increases Predicted Revenue,4
16186.0,AverageOrderValue,335.46521739130435,29.97516577619208,29.97516577619208,Increases Predicted Revenue,6
16186.0,Tenure,626.0,-59.70266866537926,59.70266866537926,Decreases Predicted Revenue,5
14055.0,Recency,15.0,15.83406363522769,15.83406363522769,Increases Predicted Revenue,6
14055.0,Frequency,3.0,-59.65870806662679,59.65870806662679,Decreases Predicted Revenue,1
14055.0,Monetary,1520.96,-58.41546990775572,58.41546990775572,Decreases Predicted Revenue,2
14055.0,TotalItems,720.0,-21.21076281934444,21.21076281934444,Decreases Predicted Revenue,4
14055.0,AverageOrderValue,506.9866666666667,-17.88241627869642,17.88241627869642,Decreases Predicted Revenue,5
14055.0,Tenure,616.0,-23.908529443694526,23.908529443694526,Decreases Predicted Revenue,3
12531.0,Recency,595.0,-57.375465938261904,57.375465938261904,Decreases Predicted Revenue,1
12531.0,Frequency,1.0,-44.509828078414664,44.509828078414664,Decreases Predicted Revenue,2
12531.0,Monetary,1807.98,-40.21847612727628,40.21847612727628,Decreases Predicted Revenue,3
12531.0,TotalItems,1074.0,-22.802406812183996,22.802406812183996,Decreases Predicted Revenue,4
12531.0,AverageOrderValue,1807.98,-17.37414345923116,17.37414345923116,Decreases Predicted Revenue,5
12531.0,Tenure,0.0,14.350705835312647,14.350705835312647,Increases Predicted Revenue,6
12746.0,Recency,450.0,-57.27905542406111,57.27905542406111,Decreases Predicted Revenue,1
12746.0,Frequency,1.0,-43.217493302885565,43.217493302885565,Decreases Predicted Revenue,3
12746.0,Monetary,254.55,-46.51710798988585,46.51710798988585,Decreases Predicted Revenue,2
12746.0,TotalItems,97.0,-33.72709265495324,33.72709265495324,Decreases Predicted Revenue,4
12746.0,AverageOrderValue,254.55,0.4909836549777625,0.4909836549777625,Increases Predicted Revenue,6
12746.0,Tenure,0.0,13.417830277397869,13.417830277397869,Increases Predicted Revenue,5
17087.0,Recency,647.0,-57.86670763701059,57.86670763701059,Decreases Predicted Revenue,1
17087.0,Frequency,1.0,-43.6178138647612,43.6178138647612,Decreases Predicted Revenue,3
17087.0,Monetary,221.53,-48.119727150217784,48.119727150217784,Decreases Predicted Revenue,2
17087.0,TotalItems,113.0,-35.30436117956836,35.30436117956836,Decreases Predicted Revenue,4
17087.0,AverageOrderValue,221.53,3.9403498247426,3.9403498247426,Increases Predicted Revenue,6
17087.0,Tenure,0.0,13.29394784307122,13.29394784307122,Increases Predicted Revenue,5
14325.0,Recency,479.0,-52.96031232526099,52.96031232526099,Decreases Predicted Revenue,1
14325.0,Frequency,1.0,-40.98658525230694,40.98658525230694,Decreases Predicted Revenue,3
14325.0,Monetary,245.48,-46.0470926413739,46.0470926413739,Decreases Predicted Revenue,2
14325.0,TotalItems,320.0,-40.41480326076112,40.41480326076112,Decreases Predicted Revenue,4
14325.0,AverageOrderValue,245.48,1.0933171019682244,1.0933171019682244,Increases Predicted Revenue,6
14325.0,Tenure,0.0,12.27791701346229,12.27791701346229,Increases Predicted Revenue,5
14293.0,Recency,56.0,8.948478916411986,8.948478916411986,Increases Predicted Revenue,5
14293.0,Frequency,8.0,-1.482562623499018,1.482562623499018,Decreases Predicted Revenue,6
14293.0,Monetary,2960.78,-23.923130297655845,23.923130297655845,Decreases Predicted Revenue,2
14293.0,TotalItems,1448.0,-18.783516966011028,18.783516966011028,Decreases Predicted Revenue,3
14293.0,AverageOrderValue,370.0975,10.143660310642208,10.143660310642208,Increases Predicted Revenue,4
14293.0,Tenure,582.0,-44.6728409523633,44.6728409523633,Decreases Predicted Revenue,1
16772.0,Recency,332.0,-59.03175056482008,59.03175056482008,Decreases Predicted Revenue,1
16772.0,Frequency,3.0,-44.50388468968149,44.50388468968149,Decreases Predicted Revenue,2
16772.0,Monetary,3723.55,-21.755390602199522,21.755390602199522,Decreases Predicted Revenue,5
16772.0,TotalItems,689.0,-27.570173211274167,27.570173211274167,Decreases Predicted Revenue,4
16772.0,AverageOrderValue,1241.1833333333332,-29.44437964019804,29.44437964019804,Decreases Predicted Revenue,3
16772.0,Tenure,298.0,19.420719071715737,19.420719071715737,Increases Predicted Revenue,6
16876.0,Recency,313.0,-44.11439214300254,44.11439214300254,Decreases Predicted Revenue,2
16876.0,Frequency,1.0,-41.84796955793049,41.84796955793049,Decreases Predicted Revenue,3
16876.0,Monetary,136.01,-53.21043604054366,53.21043604054366,Decreases Predicted Revenue,1
16876.0,TotalItems,181.0,-36.58183266995458,36.58183266995458,Decreases Predicted Revenue,4
16876.0,AverageOrderValue,136.01,-3.7542074676902395,3.7542074676902395,Decreases Predicted Revenue,6
16876.0,Tenure,0.0,13.434038058175997,13.434038058175997,Increases Predicted Revenue,5
16099.0,Recency,47.0,10.594652786733167,10.594652786733167,Increases Predicted Revenue,5
16099.0,Frequency,6.0,-15.61174861142809,15.61174861142809,Decreases Predicted Revenue,4
16099.0,Monetary,1433.4,-60.41018859832219,60.41018859832219,Decreases Predicted Revenue,1
16099.0,TotalItems,888.0,-27.32289942903524,27.32289942903524,Decreases Predicted Revenue,3
16099.0,AverageOrderValue,238.9,4.297779159461577,4.297779159461577,Increases Predicted Revenue,6
16099.0,Tenure,508.0,-50.24718455067837,50.24718455067837,Decreases Predicted Revenue,2
14987.0,Recency,275.0,-59.63046573598197,59.63046573598197,Decreases Predicted Revenue,1
14987.0,Frequency,7.0,-10.620983082960258,10.620983082960258,Decreases Predicted Revenue,4
14987.0,Monetary,1550.65,-52.837552822715665,52.837552822715665,Decreases Predicted Revenue,2
14987.0,TotalItems,607.0,-35.90392913506768,35.90392913506768,Decreases Predicted Revenue,3
14987.0,AverageOrderValue,221.52142857142852,5.611661667930705,5.611661667930705,Increases Predicted Revenue,6
14987.0,Tenure,371.0,9.098741664684116,9.098741664684116,Increases Predicted Revenue,5
14903.0,Recency,34.0,56.41763002058921,56.41763002058921,Increases Predicted Revenue,3
14903.0,Frequency,4.0,-64.01465685248775,64.01465685248775,Decreases Predicted Revenue,2
14903.0,Monetary,2411.82,-0.21089666115878103,0.21089666115878103,Decreases Predicted Revenue,6
14903.0,TotalItems,1334.0,7.613170050279242,7.613170050279242,Increases Predicted Revenue,5
14903.0,AverageOrderValue,602.955,29.344766168014516,29.344766168014516,Increases Predicted Revenue,4
14903.0,Tenure,154.0,104.03371655454923,104.03371655454923,Increases Predicted Revenue,1
12361.0,Recency,196.0,-38.29758096660503,38.29758096660503,Decreases Predicted Revenue,3
12361.0,Frequency,4.0,-31.8501794533402,31.8501794533402,Decreases Predicted Revenue,4
12361.0,Monetary,511.25,-44.964187660965855,44.964187660965855,Decreases Predicted Revenue,1
12361.0,TotalItems,235.0,-38.31538618809029,38.31538618809029,Decreases Predicted Revenue,2
12361.0,AverageOrderValue,127.8125,-15.315667244298611,15.315667244298611,Decreases Predicted Revenue,5
12361.0,Tenure,394.0,3.143619904399444,3.143619904399444,Increases Predicted Revenue,6
15216.0,Recency,528.0,-64.21484841038338,64.21484841038338,Decreases Predicted Revenue,1
15216.0,Frequency,1.0,-46.51224396000918,46.51224396000918,Decreases Predicted Revenue,3
15216.0,Monetary,389.49,-46.68747401244249,46.68747401244249,Decreases Predicted Revenue,2
15216.0,TotalItems,189.0,-36.003777672776366,36.003777672776366,Decreases Predicted Revenue,4
15216.0,AverageOrderValue,389.49,9.54301425424955,9.54301425424955,Increases Predicted Revenue,6
15216.0,Tenure,0.0,16.432192175804698,16.432192175804698,Increases Predicted Revenue,5
13821.0,Recency,54.0,10.40925197111387,10.40925197111387,Increases Predicted Revenue,5
13821.0,Frequency,6.0,-13.941971635912964,13.941971635912964,Decreases Predicted Revenue,4
13821.0,Monetary,1410.73,-59.310459522510456,59.310459522510456,Decreases Predicted Revenue,1
13821.0,TotalItems,483.0,-48.60419669074798,48.60419669074798,Decreases Predicted Revenue,2
13821.0,AverageOrderValue,235.12166666666667,6.419060369534749,6.419060369534749,Increases Predicted Revenue,6
13821.0,Tenure,559.0,-28.066377903780975,28.066377903780975,Decreases Predicted Revenue,3
17694.0,Recency,51.0,-3.1194046623962635,3.1194046623962635,Decreases Predicted Revenue,6
17694.0,Frequency,3.0,-49.901245858012004,49.901245858012004,Decreases Predicted Revenue,2
17694.0,Monetary,1695.97,-56.347770361336906,56.347770361336906,Decreases Predicted Revenue,1
17694.0,TotalItems,1493.0,-21.698041431658382,21.698041431658382,Decreases Predicted Revenue,3
17694.0,AverageOrderValue,565.3233333333334,-18.656323697773278,18.656323697773278,Decreases Predicted Revenue,4
17694.0,Tenure,421.0,-13.951702259216066,13.951702259216066,Decreases Predicted Revenue,5
14395.0,Recency,87.0,42.0001365504215,42.0001365504215,Increases Predicted Revenue,5
14395.0,Frequency,17.0,78.90995564348152,78.90995564348152,Increases Predicted Revenue,2
14395.0,Monetary,6666.52,159.54571620907097,159.54571620907097,Increases Predicted Revenue,1
14395.0,TotalItems,3351.0,70.05154307578883,70.05154307578883,Increases Predicted Revenue,4
14395.0,AverageOrderValue,392.1482352941177,72.26027880088098,72.26027880088098,Increases Predicted Revenue,3
14395.0,Tenure,422.0,25.251535276395497,25.251535276395497,Increases Predicted Revenue,6
16474.0,Recency,54.0,-2.9547558911413496,2.9547558911413496,Decreases Predicted Revenue,6
16474.0,Frequency,1.0,-56.09454602007639,56.09454602007639,Decreases Predicted Revenue,2
16474.0,Monetary,355.57,-57.19495000150491,57.19495000150491,Decreases Predicted Revenue,1
16474.0,TotalItems,204.0,-47.09704164560676,47.09704164560676,Decreases Predicted Revenue,3
16474.0,AverageOrderValue,355.57,-4.79534060200497,4.79534060200497,Decreases Predicted Revenue,5
16474.0,Tenure,0.0,15.993229199446002,15.993229199446002,Increases Predicted Revenue,4
16058.0,Recency,315.0,-36.74442037716233,36.74442037716233,Decreases Predicted Revenue,4
16058.0,Frequency,1.0,-37.50417055878957,37.50417055878957,Decreases Predicted Revenue,3
16058.0,Monetary,62.7,-46.89229060309055,46.89229060309055,Decreases Predicted Revenue,1
16058.0,TotalItems,18.0,-38.06292190896954,38.06292190896954,Decreases Predicted Revenue,2
16058.0,AverageOrderValue,62.7,-17.686506068498602,17.686506068498602,Decreases Predicted Revenue,5
16058.0,Tenure,0.0,9.347580236828826,9.347580236828826,Increases Predicted Revenue,6
14606.0,Recency,3.0,996.0247687309275,996.0247687309275,Increases Predicted Revenue,4
14606.0,Frequency,170.0,1009.1615039633233,1009.1615039633233,Increases Predicted Revenue,3
14606.0,Monetary,28268.6,1296.456091661472,1296.456091661472,Increases Predicted Revenue,1
14606.0,TotalItems,14291.0,1080.374078322409,1080.374078322409,Increases Predicted Revenue,2
14606.0,AverageOrderValue,166.28588235294117,45.662846547251256,45.662846547251256,Increases Predicted Revenue,6
14606.0,Tenure,643.0,-399.7311341974587,399.7311341974587,Decreases Predicted Revenue,5
15459.0,Recency,326.0,-53.85537717619889,53.85537717619889,Decreases Predicted Revenue,1
15459.0,Frequency,2.0,-41.535643490491054,41.535643490491054,Decreases Predicted Revenue,3
15459.0,Monetary,202.83,-51.90570486324283,51.90570486324283,Decreases Predicted Revenue,2
15459.0,TotalItems,121.0,-37.03179171157785,37.03179171157785,Decreases Predicted Revenue,4
15459.0,AverageOrderValue,101.415,-9.043106517019318,9.043106517019318,Decreases Predicted Revenue,6
15459.0,Tenure,80.0,27.526893497697706,27.526893497697706,Increases Predicted Revenue,5
16615.0,Recency,535.0,-58.82001783837652,58.82001783837652,Decreases Predicted Revenue,1
16615.0,Frequency,1.0,-43.65691257047574,43.65691257047574,Decreases Predicted Revenue,3
16615.0,Monetary,291.5,-46.53572824948041,46.53572824948041,Decreases Predicted Revenue,2
16615.0,TotalItems,211.0,-36.227134673671905,36.227134673671905,Decreases Predicted Revenue,4
16615.0,AverageOrderValue,291.5,5.227933559165907,5.227933559165907,Increases Predicted Revenue,6
16615.0,Tenure,0.0,12.274877321012795,12.274877321012795,Increases Predicted Revenue,5
16572.0,Recency,36.0,14.97477362049343,14.97477362049343,Increases Predicted Revenue,5
16572.0,Frequency,3.0,-55.170797732750735,55.170797732750735,Decreases Predicted Revenue,2
16572.0,Monetary,1009.6,-62.1797822094271,62.1797822094271,Decreases Predicted Revenue,1
16572.0,TotalItems,532.0,-49.67430202790606,49.67430202790606,Decreases Predicted Revenue,3
16572.0,AverageOrderValue,336.53333333333336,-0.6266139747235648,0.6266139747235648,Decreases Predicted Revenue,6
16572.0,Tenure,148.0,48.435876739791944,48.435876739791944,Increases Predicted Revenue,4
14943.0,Recency,572.0,-50.51660659716377,50.51660659716377,Decreases Predicted Revenue,1
14943.0,Frequency,1.0,-39.63452098704636,39.63452098704636,Decreases Predicted Revenue,3
14943.0,Monetary,107.62,-44.32574716767271,44.32574716767271,Decreases Predicted Revenue,2
14943.0,TotalItems,46.0,-35.740799241395145,35.740799241395145,Decreases Predicted Revenue,4
14943.0,AverageOrderValue,107.62,-10.0335284023409,10.0335284023409,Decreases Predicted Revenue,6
14943.0,Tenure,0.0,12.30158285882876,12.30158285882876,Increases Predicted Revenue,5
16383.0,Recency,177.0,-48.53575580633841,48.53575580633841,Decreases Predicted Revenue,1
16383.0,Frequency,6.0,-14.995010029472228,14.995010029472228,Decreases Predicted Revenue,4
16383.0,Monetary,2615.94,-20.599239915787567,20.599239915787567,Decreases Predicted Revenue,2
16383.0,TotalItems,1443.0,-13.566118534130386,13.566118534130386,Decreases Predicted Revenue,5
16383.0,AverageOrderValue,435.99,-19.978979308915978,19.978979308915978,Decreases Predicted Revenue,3
16383.0,Tenure,404.0,-8.678766752606599,8.678766752606599,Decreases Predicted Revenue,6
13393.0,Recency,493.0,-82.23889084681451,82.23889084681451,Decreases Predicted Revenue,1
13393.0,Frequency,4.0,-44.70973719582645,44.70973719582645,Decreases Predicted Revenue,3
13393.0,Monetary,1131.45,-48.04496053630214,48.04496053630214,Decreases Predicted Revenue,2
13393.0,TotalItems,662.0,-27.87098160347945,27.87098160347945,Decreases Predicted Revenue,5
13393.0,AverageOrderValue,282.8625,0.279465405294936,0.279465405294936,Increases Predicted Revenue,6
13393.0,Tenure,148.0,35.81715167791211,35.81715167791211,Increases Predicted Revenue,4
12370.0,Recency,184.0,-73.54403369467506,73.54403369467506,Decreases Predicted Revenue,1
12370.0,Frequency,6.0,-13.45737207797405,13.45737207797405,Decreases Predicted Revenue,2
12370.0,Monetary,3581.03,2.058033110987669,2.058033110987669,Increases Predicted Revenue,5
12370.0,TotalItems,2225.0,-8.256004135915527,8.256004135915527,Decreases Predicted Revenue,4
12370.0,AverageOrderValue,596.8383333333334,-11.278379316968959,11.278379316968959,Decreases Predicted Revenue,3
12370.0,Tenure,394.0,1.5564218062713937,1.5564218062713937,Increases Predicted Revenue,6
13472.0,Recency,373.0,-58.43343411861939,58.43343411861939,Decreases Predicted Revenue,1
13472.0,Frequency,2.0,-43.58067167336205,43.58067167336205,Decreases Predicted Revenue,4
13472.0,Monetary,592.24,-49.251867159058186,49.251867159058186,Decreases Predicted Revenue,2
13472.0,TotalItems,310.0,-46.202063672019925,46.202063672019925,Decreases Predicted Revenue,3
13472.0,AverageOrderValue,296.12,2.3373388145271305,2.3373388145271305,Increases Predicted Revenue,6
13472.0,Tenure,91.0,28.412570624858763,28.412570624858763,Increases Predicted Revenue,5
12962.0,Recency,22.0,9.343908618318174,9.343908618318174,Increases Predicted Revenue,5
12962.0,Frequency,1.0,-63.02836053150865,63.02836053150865,Decreases Predicted Revenue,2
12962.0,Monetary,170.54000000000002,-81.90978780048886,81.90978780048886,Decreases Predicted Revenue,1
12962.0,TotalItems,78.0,-51.81873351354794,51.81873351354794,Decreases Predicted Revenue,3
12962.0,AverageOrderValue,170.54000000000002,5.393270543144246,5.393270543144246,Increases Predicted Revenue,6
12962.0,Tenure,0.0,17.961522892773917,17.961522892773917,Increases Predicted Revenue,4
13078.0,Recency,16.0,467.6281843613673,467.6281843613673,Increases Predicted Revenue,3
13078.0,Frequency,46.0,451.6529445468256,451.6529445468256,Increases Predicted Revenue,4
13078.0,Monetary,23821.66,648.5525578913067,648.5525578913067,Increases Predicted Revenue,1
13078.0,TotalItems,9053.0,535.2541873165836,535.2541873165836,Increases Predicted Revenue,2
13078.0,AverageOrderValue,517.8621739130434,-127.03931753759154,127.03931753759154,Decreases Predicted Revenue,5
13078.0,Tenure,632.0,-126.07175001303655,126.07175001303655,Decreases Predicted Revenue,6
14913.0,Recency,92.0,9.10196365081072,9.10196365081072,Increases Predicted Revenue,5
14913.0,Frequency,7.0,17.965455419544497,17.965455419544497,Increases Predicted Revenue,3
14913.0,Monetary,3762.85,17.05150619388864,17.05150619388864,Increases Predicted Revenue,4
14913.0,TotalItems,3574.0,1.7925777767844382,1.7925777767844382,Increases Predicted Revenue,6
14913.0,AverageOrderValue,537.55,-48.28715451588436,48.28715451588436,Decreases Predicted Revenue,2
14913.0,Tenure,302.0,56.14638972599652,56.14638972599652,Increases Predicted Revenue,1
12609.0,Recency,95.0,-8.849591618828924,8.849591618828924,Decreases Predicted Revenue,5
12609.0,Frequency,8.0,-1.5952046462889387,1.5952046462889387,Decreases Predicted Revenue,6
12609.0,Monetary,3109.74,-17.757364215951277,17.757364215951277,Decreases Predicted Revenue,4
12609.0,TotalItems,1423.0,-26.179681047134565,26.179681047134565,Decreases Predicted Revenue,2
12609.0,AverageOrderValue,388.7175,26.123739511256826,26.123739511256826,Increases Predicted Revenue,3
12609.0,Tenure,533.0,-27.749906079764067,27.749906079764067,Decreases Predicted Revenue,1
14113.0,Recency,264.0,-143.25522494288174,143.25522494288174,Decreases Predicted Revenue,1
14113.0,Frequency,13.0,-5.120799927684523,5.120799927684523,Decreases Predicted Revenue,4
14113.0,Monetary,5685.6900000000005,21.132580614878567,21.132580614878567,Increases Predicted Revenue,2
14113.0,TotalItems,2796.0,-3.4894209647966616,3.4894209647966616,Decreases Predicted Revenue,5
14113.0,AverageOrderValue,437.3607692307693,-18.614865894519173,18.614865894519173,Decreases Predicted Revenue,3
14113.0,Tenure,377.0,-0.5456838400525691,0.5456838400525691,Decreases Predicted Revenue,6
14585.0,Recency,292.0,-63.42927889493537,63.42927889493537,Decreases Predicted Revenue,1
14585.0,Frequency,4.0,-37.36252418435355,37.36252418435355,Decreases Predicted Revenue,4
14585.0,Monetary,986.22,-48.64942749188703,48.64942749188703,Decreases Predicted Revenue,2
14585.0,TotalItems,539.0,-38.21213088466522,38.21213088466522,Decreases Predicted Revenue,3
14585.0,AverageOrderValue,246.555,2.8781551345169256,2.8781551345169256,Increases Predicted Revenue,6
14585.0,Tenure,34.0,22.594676473056193,22.594676473056193,Increases Predicted Revenue,5
16494.0,Recency,206.0,-58.29674584605599,58.29674584605599,Decreases Predicted Revenue,1
16494.0,Frequency,1.0,-44.254017202354774,44.254017202354774,Decreases Predicted Revenue,3
16494.0,Monetary,826.53,-45.85196652693333,45.85196652693333,Decreases Predicted Revenue,2
16494.0,TotalItems,675.0,-20.29680373997949,20.29680373997949,Decreases Predicted Revenue,5
16494.0,AverageOrderValue,826.53,-9.027260458756162,9.027260458756162,Decreases Predicted Revenue,6
16494.0,Tenure,0.0,21.55016871302467,21.55016871302467,Increases Predicted Revenue,4
14410.0,Recency,1.0,104.25075344907879,104.25075344907879,Increases Predicted Revenue,1
14410.0,Frequency,11.0,38.916936511796465,38.916936511796465,Increases Predicted Revenue,3
14410.0,Monetary,2651.14,-8.052954667312218,8.052954667312218,Decreases Predicted Revenue,6
14410.0,TotalItems,1377.0,12.642991747216325,12.642991747216325,Increases Predicted Revenue,5
14410.0,AverageOrderValue,241.0127272727273,12.708227313850205,12.708227313850205,Increases Predicted Revenue,4
14410.0,Tenure,344.0,53.71590108943318,53.71590108943318,Increases Predicted Revenue,2
13695.0,Recency,7.0,45.58451106392337,45.58451106392337,Increases Predicted Revenue,3
13695.0,Frequency,13.0,12.693766118949164,12.693766118949164,Increases Predicted Revenue,6
13695.0,Monetary,2033.67,-92.72900652890053,92.72900652890053,Decreases Predicted Revenue,1
13695.0,TotalItems,1362.0,-26.46711631492319,26.46711631492319,Decreases Predicted Revenue,4
13695.0,AverageOrderValue,156.43615384615384,15.293809897224207,15.293809897224207,Increases Predicted Revenue,5
13695.0,Tenure,479.0,-62.48591097561239,62.48591097561239,Decreases Predicted Revenue,2
15950.0,Recency,15.0,31.77181102342897,31.77181102342897,Increases Predicted Revenue,4
15950.0,Frequency,8.0,-1.418228125251865,1.418228125251865,Decreases Predicted Revenue,6
15950.0,Monetary,6506.58,51.02483695558021,51.02483695558021,Increases Predicted Revenue,2
15950.0,TotalItems,3100.0,3.387618613195489,3.387618613195489,Increases Predicted Revenue,5
15950.0,AverageOrderValue,813.3225,-91.5615039484155,91.5615039484155,Decreases Predicted Revenue,1
15950.0,Tenure,576.0,-32.34729425684158,32.34729425684158,Decreases Predicted Revenue,3
17547.0,Recency,285.0,-49.49287163494117,49.49287163494117,Decreases Predicted Revenue,2
17547.0,Frequency,2.0,-43.44067602869132,43.44067602869132,Decreases Predicted Revenue,4
17547.0,Monetary,727.85,-49.718465613825366,49.718465613825366,Decreases Predicted Revenue,1
17547.0,TotalItems,223.0,-45.38144512762633,45.38144512762633,Decreases Predicted Revenue,3
17547.0,AverageOrderValue,363.925,3.1982400947570397,3.1982400947570397,Increases Predicted Revenue,6
17547.0,Tenure,289.0,20.887476167857322,20.887476167857322,Increases Predicted Revenue,5
15368.0,Recency,303.0,-50.71035585968233,50.71035585968233,Decreases Predicted Revenue,1
15368.0,Frequency,1.0,-43.464798112616116,43.464798112616116,Decreases Predicted Revenue,3
15368.0,Monetary,275.8,-48.77995655844431,48.77995655844431,Decreases Predicted Revenue,2
15368.0,TotalItems,176.0,-37.60979607675825,37.60979607675825,Decreases Predicted Revenue,4
15368.0,AverageOrderValue,275.8,2.7995710202799753,2.7995710202799753,Increases Predicted Revenue,6
15368.0,Tenure,0.0,13.468930171600464,13.468930171600464,Increases Predicted Revenue,5
15713.0,Recency,52.0,-1.0691171188025343,1.0691171188025343,Decreases Predicted Revenue,6
15713.0,Frequency,4.0,-43.58840851127007,43.58840851127007,Decreases Predicted Revenue,2
15713.0,Monetary,1010.79,-60.238257177689604,60.238257177689604,Decreases Predicted Revenue,1
15713.0,TotalItems,510.0,-42.79805127633384,42.79805127633384,Decreases Predicted Revenue,3
15713.0,AverageOrderValue,252.6975,2.1316921204413113,2.1316921204413113,Increases Predicted Revenue,5
15713.0,Tenure,580.0,-14.267576528043758,14.267576528043758,Decreases Predicted Revenue,4
17637.0,Recency,24.0,6.142078373501835,6.142078373501835,Increases Predicted Revenue,5
17637.0,Frequency,1.0,-57.86132923551031,57.86132923551031,Decreases Predicted Revenue,2
17637.0,Monetary,338.95,-61.9895006731991,61.9895006731991,Decreases Predicted Revenue,1
17637.0,TotalItems,215.0,-52.86052600489372,52.86052600489372,Decreases Predicted Revenue,3
17637.0,AverageOrderValue,338.95,-2.4383229806031745,2.4383229806031745,Decreases Predicted Revenue,6
17637.0,Tenure,0.0,21.16199064959175,21.16199064959175,Increases Predicted Revenue,4
15984.0,Recency,10.0,263.4137053196369,263.4137053196369,Increases Predicted Revenue,2
15984.0,Frequency,27.0,251.91870706173512,251.91870706173512,Increases Predicted Revenue,3
15984.0,Monetary,7770.41,281.9977584247494,281.9977584247494,Increases Predicted Revenue,1
15984.0,TotalItems,5199.0,212.0649063881721,212.0649063881721,Increases Predicted Revenue,4
15984.0,AverageOrderValue,287.792962962963,41.97237438090909,41.97237438090909,Increases Predicted Revenue,6
15984.0,Tenure,637.0,-70.03772268789709,70.03772268789709,Decreases Predicted Revenue,5
17265.0,Recency,48.0,6.337917601240292,6.337917601240292,Increases Predicted Revenue,5
17265.0,Frequency,2.0,-65.53391700140224,65.53391700140224,Decreases Predicted Revenue,2
17265.0,Monetary,562.9,-66.74846648024757,66.74846648024757,Decreases Predicted Revenue,1
17265.0,TotalItems,394.0,-40.070212509129185,40.070212509129185,Decreases Predicted Revenue,4
17265.0,AverageOrderValue,281.45,3.24746849143174,3.24746849143174,Increases Predicted Revenue,6
17265.0,Tenure,41.0,43.1361656291953,43.1361656291953,Increases Predicted Revenue,3
17109.0,Recency,141.0,-49.993564463598545,49.993564463598545,Decreases Predicted Revenue,2
17109.0,Frequency,4.0,-40.29837284805573,40.29837284805573,Decreases Predicted Revenue,4
17109.0,Monetary,875.01,-50.05659417519822,50.05659417519822,Decreases Predicted Revenue,1
17109.0,TotalItems,448.0,-42.647425961318284,42.647425961318284,Decreases Predicted Revenue,3
17109.0,AverageOrderValue,218.7525,5.348773727388486,5.348773727388486,Increases Predicted Revenue,6
17109.0,Tenure,265.0,17.19009447841878,17.19009447841878,Increases Predicted Revenue,5
15332.0,Recency,275.0,-130.77460374814348,130.77460374814348,Decreases Predicted Revenue,1
15332.0,Frequency,6.0,-19.93457890473814,19.93457890473814,Decreases Predicted Revenue,5
15332.0,Monetary,6553.74,25.353596572459193,25.353596572459193,Increases Predicted Revenue,3
15332.0,TotalItems,2958.0,-8.319626860414914,8.319626860414914,Decreases Predicted Revenue,6
15332.0,AverageOrderValue,1092.29,-20.696626286097647,20.696626286097647,Decreases Predicted Revenue,4
15332.0,Tenure,147.0,38.3620135552634,38.3620135552634,Increases Predicted Revenue,2
13794.0,Recency,456.0,-49.87104911700663,49.87104911700663,Decreases Predicted Revenue,1
13794.0,Frequency,1.0,-38.72836559482315,38.72836559482315,Decreases Predicted Revenue,3
13794.0,Monetary,126.03,-44.076897145341356,44.076897145341356,Decreases Predicted Revenue,2
13794.0,TotalItems,63.0,-33.94192601275155,33.94192601275155,Decreases Predicted Revenue,4
13794.0,AverageOrderValue,126.03,-14.20632171660397,14.20632171660397,Decreases Predicted Revenue,5
13794.0,Tenure,0.0,13.259677461251913,13.259677461251913,Increases Predicted Revenue,6
13252.0,Recency,303.0,-53.82433170515659,53.82433170515659,Decreases Predicted Revenue,2
13252.0,Frequency,2.0,-47.42682117315632,47.42682117315632,Decreases Predicted Revenue,3
13252.0,Monetary,399.3,-56.13003932185021,56.13003932185021,Decreases Predicted Revenue,1
13252.0,TotalItems,134.0,-43.45714928679135,43.45714928679135,Decreases Predicted Revenue,4
13252.0,AverageOrderValue,199.65,8.01716239139965,8.01716239139965,Increases Predicted Revenue,6
13252.0,Tenure,231.0,28.33396179450096,28.33396179450096,Increases Predicted Revenue,5
17194.0,Recency,183.0,-55.30686266459895,55.30686266459895,Decreases Predicted Revenue,1
17194.0,Frequency,3.0,-45.204150060011074,45.204150060011074,Decreases Predicted Revenue,3
17194.0,Monetary,812.5,-52.673001969358296,52.673001969358296,Decreases Predicted Revenue,2
17194.0,TotalItems,420.0,-41.60458800620507,41.60458800620507,Decreases Predicted Revenue,4
17194.0,AverageOrderValue,270.8333333333333,1.0123093282841649,1.0123093282841649,Increases Predicted Revenue,6
17194.0,Tenure,256.0,35.05598452296751,35.05598452296751,Increases Predicted Revenue,5
13541.0,Recency,336.0,-59.516215922604204,59.516215922604204,Decreases Predicted Revenue,1
13541.0,Frequency,2.0,-45.695582879717826,45.695582879717826,Decreases Predicted Revenue,4
13541.0,Monetary,785.25,-46.57852698272746,46.57852698272746,Decreases Predicted Revenue,3
13541.0,TotalItems,279.0,-46.78628065018079,46.78628065018079,Decreases Predicted Revenue,2
13541.0,AverageOrderValue,392.625,4.5189784458288145,4.5189784458288145,Increases Predicted Revenue,6
13541.0,Tenure,143.0,28.93163439855076,28.93163439855076,Increases Predicted Revenue,5
12924.0,Recency,107.0,-11.187678940852898,11.187678940852898,Decreases Predicted Revenue,5
12924.0,Frequency,11.0,-0.10792199709453776,0.10792199709453776,Decreases Predicted Revenue,6
12924.0,Monetary,2190.9700000000003,-41.52972773879789,41.52972773879789,Decreases Predicted Revenue,1
12924.0,TotalItems,1227.0,-18.575382924856363,18.575382924856363,Decreases Predicted Revenue,3
12924.0,AverageOrderValue,199.17909090909092,16.982325498178724,16.982325498178724,Increases Predicted Revenue,4
12924.0,Tenure,532.0,-30.84251812136464,30.84251812136464,Decreases Predicted Revenue,2
14889.0,Recency,245.0,-50.233360239558806,50.233360239558806,Decreases Predicted Revenue,1
14889.0,Frequency,1.0,-42.376332572360496,42.376332572360496,Decreases Predicted Revenue,3
14889.0,Monetary,135.9,-49.268846966919114,49.268846966919114,Decreases Predicted Revenue,2
14889.0,TotalItems,90.0,-35.03243825549468,35.03243825549468,Decreases Predicted Revenue,4
14889.0,AverageOrderValue,135.9,-3.193234189478016,3.193234189478016,Decreases Predicted Revenue,6
14889.0,Tenure,0.0,14.001162134022083,14.001162134022083,Increases Predicted Revenue,5
12533.0,Recency,537.0,-94.33143385625979,94.33143385625979,Decreases Predicted Revenue,1
12533.0,Frequency,2.0,-50.392793064123055,50.392793064123055,Decreases Predicted Revenue,2
12533.0,Monetary,1367.89,-41.22490980562728,41.22490980562728,Decreases Predicted Revenue,3
12533.0,TotalItems,704.0,-20.324231087624014,20.324231087624014,Decreases Predicted Revenue,5
12533.0,AverageOrderValue,683.945,4.24003330987382,4.24003330987382,Increases Predicted Revenue,6
12533.0,Tenure,110.0,36.43700773213408,36.43700773213408,Increases Predicted Revenue,4
14275.0,Recency,305.0,-81.59356060541714,81.59356060541714,Decreases Predicted Revenue,1
14275.0,Frequency,6.0,-18.92890751902555,18.92890751902555,Decreases Predicted Revenue,5
14275.0,Monetary,1189.38,-53.1244986137786,53.1244986137786,Decreases Predicted Revenue,2
14275.0,TotalItems,538.0,-48.35810765501116,48.35810765501116,Decreases Predicted Revenue,3
14275.0,AverageOrderValue,198.23,9.494760687425536,9.494760687425536,Increases Predicted Revenue,6
14275.0,Tenure,211.0,33.90409103168948,33.90409103168948,Increases Predicted Revenue,4
13194.0,Recency,45.0,-2.2028709263639072,2.2028709263639072,Decreases Predicted Revenue,6
13194.0,Frequency,2.0,-56.05964567327265,56.05964567327265,Decreases Predicted Revenue,3
13194.0,Monetary,472.78,-65.02649300898003,65.02649300898003,Decreases Predicted Revenue,1
13194.0,TotalItems,326.0,-59.41674470027812,59.41674470027812,Decreases Predicted Revenue,2
13194.0,AverageOrderValue,236.39,2.996626303750838,2.996626303750838,Increases Predicted Revenue,5
13194.0,Tenure,285.0,26.22859262877249,26.22859262877249,Increases Predicted Revenue,4
16648.0,Recency,365.0,-54.0099815094897,54.0099815094897,Decreases Predicted Revenue,1
16648.0,Frequency,2.0,-43.87301799842416,43.87301799842416,Decreases Predicted Revenue,4
16648.0,Monetary,382.14,-50.17597693018505,50.17597693018505,Decreases Predicted Revenue,2
16648.0,TotalItems,222.0,-43.88532458772405,43.88532458772405,Decreases Predicted Revenue,3
16648.0,AverageOrderValue,191.07,-0.34179490317471545,0.34179490317471545,Decreases Predicted Revenue,6
16648.0,Tenure,134.0,25.788202484466737,25.788202484466737,Increases Predicted Revenue,5
17544.0,Recency,299.0,-57.301701328354966,57.301701328354966,Decreases Predicted Revenue,1
17544.0,Frequency,3.0,-39.54217422419014,39.54217422419014,Decreases Predicted Revenue,3
17544.0,Monetary,960.69,-45.053857227145656,45.053857227145656,Decreases Predicted Revenue,2
17544.0,TotalItems,439.0,-38.94498859042588,38.94498859042588,Decreases Predicted Revenue,4
17544.0,AverageOrderValue,320.23,2.9693094812472176,2.9693094812472176,Increases Predicted Revenue,6
17544.0,Tenure,0.0,16.227460802821312,16.227460802821312,Increases Predicted Revenue,5
16470.0,Recency,25.0,11.880798995235947,11.880798995235947,Increases Predicted Revenue,6
16470.0,Frequency,10.0,13.920893048649585,13.920893048649585,Increases Predicted Revenue,5
16470.0,Monetary,2235.34,-72.63083227887029,72.63083227887029,Decreases Predicted Revenue,1
16470.0,TotalItems,1184.0,-25.646947699777098,25.646947699777098,Decreases Predicted Revenue,3
16470.0,AverageOrderValue,223.534,15.070229897756143,15.070229897756143,Increases Predicted Revenue,4
16470.0,Tenure,612.0,-39.954898806584296,39.954898806584296,Decreases Predicted Revenue,2
14302.0,Recency,340.0,-55.48082699272353,55.48082699272353,Decreases Predicted Revenue,1
14302.0,Frequency,3.0,-40.60389137917103,40.60389137917103,Decreases Predicted Revenue,4
14302.0,Monetary,742.9000000000001,-47.471746679678105,47.471746679678105,Decreases Predicted Revenue,2
14302.0,TotalItems,298.0,-45.50922769622749,45.50922769622749,Decreases Predicted Revenue,3
14302.0,AverageOrderValue,247.63333333333333,2.104074190548134,2.104074190548134,Increases Predicted Revenue,6
14302.0,Tenure,306.0,22.06793452365826,22.06793452365826,Increases Predicted Revenue,5
15306.0,Recency,2.0,33.7634000220552,33.7634000220552,Increases Predicted Revenue,3
15306.0,Frequency,8.0,-7.099889099634603,7.099889099634603,Decreases Predicted Revenue,5
15306.0,Monetary,2967.45,-44.03466125163193,44.03466125163193,Decreases Predicted Revenue,1
15306.0,TotalItems,2776.0,4.36866868151276,4.36866868151276,Increases Predicted Revenue,6
15306.0,AverageOrderValue,370.93125,29.414543661356067,29.414543661356067,Increases Predicted Revenue,4
15306.0,Tenure,566.0,-34.696517690009244,34.696517690009244,Decreases Predicted Revenue,2
17535.0,Recency,189.0,-47.644408229822275,47.644408229822275,Decreases Predicted Revenue,2
17535.0,Frequency,1.0,-43.24517938410001,43.24517938410001,Decreases Predicted Revenue,3
17535.0,Monetary,164.4,-53.42553264217205,53.42553264217205,Decreases Predicted Revenue,1
17535.0,TotalItems,136.0,-37.94346061630885,37.94346061630885,Decreases Predicted Revenue,4
17535.0,AverageOrderValue,164.4,2.026854926049835,2.026854926049835,Increases Predicted Revenue,6
17535.0,Tenure,0.0,13.58343136388783,13.58343136388783,Increases Predicted Revenue,5
14741.0,Recency,22.0,57.552243437297136,57.552243437297136,Increases Predicted Revenue,1
14741.0,Frequency,5.0,-20.031366291521397,20.031366291521397,Decreases Predicted Revenue,4
14741.0,Monetary,1362.21,-53.08209303028259,53.08209303028259,Decreases Predicted Revenue,2
14741.0,TotalItems,837.0,-15.786275696121606,15.786275696121606,Decreases Predicted Revenue,5
14741.0,AverageOrderValue,272.442,1.479579086943203,1.479579086943203,Increases Predicted Revenue,6
14741.0,Tenure,304.0,38.0500934159841,38.0500934159841,Increases Predicted Revenue,3
17209.0,Recency,558.0,-83.7994017619105,83.7994017619105,Decreases Predicted Revenue,1
17209.0,Frequency,3.0,-47.21456484314251,47.21456484314251,Decreases Predicted Revenue,3
17209.0,Monetary,611.6,-56.759268454937995,56.759268454937995,Decreases Predicted Revenue,2
17209.0,TotalItems,731.0,-21.264306414550212,21.264306414550212,Decreases Predicted Revenue,5
17209.0,AverageOrderValue,203.86666666666667,6.503775880983569,6.503775880983569,Increases Predicted Revenue,6
17209.0,Tenure,87.0,37.59761514752397,37.59761514752397,Increases Predicted Revenue,4
15996.0,Recency,25.0,47.59540983809563,47.59540983809563,Increases Predicted Revenue,2
15996.0,Frequency,6.0,-3.4597026343896755,3.4597026343896755,Decreases Predicted Revenue,6
15996.0,Monetary,1534.08,-69.76520596894821,69.76520596894821,Decreases Predicted Revenue,1
15996.0,TotalItems,703.0,-19.07565584176907,19.07565584176907,Decreases Predicted Revenue,4
15996.0,AverageOrderValue,255.68,6.359613456642812,6.359613456642812,Increases Predicted Revenue,5
15996.0,Tenure,280.0,37.38881833317761,37.38881833317761,Increases Predicted Revenue,3
13358.0,Recency,178.0,-42.84620423492258,42.84620423492258,Decreases Predicted Revenue,3
13358.0,Frequency,1.0,-40.92636469270699,40.92636469270699,Decreases Predicted Revenue,4
13358.0,Monetary,439.03,-43.827872931739115,43.827872931739115,Decreases Predicted Revenue,2
13358.0,TotalItems,285.0,-44.06209294584218,44.06209294584218,Decreases Predicted Revenue,1
13358.0,AverageOrderValue,439.03,-8.417474172518332,8.417474172518332,Decreases Predicted Revenue,6
13358.0,Tenure,0.0,13.301277386219367,13.301277386219367,Increases Predicted Revenue,5
15879.0,Recency,313.0,-59.73419803668604,59.73419803668604,Decreases Predicted Revenue,1
15879.0,Frequency,4.0,-43.91927892016236,43.91927892016236,Decreases Predicted Revenue,3
15879.0,Monetary,1157.3,-54.44515277237592,54.44515277237592,Decreases Predicted Revenue,2
15879.0,TotalItems,643.0,-29.493203863093747,29.493203863093747,Decreases Predicted Revenue,4
15879.0,AverageOrderValue,289.325,5.195157254093182,5.195157254093182,Increases Predicted Revenue,6
15879.0,Tenure,317.0,20.36813891300035,20.36813891300035,Increases Predicted Revenue,5
18101.0,Recency,52.0,0.7898193861817759,0.7898193861817759,Increases Predicted Revenue,6
18101.0,Frequency,4.0,-38.20748898965523,38.20748898965523,Decreases Predicted Revenue,2
18101.0,Monetary,515.74,-57.15275086827147,57.15275086827147,Decreases Predicted Revenue,1
18101.0,TotalItems,187.0,-33.4447611965079,33.4447611965079,Decreases Predicted Revenue,3
18101.0,AverageOrderValue,128.935,-12.149485885422287,12.149485885422287,Decreases Predicted Revenue,4
18101.0,Tenure,530.0,-11.268190452471503,11.268190452471503,Decreases Predicted Revenue,5
17091.0,Recency,7.0,164.969293733163,164.969293733163,Increases Predicted Revenue,2
17091.0,Frequency,17.0,142.34608308954625,142.34608308954625,Increases Predicted Revenue,3
17091.0,Monetary,6675.34,183.2148300313662,183.2148300313662,Increases Predicted Revenue,1
17091.0,TotalItems,3389.0,49.75895349015496,49.75895349015496,Increases Predicted Revenue,6
17091.0,AverageOrderValue,392.66705882352943,51.55324782929218,51.55324782929218,Increases Predicted Revenue,5
17091.0,Tenure,624.0,-60.114689726837184,60.114689726837184,Decreases Predicted Revenue,4
16469.0,Recency,155.0,-48.161952749999415,48.161952749999415,Decreases Predicted Revenue,2
16469.0,Frequency,3.0,-43.629852129308354,43.629852129308354,Decreases Predicted Revenue,3
16469.0,Monetary,455.36,-51.75071922134169,51.75071922134169,Decreases Predicted Revenue,1
16469.0,TotalItems,186.0,-39.26988856005787,39.26988856005787,Decreases Predicted Revenue,4
16469.0,AverageOrderValue,151.78666666666666,3.9810734571572763,3.9810734571572763,Increases Predicted Revenue,6
16469.0,Tenure,267.0,16.412145870121034,16.412145870121034,Increases Predicted Revenue,5
16834.0,Recency,137.0,-34.57815963025502,34.57815963025502,Decreases Predicted Revenue,3
16834.0,Frequency,2.0,-40.0172849921562,40.0172849921562,Decreases Predicted Revenue,2
16834.0,Monetary,898.96,-43.10574149116658,43.10574149116658,Decreases Predicted Revenue,1
16834.0,TotalItems,760.0,-19.137696548713155,19.137696548713155,Decreases Predicted Revenue,4
16834.0,AverageOrderValue,449.48,-12.338821527719157,12.338821527719157,Decreases Predicted Revenue,6
16834.0,Tenure,446.0,-14.926144637058854,14.926144637058854,Decreases Predicted Revenue,5
17799.0,Recency,8.0,180.627737538605,180.627737538605,Increases Predicted Revenue,3
17799.0,Frequency,19.0,182.01024437499345,182.01024437499345,Increases Predicted Revenue,2
17799.0,Monetary,5817.71,183.60181783213525,183.60181783213525,Increases Predicted Revenue,1
17799.0,TotalItems,3298.0,51.88237960000168,51.88237960000168,Increases Predicted Revenue,5
17799.0,AverageOrderValue,306.1952631578947,21.28448990392798,21.28448990392798,Increases Predicted Revenue,6
17799.0,Tenure,626.0,-60.59126818077049,60.59126818077049,Decreases Predicted Revenue,4
17127.0,Recency,338.0,-70.75352353761672,70.75352353761672,Decreases Predicted Revenue,1
17127.0,Frequency,5.0,-26.259267787536466,26.259267787536466,Decreases Predicted Revenue,4
17127.0,Monetary,1155.0300000000002,-50.55325440367746,50.55325440367746,Decreases Predicted Revenue,2
17127.0,TotalItems,340.0,-46.87400476875918,46.87400476875918,Decreases Predicted Revenue,3
17127.0,AverageOrderValue,231.00600000000003,4.205196036163481,4.205196036163481,Increases Predicted Revenue,6
17127.0,Tenure,306.0,25.04112706286245,25.04112706286245,Increases Predicted Revenue,5
14483.0,Recency,191.0,-38.02317837974461,38.02317837974461,Decreases Predicted Revenue,2
14483.0,Frequency,2.0,-35.12384117207775,35.12384117207775,Decreases Predicted Revenue,3
14483.0,Monetary,257.1,-42.30810870476843,42.30810870476843,Decreases Predicted Revenue,1
14483.0,TotalItems,193.0,-28.567510001917004,28.567510001917004,Decreases Predicted Revenue,4
14483.0,AverageOrderValue,128.55,-13.442796545447107,13.442796545447107,Decreases Predicted Revenue,5
14483.0,Tenure,455.0,-8.176230282945534,8.176230282945534,Decreases Predicted Revenue,6
17576.0,Recency,8.0,277.53848221555495,277.53848221555495,Increases Predicted Revenue,1
17576.0,Frequency,36.0,243.7965882432439,243.7965882432439,Increases Predicted Revenue,3
17576.0,Monetary,7741.08,275.82956778125924,275.82956778125924,Increases Predicted Revenue,2
17576.0,TotalItems,4154.0,181.49711322421442,181.49711322421442,Increases Predicted Revenue,4
17576.0,AverageOrderValue,215.03,56.58661480561681,56.58661480561681,Increases Predicted Revenue,6
17576.0,Tenure,636.0,-59.118527945367894,59.118527945367894,Decreases Predicted Revenue,5
13152.0,Recency,326.0,-100.10378229303093,100.10378229303093,Decreases Predicted Revenue,1
13152.0,Frequency,7.0,-17.00314644739428,17.00314644739428,Decreases Predicted Revenue,5
13152.0,Monetary,2146.38,-41.21949115316601,41.21949115316601,Decreases Predicted Revenue,2
13152.0,TotalItems,977.0,-27.983999220100884,27.983999220100884,Decreases Predicted Revenue,4
13152.0,AverageOrderValue,306.6257142857143,-0.12773383938478233,0.12773383938478233,Decreases Predicted Revenue,6
13152.0,Tenure,277.0,28.87083232903153,28.87083232903153,Increases Predicted Revenue,3
12623.0,Recency,185.0,-58.949046630782064,58.949046630782064,Decreases Predicted Revenue,1
12623.0,Frequency,7.0,-10.08524906745105,10.08524906745105,Decreases Predicted Revenue,4
12623.0,Monetary,3747.84,-8.252093293209064,8.252093293209064,Decreases Predicted Revenue,5
12623.0,TotalItems,1971.0,-22.57052997368075,22.57052997368075,Decreases Predicted Revenue,3
12623.0,AverageOrderValue,535.4057142857143,-27.47227460766148,27.47227460766148,Decreases Predicted Revenue,2
12623.0,Tenure,420.0,-1.5492013327649257,1.5492013327649257,Decreases Predicted Revenue,6
15203.0,Recency,15.0,103.49102376070795,103.49102376070795,Increases Predicted Revenue,1
15203.0,Frequency,13.0,98.40998190766699,98.40998190766699,Increases Predicted Revenue,2
15203.0,Monetary,3900.7,95.79995350323605,95.79995350323605,Increases Predicted Revenue,3
15203.0,TotalItems,3768.0,70.45941985321153,70.45941985321153,Increases Predicted Revenue,4
15203.0,AverageOrderValue,300.05384615384617,18.78316049895519,18.78316049895519,Increases Predicted Revenue,6
15203.0,Tenure,625.0,-21.305480045487727,21.305480045487727,Decreases Predicted Revenue,5
13537.0,Recency,335.0,-51.21250189794209,51.21250189794209,Decreases Predicted Revenue,1
13537.0,Frequency,2.0,-39.35525517287091,39.35525517287091,Decreases Predicted Revenue,4
13537.0,Monetary,717.85,-41.9956042212508,41.9956042212508,Decreases Predicted Revenue,2
13537.0,TotalItems,337.0,-40.12346166428866,40.12346166428866,Decreases Predicted Revenue,3
13537.0,AverageOrderValue,358.925,0.9335426078799768,0.9335426078799768,Increases Predicted Revenue,6
13537.0,Tenure,26.0,6.718041041262062,6.718041041262062,Increases Predicted Revenue,5
15092.0,Recency,124.0,-41.11706525209436,41.11706525209436,Decreases Predicted Revenue,4
15092.0,Frequency,3.0,-44.044462548114865,44.044462548114865,Decreases Predicted Revenue,3
15092.0,Monetary,776.46,-54.77771342998395,54.77771342998395,Decreases Predicted Revenue,1
15092.0,TotalItems,230.0,-51.331011397646144,51.331011397646144,Decreases Predicted Revenue,2
15092.0,AverageOrderValue,258.82,2.4585415849273318,2.4585415849273318,Increases Predicted Revenue,6
15092.0,Tenure,247.0,30.463629463074373,30.463629463074373,Increases Predicted Revenue,5
15071.0,Recency,3.0,18.891726750549342,18.891726750549342,Increases Predicted Revenue,5
15071.0,Frequency,4.0,-50.102629743793955,50.102629743793955,Decreases Predicted Revenue,2
15071.0,Monetary,1455.56,-54.02182656720363,54.02182656720363,Decreases Predicted Revenue,1
15071.0,TotalItems,416.0,-43.99491709237348,43.99491709237348,Decreases Predicted Revenue,3
15071.0,AverageOrderValue,363.89,2.338696496882024,2.338696496882024,Increases Predicted Revenue,6
15071.0,Tenure,476.0,-36.48207853877023,36.48207853877023,Decreases Predicted Revenue,4
17426.0,Recency,0.0,182.01192192413163,182.01192192413163,Increases Predicted Revenue,3
17426.0,Frequency,11.0,113.70083680449733,113.70083680449733,Increases Predicted Revenue,4
17426.0,Monetary,7321.1,228.25223223622373,228.25223223622373,Increases Predicted Revenue,1
17426.0,TotalItems,4634.0,195.2751750545327,195.2751750545327,Increases Predicted Revenue,2
17426.0,AverageOrderValue,665.5545454545455,43.0075457725779,43.0075457725779,Increases Predicted Revenue,6
17426.0,Tenure,569.0,-85.06626011995496,85.06626011995496,Decreases Predicted Revenue,5
12431.0,Recency,28.0,123.50851180208741,123.50851180208741,Increases Predicted Revenue,4
12431.0,Frequency,23.0,151.67473544273224,151.67473544273224,Increases Predicted Revenue,2
12431.0,Monetary,9245.09,206.39283366922967,206.39283366922967,Increases Predicted Revenue,1
12431.0,TotalItems,3919.0,123.94653703722965,123.94653703722965,Increases Predicted Revenue,3
12431.0,AverageOrderValue,401.96043478260873,23.129801253503295,23.129801253503295,Increases Predicted Revenue,5
12431.0,Tenure,574.0,-9.855856999934641,9.855856999934641,Decreases Predicted Revenue,6
12690.0,Recency,115.0,-29.939596877520707,29.939596877520707,Decreases Predicted Revenue,4
12690.0,Frequency,1.0,-50.172605372312546,50.172605372312546,Decreases Predicted Revenue,3
12690.0,Monetary,389.01,-54.28248700020185,54.28248700020185,Decreases Predicted Revenue,1
12690.0,TotalItems,106.0,-51.51257620470794,51.51257620470794,Decreases Predicted Revenue,2
12690.0,AverageOrderValue,389.01,13.315212607969087,13.315212607969087,Increases Predicted Revenue,6
12690.0,Tenure,0.0,16.50529247109578,16.50529247109578,Increases Predicted Revenue,5
13628.0,Recency,585.0,-58.08641779825103,58.08641779825103,Decreases Predicted Revenue,1
13628.0,Frequency,1.0,-43.06535028556958,43.06535028556958,Decreases Predicted Revenue,3
13628.0,Monetary,310.14,-44.923441558808854,44.923441558808854,Decreases Predicted Revenue,2
13628.0,TotalItems,106.0,-35.055371860973224,35.055371860973224,Decreases Predicted Revenue,4
13628.0,AverageOrderValue,310.14,-0.31947094165332224,0.31947094165332224,Decreases Predicted Revenue,6
13628.0,Tenure,0.0,13.722386585770451,13.722386585770451,Increases Predicted Revenue,5
12432.0,Recency,79.0,-26.44483494165351,26.44483494165351,Decreases Predicted Revenue,3
12432.0,Frequency,3.0,-60.43077546619333,60.43077546619333,Decreases Predicted Revenue,1
12432.0,Monetary,4016.66,-14.585701905498874,14.585701905498874,Decreases Predicted Revenue,6
12432.0,TotalItems,1427.0,-24.93284809863035,24.93284809863035,Decreases Predicted Revenue,4
12432.0,AverageOrderValue,1338.8866666666663,-34.005300035588974,34.005300035588974,Decreases Predicted Revenue,2
12432.0,Tenure,1.0,19.601561649696187,19.601561649696187,Increases Predicted Revenue,5
17282.0,Recency,39.0,4.102225076486899,4.102225076486899,Increases Predicted Revenue,5
17282.0,Frequency,5.0,-29.20705478530055,29.20705478530055,Decreases Predicted Revenue,3
17282.0,Monetary,2339.66,-50.25445252165602,50.25445252165602,Decreases Predicted Revenue,1
17282.0,TotalItems,2351.0,0.7714235332312738,0.7714235332312738,Increases Predicted Revenue,6
17282.0,AverageOrderValue,467.932,-22.353531225670427,22.353531225670427,Decreases Predicted Revenue,4
17282.0,Tenure,418.0,-34.45322282571785,34.45322282571785,Decreases Predicted Revenue,2
18025.0,Recency,289.0,-93.81701740092669,93.81701740092669,Decreases Predicted Revenue,1
18025.0,Frequency,6.0,-22.475718204904023,22.475718204904023,Decreases Predicted Revenue,5
18025.0,Monetary,1177.72,-59.53602283520929,59.53602283520929,Decreases Predicted Revenue,2
18025.0,TotalItems,1053.0,-24.692087356821975,24.692087356821975,Decreases Predicted Revenue,4
18025.0,AverageOrderValue,196.28666666666663,10.634106035679958,10.634106035679958,Increases Predicted Revenue,6
18025.0,Tenure,239.0,36.793644440286826,36.793644440286826,Increases Predicted Revenue,3
14266.0,Recency,337.0,-49.653373676243895,49.653373676243895,Decreases Predicted Revenue,1
14266.0,Frequency,1.0,-39.48680210777872,39.48680210777872,Decreases Predicted Revenue,3
14266.0,Monetary,40.56,-45.50594518520833,45.50594518520833,Decreases Predicted Revenue,2
14266.0,TotalItems,24.0,-36.120668380829045,36.120668380829045,Decreases Predicted Revenue,4
14266.0,AverageOrderValue,40.56,-8.294237587528706,8.294237587528706,Decreases Predicted Revenue,6
14266.0,Tenure,0.0,11.35246165108444,11.35246165108444,Increases Predicted Revenue,5
16852.0,Recency,85.0,-24.328548092763793,24.328548092763793,Decreases Predicted Revenue,4
16852.0,Frequency,1.0,-43.495467100733194,43.495467100733194,Decreases Predicted Revenue,2
16852.0,Monetary,113.06,-52.58289491118281,52.58289491118281,Decreases Predicted Revenue,1
16852.0,TotalItems,51.0,-42.805369515697365,42.805369515697365,Decreases Predicted Revenue,3
16852.0,AverageOrderValue,113.06,-12.345603522171833,12.345603522171833,Decreases Predicted Revenue,5
16852.0,Tenure,0.0,9.748459996728977,9.748459996728977,Increases Predicted Revenue,6
17709.0,Recency,79.0,-15.560054643867556,15.560054643867556,Decreases Predicted Revenue,4
17709.0,Frequency,5.0,-20.221242117805673,20.221242117805673,Decreases Predicted Revenue,3
17709.0,Monetary,671.01,-55.40071881032846,55.40071881032846,Decreases Predicted Revenue,1
17709.0,TotalItems,295.0,-48.446235784161715,48.446235784161715,Decreases Predicted Revenue,2
17709.0,AverageOrderValue,134.202,-6.565515235544256,6.565515235544256,Decreases Predicted Revenue,6
17709.0,Tenure,433.0,-15.369933324607173,15.369933324607173,Decreases Predicted Revenue,5
16964.0,Recency,642.0,-51.21193138269861,51.21193138269861,Decreases Predicted Revenue,1
16964.0,Frequency,2.0,-39.81652630932029,39.81652630932029,Decreases Predicted Revenue,3
16964.0,Monetary,207.85,-45.63491707366928,45.63491707366928,Decreases Predicted Revenue,2
16964.0,TotalItems,49.0,-35.85196647104201,35.85196647104201,Decreases Predicted Revenue,4
16964.0,AverageOrderValue,103.925,-7.12318660611173,7.12318660611173,Decreases Predicted Revenue,6
16964.0,Tenure,0.0,12.43497782931774,12.43497782931774,Increases Predicted Revenue,5
14017.0,Recency,480.0,-56.148140314885,56.148140314885,Decreases Predicted Revenue,1
14017.0,Frequency,1.0,-43.34621794757071,43.34621794757071,Decreases Predicted Revenue,3
14017.0,Monetary,229.75,-47.16633800782444,47.16633800782444,Decreases Predicted Revenue,2
14017.0,TotalItems,73.0,-36.4703916395147,36.4703916395147,Decreases Predicted Revenue,4
14017.0,AverageOrderValue,229.75,2.5892959270330063,2.5892959270330063,Increases Predicted Revenue,6
14017.0,Tenure,0.0,13.245839708815351,13.245839708815351,Increases Predicted Revenue,5
14512.0,Recency,97.0,-20.685397033842413,20.685397033842413,Decreases Predicted Revenue,4
14512.0,Frequency,7.0,-8.295876102589364,8.295876102589364,Decreases Predicted Revenue,5
14512.0,Monetary,1223.47,-63.47510601635687,63.47510601635687,Decreases Predicted Revenue,1
14512.0,TotalItems,742.0,-25.10460501806792,25.10460501806792,Decreases Predicted Revenue,3
14512.0,AverageOrderValue,174.78142857142856,7.5939514868388445,7.5939514868388445,Increases Predicted Revenue,6
14512.0,Tenure,544.0,-25.630625209482293,25.630625209482293,Decreases Predicted Revenue,2
17951.0,Recency,267.0,-62.862623202770095,62.862623202770095,Decreases Predicted Revenue,1
17951.0,Frequency,3.0,-40.190131856717414,40.190131856717414,Decreases Predicted Revenue,3
17951.0,Monetary,1037.0400000000002,-50.35954295221074,50.35954295221074,Decreases Predicted Revenue,2
17951.0,TotalItems,502.0,-39.75091453242346,39.75091453242346,Decreases Predicted Revenue,4
17951.0,AverageOrderValue,345.68000000000006,-0.8623388395040746,0.8623388395040746,Decreases Predicted Revenue,6
17951.0,Tenure,45.0,31.47730345636165,31.47730345636165,Increases Predicted Revenue,5
17649.0,Recency,47.0,1.8769289213814453,1.8769289213814453,Increases Predicted Revenue,6
17649.0,Frequency,3.0,-58.226426426558874,58.226426426558874,Decreases Predicted Revenue,2
17649.0,Monetary,1578.89,-60.33756237210954,60.33756237210954,Decreases Predicted Revenue,1
17649.0,TotalItems,723.0,-22.86488350295648,22.86488350295648,Decreases Predicted Revenue,5
17649.0,AverageOrderValue,526.2966666666667,-33.89654655521472,33.89654655521472,Decreases Predicted Revenue,3
17649.0,Tenure,334.0,25.69174953404122,25.69174953404122,Increases Predicted Revenue,4
15447.0,Recency,240.0,-54.62511163457582,54.62511163457582,Decreases Predicted Revenue,1
15447.0,Frequency,5.0,-25.705776061697087,25.705776061697087,Decreases Predicted Revenue,4
15447.0,Monetary,492.88,-51.42941941633193,51.42941941633193,Decreases Predicted Revenue,2
15447.0,TotalItems,228.0,-44.43243154039979,44.43243154039979,Decreases Predicted Revenue,3
15447.0,AverageOrderValue,98.576,-13.17626566847128,13.17626566847128,Decreases Predicted Revenue,6
15447.0,Tenure,294.0,22.326769623080814,22.326769623080814,Increases Predicted Revenue,5
15569.0,Recency,13.0,46.502603196365996,46.502603196365996,Increases Predicted Revenue,2
15569.0,Frequency,10.0,40.17861943617943,40.17861943617943,Increases Predicted Revenue,3
15569.0,Monetary,3586.35,37.637713780972405,37.637713780972405,Increases Predicted Revenue,4
15569.0,TotalItems,1736.0,0.1045341069390675,0.1045341069390675,Increases Predicted Revenue,6
15569.0,AverageOrderValue,358.635,7.142467414112678,7.142467414112678,Increases Predicted Revenue,5
15569.0,Tenure,545.0,-62.578623891364714,62.578623891364714,Decreases Predicted Revenue,1
18011.0,Recency,282.0,-54.362976736003965,54.362976736003965,Decreases Predicted Revenue,1
18011.0,Frequency,2.0,-45.216770455035224,45.216770455035224,Decreases Predicted Revenue,3
18011.0,Monetary,527.03,-50.50713983007863,50.50713983007863,Decreases Predicted Revenue,2
18011.0,TotalItems,198.0,-40.528430833924425,40.528430833924425,Decreases Predicted Revenue,4
18011.0,AverageOrderValue,263.515,1.1309509869754202,1.1309509869754202,Increases Predicted Revenue,6
18011.0,Tenure,194.0,24.45624478877519,24.45624478877519,Increases Predicted Revenue,5
12622.0,Recency,141.0,-43.994932321144326,43.994932321144326,Decreases Predicted Revenue,3
12622.0,Frequency,1.0,-44.078742393703074,44.078742393703074,Decreases Predicted Revenue,2
12622.0,Monetary,180.1,-53.45277443072848,53.45277443072848,Decreases Predicted Revenue,1
12622.0,TotalItems,69.0,-41.20180989097711,41.20180989097711,Decreases Predicted Revenue,4
12622.0,AverageOrderValue,180.1,3.264174707312896,3.264174707312896,Increases Predicted Revenue,6
12622.0,Tenure,0.0,12.234837928145492,12.234837928145492,Increases Predicted Revenue,5
17024.0,Recency,8.0,28.895038251723008,28.895038251723008,Increases Predicted Revenue,5
17024.0,Frequency,2.0,-68.77503089394857,68.77503089394857,Decreases Predicted Revenue,2
17024.0,Monetary,56.25,-93.11877056428503,93.11877056428503,Decreases Predicted Revenue,1
17024.0,TotalItems,45.0,-67.26969758217771,67.26969758217771,Decreases Predicted Revenue,3
17024.0,AverageOrderValue,28.125,-12.507720202506302,12.507720202506302,Decreases Predicted Revenue,6
17024.0,Tenure,58.0,55.216775773268054,55.216775773268054,Increases Predicted Revenue,4
14304.0,Recency,132.0,-42.46200983567688,42.46200983567688,Decreases Predicted Revenue,3
14304.0,Frequency,3.0,-45.30758960679769,45.30758960679769,Decreases Predicted Revenue,2
14304.0,Monetary,1725.01,-48.37049477365904,48.37049477365904,Decreases Predicted Revenue,1
14304.0,TotalItems,775.0,-21.354343998425428,21.354343998425428,Decreases Predicted Revenue,6
14304.0,AverageOrderValue,575.0033333333333,-25.496246345914013,25.496246345914013,Decreases Predicted Revenue,4
14304.0,Tenure,348.0,25.130348935597453,25.130348935597453,Increases Predicted Revenue,5
15590.0,Recency,291.0,-89.2004193295155,89.2004193295155,Decreases Predicted Revenue,1
15590.0,Frequency,5.0,-25.70543493162797,25.70543493162797,Decreases Predicted Revenue,4
15590.0,Monetary,1496.6,-55.7811911448776,55.7811911448776,Decreases Predicted Revenue,2
15590.0,TotalItems,832.0,-24.890921326147385,24.890921326147385,Decreases Predicted Revenue,5
15590.0,AverageOrderValue,299.32,1.0305294242289387,1.0305294242289387,Increases Predicted Revenue,6
15590.0,Tenure,224.0,38.418947661637546,38.418947661637546,Increases Predicted Revenue,3
12436.0,Recency,9.0,29.83067529658321,29.83067529658321,Increases Predicted Revenue,4
12436.0,Frequency,1.0,-65.22485644634175,65.22485644634175,Decreases Predicted Revenue,1
12436.0,Monetary,509.01,-63.061759397299426,63.061759397299426,Decreases Predicted Revenue,2
12436.0,TotalItems,211.0,-52.823216796446786,52.823216796446786,Decreases Predicted Revenue,3
12436.0,AverageOrderValue,509.01,-17.308022919873228,17.308022919873228,Decreases Predicted Revenue,6
12436.0,Tenure,0.0,29.11540326436749,29.11540326436749,Increases Predicted Revenue,5
15703.0,Recency,174.0,-47.60684937743667,47.60684937743667,Decreases Predicted Revenue,2
15703.0,Frequency,1.0,-44.45768028413279,44.45768028413279,Decreases Predicted Revenue,3
15703.0,Monetary,211.5,-51.20250001648002,51.20250001648002,Decreases Predicted Revenue,1
15703.0,TotalItems,66.0,-41.70850111089149,41.70850111089149,Decreases Predicted Revenue,4
15703.0,AverageOrderValue,211.5,5.380368915969823,5.380368915969823,Increases Predicted Revenue,6
15703.0,Tenure,0.0,13.276792927570751,13.276792927570751,Increases Predicted Revenue,5
18259.0,Recency,275.0,-59.538590886391084,59.538590886391084,Decreases Predicted Revenue,1
18259.0,Frequency,5.0,-24.52412822912391,24.52412822912391,Decreases Predicted Revenue,3
18259.0,Monetary,2355.9,-26.38994002830344,26.38994002830344,Decreases Predicted Revenue,2
18259.0,TotalItems,792.0,-16.95584976124447,16.95584976124447,Decreases Predicted Revenue,4
18259.0,AverageOrderValue,471.18,-13.705506163976157,13.705506163976157,Decreases Predicted Revenue,6
18259.0,Tenure,365.0,-14.267712185248044,14.267712185248044,Decreases Predicted Revenue,5
15743.0,Recency,23.0,17.46545304328431,17.46545304328431,Increases Predicted Revenue,5
15743.0,Frequency,2.0,-72.35030537592753,72.35030537592753,Decreases Predicted Revenue,2
15743.0,Monetary,434.05,-80.14309967974225,80.14309967974225,Decreases Predicted Revenue,1
15743.0,TotalItems,119.0,-59.82680778867575,59.82680778867575,Decreases Predicted Revenue,3
15743.0,AverageOrderValue,217.025,7.792038517535553,7.792038517535553,Increases Predicted Revenue,6
15743.0,Tenure,71.0,50.43308151623332,50.43308151623332,Increases Predicted Revenue,4
14964.0,Recency,156.0,-44.81022565956832,44.81022565956832,Decreases Predicted Revenue,3
14964.0,Frequency,1.0,-45.56748723409677,45.56748723409677,Decreases Predicted Revenue,2
14964.0,Monetary,206.21,-54.651077007449146,54.651077007449146,Decreases Predicted Revenue,1
14964.0,TotalItems,143.0,-38.02558315373688,38.02558315373688,Decreases Predicted Revenue,4
14964.0,AverageOrderValue,206.21,5.430712301918046,5.430712301918046,Increases Predicted Revenue,6
14964.0,Tenure,0.0,12.72216554473161,12.72216554473161,Increases Predicted Revenue,5
17875.0,Recency,597.0,-54.879891413598166,54.879891413598166,Decreases Predicted Revenue,1
17875.0,Frequency,1.0,-43.3449929071224,43.3449929071224,Decreases Predicted Revenue,3
17875.0,Monetary,167.1,-50.895642634707514,50.895642634707514,Decreases Predicted Revenue,2
17875.0,TotalItems,98.0,-34.854409464640014,34.854409464640014,Decreases Predicted Revenue,4
17875.0,AverageOrderValue,167.1,3.4377583509385237,3.4377583509385237,Increases Predicted Revenue,6
17875.0,Tenure,0.0,12.766597516250071,12.766597516250071,Increases Predicted Revenue,5
16065.0,Recency,274.0,-111.26830122925364,111.26830122925364,Decreases Predicted Revenue,1
16065.0,Frequency,8.0,-12.565428446676036,12.565428446676036,Decreases Predicted Revenue,4
16065.0,Monetary,2382.62,-19.627236141268213,19.627236141268213,Decreases Predicted Revenue,3
16065.0,TotalItems,1447.0,-10.454312467630313,10.454312467630313,Decreases Predicted Revenue,5
16065.0,AverageOrderValue,297.8275,4.326735571522125,4.326735571522125,Increases Predicted Revenue,6
16065.0,Tenure,97.0,29.872289348159686,29.872289348159686,Increases Predicted Revenue,2
16080.0,Recency,183.0,-53.20672990762435,53.20672990762435,Decreases Predicted Revenue,1
16080.0,Frequency,3.0,-40.72715603292569,40.72715603292569,Decreases Predicted Revenue,4
16080.0,Monetary,515.66,-50.77332470062365,50.77332470062365,Decreases Predicted Revenue,2
16080.0,TotalItems,236.0,-49.02361363854178,49.02361363854178,Decreases Predicted Revenue,3
16080.0,AverageOrderValue,171.88666666666666,3.519833255105591,3.519833255105591,Increases Predicted Revenue,6
16080.0,Tenure,176.0,26.730499165079827,26.730499165079827,Increases Predicted Revenue,5
14620.0,Recency,115.0,-31.29190472828607,31.29190472828607,Decreases Predicted Revenue,5
14620.0,Frequency,2.0,-48.9805355132209,48.9805355132209,Decreases Predicted Revenue,3
14620.0,Monetary,412.78,-62.394266282563905,62.394266282563905,Decreases Predicted Revenue,1
14620.0,TotalItems,214.0,-59.87399430228986,59.87399430228986,Decreases Predicted Revenue,2
14620.0,AverageOrderValue,206.39,7.706949659059261,7.706949659059261,Increases Predicted Revenue,6
14620.0,Tenure,78.0,37.89656524556201,37.89656524556201,Increases Predicted Revenue,4
14269.0,Recency,348.0,-45.69846194532131,45.69846194532131,Decreases Predicted Revenue,2
14269.0,Frequency,1.0,-43.45578245765171,43.45578245765171,Decreases Predicted Revenue,3
14269.0,Monetary,295.73,-47.80220587516306,47.80220587516306,Decreases Predicted Revenue,1
14269.0,TotalItems,123.0,-38.97853087959671,38.97853087959671,Decreases Predicted Revenue,4
14269.0,AverageOrderValue,295.73,1.980414151630891,1.980414151630891,Increases Predicted Revenue,6
14269.0,Tenure,0.0,10.397421800971838,10.397421800971838,Increases Predicted Revenue,5
14306.0,Recency,288.0,-60.355773048350436,60.355773048350436,Decreases Predicted Revenue,1
14306.0,Frequency,4.0,-41.82112931558734,41.82112931558734,Decreases Predicted Revenue,3
14306.0,Monetary,1058.0800000000002,-57.36745187450811,57.36745187450811,Decreases Predicted Revenue,2
14306.0,TotalItems,990.0,-27.891469781692155,27.891469781692155,Decreases Predicted Revenue,4
14306.0,AverageOrderValue,264.52000000000004,0.7160795236856139,0.7160795236856139,Increases Predicted Revenue,6
14306.0,Tenure,298.0,23.097712761880384,23.097712761880384,Increases Predicted Revenue,5
18021.0,Recency,419.0,-55.94804470514079,55.94804470514079,Decreases Predicted Revenue,1
18021.0,Frequency,2.0,-39.44178653769047,39.44178653769047,Decreases Predicted Revenue,3
18021.0,Monetary,227.06,-44.72245203955136,44.72245203955136,Decreases Predicted Revenue,2
18021.0,TotalItems,169.0,-31.891932879440702,31.891932879440702,Decreases Predicted Revenue,4
18021.0,AverageOrderValue,113.53,-12.428074687329467,12.428074687329467,Decreases Predicted Revenue,6
18021.0,Tenure,2.0,17.072570556372025,17.072570556372025,Increases Predicted Revenue,5
12799.0,Recency,438.0,-58.063305744013405,58.063305744013405,Decreases Predicted Revenue,1
12799.0,Frequency,1.0,-43.465753013090435,43.465753013090435,Decreases Predicted Revenue,3
12799.0,Monetary,219.35,-48.31206120852821,48.31206120852821,Decreases Predicted Revenue,2
12799.0,TotalItems,137.0,-35.53559683228327,35.53559683228327,Decreases Predicted Revenue,4
12799.0,AverageOrderValue,219.35,4.042407405451185,4.042407405451185,Increases Predicted Revenue,6
12799.0,Tenure,0.0,14.253012194762068,14.253012194762068,Increases Predicted Revenue,5
16857.0,Recency,352.0,-37.46579413354098,37.46579413354098,Decreases Predicted Revenue,4
16857.0,Frequency,1.0,-42.79344547262663,42.79344547262663,Decreases Predicted Revenue,2
16857.0,Monetary,352.8,-48.667965849454035,48.667965849454035,Decreases Predicted Revenue,1
16857.0,TotalItems,168.0,-38.41099379567051,38.41099379567051,Decreases Predicted Revenue,3
16857.0,AverageOrderValue,352.8,-5.375577486592688,5.375577486592688,Decreases Predicted Revenue,6
16857.0,Tenure,0.0,8.57606459144984,8.57606459144984,Increases Predicted Revenue,5
16846.0,Recency,486.0,-69.40806994358066,69.40806994358066,Decreases Predicted Revenue,1
16846.0,Frequency,2.0,-45.85449090989296,45.85449090989296,Decreases Predicted Revenue,3
16846.0,Monetary,628.09,-47.89780645344583,47.89780645344583,Decreases Predicted Revenue,2
16846.0,TotalItems,382.0,-35.4858438818571,35.4858438818571,Decreases Predicted Revenue,4
16846.0,AverageOrderValue,314.045,-0.24676604151326642,0.24676604151326642,Decreases Predicted Revenue,6
16846.0,Tenure,62.0,34.40203670444947,34.40203670444947,Increases Predicted Revenue,5
13130.0,Recency,3.0,22.70510101461024,22.70510101461024,Increases Predicted Revenue,5
13130.0,Frequency,1.0,-56.5084096312236,56.5084096312236,Decreases Predicted Revenue,2
13130.0,Monetary,64.0,-65.89730426569197,65.89730426569197,Decreases Predicted Revenue,1
13130.0,TotalItems,32.0,-55.14575077891618,55.14575077891618,Decreases Predicted Revenue,3
13130.0,AverageOrderValue,64.0,-28.286876372383816,28.286876372383816,Decreases Predicted Revenue,4
13130.0,Tenure,0.0,18.899283725672376,18.899283725672376,Increases Predicted Revenue,6
13591.0,Recency,113.0,-8.58810619174593,8.58810619174593,Decreases Predicted Revenue,5
13591.0,Frequency,6.0,-17.25342956604555,17.25342956604555,Decreases Predicted Revenue,4
13591.0,Monetary,1753.04,-61.145572030487706,61.145572030487706,Decreases Predicted Revenue,1
13591.0,TotalItems,628.0,-32.76061953499699,32.76061953499699,Decreases Predicted Revenue,2
13591.0,AverageOrderValue,292.17333333333335,3.662066985787065,3.662066985787065,Increases Predicted Revenue,6
13591.0,Tenure,520.0,-29.824828008548447,29.824828008548447,Decreases Predicted Revenue,3
13415.0,Recency,382.0,-68.98151709467199,68.98151709467199,Decreases Predicted Revenue,1
13415.0,Frequency,4.0,-41.7343056407691,41.7343056407691,Decreases Predicted Revenue,4
13415.0,Monetary,800.67,-52.757067989679335,52.757067989679335,Decreases Predicted Revenue,2
13415.0,TotalItems,502.0,-42.67959225854025,42.67959225854025,Decreases Predicted Revenue,3
13415.0,AverageOrderValue,200.1675,5.829358749688626,5.829358749688626,Increases Predicted Revenue,6
13415.0,Tenure,255.0,33.35565536952014,33.35565536952014,Increases Predicted Revenue,5
18282.0,Recency,35.0,-0.2702134385832977,0.2702134385832977,Decreases Predicted Revenue,6
18282.0,Frequency,1.0,-53.61647287497283,53.61647287497283,Decreases Predicted Revenue,2
18282.0,Monetary,100.21,-66.88615785343018,66.88615785343018,Decreases Predicted Revenue,1
18282.0,TotalItems,75.0,-40.58206057787547,40.58206057787547,Decreases Predicted Revenue,3
18282.0,AverageOrderValue,100.21,-12.675922479310376,12.675922479310376,Decreases Predicted Revenue,5
18282.0,Tenure,0.0,16.1697224307905,16.1697224307905,Increases Predicted Revenue,4
12376.0,Recency,299.0,-44.55561781630112,44.55561781630112,Decreases Predicted Revenue,2
12376.0,Frequency,2.0,-38.26372044590695,38.26372044590695,Decreases Predicted Revenue,4
12376.0,Monetary,503.15,-47.05455681482199,47.05455681482199,Decreases Predicted Revenue,1
12376.0,TotalItems,240.0,-42.92506377086488,42.92506377086488,Decreases Predicted Revenue,3
12376.0,AverageOrderValue,251.575,1.0867714876266876,1.0867714876266876,Increases Predicted Revenue,6
12376.0,Tenure,28.0,7.0557459892359695,7.0557459892359695,Increases Predicted Revenue,5
16017.0,Recency,326.0,-62.635836033615625,62.635836033615625,Decreases Predicted Revenue,1
16017.0,Frequency,4.0,-40.69842864546625,40.69842864546625,Decreases Predicted Revenue,3
16017.0,Monetary,1341.95,-45.287234394798446,45.287234394798446,Decreases Predicted Revenue,2
16017.0,TotalItems,538.0,-40.0525056697156,40.0525056697156,Decreases Predicted Revenue,4
16017.0,AverageOrderValue,335.4875,2.4794138301822883,2.4794138301822883,Increases Predicted Revenue,6
16017.0,Tenure,286.0,23.784425881771682,23.784425881771682,Increases Predicted Revenue,5
16043.0,Recency,120.0,-29.97172834845931,29.97172834845931,Decreases Predicted Revenue,2
16043.0,Frequency,7.0,-2.797494862766774,2.797494862766774,Decreases Predicted Revenue,6
16043.0,Monetary,1759.09,-44.17545445711106,44.17545445711106,Decreases Predicted Revenue,1
16043.0,TotalItems,850.0,-18.599778601515794,18.599778601515794,Decreases Predicted Revenue,4
16043.0,AverageOrderValue,251.29857142857145,5.964317276240964,5.964317276240964,Increases Predicted Revenue,5
16043.0,Tenure,270.0,23.670452348320566,23.670452348320566,Increases Predicted Revenue,3
13089.0,Recency,9.0,1859.584900791758,1859.584900791758,Increases Predicted Revenue,4
13089.0,Frequency,177.0,2154.5752130188116,2154.5752130188116,Increases Predicted Revenue,3
13089.0,Monetary,101236.52,2873.250704632593,2873.250704632593,Increases Predicted Revenue,1
13089.0,TotalItems,52986.0,2413.64913218102,2413.64913218102,Increases Predicted Revenue,2
13089.0,AverageOrderValue,571.9577401129944,-137.27075684281357,137.27075684281357,Decreases Predicted Revenue,6
13089.0,Tenure,637.0,-772.9503429931417,772.9503429931417,Decreases Predicted Revenue,5
16734.0,Recency,23.0,12.180374043404763,12.180374043404763,Increases Predicted Revenue,5
16734.0,Frequency,2.0,-65.84862014454478,65.84862014454478,Decreases Predicted Revenue,2
16734.0,Monetary,306.16,-67.5889310202229,67.5889310202229,Decreases Predicted Revenue,1
16734.0,TotalItems,109.0,-52.30788213529387,52.30788213529387,Decreases Predicted Revenue,3
16734.0,AverageOrderValue,153.07999999999998,8.229882497457453,8.229882497457453,Increases Predicted Revenue,6
16734.0,Tenure,0.0,21.460691287915587,21.460691287915587,Increases Predicted Revenue,4
13264.0,Recency,352.0,-37.98149432278485,37.98149432278485,Decreases Predicted Revenue,4
13264.0,Frequency,1.0,-42.61239234858297,42.61239234858297,Decreases Predicted Revenue,2
13264.0,Monetary,722.5600000000001,-45.932588624090776,45.932588624090776,Decreases Predicted Revenue,1
13264.0,TotalItems,375.0,-39.646077477931385,39.646077477931385,Decreases Predicted Revenue,3
13264.0,AverageOrderValue,722.5600000000001,-5.325716485197885,5.325716485197885,Decreases Predicted Revenue,6
13264.0,Tenure,0.0,12.16662440960791,12.16662440960791,Increases Predicted Revenue,5
17158.0,Recency,142.0,-42.40325484573781,42.40325484573781,Decreases Predicted Revenue,2
17158.0,Frequency,4.0,-41.44303267253647,41.44303267253647,Decreases Predicted Revenue,3
17158.0,Monetary,1411.58,-46.27684642957409,46.27684642957409,Decreases Predicted Revenue,1
17158.0,TotalItems,830.0,-22.172517762093186,22.172517762093186,Decreases Predicted Revenue,4
17158.0,AverageOrderValue,352.895,-3.8590937500906284,3.8590937500906284,Decreases Predicted Revenue,5
17158.0,Tenure,409.0,-1.8374188886916478,1.8374188886916478,Decreases Predicted Revenue,6
14096.0,Recency,0.0,37.497845174632324,37.497845174632324,Increases Predicted Revenue,5
14096.0,Frequency,3.0,-53.72078727226964,53.72078727226964,Decreases Predicted Revenue,2
14096.0,Monetary,244.68,-68.28396019085498,68.28396019085498,Decreases Predicted Revenue,1
14096.0,TotalItems,97.0,-45.804414547397045,45.804414547397045,Decreases Predicted Revenue,3
14096.0,AverageOrderValue,81.56,-38.525036011317475,38.525036011317475,Decreases Predicted Revenue,4
14096.0,Tenure,10.0,33.823115359025124,33.823115359025124,Increases Predicted Revenue,6
14931.0,Recency,115.0,-28.464509698987683,28.464509698987683,Decreases Predicted Revenue,4
14931.0,Frequency,2.0,-47.57238222088824,47.57238222088824,Decreases Predicted Revenue,3
14931.0,Monetary,586.0,-54.422736923657645,54.422736923657645,Decreases Predicted Revenue,1
14931.0,TotalItems,98.0,-48.1603013793733,48.1603013793733,Decreases Predicted Revenue,2
14931.0,AverageOrderValue,293.0,4.085906158931315,4.085906158931315,Increases Predicted Revenue,6
14931.0,Tenure,34.0,20.108413939603647,20.108413939603647,Increases Predicted Revenue,5
15775.0,Recency,154.0,-33.73577502680825,33.73577502680825,Decreases Predicted Revenue,4
15775.0,Frequency,2.0,-36.142203789483865,36.142203789483865,Decreases Predicted Revenue,3
15775.0,Monetary,150.5,-42.974571748387035,42.974571748387035,Decreases Predicted Revenue,1
15775.0,TotalItems,260.0,-36.98605916774179,36.98605916774179,Decreases Predicted Revenue,2
15775.0,AverageOrderValue,75.25,-16.24735942636143,16.24735942636143,Decreases Predicted Revenue,5
15775.0,Tenure,386.0,-1.3334189261614378,1.3334189261614378,Decreases Predicted Revenue,6
17714.0,Recency,230.0,-86.5221636417075,86.5221636417075,Decreases Predicted Revenue,1
17714.0,Frequency,5.0,-22.430785558151076,22.430785558151076,Decreases Predicted Revenue,5
17714.0,Monetary,1410.18,-44.459427394602926,44.459427394602926,Decreases Predicted Revenue,2
17714.0,TotalItems,608.0,-36.35617795804245,36.35617795804245,Decreases Predicted Revenue,3
17714.0,AverageOrderValue,282.036,0.9151598620499233,0.9151598620499233,Increases Predicted Revenue,6
17714.0,Tenure,192.0,34.47964597587308,34.47964597587308,Increases Predicted Revenue,4
14487.0,Recency,277.0,-53.967275115299856,53.967275115299856,Decreases Predicted Revenue,1
14487.0,Frequency,2.0,-43.651166425822645,43.651166425822645,Decreases Predicted Revenue,3
14487.0,Monetary,382.38,-47.3004695731542,47.3004695731542,Decreases Predicted Revenue,2
14487.0,TotalItems,139.0,-38.97657686288643,38.97657686288643,Decreases Predicted Revenue,4
14487.0,AverageOrderValue,191.19,-0.34362860920067595,0.34362860920067595,Decreases Predicted Revenue,6
14487.0,Tenure,10.0,18.79900505380618,18.79900505380618,Increases Predicted Revenue,5
16226.0,Recency,112.0,-19.47740686412991,19.47740686412991,Decreases Predicted Revenue,5
16226.0,Frequency,5.0,-22.10865137343141,22.10865137343141,Decreases Predicted Revenue,4
16226.0,Monetary,672.1700000000001,-72.02150049932162,72.02150049932162,Decreases Predicted Revenue,1
16226.0,TotalItems,521.0,-43.04787628769808,43.04787628769808,Decreases Predicted Revenue,3
16226.0,AverageOrderValue,134.43400000000003,-8.410161758368229,8.410161758368229,Decreases Predicted Revenue,6
16226.0,Tenure,210.0,43.9526027348034,43.9526027348034,Increases Predicted Revenue,2
14542.0,Recency,95.0,-26.642338431841452,26.642338431841452,Decreases Predicted Revenue,4
14542.0,Frequency,1.0,-42.99937182475799,42.99937182475799,Decreases Predicted Revenue,2
14542.0,Monetary,103.25,-52.96626013181178,52.96626013181178,Decreases Predicted Revenue,1
14542.0,TotalItems,19.0,-42.800817269954806,42.800817269954806,Decreases Predicted Revenue,3
14542.0,AverageOrderValue,103.25,-9.634766826299007,9.634766826299007,Decreases Predicted Revenue,6
14542.0,Tenure,0.0,10.210438713436156,10.210438713436156,Increases Predicted Revenue,5
13559.0,Recency,422.0,-53.17042606451664,53.17042606451664,Decreases Predicted Revenue,1
13559.0,Frequency,2.0,-39.85184687630297,39.85184687630297,Decreases Predicted Revenue,3
13559.0,Monetary,990.0,-41.37518409829673,41.37518409829673,Decreases Predicted Revenue,2
13559.0,TotalItems,360.0,-36.79765240431058,36.79765240431058,Decreases Predicted Revenue,4
13559.0,AverageOrderValue,495.0,-9.054217038353302,9.054217038353302,Decreases Predicted Revenue,6
13559.0,Tenure,30.0,12.800258230528074,12.800258230528074,Increases Predicted Revenue,5
14228.0,Recency,347.0,-54.4647121597741,54.4647121597741,Decreases Predicted Revenue,1
14228.0,Frequency,3.0,-39.46825825446677,39.46825825446677,Decreases Predicted Revenue,4
14228.0,Monetary,745.5,-46.685470930584195,46.685470930584195,Decreases Predicted Revenue,3
14228.0,TotalItems,260.0,-47.65396619087416,47.65396619087416,Decreases Predicted Revenue,2
14228.0,AverageOrderValue,248.5,1.620529209283676,1.620529209283676,Increases Predicted Revenue,6
14228.0,Tenure,108.0,23.47383841807748,23.47383841807748,Increases Predicted Revenue,5
15116.0,Recency,44.0,2.1787961665189393,2.1787961665189393,Increases Predicted Revenue,6
15116.0,Frequency,2.0,-60.88471408365127,60.88471408365127,Decreases Predicted Revenue,3
15116.0,Monetary,790.97,-64.72951463631921,64.72951463631921,Decreases Predicted Revenue,1
15116.0,TotalItems,255.0,-62.153887437172294,62.153887437172294,Decreases Predicted Revenue,2
15116.0,AverageOrderValue,395.485,-4.3693285401254185,4.3693285401254185,Decreases Predicted Revenue,5
15116.0,Tenure,70.0,44.30653974195599,44.30653974195599,Increases Predicted Revenue,4
15411.0,Recency,33.0,6.736324653817896,6.736324653817896,Increases Predicted Revenue,5
15411.0,Frequency,2.0,-68.17521529200616,68.17521529200616,Decreases Predicted Revenue,2
15411.0,Monetary,382.21,-76.93054690836163,76.93054690836163,Decreases Predicted Revenue,1
15411.0,TotalItems,155.0,-56.70654910125301,56.70654910125301,Decreases Predicted Revenue,4
15411.0,AverageOrderValue,191.105,-0.4584871311934062,0.4584871311934062,Decreases Predicted Revenue,6
15411.0,Tenure,58.0,59.22805397743957,59.22805397743957,Increases Predicted Revenue,3
18166.0,Recency,533.0,-53.76616987749929,53.76616987749929,Decreases Predicted Revenue,1
18166.0,Frequency,1.0,-42.34512794417336,42.34512794417336,Decreases Predicted Revenue,3
18166.0,Monetary,175.5,-49.9831678433458,49.9831678433458,Decreases Predicted Revenue,2
18166.0,TotalItems,90.0,-34.84310571388427,34.84310571388427,Decreases Predicted Revenue,4
18166.0,AverageOrderValue,175.5,0.5826422814081389,0.5826422814081389,Increases Predicted Revenue,6
18166.0,Tenure,0.0,12.558071456257352,12.558071456257352,Increases Predicted Revenue,5
15824.0,Recency,362.0,-54.5756668555011,54.5756668555011,Decreases Predicted Revenue,1
15824.0,Frequency,2.0,-42.28311148870468,42.28311148870468,Decreases Predicted Revenue,3
15824.0,Monetary,890.94,-46.32253216896425,46.32253216896425,Decreases Predicted Revenue,2
15824.0,TotalItems,478.0,-39.95466318926535,39.95466318926535,Decreases Predicted Revenue,4
15824.0,AverageOrderValue,445.47,-12.841509053114027,12.841509053114027,Decreases Predicted Revenue,6
15824.0,Tenure,78.0,30.648355771360606,30.648355771360606,Increases Predicted Revenue,5
17752.0,Recency,268.0,-43.69869770857115,43.69869770857115,Decreases Predicted Revenue,2
17752.0,Frequency,1.0,-38.22654139050308,38.22654139050308,Decreases Predicted Revenue,3
17752.0,Monetary,80.64,-44.0734382198014,44.0734382198014,Decreases Predicted Revenue,1
17752.0,TotalItems,192.0,-32.01242382841108,32.01242382841108,Decreases Predicted Revenue,4
17752.0,AverageOrderValue,80.64,-19.797640130240595,19.797640130240595,Decreases Predicted Revenue,5
17752.0,Tenure,0.0,10.789749313239678,10.789749313239678,Increases Predicted Revenue,6
12463.0,Recency,84.0,-24.94447786624367,24.94447786624367,Decreases Predicted Revenue,5
12463.0,Frequency,3.0,-48.05915739063616,48.05915739063616,Decreases Predicted Revenue,2
12463.0,Monetary,985.79,-67.19191358521121,67.19191358521121,Decreases Predicted Revenue,1
12463.0,TotalItems,577.0,-40.44032823696118,40.44032823696118,Decreases Predicted Revenue,4
12463.0,AverageOrderValue,328.59666666666664,-1.2157411477951316,1.2157411477951316,Decreases Predicted Revenue,6
12463.0,Tenure,66.0,45.18848470714862,45.18848470714862,Increases Predicted Revenue,3
15614.0,Recency,347.0,-79.51030954101749,79.51030954101749,Decreases Predicted Revenue,1
15614.0,Frequency,4.0,-45.20085782265604,45.20085782265604,Decreases Predicted Revenue,2
15614.0,Monetary,3147.36,-30.646790258571112,30.646790258571112,Decreases Predicted Revenue,4
15614.0,TotalItems,1632.0,-21.509510079777296,21.509510079777296,Decreases Predicted Revenue,5
15614.0,AverageOrderValue,786.84,-14.68041151166912,14.68041151166912,Decreases Predicted Revenue,6
15614.0,Tenure,188.0,33.359987100191546,33.359987100191546,Increases Predicted Revenue,3
13497.0,Recency,192.0,-46.1060716409362,46.1060716409362,Decreases Predicted Revenue,2
13497.0,Frequency,6.0,-15.428246440358482,15.428246440358482,Decreases Predicted Revenue,4
13497.0,Monetary,1320.33,-47.457206214532235,47.457206214532235,Decreases Predicted Revenue,1
13497.0,TotalItems,579.0,-37.145448365732555,37.145448365732555,Decreases Predicted Revenue,3
13497.0,AverageOrderValue,220.055,6.395885163542769,6.395885163542769,Increases Predicted Revenue,5
13497.0,Tenure,386.0,-1.776742874648947,1.776742874648947,Decreases Predicted Revenue,6
15772.0,Recency,327.0,-53.30806358226048,53.30806358226048,Decreases Predicted Revenue,1
15772.0,Frequency,1.0,-43.012629918712435,43.012629918712435,Decreases Predicted Revenue,3
15772.0,Monetary,280.88,-46.90189989401346,46.90189989401346,Decreases Predicted Revenue,2
15772.0,TotalItems,110.0,-35.66738965048937,35.66738965048937,Decreases Predicted Revenue,4
15772.0,AverageOrderValue,280.88,0.45545322165049484,0.45545322165049484,Increases Predicted Revenue,6
15772.0,Tenure,0.0,13.042149500756546,13.042149500756546,Increases Predicted Revenue,5
15372.0,Recency,46.0,75.93396494150963,75.93396494150963,Increases Predicted Revenue,3
15372.0,Frequency,8.0,35.97634426049206,35.97634426049206,Increases Predicted Revenue,5
15372.0,Monetary,6017.06,113.33542497235086,113.33542497235086,Increases Predicted Revenue,2
15372.0,TotalItems,6410.0,158.65110293336562,158.65110293336562,Increases Predicted Revenue,1
15372.0,AverageOrderValue,752.1325,9.102380859378782,9.102380859378782,Increases Predicted Revenue,6
15372.0,Tenure,526.0,-42.83643644017438,42.83643644017438,Decreases Predicted Revenue,4
12492.0,Recency,14.0,14.009264901280918,14.009264901280918,Increases Predicted Revenue,5
12492.0,Frequency,2.0,-64.22341797948108,64.22341797948108,Decreases Predicted Revenue,3
12492.0,Monetary,578.39,-76.28028824018789,76.28028824018789,Decreases Predicted Revenue,1
12492.0,TotalItems,321.0,-66.32431450800716,66.32431450800716,Decreases Predicted Revenue,2
12492.0,AverageOrderValue,289.195,7.315719603394973,7.315719603394973,Increases Predicted Revenue,6
12492.0,Tenure,297.0,27.40323418794281,27.40323418794281,Increases Predicted Revenue,4
12836.0,Recency,46.0,49.666571744834584,49.666571744834584,Increases Predicted Revenue,3
12836.0,Frequency,14.0,66.48464709900456,66.48464709900456,Increases Predicted Revenue,2
12836.0,Monetary,6085.29,89.53695340031446,89.53695340031446,Increases Predicted Revenue,1
12836.0,TotalItems,2030.0,-20.887518710866587,20.887518710866587,Decreases Predicted Revenue,5
12836.0,AverageOrderValue,434.6635714285714,-33.32826603607221,33.32826603607221,Decreases Predicted Revenue,4
12836.0,Tenure,601.0,-1.9319780481799622,1.9319780481799622,Decreases Predicted Revenue,6
13498.0,Recency,639.0,-56.36919886683695,56.36919886683695,Decreases Predicted Revenue,1
13498.0,Frequency,1.0,-42.46691937999773,42.46691937999773,Decreases Predicted Revenue,3
13498.0,Monetary,327.38,-44.66672721539398,44.66672721539398,Decreases Predicted Revenue,2
13498.0,TotalItems,362.0,-37.78078890468513,37.78078890468513,Decreases Predicted Revenue,4
13498.0,AverageOrderValue,327.38,0.5571298596969928,0.5571298596969928,Increases Predicted Revenue,6
13498.0,Tenure,0.0,13.168047835518088,13.168047835518088,Increases Predicted Revenue,5
17715.0,Recency,110.0,-17.101456206211967,17.101456206211967,Decreases Predicted Revenue,4
17715.0,Frequency,2.0,-45.613576614952834,45.613576614952834,Decreases Predicted Revenue,2
17715.0,Monetary,489.6,-58.05547337786253,58.05547337786253,Decreases Predicted Revenue,1
17715.0,TotalItems,576.0,-34.5399283364853,34.5399283364853,Decreases Predicted Revenue,3
17715.0,AverageOrderValue,244.8,2.3417942023930776,2.3417942023930776,Increases Predicted Revenue,5
17715.0,Tenure,392.0,-0.7904294678868213,0.7904294678868213,Decreases Predicted Revenue,6
17760.0,Recency,282.0,-74.02472785331304,74.02472785331304,Decreases Predicted Revenue,1
17760.0,Frequency,5.0,-25.209059888918986,25.209059888918986,Decreases Predicted Revenue,5
17760.0,Monetary,803.88,-57.0818825601443,57.0818825601443,Decreases Predicted Revenue,2
17760.0,TotalItems,622.0,-36.717707931135884,36.717707931135884,Decreases Predicted Revenue,3
17760.0,AverageOrderValue,160.776,1.5758720317739818,1.5758720317739818,Increases Predicted Revenue,6
17760.0,Tenure,276.0,27.451235335245215,27.451235335245215,Increases Predicted Revenue,4
13601.0,Recency,120.0,-31.63575444467683,31.63575444467683,Decreases Predicted Revenue,3
13601.0,Frequency,3.0,-50.087601358943125,50.087601358943125,Decreases Predicted Revenue,2
13601.0,Monetary,865.02,-60.740843505563355,60.740843505563355,Decreases Predicted Revenue,1
13601.0,TotalItems,699.0,-23.167582934246322,23.167582934246322,Decreases Predicted Revenue,5
13601.0,AverageOrderValue,288.34,6.954156489986692,6.954156489986692,Increases Predicted Revenue,6
13601.0,Tenure,335.0,28.170473785504893,28.170473785504893,Increases Predicted Revenue,4
17250.0,Recency,170.0,-41.46191319645048,41.46191319645048,Decreases Predicted Revenue,4
17250.0,Frequency,1.0,-44.3691718512016,44.3691718512016,Decreases Predicted Revenue,2
17250.0,Monetary,162.65,-54.178124443941996,54.178124443941996,Decreases Predicted Revenue,1
17250.0,TotalItems,70.0,-42.08863088900411,42.08863088900411,Decreases Predicted Revenue,3
17250.0,AverageOrderValue,162.65,2.2559025481575317,2.2559025481575317,Increases Predicted Revenue,6
17250.0,Tenure,0.0,12.860606455718894,12.860606455718894,Increases Predicted Revenue,5
18110.0,Recency,320.0,-52.28242733781458,52.28242733781458,Decreases Predicted Revenue,1
18110.0,Frequency,1.0,-43.875486758023406,43.875486758023406,Decreases Predicted Revenue,3
18110.0,Monetary,199.13,-51.24910660830856,51.24910660830856,Decreases Predicted Revenue,2
18110.0,TotalItems,100.0,-35.617216637399736,35.617216637399736,Decreases Predicted Revenue,4
18110.0,AverageOrderValue,199.13,6.549662623530655,6.549662623530655,Increases Predicted Revenue,6
18110.0,Tenure,0.0,12.365203906364858,12.365203906364858,Increases Predicted Revenue,5
14650.0,Recency,498.0,-47.08316333926784,47.08316333926784,Decreases Predicted Revenue,1
14650.0,Frequency,1.0,-37.722833060799374,37.722833060799374,Decreases Predicted Revenue,3
14650.0,Monetary,62.5,-42.16438228980681,42.16438228980681,Decreases Predicted Revenue,2
14650.0,TotalItems,22.0,-34.517057636118345,34.517057636118345,Decreases Predicted Revenue,4
14650.0,AverageOrderValue,62.5,-16.730787774180108,16.730787774180108,Decreases Predicted Revenue,5
14650.0,Tenure,0.0,10.3037752575999,10.3037752575999,Increases Predicted Revenue,6
17406.0,Recency,242.0,-125.40311347362879,125.40311347362879,Decreases Predicted Revenue,1
17406.0,Frequency,13.0,-8.963860795970438,8.963860795970438,Decreases Predicted Revenue,4
17406.0,Monetary,4905.05,6.436997321573915,6.436997321573915,Increases Predicted Revenue,5
17406.0,TotalItems,2124.0,-29.979261699978583,29.979261699978583,Decreases Predicted Revenue,2
17406.0,AverageOrderValue,377.3115384615385,-3.955282632145857,3.955282632145857,Decreases Predicted Revenue,6
17406.0,Tenure,400.0,9.246880227128525,9.246880227128525,Increases Predicted Revenue,3
13266.0,Recency,22.0,122.94374888286838,122.94374888286838,Increases Predicted Revenue,4
13266.0,Frequency,15.0,130.61529312732102,130.61529312732102,Increases Predicted Revenue,2
13266.0,Monetary,4836.36,152.35489935871698,152.35489935871698,Increases Predicted Revenue,1
13266.0,TotalItems,5469.0,128.77770874788007,128.77770874788007,Increases Predicted Revenue,3
13266.0,AverageOrderValue,322.424,31.084862432622767,31.084862432622767,Increases Predicted Revenue,6
13266.0,Tenure,609.0,-47.227326453167386,47.227326453167386,Decreases Predicted Revenue,5
15788.0,Recency,418.0,-58.054786756219556,58.054786756219556,Decreases Predicted Revenue,1
15788.0,Frequency,1.0,-43.64983200524357,43.64983200524357,Decreases Predicted Revenue,3
15788.0,Monetary,221.83,-48.16157707410439,48.16157707410439,Decreases Predicted Revenue,2
15788.0,TotalItems,115.0,-34.26826932620766,34.26826932620766,Decreases Predicted Revenue,4
15788.0,AverageOrderValue,221.83,3.486880553624375,3.486880553624375,Increases Predicted Revenue,6
15788.0,Tenure,0.0,13.517845872651947,13.517845872651947,Increases Predicted Revenue,5
16585.0,Recency,503.0,-62.277786585324684,62.277786585324684,Decreases Predicted Revenue,1
16585.0,Frequency,2.0,-43.2480807005806,43.2480807005806,Decreases Predicted Revenue,3
16585.0,Monetary,341.59,-47.1173012570107,47.1173012570107,Decreases Predicted Revenue,2
16585.0,TotalItems,151.0,-37.138309297139536,37.138309297139536,Decreases Predicted Revenue,4
16585.0,AverageOrderValue,170.795,3.6220965180955984,3.6220965180955984,Increases Predicted Revenue,6
16585.0,Tenure,101.0,18.505661980882227,18.505661980882227,Increases Predicted Revenue,5
15329.0,Recency,43.0,24.516464103436164,24.516464103436164,Increases Predicted Revenue,3
15329.0,Frequency,10.0,26.40326980173218,26.40326980173218,Increases Predicted Revenue,2
15329.0,Monetary,2688.63,2.1765589188452212,2.1765589188452212,Increases Predicted Revenue,6
15329.0,TotalItems,1119.0,-16.136969604855807,16.136969604855807,Decreases Predicted Revenue,4
15329.0,AverageOrderValue,268.863,9.28234447026542,9.28234447026542,Increases Predicted Revenue,5
15329.0,Tenure,591.0,-79.92888709816081,79.92888709816081,Decreases Predicted Revenue,1
12886.0,Recency,129.0,-47.678912025745774,47.678912025745774,Decreases Predicted Revenue,1
12886.0,Frequency,1.0,-41.66556817785213,41.66556817785213,Decreases Predicted Revenue,3
12886.0,Monetary,775.0,-44.19753665327573,44.19753665327573,Decreases Predicted Revenue,2
12886.0,TotalItems,416.0,-37.17131460776654,37.17131460776654,Decreases Predicted Revenue,4
12886.0,AverageOrderValue,775.0,-9.2142712360732,9.2142712360732,Decreases Predicted Revenue,6
12886.0,Tenure,0.0,17.771334562408295,17.771334562408295,Increases Predicted Revenue,5
12520.0,Recency,51.0,12.30693591330092,12.30693591330092,Increases Predicted Revenue,6
12520.0,Frequency,4.0,-63.09676836433313,63.09676836433313,Decreases Predicted Revenue,2
12520.0,Monetary,2045.85,-57.031870871406454,57.031870871406454,Decreases Predicted Revenue,3
12520.0,TotalItems,1099.0,-20.13513345744966,20.13513345744966,Decreases Predicted Revenue,5
12520.0,AverageOrderValue,511.4625,-28.711246810315714,28.711246810315714,Decreases Predicted Revenue,4
12520.0,Tenure,131.0,63.39029216787627,63.39029216787627,Increases Predicted Revenue,1
12415.0,Recency,8.0,4174.640013909708,4174.640013909708,Increases Predicted Revenue,4
12415.0,Frequency,22.0,4216.03021974843,4216.03021974843,Increases Predicted Revenue,3
12415.0,Monetary,121631.72,6457.211885653887,6457.211885653887,Increases Predicted Revenue,1
12415.0,TotalItems,80774.0,5940.220985052648,5940.220985052648,Increases Predicted Revenue,2
12415.0,AverageOrderValue,5528.714545454545,3245.1498249664755,3245.1498249664755,Increases Predicted Revenue,5
12415.0,Tenure,428.0,-247.75429551379608,247.75429551379608,Decreases Predicted Revenue,6
17764.0,Recency,120.0,-24.804305327041032,24.804305327041032,Decreases Predicted Revenue,4
17764.0,Frequency,4.0,-36.153466273016875,36.153466273016875,Decreases Predicted Revenue,3
17764.0,Monetary,1066.79,-49.31521864453523,49.31521864453523,Decreases Predicted Revenue,1
17764.0,TotalItems,482.0,-36.40836834756196,36.40836834756196,Decreases Predicted Revenue,2
17764.0,AverageOrderValue,266.6975,2.3678373623035682,2.3678373623035682,Increases Predicted Revenue,6
17764.0,Tenure,525.0,-9.231607736330991,9.231607736330991,Decreases Predicted Revenue,5
16436.0,Recency,577.0,-62.75327445110495,62.75327445110495,Decreases Predicted Revenue,1
16436.0,Frequency,3.0,-37.931243095907476,37.931243095907476,Decreases Predicted Revenue,4
16436.0,Monetary,329.34,-47.03856706079825,47.03856706079825,Decreases Predicted Revenue,2
16436.0,TotalItems,239.0,-41.163944797665096,41.163944797665096,Decreases Predicted Revenue,3
16436.0,AverageOrderValue,109.78,-10.848951916661012,10.848951916661012,Decreases Predicted Revenue,6
16436.0,Tenure,64.0,31.77589013018959,31.77589013018959,Increases Predicted Revenue,5
13830.0,Recency,491.0,-51.98258240505536,51.98258240505536,Decreases Predicted Revenue,1
13830.0,Frequency,1.0,-42.0108957230712,42.0108957230712,Decreases Predicted Revenue,3
13830.0,Monetary,156.85000000000002,-49.07075947424261,49.07075947424261,Decreases Predicted Revenue,2
13830.0,TotalItems,47.0,-38.677474398175555,38.677474398175555,Decreases Predicted Revenue,4
13830.0,AverageOrderValue,156.85000000000002,1.6366186088716603,1.6366186088716603,Increases Predicted Revenue,6
13830.0,Tenure,0.0,12.361686255376272,12.361686255376272,Increases Predicted Revenue,5
16890.0,Recency,386.0,-54.776125753268055,54.776125753268055,Decreases Predicted Revenue,1
16890.0,Frequency,3.0,-35.13295051958667,35.13295051958667,Decreases Predicted Revenue,4
16890.0,Monetary,285.41,-43.435674360266084,43.435674360266084,Decreases Predicted Revenue,2
16890.0,TotalItems,243.0,-38.23582937222106,38.23582937222106,Decreases Predicted Revenue,3
16890.0,AverageOrderValue,95.13666666666668,-13.091040011160722,13.091040011160722,Decreases Predicted Revenue,6
16890.0,Tenure,105.0,16.941206000924332,16.941206000924332,Increases Predicted Revenue,5
13031.0,Recency,316.0,-112.35394342854934,112.35394342854934,Decreases Predicted Revenue,1
13031.0,Frequency,5.0,-26.019303246466922,26.019303246466922,Decreases Predicted Revenue,3
13031.0,Monetary,3419.27,0.45680180434724116,0.45680180434724116,Increases Predicted Revenue,6
13031.0,TotalItems,2399.0,12.1032440770151,12.1032440770151,Increases Predicted Revenue,4
13031.0,AverageOrderValue,683.854,7.326670149115897,7.326670149115897,Increases Predicted Revenue,5
13031.0,Tenure,147.0,48.269531366713956,48.269531366713956,Increases Predicted Revenue,2
16779.0,Recency,16.0,1066.1303188410566,1066.1303188410566,Increases Predicted Revenue,4
16779.0,Frequency,46.0,1076.826930451372,1076.826930451372,Increases Predicted Revenue,3
16779.0,Monetary,29033.25,1557.899410712591,1557.899410712591,Increases Predicted Revenue,1
16779.0,TotalItems,17915.0,1376.6321129198955,1376.6321129198955,Increases Predicted Revenue,2
16779.0,AverageOrderValue,631.1576086956521,474.9132059136432,474.9132059136432,Increases Predicted Revenue,6
16779.0,Tenure,629.0,-532.9058891624805,532.9058891624805,Decreases Predicted Revenue,5
17362.0,Recency,148.0,-48.59599646507276,48.59599646507276,Decreases Predicted Revenue,2
17362.0,Frequency,7.0,-16.141234581495667,16.141234581495667,Decreases Predicted Revenue,4
17362.0,Monetary,1024.04,-55.24101117454223,55.24101117454223,Decreases Predicted Revenue,1
17362.0,TotalItems,549.0,-38.327117317862374,38.327117317862374,Decreases Predicted Revenue,3
17362.0,AverageOrderValue,146.29142857142855,4.816929046427008,4.816929046427008,Increases Predicted Revenue,6
17362.0,Tenure,463.0,-11.286779326799214,11.286779326799214,Decreases Predicted Revenue,5
17271.0,Recency,645.0,-58.22168789914548,58.22168789914548,Decreases Predicted Revenue,1
17271.0,Frequency,1.0,-43.972860556689774,43.972860556689774,Decreases Predicted Revenue,3
17271.0,Monetary,210.39,-48.57094039115816,48.57094039115816,Decreases Predicted Revenue,2
17271.0,TotalItems,117.0,-34.969295993478646,34.969295993478646,Decreases Predicted Revenue,4
17271.0,AverageOrderValue,210.39,4.939878844601503,4.939878844601503,Increases Predicted Revenue,6
17271.0,Tenure,0.0,13.105870818739275,13.105870818739275,Increases Predicted Revenue,5
13286.0,Recency,509.0,-53.5652705394882,53.5652705394882,Decreases Predicted Revenue,1
13286.0,Frequency,1.0,-39.744669179875444,39.744669179875444,Decreases Predicted Revenue,4
13286.0,Monetary,734.91,-40.22981954936563,40.22981954936563,Decreases Predicted Revenue,3
13286.0,TotalItems,274.0,-41.23941818958826,41.23941818958826,Decreases Predicted Revenue,2
13286.0,AverageOrderValue,734.91,-6.230054296299072,6.230054296299072,Decreases Predicted Revenue,6
13286.0,Tenure,0.0,15.727601243543916,15.727601243543916,Increases Predicted Revenue,5
18123.0,Recency,423.0,-49.25584154134609,49.25584154134609,Decreases Predicted Revenue,1
18123.0,Frequency,1.0,-39.22958384612274,39.22958384612274,Decreases Predicted Revenue,3
18123.0,Monetary,95.15,-43.98586096444421,43.98586096444421,Decreases Predicted Revenue,2
18123.0,TotalItems,35.0,-35.36424302942923,35.36424302942923,Decreases Predicted Revenue,4
18123.0,AverageOrderValue,95.15,-11.526672899530894,11.526672899530894,Decreases Predicted Revenue,6
18123.0,Tenure,0.0,11.82672969936174,11.82672969936174,Increases Predicted Revenue,5
14391.0,Recency,486.0,-55.36373121456462,55.36373121456462,Decreases Predicted Revenue,1
14391.0,Frequency,1.0,-41.924039287541966,41.924039287541966,Decreases Predicted Revenue,3
14391.0,Monetary,135.6,-47.91590936524435,47.91590936524435,Decreases Predicted Revenue,2
14391.0,TotalItems,168.0,-33.124411091909295,33.124411091909295,Decreases Predicted Revenue,4
14391.0,AverageOrderValue,135.6,-3.7412484883723733,3.7412484883723733,Decreases Predicted Revenue,6
14391.0,Tenure,0.0,14.561470536972235,14.561470536972235,Increases Predicted Revenue,5
16418.0,Recency,2.0,26.52163135075982,26.52163135075982,Increases Predicted Revenue,4
16418.0,Frequency,4.0,-60.57027294849435,60.57027294849435,Decreases Predicted Revenue,3
16418.0,Monetary,795.03,-82.32243022857425,82.32243022857425,Decreases Predicted Revenue,1
16418.0,TotalItems,466.0,-63.832597737121375,63.832597737121375,Decreases Predicted Revenue,2
16418.0,AverageOrderValue,198.7575,12.24313297706037,12.24313297706037,Increases Predicted Revenue,6
16418.0,Tenure,329.0,26.081763093723143,26.081763093723143,Increases Predicted Revenue,5
16967.0,Recency,98.0,-28.60986364298119,28.60986364298119,Decreases Predicted Revenue,4
16967.0,Frequency,1.0,-44.47222661137658,44.47222661137658,Decreases Predicted Revenue,3
16967.0,Monetary,319.02,-50.95967163583951,50.95967163583951,Decreases Predicted Revenue,1
16967.0,TotalItems,333.0,-49.95276351185511,49.95276351185511,Decreases Predicted Revenue,2
16967.0,AverageOrderValue,319.02,2.1764832764303663,2.1764832764303663,Increases Predicted Revenue,6
16967.0,Tenure,0.0,11.328486097082664,11.328486097082664,Increases Predicted Revenue,5
14005.0,Recency,43.0,11.889626683577594,11.889626683577594,Increases Predicted Revenue,5
14005.0,Frequency,3.0,-66.5650626747936,66.5650626747936,Decreases Predicted Revenue,2
14005.0,Monetary,696.56,-80.500130668992,80.500130668992,Decreases Predicted Revenue,1
14005.0,TotalItems,864.0,-20.687729210364843,20.687729210364843,Decreases Predicted Revenue,4
14005.0,AverageOrderValue,232.18666666666664,3.909074955218557,3.909074955218557,Increases Predicted Revenue,6
14005.0,Tenure,81.0,62.87349822631961,62.87349822631961,Increases Predicted Revenue,3
13345.0,Recency,197.0,-53.19439386076314,53.19439386076314,Decreases Predicted Revenue,1
13345.0,Frequency,1.0,-48.06006935782573,48.06006935782573,Decreases Predicted Revenue,3
13345.0,Monetary,389.5,-49.75638204940846,49.75638204940846,Decreases Predicted Revenue,2
13345.0,TotalItems,141.0,-40.24575957320471,40.24575957320471,Decreases Predicted Revenue,4
13345.0,AverageOrderValue,389.5,11.190462066757936,11.190462066757936,Increases Predicted Revenue,6
13345.0,Tenure,0.0,17.194019896681784,17.194019896681784,Increases Predicted Revenue,5
16050.0,Recency,83.0,-23.357646188962093,23.357646188962093,Decreases Predicted Revenue,5
16050.0,Frequency,3.0,-45.26416410037755,45.26416410037755,Decreases Predicted Revenue,2
16050.0,Monetary,300.7,-58.44871103981235,58.44871103981235,Decreases Predicted Revenue,1
16050.0,TotalItems,388.0,-38.05571291878293,38.05571291878293,Decreases Predicted Revenue,3
16050.0,AverageOrderValue,100.23333333333332,-17.202134480196115,17.202134480196115,Decreases Predicted Revenue,6
16050.0,Tenure,227.0,32.6589201283101,32.6589201283101,Increases Predicted Revenue,4
16987.0,Recency,79.0,-7.362043794387006,7.362043794387006,Decreases Predicted Revenue,5
16987.0,Frequency,7.0,-5.8361361595628285,5.8361361595628285,Decreases Predicted Revenue,6
16987.0,Monetary,1540.3,-61.032657053830235,61.032657053830235,Decreases Predicted Revenue,1
16987.0,TotalItems,380.0,-46.2450685605685,46.2450685605685,Decreases Predicted Revenue,2
16987.0,AverageOrderValue,220.04285714285717,9.802370688545217,9.802370688545217,Increases Predicted Revenue,4
16987.0,Tenure,567.0,-13.393845876884187,13.393845876884187,Decreases Predicted Revenue,3
17913.0,Recency,265.0,-94.54339920122925,94.54339920122925,Decreases Predicted Revenue,1
17913.0,Frequency,13.0,-8.563068097274236,8.563068097274236,Decreases Predicted Revenue,4
17913.0,Monetary,3286.09,-12.71442104935237,12.71442104935237,Decreases Predicted Revenue,3
17913.0,TotalItems,1556.0,-16.214638000648048,16.214638000648048,Decreases Predicted Revenue,2
17913.0,AverageOrderValue,252.77615384615385,4.769437345671941,4.769437345671941,Increases Predicted Revenue,6
17913.0,Tenure,380.0,5.415109655961576,5.415109655961576,Increases Predicted Revenue,5
13492.0,Recency,45.0,14.357207849612173,14.357207849612173,Increases Predicted Revenue,5
13492.0,Frequency,3.0,-60.112836805032714,60.112836805032714,Decreases Predicted Revenue,2
13492.0,Monetary,1269.84,-45.99153437165617,45.99153437165617,Decreases Predicted Revenue,4
13492.0,TotalItems,408.0,-50.760450176555835,50.760450176555835,Decreases Predicted Revenue,3
13492.0,AverageOrderValue,423.28,-11.222261869337455,11.222261869337455,Decreases Predicted Revenue,6
13492.0,Tenure,78.0,67.0200978814049,67.0200978814049,Increases Predicted Revenue,1
12672.0,Recency,239.0,-53.75228461657732,53.75228461657732,Decreases Predicted Revenue,1
12672.0,Frequency,2.0,-44.52911733807272,44.52911733807272,Decreases Predicted Revenue,3
12672.0,Monetary,437.05,-49.08770628671045,49.08770628671045,Decreases Predicted Revenue,2
12672.0,TotalItems,138.0,-38.25634720024175,38.25634720024175,Decreases Predicted Revenue,4
12672.0,AverageOrderValue,218.525,4.4973071670823925,4.4973071670823925,Increases Predicted Revenue,6
12672.0,Tenure,265.0,15.841011692772307,15.841011692772307,Increases Predicted Revenue,5
17418.0,Recency,233.0,-60.056460449949554,60.056460449949554,Decreases Predicted Revenue,1
17418.0,Frequency,2.0,-45.690278770084156,45.690278770084156,Decreases Predicted Revenue,3
17418.0,Monetary,373.99,-52.222866510390624,52.222866510390624,Decreases Predicted Revenue,2
17418.0,TotalItems,371.0,-44.3151596438856,44.3151596438856,Decreases Predicted Revenue,4
17418.0,AverageOrderValue,186.995,5.951464561457486,5.951464561457486,Increases Predicted Revenue,6
17418.0,Tenure,63.0,33.05947557665977,33.05947557665977,Increases Predicted Revenue,5
12876.0,Recency,105.0,-13.964077686489562,13.964077686489562,Decreases Predicted Revenue,4
12876.0,Frequency,3.0,-52.86068811108146,52.86068811108146,Decreases Predicted Revenue,1
12876.0,Monetary,2590.2000000000003,-25.329448774874166,25.329448774874166,Decreases Predicted Revenue,2
12876.0,TotalItems,1757.0,-10.598650432838259,10.598650432838259,Decreases Predicted Revenue,5
12876.0,AverageOrderValue,863.4000000000001,-22.5178197026022,22.5178197026022,Decreases Predicted Revenue,3
12876.0,Tenure,394.0,-8.106314378065575,8.106314378065575,Decreases Predicted Revenue,6
13741.0,Recency,93.0,-24.806034662022736,24.806034662022736,Decreases Predicted Revenue,4
13741.0,Frequency,2.0,-46.926892059043226,46.926892059043226,Decreases Predicted Revenue,2
13741.0,Monetary,363.13,-57.80546420513845,57.80546420513845,Decreases Predicted Revenue,1
13741.0,TotalItems,143.0,-44.98657321365032,44.98657321365032,Decreases Predicted Revenue,3
13741.0,AverageOrderValue,181.565,4.529012733600515,4.529012733600515,Increases Predicted Revenue,6
13741.0,Tenure,33.0,14.469380343613466,14.469380343613466,Increases Predicted Revenue,5
18177.0,Recency,67.0,-14.717932686667893,14.717932686667893,Decreases Predicted Revenue,4
18177.0,Frequency,8.0,-7.003018095386238,7.003018095386238,Decreases Predicted Revenue,5
18177.0,Monetary,1913.27,-67.46604285099423,67.46604285099423,Decreases Predicted Revenue,1
18177.0,TotalItems,1073.0,-29.741498499250326,29.741498499250326,Decreases Predicted Revenue,2
18177.0,AverageOrderValue,239.15875,4.5610258728822615,4.5610258728822615,Increases Predicted Revenue,6
18177.0,Tenure,566.0,-26.747926954788642,26.747926954788642,Decreases Predicted Revenue,3
16046.0,Recency,471.0,-55.3195665294326,55.3195665294326,Decreases Predicted Revenue,1
16046.0,Frequency,1.0,-41.41262648575414,41.41262648575414,Decreases Predicted Revenue,3
16046.0,Monetary,235.78,-46.311538680287896,46.311538680287896,Decreases Predicted Revenue,2
16046.0,TotalItems,248.0,-37.644430694660855,37.644430694660855,Decreases Predicted Revenue,4
16046.0,AverageOrderValue,235.78,0.9569655200770047,0.9569655200770047,Increases Predicted Revenue,6
16046.0,Tenure,0.0,13.33850198406876,13.33850198406876,Increases Predicted Revenue,5
15033.0,Recency,18.0,68.14524374176963,68.14524374176963,Increases Predicted Revenue,2
15033.0,Frequency,6.0,1.12413606992948,1.12413606992948,Increases Predicted Revenue,6
15033.0,Monetary,1629.1,-64.75907430141231,64.75907430141231,Decreases Predicted Revenue,3
15033.0,TotalItems,916.0,-17.611096967591568,17.611096967591568,Decreases Predicted Revenue,4
15033.0,AverageOrderValue,271.51666666666665,7.7742352301908815,7.7742352301908815,Increases Predicted Revenue,5
15033.0,Tenure,220.0,75.72983798516378,75.72983798516378,Increases Predicted Revenue,1
15764.0,Recency,16.0,67.97721659432091,67.97721659432091,Increases Predicted Revenue,1
15764.0,Frequency,7.0,20.652077688828726,20.652077688828726,Increases Predicted Revenue,3
15764.0,Monetary,4499.73,63.78754082817721,63.78754082817721,Increases Predicted Revenue,2
15764.0,TotalItems,2943.0,8.4580062828475,8.4580062828475,Increases Predicted Revenue,5
15764.0,AverageOrderValue,642.8185714285713,18.484899746449244,18.484899746449244,Increases Predicted Revenue,4
15764.0,Tenure,371.0,6.38324969776795,6.38324969776795,Increases Predicted Revenue,6
14085.0,Recency,50.0,93.10430648130647,93.10430648130647,Increases Predicted Revenue,4
14085.0,Frequency,27.0,123.40558711595281,123.40558711595281,Increases Predicted Revenue,3
14085.0,Monetary,8904.62,189.3843538539066,189.3843538539066,Increases Predicted Revenue,1
14085.0,TotalItems,5577.0,137.3868512183272,137.3868512183272,Increases Predicted Revenue,2
14085.0,AverageOrderValue,329.8007407407408,22.454480442250144,22.454480442250144,Increases Predicted Revenue,6
14085.0,Tenure,590.0,-42.747848220534266,42.747848220534266,Decreases Predicted Revenue,5
17539.0,Recency,527.0,-92.00181596368819,92.00181596368819,Decreases Predicted Revenue,1
17539.0,Frequency,4.0,-43.59287053010103,43.59287053010103,Decreases Predicted Revenue,3
17539.0,Monetary,1226.57,-46.379260121749034,46.379260121749034,Decreases Predicted Revenue,2
17539.0,TotalItems,747.0,-19.16460494895634,19.16460494895634,Decreases Predicted Revenue,5
17539.0,AverageOrderValue,306.6425,-0.32545217891850897,0.32545217891850897,Decreases Predicted Revenue,6
17539.0,Tenure,108.0,34.764210898926066,34.764210898926066,Increases Predicted Revenue,4
15964.0,Recency,572.0,-58.58442212744222,58.58442212744222,Decreases Predicted Revenue,1
15964.0,Frequency,1.0,-43.33586305692154,43.33586305692154,Decreases Predicted Revenue,3
15964.0,Monetary,272.96000000000004,-44.2043189789541,44.2043189789541,Decreases Predicted Revenue,2
15964.0,TotalItems,94.0,-33.58271719851236,33.58271719851236,Decreases Predicted Revenue,4
15964.0,AverageOrderValue,272.96000000000004,-1.2894060201918245,1.2894060201918245,Decreases Predicted Revenue,6
15964.0,Tenure,0.0,13.799674314855011,13.799674314855011,Increases Predicted Revenue,5
12514.0,Recency,176.0,-40.023285396835206,40.023285396835206,Decreases Predicted Revenue,3
12514.0,Frequency,2.0,-41.83704829689285,41.83704829689285,Decreases Predicted Revenue,2
12514.0,Monetary,1597.76,-45.13534541334751,45.13534541334751,Decreases Predicted Revenue,1
12514.0,TotalItems,840.0,-21.990272479421627,21.990272479421627,Decreases Predicted Revenue,4
12514.0,AverageOrderValue,798.88,-12.823560633164112,12.823560633164112,Decreases Predicted Revenue,5
12514.0,Tenure,374.0,0.23406535841926146,0.23406535841926146,Increases Predicted Revenue,6
15857.0,Recency,339.0,-52.1422560313781,52.1422560313781,Decreases Predicted Revenue,1
15857.0,Frequency,1.0,-40.51049752151688,40.51049752151688,Decreases Predicted Revenue,4
15857.0,Monetary,273.48,-43.38478804638646,43.38478804638646,Decreases Predicted Revenue,2
15857.0,TotalItems,276.0,-41.2065896325834,41.2065896325834,Decreases Predicted Revenue,3
15857.0,AverageOrderValue,273.48,-1.64539245741318,1.64539245741318,Decreases Predicted Revenue,6
15857.0,Tenure,0.0,12.89233579840919,12.89233579840919,Increases Predicted Revenue,5
12380.0,Recency,95.0,-2.8970448836671068,2.8970448836671068,Decreases Predicted Revenue,6
12380.0,Frequency,8.0,8.60790726700627,8.60790726700627,Increases Predicted Revenue,5
12380.0,Monetary,7559.04,56.34552239385932,56.34552239385932,Increases Predicted Revenue,2
12380.0,TotalItems,2521.0,-16.609679048671318,16.609679048671318,Decreases Predicted Revenue,4
12380.0,AverageOrderValue,944.88,-84.2734447236609,84.2734447236609,Decreases Predicted Revenue,1
12380.0,Tenure,476.0,-17.25959674118154,17.25959674118154,Decreases Predicted Revenue,3
16033.0,Recency,17.0,162.94619240794515,162.94619240794515,Increases Predicted Revenue,3
16033.0,Frequency,23.0,168.831808390233,168.831808390233,Increases Predicted Revenue,2
16033.0,Monetary,7898.03,211.88557518364442,211.88557518364442,Increases Predicted Revenue,1
16033.0,TotalItems,2904.0,95.06170463616161,95.06170463616161,Increases Predicted Revenue,4
16033.0,AverageOrderValue,343.39260869565214,13.04095443994556,13.04095443994556,Increases Predicted Revenue,6
16033.0,Tenure,376.0,-37.90832553465328,37.90832553465328,Decreases Predicted Revenue,5
15176.0,Recency,577.0,-56.050995240290916,56.050995240290916,Decreases Predicted Revenue,1
15176.0,Frequency,1.0,-39.82232033028055,39.82232033028055,Decreases Predicted Revenue,3
15176.0,Monetary,988.04,-40.47897401983832,40.47897401983832,Decreases Predicted Revenue,2
15176.0,TotalItems,448.0,-36.55479324826915,36.55479324826915,Decreases Predicted Revenue,4
15176.0,AverageOrderValue,988.04,-10.406687928661103,10.406687928661103,Decreases Predicted Revenue,6
15176.0,Tenure,0.0,15.196334258782489,15.196334258782489,Increases Predicted Revenue,5
12636.0,Recency,648.0,-53.40399209733851,53.40399209733851,Decreases Predicted Revenue,1
12636.0,Frequency,1.0,-42.571464006131926,42.571464006131926,Decreases Predicted Revenue,3
12636.0,Monetary,141.0,-47.234743470173484,47.234743470173484,Decreases Predicted Revenue,2
12636.0,TotalItems,1.0,-39.28210408102569,39.28210408102569,Decreases Predicted Revenue,4
12636.0,AverageOrderValue,141.0,2.9599410644695303,2.9599410644695303,Increases Predicted Revenue,6
12636.0,Tenure,0.0,12.170959822012584,12.170959822012584,Increases Predicted Revenue,5
12879.0,Recency,1.0,29.44274944832761,29.44274944832761,Increases Predicted Revenue,4
12879.0,Frequency,1.0,-68.16666166387739,68.16666166387739,Decreases Predicted Revenue,2
12879.0,Monetary,140.5,-77.04382109118069,77.04382109118069,Decreases Predicted Revenue,1
12879.0,TotalItems,58.0,-63.2697663690217,63.2697663690217,Decreases Predicted Revenue,3
12879.0,AverageOrderValue,140.5,5.378832482698008,5.378832482698008,Increases Predicted Revenue,6
12879.0,Tenure,0.0,25.854811357094878,25.854811357094878,Increases Predicted Revenue,5
18191.0,Recency,171.0,-44.20353115270719,44.20353115270719,Decreases Predicted Revenue,4
18191.0,Frequency,2.0,-45.6846859761414,45.6846859761414,Decreases Predicted Revenue,3
18191.0,Monetary,529.4,-52.26749427097115,52.26749427097115,Decreases Predicted Revenue,1
18191.0,TotalItems,332.0,-48.58319893483779,48.58319893483779,Decreases Predicted Revenue,2
18191.0,AverageOrderValue,264.7,0.8095957591758707,0.8095957591758707,Increases Predicted Revenue,6
18191.0,Tenure,215.0,26.462655803149087,26.462655803149087,Increases Predicted Revenue,5
17329.0,Recency,224.0,-47.827683405157536,47.827683405157536,Decreases Predicted Revenue,1
17329.0,Frequency,4.0,-36.36305563843046,36.36305563843046,Decreases Predicted Revenue,4
17329.0,Monetary,724.6800000000001,-47.458423801467134,47.458423801467134,Decreases Predicted Revenue,2
17329.0,TotalItems,357.0,-38.62978538392684,38.62978538392684,Decreases Predicted Revenue,3
17329.0,AverageOrderValue,181.17,4.302008656502656,4.302008656502656,Increases Predicted Revenue,5
17329.0,Tenure,420.0,0.8702745875349802,0.8702745875349802,Increases Predicted Revenue,6
13951.0,Recency,85.0,-22.183370925538508,22.183370925538508,Decreases Predicted Revenue,5
13951.0,Frequency,3.0,-48.51735104447042,48.51735104447042,Decreases Predicted Revenue,2
13951.0,Monetary,674.45,-62.523869649273635,62.523869649273635,Decreases Predicted Revenue,1
13951.0,TotalItems,459.0,-44.832879029103225,44.832879029103225,Decreases Predicted Revenue,4
13951.0,AverageOrderValue,224.8166666666667,6.467841401996001,6.467841401996001,Increases Predicted Revenue,6
13951.0,Tenure,118.0,45.29282611260983,45.29282611260983,Increases Predicted Revenue,3
16284.0,Recency,302.0,-46.845457358261015,46.845457358261015,Decreases Predicted Revenue,2
16284.0,Frequency,1.0,-43.07958313103413,43.07958313103413,Decreases Predicted Revenue,3
16284.0,Monetary,205.8,-54.07289749273618,54.07289749273618,Decreases Predicted Revenue,1
16284.0,TotalItems,139.0,-39.06468868539956,39.06468868539956,Decreases Predicted Revenue,4
16284.0,AverageOrderValue,205.8,5.212773290698555,5.212773290698555,Increases Predicted Revenue,6
16284.0,Tenure,0.0,12.27462263180378,12.27462263180378,Increases Predicted Revenue,5
12689.0,Recency,37.0,-4.043908361990773,4.043908361990773,Decreases Predicted Revenue,6
12689.0,Frequency,1.0,-51.24112799189316,51.24112799189316,Decreases Predicted Revenue,3
12689.0,Monetary,511.03,-53.329130639027845,53.329130639027845,Decreases Predicted Revenue,2
12689.0,TotalItems,281.0,-56.20137977999725,56.20137977999725,Decreases Predicted Revenue,1
12689.0,AverageOrderValue,511.03,-12.026221065232297,12.026221065232297,Decreases Predicted Revenue,5
12689.0,Tenure,0.0,16.416815419649193,16.416815419649193,Increases Predicted Revenue,4
14573.0,Recency,89.0,-12.398121792696426,12.398121792696426,Decreases Predicted Revenue,5
14573.0,Frequency,13.0,10.070919739525014,10.070919739525014,Increases Predicted Revenue,6
14573.0,Monetary,2621.42,-21.738058020116398,21.738058020116398,Decreases Predicted Revenue,3
14573.0,TotalItems,835.0,-33.22595895776191,33.22595895776191,Decreases Predicted Revenue,1
14573.0,AverageOrderValue,201.64769230769232,18.33940597933752,18.33940597933752,Increases Predicted Revenue,4
14573.0,Tenure,520.0,-32.797793404736304,32.797793404736304,Decreases Predicted Revenue,2
17312.0,Recency,48.0,3.321028959488906,3.321028959488906,Increases Predicted Revenue,6
17312.0,Frequency,3.0,-50.07993302238127,50.07993302238127,Decreases Predicted Revenue,2
17312.0,Monetary,644.3,-54.83600592238699,54.83600592238699,Decreases Predicted Revenue,1
17312.0,TotalItems,372.0,-46.93364662248898,46.93364662248898,Decreases Predicted Revenue,3
17312.0,AverageOrderValue,214.76666666666665,8.372392711618513,8.372392711618513,Increases Predicted Revenue,5
17312.0,Tenure,20.0,14.310295765678557,14.310295765678557,Increases Predicted Revenue,4
15190.0,Recency,343.0,-64.9817803235992,64.9817803235992,Decreases Predicted Revenue,1
15190.0,Frequency,1.0,-44.02894730651203,44.02894730651203,Decreases Predicted Revenue,3
15190.0,Monetary,834.4399999999999,-45.43316319170432,45.43316319170432,Decreases Predicted Revenue,2
15190.0,TotalItems,790.0,-16.494436410062853,16.494436410062853,Decreases Predicted Revenue,5
15190.0,AverageOrderValue,834.4399999999999,-11.654241590307878,11.654241590307878,Decreases Predicted Revenue,6
15190.0,Tenure,0.0,20.325687434779397,20.325687434779397,Increases Predicted Revenue,4
15135.0,Recency,148.0,-50.02864640758035,50.02864640758035,Decreases Predicted Revenue,2
15135.0,Frequency,2.0,-45.5479500953028,45.5479500953028,Decreases Predicted Revenue,3
15135.0,Monetary,305.68,-51.98432147138767,51.98432147138767,Decreases Predicted Revenue,1
15135.0,TotalItems,84.0,-41.02932472718883,41.02932472718883,Decreases Predicted Revenue,4
15135.0,AverageOrderValue,152.84,4.740691821850808,4.740691821850808,Increases Predicted Revenue,6
15135.0,Tenure,317.0,19.076384227140792,19.076384227140792,Increases Predicted Revenue,5
12683.0,Recency,2.0,379.5076449360676,379.5076449360676,Increases Predicted Revenue,3
12683.0,Frequency,18.0,288.4111373830462,288.4111373830462,Increases Predicted Revenue,4
12683.0,Monetary,10842.4,455.2249832011648,455.2249832011648,Increases Predicted Revenue,1
12683.0,TotalItems,6676.0,425.4017429434765,425.4017429434765,Increases Predicted Revenue,2
12683.0,AverageOrderValue,602.3555555555555,36.82460653493703,36.82460653493703,Increases Predicted Revenue,6
12683.0,Tenure,633.0,-103.87162589113672,103.87162589113672,Decreases Predicted Revenue,5
14066.0,Recency,176.0,-46.86259988381218,46.86259988381218,Decreases Predicted Revenue,2
14066.0,Frequency,1.0,-44.538408765842654,44.538408765842654,Decreases Predicted Revenue,3
14066.0,Monetary,152.55,-50.91661088953495,50.91661088953495,Decreases Predicted Revenue,1
14066.0,TotalItems,45.0,-42.57523721910959,42.57523721910959,Decreases Predicted Revenue,4
14066.0,AverageOrderValue,152.55,5.375729058145719,5.375729058145719,Increases Predicted Revenue,6
14066.0,Tenure,0.0,12.405204505691907,12.405204505691907,Increases Predicted Revenue,5
14972.0,Recency,37.0,-5.4904245746106,5.4904245746106,Decreases Predicted Revenue,6
14972.0,Frequency,2.0,-52.07525792600045,52.07525792600045,Decreases Predicted Revenue,2
14972.0,Monetary,145.07,-64.70434472375929,64.70434472375929,Decreases Predicted Revenue,1
14972.0,TotalItems,40.0,-46.682328560794666,46.682328560794666,Decreases Predicted Revenue,3
14972.0,AverageOrderValue,72.535,-25.085082817258204,25.085082817258204,Decreases Predicted Revenue,5
14972.0,Tenure,252.0,28.46964233144788,28.46964233144788,Increases Predicted Revenue,4
15057.0,Recency,184.0,-60.13990349485076,60.13990349485076,Decreases Predicted Revenue,1
15057.0,Frequency,5.0,-21.623753220105822,21.623753220105822,Decreases Predicted Revenue,3
15057.0,Monetary,3255.96,-14.378214550106785,14.378214550106785,Decreases Predicted Revenue,5
15057.0,TotalItems,1394.0,-15.374801537726158,15.374801537726158,Decreases Predicted Revenue,4
15057.0,AverageOrderValue,651.192,0.9813242822167134,0.9813242822167134,Increases Predicted Revenue,6
15057.0,Tenure,458.0,-22.716856369728934,22.716856369728934,Decreases Predicted Revenue,2
17173.0,Recency,26.0,7.52649796475886,7.52649796475886,Increases Predicted Revenue,6
17173.0,Frequency,2.0,-57.37504921249358,57.37504921249358,Decreases Predicted Revenue,1
17173.0,Monetary,961.26,-51.09346540688007,51.09346540688007,Decreases Predicted Revenue,3
17173.0,TotalItems,238.0,-57.03635326049271,57.03635326049271,Decreases Predicted Revenue,2
17173.0,AverageOrderValue,480.63,-16.923776337167237,16.923776337167237,Decreases Predicted Revenue,5
17173.0,Tenure,14.0,25.900552056182594,25.900552056182594,Increases Predicted Revenue,4
13441.0,Recency,1.0,21.891935500010327,21.891935500010327,Increases Predicted Revenue,5
13441.0,Frequency,2.0,-69.63037755077951,69.63037755077951,Decreases Predicted Revenue,2
13441.0,Monetary,720.9,-75.0758328715838,75.0758328715838,Decreases Predicted Revenue,1
13441.0,TotalItems,520.0,-53.08558757750857,53.08558757750857,Decreases Predicted Revenue,3
13441.0,AverageOrderValue,360.45,4.4745218337802894,4.4745218337802894,Increases Predicted Revenue,6
13441.0,Tenure,339.0,23.160676072547265,23.160676072547265,Increases Predicted Revenue,4
14052.0,Recency,300.0,-47.977099008385636,47.977099008385636,Decreases Predicted Revenue,2
14052.0,Frequency,1.0,-43.117735552052096,43.117735552052096,Decreases Predicted Revenue,3
14052.0,Monetary,255.45,-50.6635516182499,50.6635516182499,Decreases Predicted Revenue,1
14052.0,TotalItems,98.0,-36.836832517851114,36.836832517851114,Decreases Predicted Revenue,4
14052.0,AverageOrderValue,255.45,0.6429740858324319,0.6429740858324319,Increases Predicted Revenue,6
14052.0,Tenure,0.0,12.295492653405944,12.295492653405944,Increases Predicted Revenue,5
16713.0,Recency,25.0,119.19618553159518,119.19618553159518,Increases Predicted Revenue,4
16713.0,Frequency,28.0,126.71386512203162,126.71386512203162,Increases Predicted Revenue,3
16713.0,Monetary,11608.33,272.574018449968,272.574018449968,Increases Predicted Revenue,1
16713.0,TotalItems,6551.0,246.51092064352702,246.51092064352702,Increases Predicted Revenue,2
16713.0,AverageOrderValue,414.5832142857143,-37.097404898267705,37.097404898267705,Decreases Predicted Revenue,5
16713.0,Tenure,608.0,-7.073192473947486,7.073192473947486,Decreases Predicted Revenue,6
17196.0,Recency,337.0,-53.26429984204839,53.26429984204839,Decreases Predicted Revenue,1
17196.0,Frequency,1.0,-41.88690659263762,41.88690659263762,Decreases Predicted Revenue,3
17196.0,Monetary,352.9,-44.7520575049846,44.7520575049846,Decreases Predicted Revenue,2
17196.0,TotalItems,168.0,-34.849767791606375,34.849767791606375,Decreases Predicted Revenue,4
17196.0,AverageOrderValue,352.9,-5.176804276485184,5.176804276485184,Decreases Predicted Revenue,6
17196.0,Tenure,0.0,13.197355196609651,13.197355196609651,Increases Predicted Revenue,5
17307.0,Recency,304.0,-186.83432602407507,186.83432602407507,Decreases Predicted Revenue,1
17307.0,Frequency,11.0,-21.01762258684004,21.01762258684004,Decreases Predicted Revenue,3
17307.0,Monetary,3999.89,4.775106979905037,4.775106979905037,Increases Predicted Revenue,6
17307.0,TotalItems,3667.0,5.230280441103472,5.230280441103472,Increases Predicted Revenue,5
17307.0,AverageOrderValue,363.6263636363637,5.910986583666843,5.910986583666843,Increases Predicted Revenue,4
17307.0,Tenure,293.0,40.24283106789271,40.24283106789271,Increases Predicted Revenue,2
13703.0,Recency,227.0,-57.068559098356026,57.068559098356026,Decreases Predicted Revenue,1
13703.0,Frequency,2.0,-44.69152661667236,44.69152661667236,Decreases Predicted Revenue,3
13703.0,Monetary,425.56,-49.50090477330373,49.50090477330373,Decreases Predicted Revenue,2
13703.0,TotalItems,128.0,-40.977403683733435,40.977403683733435,Decreases Predicted Revenue,4
13703.0,AverageOrderValue,212.78,5.997941631051865,5.997941631051865,Increases Predicted Revenue,6
13703.0,Tenure,96.0,21.569927598381902,21.569927598381902,Increases Predicted Revenue,5
15018.0,Recency,162.0,-49.10522365026021,49.10522365026021,Decreases Predicted Revenue,2
15018.0,Frequency,2.0,-48.682792021621275,48.682792021621275,Decreases Predicted Revenue,3
15018.0,Monetary,402.59,-56.932875037278386,56.932875037278386,Decreases Predicted Revenue,1
15018.0,TotalItems,115.0,-44.56838324268472,44.56838324268472,Decreases Predicted Revenue,4
15018.0,AverageOrderValue,201.295,6.13979749282825,6.13979749282825,Increases Predicted Revenue,6
15018.0,Tenure,114.0,30.99222090730036,30.99222090730036,Increases Predicted Revenue,5
14738.0,Recency,43.0,13.762978704557343,13.762978704557343,Increases Predicted Revenue,4
14738.0,Frequency,7.0,-6.843937726241678,6.843937726241678,Decreases Predicted Revenue,6
14738.0,Monetary,1265.1,-59.783372605583324,59.783372605583324,Decreases Predicted Revenue,1
14738.0,TotalItems,507.0,-45.42632025997493,45.42632025997493,Decreases Predicted Revenue,2
14738.0,AverageOrderValue,180.72857142857143,10.776964304400618,10.776964304400618,Increases Predicted Revenue,5
14738.0,Tenure,599.0,-36.14885050753084,36.14885050753084,Decreases Predicted Revenue,3
16262.0,Recency,287.0,-51.44880142249559,51.44880142249559,Decreases Predicted Revenue,1
16262.0,Frequency,1.0,-39.66223214397581,39.66223214397581,Decreases Predicted Revenue,3
16262.0,Monetary,755.15,-43.694151016758674,43.694151016758674,Decreases Predicted Revenue,2
16262.0,TotalItems,446.0,-37.57950478180702,37.57950478180702,Decreases Predicted Revenue,4
16262.0,AverageOrderValue,755.15,-7.048456981623738,7.048456981623738,Decreases Predicted Revenue,6
16262.0,Tenure,0.0,17.08994047781918,17.08994047781918,Increases Predicted Revenue,5
16426.0,Recency,2.0,29.30597618044181,29.30597618044181,Increases Predicted Revenue,5
16426.0,Frequency,4.0,-65.3557500381625,65.3557500381625,Decreases Predicted Revenue,2
16426.0,Monetary,689.83,-79.07263122602659,79.07263122602659,Decreases Predicted Revenue,1
16426.0,TotalItems,414.0,-59.576150946892014,59.576150946892014,Decreases Predicted Revenue,3
16426.0,AverageOrderValue,172.4575,6.828266152826348,6.828266152826348,Increases Predicted Revenue,6
16426.0,Tenure,183.0,41.31404625206268,41.31404625206268,Increases Predicted Revenue,4
17680.0,Recency,292.0,-55.16976429846283,55.16976429846283,Decreases Predicted Revenue,1
17680.0,Frequency,2.0,-46.68700955553697,46.68700955553697,Decreases Predicted Revenue,4
17680.0,Monetary,313.05,-53.3524456232122,53.3524456232122,Decreases Predicted Revenue,2
17680.0,TotalItems,59.0,-48.80663683116996,48.80663683116996,Decreases Predicted Revenue,3
17680.0,AverageOrderValue,156.525,2.6464480362515554,2.6464480362515554,Increases Predicted Revenue,6
17680.0,Tenure,127.0,35.23780298539974,35.23780298539974,Increases Predicted Revenue,5
13602.0,Recency,291.0,-53.698100952238605,53.698100952238605,Decreases Predicted Revenue,1
13602.0,Frequency,3.0,-41.06977968175188,41.06977968175188,Decreases Predicted Revenue,4
13602.0,Monetary,596.28,-51.467079115241795,51.467079115241795,Decreases Predicted Revenue,2
13602.0,TotalItems,271.0,-48.389904032126246,48.389904032126246,Decreases Predicted Revenue,3
13602.0,AverageOrderValue,198.76,6.3790581689364485,6.3790581689364485,Increases Predicted Revenue,6
13602.0,Tenure,179.0,25.219535155104886,25.219535155104886,Increases Predicted Revenue,5
12832.0,Recency,7.0,36.673869108206645,36.673869108206645,Increases Predicted Revenue,4
12832.0,Frequency,1.0,-69.68433635544834,69.68433635544834,Decreases Predicted Revenue,1
12832.0,Monetary,267.8,-64.89283306055154,64.89283306055154,Decreases Predicted Revenue,2
12832.0,TotalItems,132.0,-52.10071226496407,52.10071226496407,Decreases Predicted Revenue,3
12832.0,AverageOrderValue,267.8,-2.461999212951002,2.461999212951002,Decreases Predicted Revenue,6
12832.0,Tenure,0.0,30.897793327103518,30.897793327103518,Increases Predicted Revenue,5
12605.0,Recency,285.0,-82.8309881845717,82.8309881845717,Decreases Predicted Revenue,1
12605.0,Frequency,4.0,-45.55974540666358,45.55974540666358,Decreases Predicted Revenue,3
12605.0,Monetary,1232.95,-50.6110891502947,50.6110891502947,Decreases Predicted Revenue,2
12605.0,TotalItems,929.0,-21.04365922778897,21.04365922778897,Decreases Predicted Revenue,5
12605.0,AverageOrderValue,308.2375,-0.07251822902062222,0.07251822902062222,Decreases Predicted Revenue,6
12605.0,Tenure,81.0,43.63401452963942,43.63401452963942,Increases Predicted Revenue,4
17213.0,Recency,50.0,44.10935861456991,44.10935861456991,Increases Predicted Revenue,2
17213.0,Frequency,11.0,36.443385592643125,36.443385592643125,Increases Predicted Revenue,3
17213.0,Monetary,4181.08,72.97814769238323,72.97814769238323,Increases Predicted Revenue,1
17213.0,TotalItems,1761.0,6.011549809942681,6.011549809942681,Increases Predicted Revenue,6
17213.0,AverageOrderValue,380.0981818181818,12.550788498635747,12.550788498635747,Increases Predicted Revenue,5
17213.0,Tenure,583.0,-36.32040636642589,36.32040636642589,Decreases Predicted Revenue,4
14315.0,Recency,38.0,5.229174126143263,5.229174126143263,Increases Predicted Revenue,6
14315.0,Frequency,7.0,-9.743838633979315,9.743838633979315,Decreases Predicted Revenue,4
14315.0,Monetary,2266.84,-54.09327839295822,54.09327839295822,Decreases Predicted Revenue,2
14315.0,TotalItems,1012.0,-28.275270943088728,28.275270943088728,Decreases Predicted Revenue,3
14315.0,AverageOrderValue,323.8342857142857,7.420332999875075,7.420332999875075,Increases Predicted Revenue,5
14315.0,Tenure,505.0,-55.97861542174668,55.97861542174668,Decreases Predicted Revenue,1
18203.0,Recency,66.0,-14.394294452582532,14.394294452582532,Decreases Predicted Revenue,5
18203.0,Frequency,4.0,-36.11392932383957,36.11392932383957,Decreases Predicted Revenue,2
18203.0,Monetary,504.42,-53.308510872288466,53.308510872288466,Decreases Predicted Revenue,1
18203.0,TotalItems,113.0,-35.78102379951537,35.78102379951537,Decreases Predicted Revenue,3
18203.0,AverageOrderValue,126.105,-16.03224908491016,16.03224908491016,Decreases Predicted Revenue,4
18203.0,Tenure,573.0,-4.640682488162112,4.640682488162112,Decreases Predicted Revenue,6
16804.0,Recency,179.0,-42.29218731911834,42.29218731911834,Decreases Predicted Revenue,2
16804.0,Frequency,1.0,-40.55863442460373,40.55863442460373,Decreases Predicted Revenue,3
16804.0,Monetary,118.05,-46.709753867262776,46.709753867262776,Decreases Predicted Revenue,1
16804.0,TotalItems,34.0,-37.91877455424012,37.91877455424012,Decreases Predicted Revenue,4
16804.0,AverageOrderValue,118.05,-11.410750442322756,11.410750442322756,Decreases Predicted Revenue,6
16804.0,Tenure,0.0,12.214891416088093,12.214891416088093,Increases Predicted Revenue,5
13461.0,Recency,48.0,9.730351426499432,9.730351426499432,Increases Predicted Revenue,4
13461.0,Frequency,5.0,-24.345935828345524,24.345935828345524,Decreases Predicted Revenue,3
13461.0,Monetary,3599.2,-1.5293449811628719,1.5293449811628719,Decreases Predicted Revenue,6
13461.0,TotalItems,2798.0,-5.2756814815687045,5.2756814815687045,Decreases Predicted Revenue,5
13461.0,AverageOrderValue,719.8399999999999,-27.248976855614277,27.248976855614277,Decreases Predicted Revenue,2
13461.0,Tenure,458.0,-54.19603145794768,54.19603145794768,Decreases Predicted Revenue,1
12817.0,Recency,190.0,-54.03915884773383,54.03915884773383,Decreases Predicted Revenue,1
12817.0,Frequency,3.0,-42.3561970727277,42.3561970727277,Decreases Predicted Revenue,4
12817.0,Monetary,690.98,-51.666556326375854,51.666556326375854,Decreases Predicted Revenue,2
12817.0,TotalItems,219.0,-49.22100845660096,49.22100845660096,Decreases Predicted Revenue,3
12817.0,AverageOrderValue,230.32666666666668,3.56667710903201,3.56667710903201,Increases Predicted Revenue,6
12817.0,Tenure,153.0,31.578138341850945,31.578138341850945,Increases Predicted Revenue,5
13653.0,Recency,397.0,-55.99436471057131,55.99436471057131,Decreases Predicted Revenue,1
13653.0,Frequency,1.0,-43.584147054873625,43.584147054873625,Decreases Predicted Revenue,3
13653.0,Monetary,152.2,-47.40482784981672,47.40482784981672,Decreases Predicted Revenue,2
13653.0,TotalItems,72.0,-38.51200266782538,38.51200266782538,Decreases Predicted Revenue,4
13653.0,AverageOrderValue,152.2,5.044432515771482,5.044432515771482,Increases Predicted Revenue,6
13653.0,Tenure,0.0,12.892039362731012,12.892039362731012,Increases Predicted Revenue,5
16135.0,Recency,172.0,-41.53181017022263,41.53181017022263,Decreases Predicted Revenue,3
16135.0,Frequency,2.0,-43.660220544706554,43.660220544706554,Decreases Predicted Revenue,2
16135.0,Monetary,819.45,-48.741593372761535,48.741593372761535,Decreases Predicted Revenue,1
16135.0,TotalItems,395.0,-39.65611995132862,39.65611995132862,Decreases Predicted Revenue,4
16135.0,AverageOrderValue,409.725,-8.303829563348925,8.303829563348925,Decreases Predicted Revenue,6
16135.0,Tenure,321.0,18.070355856346787,18.070355856346787,Increases Predicted Revenue,5
17759.0,Recency,78.0,-19.96505758640091,19.96505758640091,Decreases Predicted Revenue,4
17759.0,Frequency,4.0,-38.425801559680366,38.425801559680366,Decreases Predicted Revenue,3
17759.0,Monetary,609.07,-59.075625786223384,59.075625786223384,Decreases Predicted Revenue,1
17759.0,TotalItems,345.0,-46.440415422646076,46.440415422646076,Decreases Predicted Revenue,2
17759.0,AverageOrderValue,152.2675,6.688571950925681,6.688571950925681,Increases Predicted Revenue,5
17759.0,Tenure,414.0,-1.3323195181380647,1.3323195181380647,Decreases Predicted Revenue,6
17774.0,Recency,6.0,45.99232400276286,45.99232400276286,Increases Predicted Revenue,2
17774.0,Frequency,9.0,14.37864860676406,14.37864860676406,Increases Predicted Revenue,6
17774.0,Monetary,3328.05,-29.224453405996268,29.224453405996268,Decreases Predicted Revenue,3
17774.0,TotalItems,1609.0,-20.136907737321284,20.136907737321284,Decreases Predicted Revenue,4
17774.0,AverageOrderValue,369.78333333333336,15.549232889516187,15.549232889516187,Increases Predicted Revenue,5
17774.0,Tenure,572.0,-57.871183284550334,57.871183284550334,Decreases Predicted Revenue,1
13784.0,Recency,4.0,73.47422074038072,73.47422074038072,Increases Predicted Revenue,1
13784.0,Frequency,12.0,20.99517233773721,20.99517233773721,Increases Predicted Revenue,4
13784.0,Monetary,2571.59,-43.307274294709075,43.307274294709075,Decreases Predicted Revenue,2
13784.0,TotalItems,2599.0,-16.737400330530747,16.737400330530747,Decreases Predicted Revenue,6
13784.0,AverageOrderValue,214.29916666666668,19.37225709556541,19.37225709556541,Increases Predicted Revenue,5
13784.0,Tenure,356.0,24.591200780512267,24.591200780512267,Increases Predicted Revenue,3
14420.0,Recency,8.0,19.56877209197073,19.56877209197073,Increases Predicted Revenue,5
14420.0,Frequency,4.0,-51.95896745332356,51.95896745332356,Decreases Predicted Revenue,2
14420.0,Monetary,1639.17,-56.420875030253654,56.420875030253654,Decreases Predicted Revenue,1
14420.0,TotalItems,1120.0,-24.72002987157811,24.72002987157811,Decreases Predicted Revenue,4
14420.0,AverageOrderValue,409.7925,-10.666288116952801,10.666288116952801,Decreases Predicted Revenue,6
14420.0,Tenure,592.0,-40.5820774965379,40.5820774965379,Decreases Predicted Revenue,3
15139.0,Recency,149.0,-43.03231882574747,43.03231882574747,Decreases Predicted Revenue,2
15139.0,Frequency,2.0,-39.638956986446736,39.638956986446736,Decreases Predicted Revenue,3
15139.0,Monetary,178.96,-50.73881613870762,50.73881613870762,Decreases Predicted Revenue,1
15139.0,TotalItems,208.0,-34.846942150254314,34.846942150254314,Decreases Predicted Revenue,4
15139.0,AverageOrderValue,89.48,-15.951225062479839,15.951225062479839,Decreases Predicted Revenue,6
15139.0,Tenure,96.0,17.62275407268,17.62275407268,Increases Predicted Revenue,5
17068.0,Recency,4.0,312.1802028117616,312.1802028117616,Increases Predicted Revenue,1
17068.0,Frequency,42.0,257.70479918815596,257.70479918815596,Increases Predicted Revenue,3
17068.0,Monetary,8148.23,308.1665963527726,308.1665963527726,Increases Predicted Revenue,2
17068.0,TotalItems,3919.0,196.89462472343857,196.89462472343857,Increases Predicted Revenue,4
17068.0,AverageOrderValue,194.0054761904762,80.99734089884008,80.99734089884008,Increases Predicted Revenue,6
17068.0,Tenure,526.0,-84.24466103087771,84.24466103087771,Decreases Predicted Revenue,5
15899.0,Recency,278.0,-46.5812181295115,46.5812181295115,Decreases Predicted Revenue,1
15899.0,Frequency,1.0,-39.79446507907106,39.79446507907106,Decreases Predicted Revenue,3
15899.0,Monetary,112.5,-46.093199249805096,46.093199249805096,Decreases Predicted Revenue,2
15899.0,TotalItems,78.0,-34.16916821332873,34.16916821332873,Decreases Predicted Revenue,4
15899.0,AverageOrderValue,112.5,-12.635269133657996,12.635269133657996,Decreases Predicted Revenue,5
15899.0,Tenure,0.0,12.478409279793413,12.478409279793413,Increases Predicted Revenue,6
16775.0,Recency,31.0,36.60009315478854,36.60009315478854,Increases Predicted Revenue,1
16775.0,Frequency,13.0,13.824924943027604,13.824924943027604,Increases Predicted Revenue,6
16775.0,Monetary,2535.78,-18.69616566868334,18.69616566868334,Decreases Predicted Revenue,5
16775.0,TotalItems,863.0,-19.206594092567183,19.206594092567183,Decreases Predicted Revenue,4
16775.0,AverageOrderValue,195.06,29.059791081144894,29.059791081144894,Increases Predicted Revenue,2
16775.0,Tenure,319.0,26.817731734019688,26.817731734019688,Increases Predicted Revenue,3
15999.0,Recency,645.0,-50.71288015518847,50.71288015518847,Decreases Predicted Revenue,1
15999.0,Frequency,1.0,-39.75375763145754,39.75375763145754,Decreases Predicted Revenue,3
15999.0,Monetary,20.4,-44.74666806677763,44.74666806677763,Decreases Predicted Revenue,2
15999.0,TotalItems,24.0,-35.35381473560621,35.35381473560621,Decreases Predicted Revenue,4
15999.0,AverageOrderValue,20.4,-8.27765564443625,8.27765564443625,Decreases Predicted Revenue,6
15999.0,Tenure,0.0,11.161190337731554,11.161190337731554,Increases Predicted Revenue,5
17133.0,Recency,99.0,-37.80302187539315,37.80302187539315,Decreases Predicted Revenue,3
17133.0,Frequency,8.0,31.253193393533007,31.253193393533007,Increases Predicted Revenue,4
17133.0,Monetary,12208.88,179.73820368253226,179.73820368253226,Increases Predicted Revenue,1
17133.0,TotalItems,8502.0,165.7994656289358,165.7994656289358,Increases Predicted Revenue,2
17133.0,AverageOrderValue,1526.11,15.451226555768566,15.451226555768566,Increases Predicted Revenue,6
17133.0,Tenure,438.0,-28.448195715931938,28.448195715931938,Decreases Predicted Revenue,5
13245.0,Recency,341.0,-50.43746226293156,50.43746226293156,Decreases Predicted Revenue,1
13245.0,Frequency,1.0,-39.38310998534112,39.38310998534112,Decreases Predicted Revenue,3
13245.0,Monetary,558.72,-41.97765531147004,41.97765531147004,Decreases Predicted Revenue,2
13245.0,TotalItems,246.0,-39.015021920749525,39.015021920749525,Decreases Predicted Revenue,4
13245.0,AverageOrderValue,558.72,-9.396678850265301,9.396678850265301,Decreases Predicted Revenue,6
13245.0,Tenure,0.0,14.462291507577914,14.462291507577914,Increases Predicted Revenue,5
17787.0,Recency,62.0,7.110797714052419,7.110797714052419,Increases Predicted Revenue,6
17787.0,Frequency,4.0,-65.04901528341203,65.04901528341203,Decreases Predicted Revenue,2
17787.0,Monetary,2601.4700000000003,-15.36410740818921,15.36410740818921,Decreases Predicted Revenue,5
17787.0,TotalItems,1266.0,-19.826577174123823,19.826577174123823,Decreases Predicted Revenue,4
17787.0,AverageOrderValue,650.3675000000001,26.00755623076328,26.00755623076328,Increases Predicted Revenue,3
17787.0,Tenure,218.0,70.62650163872128,70.62650163872128,Increases Predicted Revenue,1
18174.0,Recency,513.0,-46.958038932027584,46.958038932027584,Decreases Predicted Revenue,1
18174.0,Frequency,1.0,-37.69917617588969,37.69917617588969,Decreases Predicted Revenue,3
18174.0,Monetary,58.5,-42.15053206849063,42.15053206849063,Decreases Predicted Revenue,2
18174.0,TotalItems,30.0,-34.252710951367376,34.252710951367376,Decreases Predicted Revenue,4
18174.0,AverageOrderValue,58.5,-17.176770592330538,17.176770592330538,Decreases Predicted Revenue,5
18174.0,Tenure,0.0,10.301368732682679,10.301368732682679,Increases Predicted Revenue,6
15838.0,Recency,18.0,1202.630306357018,1202.630306357018,Increases Predicted Revenue,4
15838.0,Frequency,27.0,1279.920578750459,1279.920578750459,Increases Predicted Revenue,3
15838.0,Monetary,54673.42,2137.5570111400793,2137.5570111400793,Increases Predicted Revenue,1
15838.0,TotalItems,54294.0,1921.3969929386403,1921.3969929386403,Increases Predicted Revenue,2
15838.0,AverageOrderValue,2024.941481481481,442.67909159110565,442.67909159110565,Increases Predicted Revenue,5
15838.0,Tenure,616.0,-279.85164664924656,279.85164664924656,Decreases Predicted Revenue,6
16865.0,Recency,311.0,-43.63202268482667,43.63202268482667,Decreases Predicted Revenue,2
16865.0,Frequency,1.0,-40.386582276646344,40.386582276646344,Decreases Predicted Revenue,3
16865.0,Monetary,130.95,-50.9618860454169,50.9618860454169,Decreases Predicted Revenue,1
16865.0,TotalItems,157.0,-35.16020345007814,35.16020345007814,Decreases Predicted Revenue,4
16865.0,AverageOrderValue,130.95,-9.237341245231777,9.237341245231777,Decreases Predicted Revenue,6
16865.0,Tenure,0.0,12.899574449465495,12.899574449465495,Increases Predicted Revenue,5
14190.0,Recency,575.0,-46.53706942511622,46.53706942511622,Decreases Predicted Revenue,1
14190.0,Frequency,1.0,-37.71185156003056,37.71185156003056,Decreases Predicted Revenue,3
14190.0,Monetary,79.9,-42.01270955623998,42.01270955623998,Decreases Predicted Revenue,2
14190.0,TotalItems,2.0,-35.194982511725165,35.194982511725165,Decreases Predicted Revenue,4
14190.0,AverageOrderValue,79.9,-16.749637782641614,16.749637782641614,Decreases Predicted Revenue,5
14190.0,Tenure,0.0,10.296612743750076,10.296612743750076,Increases Predicted Revenue,6
15845.0,Recency,54.0,14.441994465172694,14.441994465172694,Increases Predicted Revenue,3
15845.0,Frequency,8.0,3.403155532434562,3.403155532434562,Increases Predicted Revenue,6
15845.0,Monetary,3241.27,-7.637424363151393,7.637424363151393,Decreases Predicted Revenue,5
15845.0,TotalItems,1580.0,-13.620234760528792,13.620234760528792,Decreases Predicted Revenue,4
15845.0,AverageOrderValue,405.15875,-19.85124025077644,19.85124025077644,Decreases Predicted Revenue,2
15845.0,Tenure,537.0,-43.664168716598425,43.664168716598425,Decreases Predicted Revenue,1
13408.0,Recency,9.0,1342.9975441099498,1342.9975441099498,Increases Predicted Revenue,4
13408.0,Frequency,85.0,1405.6132501646564,1405.6132501646564,Increases Predicted Revenue,3
13408.0,Monetary,41453.102,2043.1278968971687,2043.1278968971687,Increases Predicted Revenue,1
13408.0,TotalItems,23773.0,1660.345973024241,1660.345973024241,Increases Predicted Revenue,2
13408.0,AverageOrderValue,487.68355294117646,-263.46299218168855,263.46299218168855,Decreases Predicted Revenue,6
13408.0,Tenure,636.0,-404.32814851051535,404.32814851051535,Decreases Predicted Revenue,5
13525.0,Recency,157.0,-44.31431319384325,44.31431319384325,Decreases Predicted Revenue,3
13525.0,Frequency,1.0,-44.806557804118235,44.806557804118235,Decreases Predicted Revenue,2
13525.0,Monetary,282.88,-49.923005029896416,49.923005029896416,Decreases Predicted Revenue,1
13525.0,TotalItems,208.0,-38.99857694818044,38.99857694818044,Decreases Predicted Revenue,4
13525.0,AverageOrderValue,282.88,0.21503883398459722,0.21503883398459722,Increases Predicted Revenue,6
13525.0,Tenure,0.0,13.520773074222657,13.520773074222657,Increases Predicted Revenue,5
13376.0,Recency,8.0,28.97453447344226,28.97453447344226,Increases Predicted Revenue,5
13376.0,Frequency,3.0,-64.58409534134124,64.58409534134124,Decreases Predicted Revenue,2
13376.0,Monetary,1019.76,-64.6958462833281,64.6958462833281,Decreases Predicted Revenue,1
13376.0,TotalItems,493.0,-56.782329816850584,56.782329816850584,Decreases Predicted Revenue,3
13376.0,AverageOrderValue,339.92,1.5445028487708976,1.5445028487708976,Increases Predicted Revenue,6
13376.0,Tenure,135.0,29.42459841740528,29.42459841740528,Increases Predicted Revenue,4
15660.0,Recency,45.0,2.0284008875369963,2.0284008875369963,Increases Predicted Revenue,6
15660.0,Frequency,12.0,-9.21592871567373,9.21592871567373,Decreases Predicted Revenue,4
15660.0,Monetary,2096.47,-70.0396799560828,70.0396799560828,Decreases Predicted Revenue,1
15660.0,TotalItems,1421.0,-33.14488966376841,33.14488966376841,Decreases Predicted Revenue,3
15660.0,AverageOrderValue,174.70583333333332,7.4132555654249215,7.4132555654249215,Increases Predicted Revenue,5
15660.0,Tenure,536.0,-35.11401536235757,35.11401536235757,Decreases Predicted Revenue,2
13014.0,Recency,23.0,62.46938315356401,62.46938315356401,Increases Predicted Revenue,1
13014.0,Frequency,6.0,-5.907939385728424,5.907939385728424,Decreases Predicted Revenue,6
13014.0,Monetary,3937.28,9.840438117375122,9.840438117375122,Increases Predicted Revenue,5
13014.0,TotalItems,1690.0,-15.91455199445604,15.91455199445604,Decreases Predicted Revenue,3
13014.0,AverageOrderValue,656.2133333333333,-12.632084988544904,12.632084988544904,Decreases Predicted Revenue,4
13014.0,Tenure,318.0,56.33424294768276,56.33424294768276,Increases Predicted Revenue,2
16037.0,Recency,179.0,-47.07262450636744,47.07262450636744,Decreases Predicted Revenue,2
16037.0,Frequency,5.0,-22.697839397765332,22.697839397765332,Decreases Predicted Revenue,3
16037.0,Monetary,1509.34,-51.064448150948145,51.064448150948145,Decreases Predicted Revenue,1
16037.0,TotalItems,766.0,-20.789483529804265,20.789483529804265,Decreases Predicted Revenue,4
16037.0,AverageOrderValue,301.868,-0.010254898522263134,0.010254898522263134,Decreases Predicted Revenue,6
16037.0,Tenure,378.0,-4.637963467767507,4.637963467767507,Decreases Predicted Revenue,5
14092.0,Recency,9.0,182.43468635197289,182.43468635197289,Increases Predicted Revenue,3
14092.0,Frequency,20.0,185.45121695365503,185.45121695365503,Increases Predicted Revenue,2
14092.0,Monetary,5897.96,190.6594355725347,190.6594355725347,Increases Predicted Revenue,1
14092.0,TotalItems,3035.0,74.28956837911568,74.28956837911568,Increases Predicted Revenue,4
14092.0,AverageOrderValue,294.898,36.19694977268616,36.19694977268616,Increases Predicted Revenue,6
14092.0,Tenure,623.0,-41.02075743333503,41.02075743333503,Decreases Predicted Revenue,5
14036.0,Recency,194.0,-51.590349928121505,51.590349928121505,Decreases Predicted Revenue,2
14036.0,Frequency,1.0,-47.28302511290016,47.28302511290016,Decreases Predicted Revenue,4
14036.0,Monetary,626.65,-48.46036447478002,48.46036447478002,Decreases Predicted Revenue,3
14036.0,TotalItems,268.0,-55.02565030143508,55.02565030143508,Decreases Predicted Revenue,1
14036.0,AverageOrderValue,626.65,25.74220222538699,25.74220222538699,Increases Predicted Revenue,5
14036.0,Tenure,0.0,19.228823289684772,19.228823289684772,Increases Predicted Revenue,6
13058.0,Recency,61.0,-14.042280765463282,14.042280765463282,Decreases Predicted Revenue,4
13058.0,Frequency,1.0,-47.62901334914468,47.62901334914468,Decreases Predicted Revenue,2
13058.0,Monetary,47.55,-56.16460340611499,56.16460340611499,Decreases Predicted Revenue,1
13058.0,TotalItems,9.0,-42.99646832627854,42.99646832627854,Decreases Predicted Revenue,3
13058.0,AverageOrderValue,47.55,-13.29375633774352,13.29375633774352,Decreases Predicted Revenue,5
13058.0,Tenure,0.0,10.649676838643272,10.649676838643272,Increases Predicted Revenue,6
16486.0,Recency,447.0,-53.04253314111048,53.04253314111048,Decreases Predicted Revenue,1
16486.0,Frequency,1.0,-41.380785802708914,41.380785802708914,Decreases Predicted Revenue,3
16486.0,Monetary,134.36,-46.744394874886794,46.744394874886794,Decreases Predicted Revenue,2
16486.0,TotalItems,24.0,-36.11806366128495,36.11806366128495,Decreases Predicted Revenue,4
16486.0,AverageOrderValue,134.36,-3.6946526178438486,3.6946526178438486,Decreases Predicted Revenue,6
16486.0,Tenure,0.0,13.452924829841958,13.452924829841958,Increases Predicted Revenue,5
17025.0,Recency,282.0,-67.15621560921664,67.15621560921664,Decreases Predicted Revenue,1
17025.0,Frequency,4.0,-44.498502965392994,44.498502965392994,Decreases Predicted Revenue,3
17025.0,Monetary,1313.84,-48.672837323991196,48.672837323991196,Decreases Predicted Revenue,2
17025.0,TotalItems,928.0,-22.284976390764285,22.284976390764285,Decreases Predicted Revenue,4
17025.0,AverageOrderValue,328.46,3.28175284424528,3.28175284424528,Increases Predicted Revenue,6
17025.0,Tenure,268.0,17.252378615237195,17.252378615237195,Increases Predicted Revenue,5
12916.0,Recency,48.0,32.54643081343529,32.54643081343529,Increases Predicted Revenue,3
12916.0,Frequency,7.0,11.22592038551268,11.22592038551268,Increases Predicted Revenue,5
12916.0,Monetary,4654.02,45.38041134172831,45.38041134172831,Increases Predicted Revenue,2
12916.0,TotalItems,1774.0,-12.490773579646515,12.490773579646515,Decreases Predicted Revenue,4
12916.0,AverageOrderValue,664.8599999999999,-11.11051226729802,11.11051226729802,Decreases Predicted Revenue,6
12916.0,Tenure,545.0,-65.13024847568232,65.13024847568232,Decreases Predicted Revenue,1
16838.0,Recency,106.0,-16.01839191250381,16.01839191250381,Decreases Predicted Revenue,5
16838.0,Frequency,4.0,-38.45037528566575,38.45037528566575,Decreases Predicted Revenue,3
16838.0,Monetary,1159.61,-51.3471089910341,51.3471089910341,Decreases Predicted Revenue,1
16838.0,TotalItems,509.0,-39.693592232756316,39.693592232756316,Decreases Predicted Revenue,2
16838.0,AverageOrderValue,289.9025,5.741281921954254,5.741281921954254,Increases Predicted Revenue,6
16838.0,Tenure,465.0,-18.49649403265938,18.49649403265938,Decreases Predicted Revenue,4
15252.0,Recency,92.0,-14.555058288078492,14.555058288078492,Decreases Predicted Revenue,4
15252.0,Frequency,4.0,-42.654412902459484,42.654412902459484,Decreases Predicted Revenue,2
15252.0,Monetary,1663.18,-54.315583027309344,54.315583027309344,Decreases Predicted Revenue,1
15252.0,TotalItems,1007.0,-27.272524784011623,27.272524784011623,Decreases Predicted Revenue,3
15252.0,AverageOrderValue,415.795,-11.524988742752711,11.524988742752711,Decreases Predicted Revenue,6
15252.0,Tenure,428.0,-11.786991102640215,11.786991102640215,Decreases Predicted Revenue,5
15260.0,Recency,9.0,251.07222611626148,251.07222611626148,Increases Predicted Revenue,2
15260.0,Frequency,25.0,229.5967657998325,229.5967657998325,Increases Predicted Revenue,3
15260.0,Monetary,9188.23,273.87448251743047,273.87448251743047,Increases Predicted Revenue,1
15260.0,TotalItems,4722.0,184.54250008630734,184.54250008630734,Increases Predicted Revenue,4
15260.0,AverageOrderValue,367.5292,39.60764374485283,39.60764374485283,Increases Predicted Revenue,6
15260.0,Tenure,633.0,-72.93835568417929,72.93835568417929,Decreases Predicted Revenue,5
13300.0,Recency,78.0,-15.335790886641789,15.335790886641789,Decreases Predicted Revenue,4
13300.0,Frequency,3.0,-43.057603568706575,43.057603568706575,Decreases Predicted Revenue,2
13300.0,Monetary,1285.51,-47.54704308305935,47.54704308305935,Decreases Predicted Revenue,1
13300.0,TotalItems,455.0,-40.36954138008708,40.36954138008708,Decreases Predicted Revenue,3
13300.0,AverageOrderValue,428.5033333333333,-5.16964930991155,5.16964930991155,Decreases Predicted Revenue,6
13300.0,Tenure,404.0,-7.836941827359748,7.836941827359748,Decreases Predicted Revenue,5
13255.0,Recency,283.0,-55.41168019586774,55.41168019586774,Decreases Predicted Revenue,1
13255.0,Frequency,2.0,-44.600074672012596,44.600074672012596,Decreases Predicted Revenue,3
13255.0,Monetary,730.65,-47.65129793353088,47.65129793353088,Decreases Predicted Revenue,2
13255.0,TotalItems,450.0,-39.86140224753058,39.86140224753058,Decreases Predicted Revenue,4
13255.0,AverageOrderValue,365.325,3.427851302254816,3.427851302254816,Increases Predicted Revenue,6
13255.0,Tenure,138.0,25.294775206572943,25.294775206572943,Increases Predicted Revenue,5
15472.0,Recency,22.0,13.732463865812989,13.732463865812989,Increases Predicted Revenue,5
15472.0,Frequency,1.0,-62.820192470790424,62.820192470790424,Decreases Predicted Revenue,2
15472.0,Monetary,371.56,-60.82626849150562,60.82626849150562,Decreases Predicted Revenue,3
15472.0,TotalItems,251.0,-64.77266394302895,64.77266394302895,Decreases Predicted Revenue,1
15472.0,AverageOrderValue,371.56,5.630453190237932,5.630453190237932,Increases Predicted Revenue,6
15472.0,Tenure,0.0,22.1747634059323,22.1747634059323,Increases Predicted Revenue,4
15756.0,Recency,62.0,-6.039351336560003,6.039351336560003,Decreases Predicted Revenue,6
15756.0,Frequency,3.0,-42.53189734055174,42.53189734055174,Decreases Predicted Revenue,3
15756.0,Monetary,364.84,-54.5466840008173,54.5466840008173,Decreases Predicted Revenue,1
15756.0,TotalItems,167.0,-42.82972575356326,42.82972575356326,Decreases Predicted Revenue,2
15756.0,AverageOrderValue,121.61333333333332,-19.731736901655406,19.731736901655406,Decreases Predicted Revenue,5
15756.0,Tenure,96.0,30.29245430962635,30.29245430962635,Increases Predicted Revenue,4
18141.0,Recency,311.0,-48.57521359619896,48.57521359619896,Decreases Predicted Revenue,1
18141.0,Frequency,2.0,-43.2966295837065,43.2966295837065,Decreases Predicted Revenue,3
18141.0,Monetary,882.47,-46.78460824162668,46.78460824162668,Decreases Predicted Revenue,2
18141.0,TotalItems,433.0,-38.929745990633286,38.929745990633286,Decreases Predicted Revenue,4
18141.0,AverageOrderValue,441.235,-11.381916276168823,11.381916276168823,Decreases Predicted Revenue,6
18141.0,Tenure,187.0,25.737761785808246,25.737761785808246,Increases Predicted Revenue,5
12462.0,Recency,212.0,-49.38569737232967,49.38569737232967,Decreases Predicted Revenue,1
12462.0,Frequency,1.0,-40.224145219264,40.224145219264,Decreases Predicted Revenue,4
12462.0,Monetary,762.11,-43.40124474345963,43.40124474345963,Decreases Predicted Revenue,3
12462.0,TotalItems,287.0,-45.44250395446172,45.44250395446172,Decreases Predicted Revenue,2
12462.0,AverageOrderValue,762.11,-1.873717079228314,1.873717079228314,Decreases Predicted Revenue,6
12462.0,Tenure,0.0,15.433161790215156,15.433161790215156,Increases Predicted Revenue,5
17492.0,Recency,157.0,-48.98545396300281,48.98545396300281,Decreases Predicted Revenue,1
17492.0,Frequency,3.0,-45.611131881389824,45.611131881389824,Decreases Predicted Revenue,3
17492.0,Monetary,1122.42,-46.99007991105449,46.99007991105449,Decreases Predicted Revenue,2
17492.0,TotalItems,450.0,-43.03211021439988,43.03211021439988,Decreases Predicted Revenue,4
17492.0,AverageOrderValue,374.14,9.050360703150178,9.050360703150178,Increases Predicted Revenue,6
17492.0,Tenure,270.0,18.14058285603764,18.14058285603764,Increases Predicted Revenue,5
12751.0,Recency,354.0,-37.08377897189723,37.08377897189723,Decreases Predicted Revenue,4
12751.0,Frequency,1.0,-43.776177062170675,43.776177062170675,Decreases Predicted Revenue,2
12751.0,Monetary,268.27,-51.31751667983016,51.31751667983016,Decreases Predicted Revenue,1
12751.0,TotalItems,189.0,-38.959795052364335,38.959795052364335,Decreases Predicted Revenue,3
12751.0,AverageOrderValue,268.27,-0.1778663833076899,0.1778663833076899,Decreases Predicted Revenue,6
12751.0,Tenure,0.0,8.504124756027204,8.504124756027204,Increases Predicted Revenue,5
17559.0,Recency,422.0,-52.25684680621092,52.25684680621092,Decreases Predicted Revenue,1
17559.0,Frequency,1.0,-41.34108175245423,41.34108175245423,Decreases Predicted Revenue,3
17559.0,Monetary,167.62,-49.412507559016824,49.412507559016824,Decreases Predicted Revenue,2
17559.0,TotalItems,270.0,-40.01949771038437,40.01949771038437,Decreases Predicted Revenue,4
17559.0,AverageOrderValue,167.62,2.9784030441629614,2.9784030441629614,Increases Predicted Revenue,6
17559.0,Tenure,0.0,12.469776250206976,12.469776250206976,Increases Predicted Revenue,5
16578.0,Recency,535.0,-54.16914893726036,54.16914893726036,Decreases Predicted Revenue,1
16578.0,Frequency,1.0,-42.59334214705086,42.59334214705086,Decreases Predicted Revenue,3
16578.0,Monetary,156.6,-49.9107585352745,49.9107585352745,Decreases Predicted Revenue,2
16578.0,TotalItems,108.0,-35.208868184997385,35.208868184997385,Decreases Predicted Revenue,4
16578.0,AverageOrderValue,156.6,1.7315144819009791,1.7315144819009791,Increases Predicted Revenue,6
16578.0,Tenure,0.0,12.632002512518417,12.632002512518417,Increases Predicted Revenue,5
16936.0,Recency,295.0,-51.608839128346396,51.608839128346396,Decreases Predicted Revenue,1
16936.0,Frequency,1.0,-43.19601859922025,43.19601859922025,Decreases Predicted Revenue,3
16936.0,Monetary,288.49,-48.89345192771416,48.89345192771416,Decreases Predicted Revenue,2
16936.0,TotalItems,169.0,-36.84573669553479,36.84573669553479,Decreases Predicted Revenue,4
16936.0,AverageOrderValue,288.49,2.6363418399961165,2.6363418399961165,Increases Predicted Revenue,6
16936.0,Tenure,0.0,12.158611009088093,12.158611009088093,Increases Predicted Revenue,5
16912.0,Recency,43.0,27.792235783777294,27.792235783777294,Increases Predicted Revenue,3
16912.0,Frequency,11.0,17.329001889846243,17.329001889846243,Increases Predicted Revenue,4
16912.0,Monetary,3463.31,28.31496852020621,28.31496852020621,Increases Predicted Revenue,2
16912.0,TotalItems,1253.0,-12.334520585590408,12.334520585590408,Decreases Predicted Revenue,5
16912.0,AverageOrderValue,314.8463636363636,0.49307698776503006,0.49307698776503006,Increases Predicted Revenue,6
16912.0,Tenure,596.0,-30.29846380007464,30.29846380007464,Decreases Predicted Revenue,1
16962.0,Recency,319.0,-47.189195111088964,47.189195111088964,Decreases Predicted Revenue,2
16962.0,Frequency,1.0,-42.73379034669561,42.73379034669561,Decreases Predicted Revenue,3
16962.0,Monetary,251.04,-51.21237511980236,51.21237511980236,Decreases Predicted Revenue,1
16962.0,TotalItems,158.0,-37.07537435361471,37.07537435361471,Decreases Predicted Revenue,4
16962.0,AverageOrderValue,251.04,0.7751714438104023,0.7751714438104023,Increases Predicted Revenue,6
16962.0,Tenure,0.0,12.062561790967546,12.062561790967546,Increases Predicted Revenue,5
14663.0,Recency,339.0,-58.56177236949664,58.56177236949664,Decreases Predicted Revenue,1
14663.0,Frequency,2.0,-42.50942602460381,42.50942602460381,Decreases Predicted Revenue,3
14663.0,Monetary,490.6,-43.997759148930356,43.997759148930356,Decreases Predicted Revenue,2
14663.0,TotalItems,397.0,-34.64181848166872,34.64181848166872,Decreases Predicted Revenue,4
14663.0,AverageOrderValue,245.3,0.9863016457786327,0.9863016457786327,Increases Predicted Revenue,6
14663.0,Tenure,0.0,14.940194606202763,14.940194606202763,Increases Predicted Revenue,5
12849.0,Recency,178.0,-70.41881427503338,70.41881427503338,Decreases Predicted Revenue,1
12849.0,Frequency,5.0,-25.44042150347274,25.44042150347274,Decreases Predicted Revenue,4
12849.0,Monetary,2744.17,-31.541078821061912,31.541078821061912,Decreases Predicted Revenue,2
12849.0,TotalItems,1773.0,-9.536892908045525,9.536892908045525,Decreases Predicted Revenue,6
12849.0,AverageOrderValue,548.8340000000001,-11.507702156172245,11.507702156172245,Decreases Predicted Revenue,5
12849.0,Tenure,322.0,27.598262654937752,27.598262654937752,Increases Predicted Revenue,3
15386.0,Recency,95.0,-24.662262937307155,24.662262937307155,Decreases Predicted Revenue,4
15386.0,Frequency,1.0,-47.440096702645604,47.440096702645604,Decreases Predicted Revenue,2
15386.0,Monetary,394.14,-49.65510325626066,49.65510325626066,Decreases Predicted Revenue,1
15386.0,TotalItems,446.0,-34.8314792912938,34.8314792912938,Decreases Predicted Revenue,3
15386.0,AverageOrderValue,394.14,0.4656679669065089,0.4656679669065089,Increases Predicted Revenue,6
15386.0,Tenure,0.0,15.712766302406344,15.712766302406344,Increases Predicted Revenue,5
13913.0,Recency,416.0,-50.90273984551619,50.90273984551619,Decreases Predicted Revenue,1
13913.0,Frequency,1.0,-39.695870994106016,39.695870994106016,Decreases Predicted Revenue,3
13913.0,Monetary,42.22,-45.16020923643065,45.16020923643065,Decreases Predicted Revenue,2
13913.0,TotalItems,10.0,-35.48175042996798,35.48175042996798,Decreases Predicted Revenue,4
13913.0,AverageOrderValue,42.22,-7.87304036757576,7.87304036757576,Decreases Predicted Revenue,6
13913.0,Tenure,0.0,11.420422395881513,11.420422395881513,Increases Predicted Revenue,5
13265.0,Recency,93.0,-28.847262940904617,28.847262940904617,Decreases Predicted Revenue,4
13265.0,Frequency,3.0,-56.731091013916924,56.731091013916924,Decreases Predicted Revenue,1
13265.0,Monetary,1465.66,-52.59433403492248,52.59433403492248,Decreases Predicted Revenue,3
13265.0,TotalItems,1138.0,-18.674073776349093,18.674073776349093,Decreases Predicted Revenue,6
13265.0,AverageOrderValue,488.5533333333333,-19.744287004248843,19.744287004248843,Decreases Predicted Revenue,5
13265.0,Tenure,89.0,53.11575943196429,53.11575943196429,Increases Predicted Revenue,2
14846.0,Recency,336.0,-53.01209375809909,53.01209375809909,Decreases Predicted Revenue,1
14846.0,Frequency,1.0,-41.66469713472295,41.66469713472295,Decreases Predicted Revenue,3
14846.0,Monetary,437.4,-42.86659265577582,42.86659265577582,Decreases Predicted Revenue,2
14846.0,TotalItems,193.0,-34.58341288276291,34.58341288276291,Decreases Predicted Revenue,4
14846.0,AverageOrderValue,437.4,-8.545264277055029,8.545264277055029,Decreases Predicted Revenue,6
14846.0,Tenure,0.0,13.903609663771626,13.903609663771626,Increases Predicted Revenue,5
16495.0,Recency,185.0,-47.47003568985254,47.47003568985254,Decreases Predicted Revenue,1
16495.0,Frequency,2.0,-39.76337903802391,39.76337903802391,Decreases Predicted Revenue,3
16495.0,Monetary,246.51,-45.895071256106064,45.895071256106064,Decreases Predicted Revenue,2
16495.0,TotalItems,166.0,-32.2990830620641,32.2990830620641,Decreases Predicted Revenue,4
16495.0,AverageOrderValue,123.255,-14.674722759978057,14.674722759978057,Decreases Predicted Revenue,5
16495.0,Tenure,0.0,14.66718787849744,14.66718787849744,Increases Predicted Revenue,6
15616.0,Recency,347.0,-52.24615989570094,52.24615989570094,Decreases Predicted Revenue,1
15616.0,Frequency,1.0,-43.89047131262228,43.89047131262228,Decreases Predicted Revenue,3
15616.0,Monetary,317.11,-45.91967199117522,45.91967199117522,Decreases Predicted Revenue,2
15616.0,TotalItems,137.0,-36.10616816655278,36.10616816655278,Decreases Predicted Revenue,4
15616.0,AverageOrderValue,317.11,1.988345135455921,1.988345135455921,Increases Predicted Revenue,6
15616.0,Tenure,0.0,12.794477240906442,12.794477240906442,Increases Predicted Revenue,5
13852.0,Recency,520.0,-54.51901392614051,54.51901392614051,Decreases Predicted Revenue,1
13852.0,Frequency,1.0,-43.39754569539099,43.39754569539099,Decreases Predicted Revenue,3
13852.0,Monetary,187.35,-50.9314713313967,50.9314713313967,Decreases Predicted Revenue,2
13852.0,TotalItems,85.0,-37.04022792728572,37.04022792728572,Decreases Predicted Revenue,4
13852.0,AverageOrderValue,187.35,5.183338248112006,5.183338248112006,Increases Predicted Revenue,6
13852.0,Tenure,0.0,12.793193504699182,12.793193504699182,Increases Predicted Revenue,5
15907.0,Recency,86.0,-21.278391796454216,21.278391796454216,Decreases Predicted Revenue,4
15907.0,Frequency,2.0,-44.93907586679467,44.93907586679467,Decreases Predicted Revenue,3
15907.0,Monetary,529.52,-54.04315526487832,54.04315526487832,Decreases Predicted Revenue,1
15907.0,TotalItems,256.0,-51.46544206676148,51.46544206676148,Decreases Predicted Revenue,2
15907.0,AverageOrderValue,264.76,1.4222828525173137,1.4222828525173137,Increases Predicted Revenue,6
15907.0,Tenure,33.0,12.190413587208425,12.190413587208425,Increases Predicted Revenue,5
15293.0,Recency,575.0,-57.40223287795545,57.40223287795545,Decreases Predicted Revenue,1
15293.0,Frequency,1.0,-42.98450132230497,42.98450132230497,Decreases Predicted Revenue,3
15293.0,Monetary,247.5,-47.33009349574318,47.33009349574318,Decreases Predicted Revenue,2
15293.0,TotalItems,178.0,-34.14763769418331,34.14763769418331,Decreases Predicted Revenue,4
15293.0,AverageOrderValue,247.5,1.029122643449443,1.029122643449443,Increases Predicted Revenue,6
15293.0,Tenure,0.0,13.125269937673261,13.125269937673261,Increases Predicted Revenue,5
15851.0,Recency,436.0,-51.380575002817075,51.380575002817075,Decreases Predicted Revenue,1
15851.0,Frequency,1.0,-39.76028686746644,39.76028686746644,Decreases Predicted Revenue,3
15851.0,Monetary,109.73,-44.47795240075271,44.47795240075271,Decreases Predicted Revenue,2
15851.0,TotalItems,67.0,-34.68646864402282,34.68646864402282,Decreases Predicted Revenue,4
15851.0,AverageOrderValue,109.73,-10.33726595224941,10.33726595224941,Decreases Predicted Revenue,6
15851.0,Tenure,0.0,13.074558679990329,13.074558679990329,Increases Predicted Revenue,5
