Customer ID,Predicted 90-Day Revenue,CLV Value Band,CLV Prediction Horizon Days,CLV Was Negative Before Clipping
12346.0,3.06,Medium,90,False
12347.0,446.6,High,90,False
12348.0,44.49,Medium,90,False
12349.0,129.29,Medium,90,False
12350.0,1.59,Medium,90,False
12351.0,2.13,Medium,90,False
12352.0,41.29,Medium,90,False
12353.0,9.8,Medium,90,False
12354.0,2.04,Medium,90,False
12355.0,4.21,Medium,90,False
12356.0,69.44,Medium,90,False
12357.0,287.69,High,90,False
12358.0,10.06,Medium,90,False
12359.0,321.88,High,90,False
12360.0,51.93,Medium,90,False
12361.0,2.59,Medium,90,False
12362.0,37.69,Medium,90,False
12363.0,64.39,Medium,90,False
12364.0,256.78,High,90,False
12365.0,5.89,Medium,90,False
12366.0,1.3,Medium,90,False
12368.0,0.0,Low,90,True
12369.0,7.91,Medium,90,False
12370.0,65.27,Medium,90,False
12371.0,46.52,Medium,90,False
12372.0,17.16,Medium,90,False
12373.0,3.5,Medium,90,False
12374.0,22.39,Medium,90,False
12375.0,43.06,Medium,90,False
12376.0,3.54,Medium,90,False
12377.0,6.92,Medium,90,False
12378.0,3.39,Medium,90,False
12379.0,11.92,Medium,90,False
12380.0,112.11,Medium,90,False
12381.0,89.96,Medium,90,False
12383.0,123.62,Medium,90,False
12384.0,19.52,Medium,90,False
12385.0,3.89,Medium,90,False
12386.0,7.16,Medium,90,False
12387.0,1.78,Medium,90,False
12388.0,56.93,Medium,90,False
12389.0,6.22,Medium,90,False
12391.0,21.54,Medium,90,False
12392.0,0.68,Medium,90,False
12393.0,67.79,Medium,90,False
12394.0,5.58,Medium,90,False
12395.0,304.73,High,90,False
12396.0,0.27,Medium,90,False
12397.0,118.68,Medium,90,False
12399.0,7.47,Medium,90,False
12400.0,2.62,Medium,90,False
12401.0,0.46,Medium,90,False
12402.0,8.43,Medium,90,False
12403.0,6.15,Medium,90,False
12404.0,0.16,Medium,90,False
12405.0,2.74,Medium,90,False
12406.0,76.79,Medium,90,False
12407.0,99.8,Medium,90,False
12408.0,171.85,Medium,90,False
12409.0,1423.29,High,90,False
12410.0,1.69,Medium,90,False
12411.0,2.81,Medium,90,False
12412.0,27.55,Medium,90,False
12413.0,7.15,Medium,90,False
12414.0,5.37,Medium,90,False
12415.0,23953.69,High,90,False
12416.0,0.47,Medium,90,False
12417.0,692.58,High,90,False
12418.0,2.1,Medium,90,False
12419.0,3.52,Medium,90,False
12421.0,23.46,Medium,90,False
12422.0,478.51,High,90,False
12423.0,278.51,High,90,False
12424.0,18.92,Medium,90,False
12425.0,25.87,Medium,90,False
12426.0,5.54,Medium,90,False
12427.0,7.62,Medium,90,False
12428.0,262.55,High,90,False
12429.0,278.03,High,90,False
12431.0,786.99,High,90,False
12432.0,27.4,Medium,90,False
12433.0,2064.39,High,90,False
12434.0,9.75,Medium,90,False
12435.0,474.61,High,90,False
12436.0,28.72,Medium,90,False
12437.0,1630.43,High,90,False
12438.0,79.15,Medium,90,False
12439.0,0.22,Medium,90,False
12440.0,0.25,Medium,90,False
12441.0,2.39,Medium,90,False
12443.0,0.67,Medium,90,False
12444.0,254.7,High,90,False
12445.0,2.92,Medium,90,False
12447.0,2.56,Medium,90,False
12449.0,260.56,High,90,False
12450.0,48.72,Medium,90,False
12451.0,153.45,Medium,90,False
12453.0,29.92,Medium,90,False
12454.0,432.57,High,90,False
12455.0,449.26,High,90,False
12456.0,134.95,Medium,90,False
12457.0,21.67,Medium,90,False
12458.0,19.94,Medium,90,False
12459.0,1.12,Medium,90,False
12460.0,2.41,Medium,90,False
12461.0,8.4,Medium,90,False
12462.0,3.3,Medium,90,False
12463.0,31.53,Medium,90,False
12464.0,119.35,Medium,90,False
12465.0,6.12,Medium,90,False
12466.0,0.16,Medium,90,False
12467.0,1.45,Medium,90,False
12468.0,13.38,Medium,90,False
12469.0,0.05,Medium,90,False
12470.0,0.4,Medium,90,False
12471.0,4013.81,High,90,False
12472.0,757.07,High,90,False
12473.0,148.75,Medium,90,False
12474.0,1129.48,High,90,False
12475.0,4.19,Medium,90,False
12476.0,676.11,High,90,False
12477.0,608.76,High,90,False
12480.0,214.04,Medium,90,False
12481.0,832.09,High,90,False
12482.0,0.0,Low,90,True
12483.0,544.75,High,90,False
12484.0,309.76,High,90,False
12485.0,4.65,Medium,90,False
12486.0,2.0,Medium,90,False
12487.0,0.37,Medium,90,False
12489.0,2.28,Medium,90,False
12490.0,679.92,High,90,False
12492.0,10.09,Medium,90,False
12493.0,12.76,Medium,90,False
12494.0,36.18,Medium,90,False
12495.0,0.32,Medium,90,False
12496.0,0.61,Medium,90,False
12497.0,174.93,Medium,90,False
12499.0,1.57,Medium,90,False
12500.0,271.18,High,90,False
12501.0,6.87,Medium,90,False
12502.0,57.89,Medium,90,False
12503.0,2.09,Medium,90,False
12504.0,6.39,Medium,90,False
12505.0,0.95,Medium,90,False
12506.0,0.74,Medium,90,False
12507.0,1.46,Medium,90,False
12509.0,1.04,Medium,90,False
12510.0,45.99,Medium,90,False
12511.0,5.49,Medium,90,False
12513.0,34.92,Medium,90,False
12514.0,6.62,Medium,90,False
12515.0,3.59,Medium,90,False
12516.0,35.65,Medium,90,False
12517.0,133.28,Medium,90,False
12518.0,67.35,Medium,90,False
12519.0,3.25,Medium,90,False
12520.0,74.92,Medium,90,False
12521.0,12.11,Medium,90,False
12523.0,427.36,High,90,False
12524.0,533.38,High,90,False
12525.0,0.9,Medium,90,False
12526.0,28.29,Medium,90,False
12527.0,18.14,Medium,90,False
12528.0,104.38,Medium,90,False
12529.0,1.89,Medium,90,False
12530.0,120.97,Medium,90,False
12531.0,0.26,Medium,90,False
12533.0,2.6,Medium,90,False
12534.0,47.05,Medium,90,False
12535.0,23.59,Medium,90,False
12537.0,10.17,Medium,90,False
12538.0,3.77,Medium,90,False
12539.0,527.68,High,90,False
12540.0,2433.31,High,90,False
12541.0,36.1,Medium,90,False
12542.0,2.34,Medium,90,False
12543.0,17.98,Medium,90,False
12545.0,29.3,Medium,90,False
12547.0,5.93,Medium,90,False
12548.0,1.66,Medium,90,False
12549.0,2.94,Medium,90,False
12551.0,1.66,Medium,90,False
12553.0,642.68,High,90,False
12554.0,4.96,Medium,90,False
12555.0,0.28,Medium,90,False
12556.0,30.98,Medium,90,False
12557.0,1096.99,High,90,False
12559.0,2.39,Medium,90,False
12560.0,207.36,Medium,90,False
12561.0,1.76,Medium,90,False
12562.0,217.26,Medium,90,False
12563.0,3.0,Medium,90,False
12564.0,2.05,Medium,90,False
12565.0,1.71,Medium,90,False
12567.0,842.91,High,90,False
12568.0,0.2,Medium,90,False
12569.0,394.72,High,90,False
12570.0,0.18,Medium,90,False
12571.0,22.71,Medium,90,False
12573.0,7.12,Medium,90,False
12574.0,1.41,Medium,90,False
12575.0,1.95,Medium,90,False
12576.0,15.66,Medium,90,False
12577.0,27.49,Medium,90,False
12578.0,56.85,Medium,90,False
12580.0,2.35,Medium,90,False
12582.0,10.32,Medium,90,False
12583.0,1191.6,High,90,False
12584.0,59.53,Medium,90,False
12585.0,20.49,Medium,90,False
12586.0,18.93,Medium,90,False
12588.0,11.08,Medium,90,False
12589.0,158.63,Medium,90,False
12590.0,2.42,Medium,90,False
12591.0,8.35,Medium,90,False
12592.0,23.75,Medium,90,False
12593.0,52.77,Medium,90,False
12594.0,480.43,High,90,False
12595.0,0.92,Medium,90,False
12596.0,5.82,Medium,90,False
12597.0,74.93,Medium,90,False
12598.0,123.06,Medium,90,False
12599.0,29.5,Medium,90,False
12600.0,477.86,High,90,False
12601.0,4.67,Medium,90,False
12604.0,1.54,Medium,90,False
12605.0,11.71,Medium,90,False
12606.0,0.39,Medium,90,False
12608.0,2.69,Medium,90,False
12609.0,112.19,Medium,90,False
12610.0,343.91,High,90,False
12613.0,318.37,High,90,False
12614.0,2.19,Medium,90,False
12615.0,110.4,Medium,90,False
12616.0,23.52,Medium,90,False
12619.0,44.94,Medium,90,False
12620.0,33.3,Medium,90,False
12621.0,2514.0,High,90,False
12622.0,0.96,Medium,90,False
12623.0,39.32,Medium,90,False
12624.0,23.01,Medium,90,False
12625.0,12.73,Medium,90,False
12626.0,384.85,High,90,False
12627.0,507.42,High,90,False
12629.0,7.81,Medium,90,False
12631.0,55.63,Medium,90,False
12632.0,1.76,Medium,90,False
12633.0,164.07,Medium,90,False
12634.0,1.57,Medium,90,False
12635.0,103.57,Medium,90,False
12636.0,0.83,Medium,90,False
12637.0,414.79,High,90,False
12638.0,0.64,Medium,90,False
12639.0,5.04,Medium,90,False
12641.0,4.0,Medium,90,False
12642.0,34.17,Medium,90,False
12643.0,209.83,Medium,90,False
12644.0,2.61,Medium,90,False
12645.0,70.8,Medium,90,False
12647.0,941.12,High,90,False
12648.0,8.75,Medium,90,False
12649.0,25.35,Medium,90,False
12651.0,1.61,Medium,90,False
12652.0,3.61,Medium,90,False
12653.0,7.26,Medium,90,False
12654.0,11.47,Medium,90,False
12655.0,1.47,Medium,90,False
12656.0,112.11,Medium,90,False
12661.0,1.58,Medium,90,False
12662.0,634.13,High,90,False
12663.0,0.49,Medium,90,False
12664.0,119.21,Medium,90,False
12665.0,1.98,Medium,90,False
12666.0,1.39,Medium,90,False
12668.0,424.23,High,90,False
12669.0,35.26,Medium,90,False
12670.0,37.55,Medium,90,False
12671.0,0.25,Medium,90,False
12672.0,2.91,Medium,90,False
12673.0,6.93,Medium,90,False
12674.0,119.77,Medium,90,False
12675.0,0.59,Medium,90,False
12676.0,369.43,High,90,False
12677.0,0.84,Medium,90,False
12678.0,1924.39,High,90,False
12679.0,35.18,Medium,90,False
12680.0,22.89,Medium,90,False
12681.0,1678.5,High,90,False
12682.0,2190.08,High,90,False
12683.0,1649.69,High,90,False
12684.0,67.39,Medium,90,False
12685.0,211.91,Medium,90,False
12686.0,1.42,Medium,90,False
12687.0,0.96,Medium,90,False
12688.0,3.21,Medium,90,False
12689.0,7.77,Medium,90,False
12690.0,12.11,Medium,90,False
12691.0,57.72,Medium,90,False
12692.0,0.29,Medium,90,False
12693.0,27.16,Medium,90,False
12694.0,68.8,Medium,90,False
12695.0,21.88,Medium,90,False
12696.0,3.33,Medium,90,False
12697.0,25.78,Medium,90,False
12698.0,0.78,Medium,90,False
12699.0,9.73,Medium,90,False
12700.0,176.0,Medium,90,False
12701.0,40.27,Medium,90,False
12703.0,4.8,Medium,90,False
12704.0,200.07,Medium,90,False
12705.0,974.23,High,90,False
12707.0,2.46,Medium,90,False
12708.0,338.74,High,90,False
12709.0,2104.74,High,90,False
12710.0,198.26,Medium,90,False
12711.0,1.86,Medium,90,False
12712.0,502.02,High,90,False
12714.0,1005.74,High,90,False
12715.0,18.47,Medium,90,False
12716.0,52.57,Medium,90,False
12717.0,2.01,Medium,90,False
12720.0,1317.23,High,90,False
12721.0,199.97,Medium,90,False
12722.0,91.21,Medium,90,False
12724.0,77.3,Medium,90,False
12725.0,23.43,Medium,90,False
12726.0,139.4,Medium,90,False
12727.0,291.89,High,90,False
12728.0,16.19,Medium,90,False
12729.0,16.46,Medium,90,False
12730.0,1.56,Medium,90,False
12731.0,989.03,High,90,False
12732.0,12.18,Medium,90,False
12733.0,23.05,Medium,90,False
12734.0,5.79,Medium,90,False
12735.0,5.84,Medium,90,False
12736.0,2.17,Medium,90,False
12737.0,0.0,Low,90,True
12738.0,2.31,Medium,90,False
12739.0,63.69,Medium,90,False
12741.0,1.32,Medium,90,False
12742.0,0.94,Medium,90,False
12743.0,12.17,Medium,90,False
12744.0,1497.75,High,90,False
12745.0,0.96,Medium,90,False
12746.0,1.36,Medium,90,False
12747.0,745.57,High,90,False
12748.0,8554.29,High,90,False
12749.0,150.54,Medium,90,False
12750.0,34.72,Medium,90,False
12751.0,5.38,Medium,90,False
12753.0,2931.99,High,90,False
12754.0,16.59,Medium,90,False
12755.0,117.89,Medium,90,False
12757.0,482.28,High,90,False
12758.0,177.05,Medium,90,False
12759.0,365.17,High,90,False
12760.0,2.57,Medium,90,False
12761.0,2.7,Medium,90,False
12763.0,15.45,Medium,90,False
12764.0,1.29,Medium,90,False
12765.0,2.67,Medium,90,False
12766.0,1480.01,High,90,False
12767.0,3.29,Medium,90,False
12768.0,2.2,Medium,90,False
12769.0,1.15,Medium,90,False
12770.0,24.4,Medium,90,False
12771.0,1.16,Medium,90,False
12773.0,0.95,Medium,90,False
12774.0,0.52,Medium,90,False
12775.0,104.74,Medium,90,False
12776.0,0.14,Medium,90,False
12777.0,1.63,Medium,90,False
12778.0,51.97,Medium,90,False
12779.0,605.55,High,90,False
12780.0,0.46,Medium,90,False
12781.0,10.91,Medium,90,False
12782.0,373.81,High,90,False
12784.0,4.9,Medium,90,False
12785.0,3.36,Medium,90,False
12786.0,5.86,Medium,90,False
12787.0,25.52,Medium,90,False
12788.0,0.89,Medium,90,False
12789.0,1.51,Medium,90,False
12790.0,8.7,Medium,90,False
12791.0,3.12,Medium,90,False
12792.0,5.29,Medium,90,False
12793.0,6.44,Medium,90,False
12794.0,67.05,Medium,90,False
12796.0,0.32,Medium,90,False
12797.0,1.96,Medium,90,False
12798.0,180.1,Medium,90,False
12799.0,1.11,Medium,90,False
12800.0,1.97,Medium,90,False
12801.0,0.49,Medium,90,False
12802.0,59.69,Medium,90,False
12803.0,6.57,Medium,90,False
12804.0,0.48,Medium,90,False
12805.0,6.27,Medium,90,False
12806.0,3.44,Medium,90,False
12807.0,2.39,Medium,90,False
12808.0,15.2,Medium,90,False
12809.0,1.81,Medium,90,False
12810.0,1.9,Medium,90,False
12811.0,6.33,Medium,90,False
12813.0,0.61,Medium,90,False
12814.0,8.18,Medium,90,False
12815.0,10.57,Medium,90,False
12816.0,18.72,Medium,90,False
12817.0,6.06,Medium,90,False
12818.0,3.63,Medium,90,False
12819.0,2.69,Medium,90,False
12820.0,56.64,Medium,90,False
12821.0,2.35,Medium,90,False
12823.0,259.72,High,90,False
12825.0,1.64,Medium,90,False
12826.0,114.97,Medium,90,False
12828.0,92.62,Medium,90,False
12829.0,10.15,Medium,90,False
12830.0,763.71,High,90,False
12831.0,3.65,Medium,90,False
12832.0,46.63,Medium,90,False
12833.0,13.72,Medium,90,False
12834.0,3.51,Medium,90,False
12835.0,0.26,Medium,90,False
12836.0,317.73,High,90,False
12837.0,5.78,Medium,90,False
12838.0,43.56,Medium,90,False
12839.0,1179.75,High,90,False
12840.0,48.81,Medium,90,False
12841.0,1345.61,High,90,False
12842.0,9.1,Medium,90,False
12843.0,165.05,Medium,90,False
12844.0,12.76,Medium,90,False
12845.0,1.95,Medium,90,False
12846.0,0.39,Medium,90,False
12847.0,15.86,Medium,90,False
12848.0,0.21,Medium,90,False
12849.0,47.35,Medium,90,False
12850.0,5.13,Medium,90,False
12851.0,4.61,Medium,90,False
12852.0,3.41,Medium,90,False
12853.0,171.84,Medium,90,False
12854.0,66.3,Medium,90,False
12855.0,3.51,Medium,90,False
12857.0,29.77,Medium,90,False
12858.0,1.02,Medium,90,False
12859.0,1.32,Medium,90,False
12860.0,0.15,Medium,90,False
12861.0,0.27,Medium,90,False
12862.0,2.12,Medium,90,False
12863.0,34.99,Medium,90,False
12864.0,8.38,Medium,90,False
12865.0,64.7,Medium,90,False
12866.0,5.24,Medium,90,False
12867.0,481.39,High,90,False
12868.0,216.78,Medium,90,False
12869.0,0.3,Medium,90,False
12870.0,6.16,Medium,90,False
12871.0,25.45,Medium,90,False
12872.0,15.92,Medium,90,False
12873.0,6.17,Medium,90,False
12874.0,5.4,Medium,90,False
12875.0,21.92,Medium,90,False
12876.0,34.82,Medium,90,False
12877.0,169.41,Medium,90,False
12878.0,6.77,Medium,90,False
12879.0,20.39,Medium,90,False
12880.0,5.0,Medium,90,False
12881.0,1.12,Medium,90,False
12885.0,52.69,Medium,90,False
12886.0,6.04,Medium,90,False
12887.0,3.01,Medium,90,False
12888.0,3.56,Medium,90,False
12889.0,2.25,Medium,90,False
12890.0,2.42,Medium,90,False
12891.0,2.37,Medium,90,False
12892.0,2.8,Medium,90,False
12894.0,0.79,Medium,90,False
12897.0,5.44,Medium,90,False
12898.0,0.72,Medium,90,False
12899.0,2.14,Medium,90,False
12900.0,1.94,Medium,90,False
12901.0,2115.2,High,90,False
12902.0,2.69,Medium,90,False
12903.0,2.52,Medium,90,False
12904.0,11.96,Medium,90,False
12905.0,0.78,Medium,90,False
12907.0,3.96,Medium,90,False
12908.0,9.1,Medium,90,False
12909.0,36.23,Medium,90,False
12910.0,384.58,High,90,False
12911.0,0.94,Medium,90,False
12913.0,41.04,Medium,90,False
12914.0,1.88,Medium,90,False
12915.0,10.57,Medium,90,False
12916.0,168.61,Medium,90,False
12917.0,51.99,Medium,90,False
12918.0,0.0,Low,90,True
12919.0,55.65,Medium,90,False
12920.0,0.73,Medium,90,False
12921.0,3435.86,High,90,False
12922.0,8.62,Medium,90,False
12923.0,6.57,Medium,90,False
12924.0,82.93,Medium,90,False
12925.0,3.81,Medium,90,False
12926.0,3.24,Medium,90,False
12927.0,1.81,Medium,90,False
12928.0,244.12,High,90,False
12929.0,1.07,Medium,90,False
12930.0,10.84,Medium,90,False
12931.0,7749.22,High,90,False
12932.0,2.14,Medium,90,False
12933.0,46.09,Medium,90,False
12934.0,0.4,Medium,90,False
12935.0,245.33,High,90,False
12937.0,39.18,Medium,90,False
12939.0,1312.91,High,90,False
12941.0,0.79,Medium,90,False
12942.0,28.98,Medium,90,False
12943.0,1.4,Medium,90,False
12944.0,2.55,Medium,90,False
12945.0,1.95,Medium,90,False
12946.0,4.5,Medium,90,False
12947.0,162.53,Medium,90,False
12948.0,48.02,Medium,90,False
12949.0,986.42,High,90,False
12951.0,119.82,Medium,90,False
12953.0,3.7,Medium,90,False
12954.0,0.27,Medium,90,False
12955.0,220.69,Medium,90,False
12956.0,1.88,Medium,90,False
12957.0,364.88,High,90,False
12958.0,4.68,Medium,90,False
12959.0,0.86,Medium,90,False
12960.0,4.87,Medium,90,False
12961.0,2.41,Medium,90,False
12962.0,4.14,Medium,90,False
12963.0,55.69,Medium,90,False
12964.0,1.24,Medium,90,False
12967.0,4.97,Medium,90,False
12968.0,11.75,Medium,90,False
12969.0,0.37,Medium,90,False
12970.0,9.89,Medium,90,False
12971.0,2246.63,High,90,False
12972.0,4.55,Medium,90,False
12973.0,1.34,Medium,90,False
12974.0,4.74,Medium,90,False
12975.0,20.72,Medium,90,False
12976.0,33.33,Medium,90,False
12977.0,10.7,Medium,90,False
12978.0,33.33,Medium,90,False
12979.0,1.81,Medium,90,False
12980.0,30.93,Medium,90,False
12981.0,4.85,Medium,90,False
12982.0,67.49,Medium,90,False
12983.0,1.63,Medium,90,False
12986.0,4.37,Medium,90,False
12987.0,16.24,Medium,90,False
12988.0,1.67,Medium,90,False
12989.0,582.47,High,90,False
12990.0,13.35,Medium,90,False
12991.0,36.32,Medium,90,False
12992.0,0.2,Medium,90,False
12993.0,36.23,Medium,90,False
12994.0,16.98,Medium,90,False
12996.0,2.4,Medium,90,False
12997.0,30.45,Medium,90,False
12998.0,0.99,Medium,90,False
12999.0,6.59,Medium,90,False
13000.0,5.73,Medium,90,False
13001.0,703.05,High,90,False
13002.0,3.42,Medium,90,False
13003.0,4.75,Medium,90,False
13004.0,1081.85,High,90,False
13005.0,19.66,Medium,90,False
13007.0,0.39,Medium,90,False
13008.0,3.37,Medium,90,False
13009.0,0.45,Medium,90,False
13010.0,3.06,Medium,90,False
13011.0,0.9,Medium,90,False
13012.0,59.77,Medium,90,False
13013.0,1263.77,High,90,False
13014.0,262.38,High,90,False
13015.0,431.35,High,90,False
13016.0,13.7,Medium,90,False
13018.0,1231.19,High,90,False
13019.0,4.42,Medium,90,False
13020.0,2.13,Medium,90,False
13021.0,219.91,Medium,90,False
13022.0,0.43,Medium,90,False
13023.0,6.48,Medium,90,False
13024.0,1.02,Medium,90,False
13025.0,0.7,Medium,90,False
13026.0,73.02,Medium,90,False
13027.0,1059.62,High,90,False
13029.0,23.46,Medium,90,False
13030.0,3.6,Medium,90,False
13031.0,97.98,Medium,90,False
13032.0,35.84,Medium,90,False
13033.0,2.7,Medium,90,False
13034.0,3.73,Medium,90,False
13035.0,22.52,Medium,90,False
13036.0,0.19,Medium,90,False
13037.0,217.5,Medium,90,False
13038.0,15.52,Medium,90,False
13039.0,0.73,Medium,90,False
13041.0,4.54,Medium,90,False
13042.0,0.68,Medium,90,False
13043.0,1.35,Medium,90,False
13044.0,27.9,Medium,90,False
13045.0,5.94,Medium,90,False
13046.0,6.88,Medium,90,False
13047.0,637.89,High,90,False
13048.0,223.6,Medium,90,False
13049.0,6.16,Medium,90,False
13050.0,1422.08,High,90,False
13051.0,0.5,Medium,90,False
13052.0,23.89,Medium,90,False
13053.0,0.34,Medium,90,False
13055.0,29.83,Medium,90,False
13056.0,0.85,Medium,90,False
13057.0,2.84,Medium,90,False
13058.0,4.72,Medium,90,False
13059.0,71.05,Medium,90,False
13060.0,4.34,Medium,90,False
13062.0,2.99,Medium,90,False
13063.0,0.63,Medium,90,False
13064.0,11.95,Medium,90,False
13065.0,6.87,Medium,90,False
13067.0,4.67,Medium,90,False
13068.0,2.34,Medium,90,False
13069.0,850.11,High,90,False
13070.0,8.29,Medium,90,False
13071.0,0.41,Medium,90,False
13072.0,0.95,Medium,90,False
13073.0,1.79,Medium,90,False
13074.0,1.89,Medium,90,False
13075.0,12.44,Medium,90,False
13076.0,0.82,Medium,90,False
13077.0,111.34,Medium,90,False
13078.0,2018.17,High,90,False
13079.0,18.85,Medium,90,False
13080.0,4.11,Medium,90,False
13081.0,4683.9,High,90,False
13082.0,235.56,Medium,90,False
13083.0,1.87,Medium,90,False
13084.0,0.7,Medium,90,False
13085.0,46.64,Medium,90,False
13086.0,1.88,Medium,90,False
13087.0,0.39,Medium,90,False
13088.0,2.31,Medium,90,False
13089.0,8559.03,High,90,False
13090.0,467.23,High,90,False
13091.0,1.28,Medium,90,False
13092.0,14.53,Medium,90,False
13093.0,28.03,Medium,90,False
13094.0,237.01,Medium,90,False
13096.0,0.66,Medium,90,False
13097.0,807.28,High,90,False
13098.0,3133.41,High,90,False
13099.0,8.85,Medium,90,False
13101.0,6.53,Medium,90,False
13102.0,507.58,High,90,False
13103.0,7.58,Medium,90,False
13104.0,27.56,Medium,90,False
13105.0,1.24,Medium,90,False
13106.0,15.04,Medium,90,False
13107.0,358.21,High,90,False
13108.0,8.19,Medium,90,False
13109.0,9.2,Medium,90,False
13110.0,161.91,Medium,90,False
13111.0,0.63,Medium,90,False
13112.0,0.51,Medium,90,False
13113.0,606.6,High,90,False
13114.0,0.44,Medium,90,False
13115.0,150.04,Medium,90,False
13116.0,7.98,Medium,90,False
13117.0,107.4,Medium,90,False
13118.0,166.9,Medium,90,False
13119.0,0.49,Medium,90,False
13120.0,1.04,Medium,90,False
13121.0,2.51,Medium,90,False
13122.0,25.32,Medium,90,False
13123.0,1.3,Medium,90,False
13124.0,91.89,Medium,90,False
13125.0,0.65,Medium,90,False
13126.0,155.03,Medium,90,False
13128.0,0.17,Medium,90,False
13129.0,2.68,Medium,90,False
13130.0,3.96,Medium,90,False
13131.0,41.67,Medium,90,False
13132.0,0.82,Medium,90,False
13133.0,1.6,Medium,90,False
13134.0,99.86,Medium,90,False
13135.0,25.87,Medium,90,False
13136.0,338.37,High,90,False
13137.0,632.12,High,90,False
13138.0,49.02,Medium,90,False
13139.0,152.76,Medium,90,False
13140.0,22.85,Medium,90,False
13141.0,231.84,Medium,90,False
13143.0,0.96,Medium,90,False
13144.0,0.97,Medium,90,False
13145.0,15.13,Medium,90,False
13147.0,28.62,Medium,90,False
13148.0,667.31,High,90,False
13149.0,99.55,Medium,90,False
13150.0,1.16,Medium,90,False
13151.0,7.81,Medium,90,False
13152.0,10.63,Medium,90,False
13154.0,5.21,Medium,90,False
13155.0,11.54,Medium,90,False
13156.0,3.28,Medium,90,False
13157.0,407.4,High,90,False
13158.0,78.37,Medium,90,False
13159.0,128.31,Medium,90,False
13161.0,3.21,Medium,90,False
13162.0,211.85,Medium,90,False
13163.0,0.55,Medium,90,False
13164.0,0.9,Medium,90,False
13165.0,17.87,Medium,90,False
13166.0,6.25,Medium,90,False
13167.0,57.85,Medium,90,False
13168.0,39.88,Medium,90,False
13169.0,7.68,Medium,90,False
13171.0,2.38,Medium,90,False
13172.0,0.69,Medium,90,False
13173.0,41.24,Medium,90,False
13174.0,91.58,Medium,90,False
13175.0,1.55,Medium,90,False
13177.0,2.05,Medium,90,False
13178.0,936.68,High,90,False
13179.0,1.27,Medium,90,False
13180.0,0.26,Medium,90,False
13181.0,2.31,Medium,90,False
13183.0,312.43,High,90,False
13184.0,346.27,High,90,False
13185.0,0.71,Medium,90,False
13186.0,205.18,Medium,90,False
13187.0,3.55,Medium,90,False
13189.0,15.22,Medium,90,False
13190.0,1.67,Medium,90,False
13191.0,0.6,Medium,90,False
13192.0,64.01,Medium,90,False
13194.0,14.71,Medium,90,False
13195.0,1.01,Medium,90,False
13196.0,11.45,Medium,90,False
13197.0,0.6,Medium,90,False
13198.0,465.16,High,90,False
13199.0,2134.2,High,90,False
13200.0,36.44,Medium,90,False
13201.0,1.32,Medium,90,False
13202.0,6.99,Medium,90,False
13203.0,61.97,Medium,90,False
13204.0,0.17,Medium,90,False
13205.0,3.71,Medium,90,False
13206.0,9.88,Medium,90,False
13207.0,15.09,Medium,90,False
13208.0,34.37,Medium,90,False
13209.0,655.07,High,90,False
13210.0,13.5,Medium,90,False
13211.0,137.33,Medium,90,False
13213.0,114.8,Medium,90,False
13214.0,18.33,Medium,90,False
13215.0,1.11,Medium,90,False
13216.0,1.56,Medium,90,False
13217.0,10.02,Medium,90,False
13218.0,2.97,Medium,90,False
13219.0,0.27,Medium,90,False
13220.0,15.73,Medium,90,False
13221.0,4.51,Medium,90,False
13222.0,0.46,Medium,90,False
13223.0,10.32,Medium,90,False
13224.0,70.98,Medium,90,False
13225.0,769.67,High,90,False
13226.0,3.6,Medium,90,False
13227.0,10.46,Medium,90,False
13229.0,1.18,Medium,90,False
13230.0,448.13,High,90,False
13232.0,178.79,Medium,90,False
13233.0,7.53,Medium,90,False
13234.0,0.4,Medium,90,False
13235.0,3.63,Medium,90,False
13236.0,38.1,Medium,90,False
13237.0,4.4,Medium,90,False
13238.0,11.47,Medium,90,False
13239.0,34.08,Medium,90,False
13240.0,25.13,Medium,90,False
13241.0,1.0,Medium,90,False
13242.0,7.22,Medium,90,False
13243.0,26.0,Medium,90,False
13244.0,11.0,Medium,90,False
13245.0,2.45,Medium,90,False
13246.0,409.93,High,90,False
13248.0,14.53,Medium,90,False
13249.0,24.45,Medium,90,False
13250.0,1.77,Medium,90,False
13251.0,2.35,Medium,90,False
13252.0,3.71,Medium,90,False
13253.0,15.19,Medium,90,False
13254.0,0.66,Medium,90,False
13255.0,9.39,Medium,90,False
13257.0,1.27,Medium,90,False
13258.0,10.94,Medium,90,False
13259.0,13.38,Medium,90,False
13261.0,1.33,Medium,90,False
13262.0,2.61,Medium,90,False
13263.0,1189.67,High,90,False
13264.0,8.86,Medium,90,False
13265.0,44.72,Medium,90,False
13266.0,686.74,High,90,False
13267.0,694.79,High,90,False
13268.0,217.75,Medium,90,False
13269.0,840.64,High,90,False
13270.0,2.92,Medium,90,False
13273.0,13.85,Medium,90,False
13274.0,2.29,Medium,90,False
13275.0,2.87,Medium,90,False
13276.0,12.71,Medium,90,False
13277.0,6.57,Medium,90,False
13278.0,12.2,Medium,90,False
13280.0,37.48,Medium,90,False
13281.0,4.63,Medium,90,False
13282.0,28.77,Medium,90,False
13283.0,12.0,Medium,90,False
13284.0,2.36,Medium,90,False
13285.0,45.56,Medium,90,False
13286.0,2.91,Medium,90,False
13287.0,1.43,Medium,90,False
13288.0,11.39,Medium,90,False
13289.0,0.53,Medium,90,False
13290.0,1.59,Medium,90,False
13291.0,64.48,Medium,90,False
13292.0,15.31,Medium,90,False
13293.0,6.84,Medium,90,False
13294.0,2.56,Medium,90,False
13295.0,13.96,Medium,90,False
13296.0,14.9,Medium,90,False
13297.0,60.92,Medium,90,False
13299.0,4.68,Medium,90,False
13300.0,8.88,Medium,90,False
13301.0,25.66,Medium,90,False
13302.0,1.88,Medium,90,False
13303.0,0.57,Medium,90,False
13304.0,6.2,Medium,90,False
13305.0,210.8,Medium,90,False
13306.0,0.69,Medium,90,False
13307.0,6.36,Medium,90,False
13308.0,26.2,Medium,90,False
13309.0,59.29,Medium,90,False
13310.0,78.57,Medium,90,False
13311.0,14.29,Medium,90,False
13312.0,1.33,Medium,90,False
13313.0,153.14,Medium,90,False
13315.0,0.33,Medium,90,False
13316.0,721.02,High,90,False
13317.0,355.01,High,90,False
13319.0,2822.13,High,90,False
13320.0,49.29,Medium,90,False
13324.0,500.99,High,90,False
13326.0,1.99,Medium,90,False
13327.0,655.31,High,90,False
13328.0,6.35,Medium,90,False
13329.0,66.13,Medium,90,False
13330.0,28.41,Medium,90,False
13331.0,1.31,Medium,90,False
13333.0,2.86,Medium,90,False
13334.0,86.17,Medium,90,False
13337.0,0.87,Medium,90,False
13338.0,17.07,Medium,90,False
13339.0,2.39,Medium,90,False
13340.0,2010.91,High,90,False
13341.0,1.89,Medium,90,False
13343.0,6.17,Medium,90,False
13344.0,9.2,Medium,90,False
13345.0,5.32,Medium,90,False
13346.0,0.54,Medium,90,False
13355.0,22.39,Medium,90,False
13357.0,30.92,Medium,90,False
13358.0,1.41,Medium,90,False
13359.0,8.01,Medium,90,False
13360.0,2.6,Medium,90,False
13361.0,0.63,Medium,90,False
13362.0,121.24,Medium,90,False
13363.0,12.98,Medium,90,False
13365.0,19.42,Medium,90,False
13367.0,1.47,Medium,90,False
13368.0,15.79,Medium,90,False
13369.0,5.68,Medium,90,False
13370.0,2.92,Medium,90,False
13371.0,1.12,Medium,90,False
13373.0,80.95,Medium,90,False
13374.0,2.57,Medium,90,False
13375.0,26.38,Medium,90,False
13376.0,42.07,Medium,90,False
13377.0,7.13,Medium,90,False
13379.0,19.22,Medium,90,False
13380.0,0.46,Medium,90,False
13381.0,591.76,High,90,False
13382.0,14.01,Medium,90,False
13383.0,1.15,Medium,90,False
13384.0,303.59,High,90,False
13385.0,1.35,Medium,90,False
13386.0,3.22,Medium,90,False
13387.0,1.47,Medium,90,False
13388.0,3.52,Medium,90,False
13389.0,5.27,Medium,90,False
13391.0,1.99,Medium,90,False
13392.0,0.22,Medium,90,False
13393.0,1.43,Medium,90,False
13394.0,585.56,High,90,False
13395.0,28.13,Medium,90,False
13396.0,3.4,Medium,90,False
13397.0,103.29,Medium,90,False
13398.0,5.77,Medium,90,False
13399.0,1.16,Medium,90,False
13400.0,0.81,Medium,90,False
13402.0,6.04,Medium,90,False
13403.0,2.25,Medium,90,False
13404.0,7.5,Medium,90,False
13405.0,26.18,Medium,90,False
13406.0,3.05,Medium,90,False
13407.0,0.92,Medium,90,False
13408.0,5952.49,High,90,False
13410.0,25.13,Medium,90,False
13411.0,13.89,Medium,90,False
13412.0,1.15,Medium,90,False
13413.0,1.34,Medium,90,False
13414.0,18.26,Medium,90,False
13415.0,1.23,Medium,90,False
13416.0,0.31,Medium,90,False
13417.0,31.63,Medium,90,False
13418.0,1835.33,High,90,False
13420.0,1.31,Medium,90,False
13421.0,84.49,Medium,90,False
13423.0,1.85,Medium,90,False
13424.0,4.79,Medium,90,False
13425.0,39.16,Medium,90,False
13426.0,658.67,High,90,False
13427.0,24.16,Medium,90,False
13428.0,2.0,Medium,90,False
13431.0,45.23,Medium,90,False
13432.0,0.82,Medium,90,False
13433.0,1.68,Medium,90,False
13434.0,9.2,Medium,90,False
13435.0,33.32,Medium,90,False
13437.0,216.78,Medium,90,False
13438.0,0.61,Medium,90,False
13439.0,10.34,Medium,90,False
13440.0,3.21,Medium,90,False
13441.0,19.93,Medium,90,False
13442.0,0.73,Medium,90,False
13443.0,16.09,Medium,90,False
13444.0,5.25,Medium,90,False
13445.0,0.45,Medium,90,False
13446.0,1.79,Medium,90,False
13448.0,361.9,High,90,False
13450.0,204.94,Medium,90,False
13451.0,605.89,High,90,False
13452.0,2.18,Medium,90,False
13453.0,10.9,Medium,90,False
13454.0,0.36,Medium,90,False
13455.0,12.79,Medium,90,False
13456.0,37.54,Medium,90,False
13457.0,0.46,Medium,90,False
13458.0,1646.06,High,90,False
13459.0,0.65,Medium,90,False
13461.0,65.33,Medium,90,False
13462.0,11.97,Medium,90,False
13464.0,76.2,Medium,90,False
13465.0,7.93,Medium,90,False
13466.0,6.43,Medium,90,False
13468.0,1743.24,High,90,False
13469.0,0.18,Medium,90,False
13470.0,6.25,Medium,90,False
13472.0,1.48,Medium,90,False
13473.0,94.47,Medium,90,False
13474.0,9.0,Medium,90,False
13475.0,48.88,Medium,90,False
13476.0,6.29,Medium,90,False
13477.0,79.05,Medium,90,False
13478.0,3.06,Medium,90,False
13479.0,24.72,Medium,90,False
13480.0,4.33,Medium,90,False
13481.0,269.1,High,90,False
13482.0,2.45,Medium,90,False
13484.0,3.65,Medium,90,False
13485.0,22.9,Medium,90,False
13486.0,25.31,Medium,90,False
13487.0,14.83,Medium,90,False
13488.0,1331.65,High,90,False
13489.0,45.77,Medium,90,False
13490.0,0.42,Medium,90,False
13491.0,445.08,High,90,False
13492.0,81.48,Medium,90,False
13493.0,10.15,Medium,90,False
13494.0,2.19,Medium,90,False
13495.0,113.67,Medium,90,False
13496.0,2.7,Medium,90,False
13497.0,26.68,Medium,90,False
13498.0,0.64,Medium,90,False
13499.0,5.37,Medium,90,False
13500.0,21.84,Medium,90,False
13501.0,14.31,Medium,90,False
13502.0,7.85,Medium,90,False
13503.0,4.88,Medium,90,False
13505.0,189.57,Medium,90,False
13506.0,20.33,Medium,90,False
13507.0,252.38,High,90,False
13508.0,1.99,Medium,90,False
13509.0,26.46,Medium,90,False
13510.0,374.36,High,90,False
13511.0,0.2,Medium,90,False
13512.0,11.85,Medium,90,False
13513.0,3.23,Medium,90,False
13514.0,5.49,Medium,90,False
13515.0,19.41,Medium,90,False
13516.0,7.73,Medium,90,False
13517.0,148.7,Medium,90,False
13519.0,4.42,Medium,90,False
13520.0,558.98,High,90,False
13523.0,110.95,Medium,90,False
13524.0,79.77,Medium,90,False
13525.0,3.89,Medium,90,False
13526.0,0.28,Medium,90,False
13527.0,333.14,High,90,False
13529.0,4.79,Medium,90,False
13530.0,0.33,Medium,90,False
13531.0,20.86,Medium,90,False
13533.0,6.0,Medium,90,False
13534.0,881.52,High,90,False
13535.0,0.69,Medium,90,False
13537.0,3.16,Medium,90,False
13538.0,114.7,Medium,90,False
13539.0,29.64,Medium,90,False
13540.0,1.46,Medium,90,False
13541.0,3.07,Medium,90,False
13542.0,10.95,Medium,90,False
13543.0,1.01,Medium,90,False
13544.0,1.9,Medium,90,False
13545.0,2.29,Medium,90,False
13546.0,15.6,Medium,90,False
13547.0,1.55,Medium,90,False
13548.0,4.12,Medium,90,False
13549.0,144.86,Medium,90,False
13550.0,4.48,Medium,90,False
13551.0,1.49,Medium,90,False
13552.0,408.94,High,90,False
13553.0,0.74,Medium,90,False
13554.0,10.92,Medium,90,False
13555.0,256.57,High,90,False
13556.0,1.43,Medium,90,False
13557.0,54.89,Medium,90,False
13559.0,0.74,Medium,90,False
13561.0,11.85,Medium,90,False
13562.0,161.21,Medium,90,False
13563.0,33.46,Medium,90,False
13564.0,251.27,High,90,False
13565.0,3.34,Medium,90,False
13566.0,6.39,Medium,90,False
13567.0,3.52,Medium,90,False
13568.0,1.87,Medium,90,False
13569.0,6.51,Medium,90,False
13570.0,3.61,Medium,90,False
13571.0,634.01,High,90,False
13572.0,12.24,Medium,90,False
13573.0,7.07,Medium,90,False
13574.0,2.22,Medium,90,False
13575.0,39.91,Medium,90,False
13576.0,813.91,High,90,False
13577.0,229.13,Medium,90,False
13578.0,2.25,Medium,90,False
13579.0,5.11,Medium,90,False
13580.0,0.91,Medium,90,False
13581.0,3.04,Medium,90,False
13582.0,3.07,Medium,90,False
13583.0,3.08,Medium,90,False
13584.0,1.6,Medium,90,False
13585.0,1.28,Medium,90,False
13586.0,0.65,Medium,90,False
13587.0,23.53,Medium,90,False
13588.0,126.54,Medium,90,False
13589.0,34.13,Medium,90,False
13590.0,544.27,High,90,False
13591.0,22.28,Medium,90,False
13592.0,6.44,Medium,90,False
13593.0,96.25,Medium,90,False
13594.0,1.19,Medium,90,False
13595.0,2.1,Medium,90,False
13597.0,2.68,Medium,90,False
13598.0,5.62,Medium,90,False
13599.0,771.36,High,90,False
13600.0,5.33,Medium,90,False
13601.0,37.69,Medium,90,False
13602.0,5.17,Medium,90,False
13604.0,1.11,Medium,90,False
13605.0,9.1,Medium,90,False
13606.0,4.49,Medium,90,False
13607.0,3.48,Medium,90,False
13608.0,1.42,Medium,90,False
13609.0,0.45,Medium,90,False
13610.0,32.63,Medium,90,False
13611.0,209.87,Medium,90,False
13612.0,0.27,Medium,90,False
13613.0,3.37,Medium,90,False
13614.0,23.16,Medium,90,False
13615.0,9.7,Medium,90,False
13616.0,0.82,Medium,90,False
13617.0,47.18,Medium,90,False
13618.0,2.57,Medium,90,False
13619.0,0.99,Medium,90,False
13620.0,0.67,Medium,90,False
13621.0,8.03,Medium,90,False
13622.0,2.48,Medium,90,False
13623.0,98.98,Medium,90,False
13624.0,6.39,Medium,90,False
13625.0,0.84,Medium,90,False
13626.0,11.02,Medium,90,False
13627.0,20.25,Medium,90,False
13628.0,0.47,Medium,90,False
13629.0,1550.44,High,90,False
13630.0,266.93,High,90,False
13631.0,53.47,Medium,90,False
13632.0,69.88,Medium,90,False
13634.0,384.26,High,90,False
13635.0,145.19,Medium,90,False
13636.0,30.82,Medium,90,False
13637.0,9.51,Medium,90,False
13639.0,4.75,Medium,90,False
13640.0,0.75,Medium,90,False
13641.0,1.55,Medium,90,False
13642.0,5.69,Medium,90,False
13643.0,67.56,Medium,90,False
13644.0,170.78,Medium,90,False
13645.0,21.0,Medium,90,False
13646.0,2.4,Medium,90,False
13647.0,70.16,Medium,90,False
13648.0,12.61,Medium,90,False
13649.0,32.51,Medium,90,False
13650.0,87.9,Medium,90,False
13651.0,1.09,Medium,90,False
13652.0,13.51,Medium,90,False
13653.0,0.63,Medium,90,False
13654.0,384.72,High,90,False
13655.0,28.08,Medium,90,False
13656.0,4.89,Medium,90,False
13657.0,8.27,Medium,90,False
13658.0,130.72,Medium,90,False
13659.0,39.52,Medium,90,False
13660.0,2.88,Medium,90,False
13661.0,1.08,Medium,90,False
13662.0,22.8,Medium,90,False
13663.0,6.62,Medium,90,False
13665.0,12.98,Medium,90,False
13666.0,3.6,Medium,90,False
13667.0,26.21,Medium,90,False
13668.0,1268.19,High,90,False
13669.0,32.61,Medium,90,False
13671.0,1.95,Medium,90,False
13672.0,4.03,Medium,90,False
13674.0,2.01,Medium,90,False
13675.0,16.91,Medium,90,False
13676.0,1.18,Medium,90,False
13677.0,4.65,Medium,90,False
13678.0,12.02,Medium,90,False
13679.0,0.76,Medium,90,False
13680.0,88.99,Medium,90,False
13681.0,14.9,Medium,90,False
13682.0,0.67,Medium,90,False
13683.0,1.81,Medium,90,False
13684.0,4.67,Medium,90,False
13686.0,22.96,Medium,90,False
13687.0,6.71,Medium,90,False
13688.0,0.36,Medium,90,False
13689.0,5.2,Medium,90,False
13691.0,2.49,Medium,90,False
13692.0,150.47,Medium,90,False
13693.0,18.25,Medium,90,False
13694.0,10066.11,High,90,False
13695.0,60.08,Medium,90,False
13696.0,4.66,Medium,90,False
13698.0,0.88,Medium,90,False
13699.0,5.54,Medium,90,False
13700.0,65.83,Medium,90,False
13701.0,1.63,Medium,90,False
13702.0,1.82,Medium,90,False
13703.0,3.52,Medium,90,False
13705.0,20.59,Medium,90,False
13706.0,3.73,Medium,90,False
13707.0,24.08,Medium,90,False
13708.0,1.96,Medium,90,False
13709.0,496.23,High,90,False
13710.0,2.51,Medium,90,False
13711.0,11.96,Medium,90,False
13712.0,7.89,Medium,90,False
13713.0,6.45,Medium,90,False
13714.0,0.47,Medium,90,False
13715.0,14.17,Medium,90,False
13716.0,2.51,Medium,90,False
13717.0,133.54,Medium,90,False
13718.0,4.5,Medium,90,False
13719.0,163.25,Medium,90,False
13720.0,46.39,Medium,90,False
13721.0,2.51,Medium,90,False
13722.0,151.16,Medium,90,False
13723.0,16.46,Medium,90,False
13724.0,0.38,Medium,90,False
13725.0,164.93,Medium,90,False
13726.0,91.11,Medium,90,False
13727.0,8.85,Medium,90,False
13728.0,256.48,High,90,False
13729.0,6.93,Medium,90,False
13730.0,36.35,Medium,90,False
13731.0,5.33,Medium,90,False
13733.0,3.63,Medium,90,False
13734.0,0.0,Medium,90,False
13735.0,502.6,High,90,False
13736.0,72.2,Medium,90,False
13737.0,6.15,Medium,90,False
13738.0,2.02,Medium,90,False
13739.0,0.8,Medium,90,False
13740.0,13.98,Medium,90,False
13741.0,12.67,Medium,90,False
13742.0,255.72,High,90,False
13743.0,209.0,Medium,90,False
13744.0,17.66,Medium,90,False
13745.0,7.46,Medium,90,False
13746.0,1.01,Medium,90,False
13747.0,2.38,Medium,90,False
13748.0,25.2,Medium,90,False
13750.0,163.23,Medium,90,False
13751.0,3.4,Medium,90,False
13752.0,31.57,Medium,90,False
13753.0,3.63,Medium,90,False
13754.0,14.93,Medium,90,False
13756.0,772.28,High,90,False
13757.0,0.22,Medium,90,False
13758.0,486.39,High,90,False
13760.0,16.5,Medium,90,False
13761.0,26.15,Medium,90,False
13762.0,30.56,Medium,90,False
13763.0,53.97,Medium,90,False
13764.0,42.1,Medium,90,False
13765.0,0.26,Medium,90,False
13766.0,0.55,Medium,90,False
13767.0,2925.13,High,90,False
13768.0,0.45,Medium,90,False
13769.0,656.12,High,90,False
13770.0,5.13,Medium,90,False
13771.0,354.59,High,90,False
13772.0,89.94,Medium,90,False
13773.0,2.61,Medium,90,False
13775.0,0.35,Medium,90,False
13776.0,1.78,Medium,90,False
13777.0,4820.98,High,90,False
13778.0,3.66,Medium,90,False
13779.0,0.62,Medium,90,False
13780.0,12.12,Medium,90,False
13781.0,3.17,Medium,90,False
13782.0,50.67,Medium,90,False
13783.0,0.5,Medium,90,False
13784.0,246.58,High,90,False
13785.0,2.3,Medium,90,False
13786.0,25.24,Medium,90,False
13787.0,7.14,Medium,90,False
13788.0,0.43,Medium,90,False
13789.0,2.07,Medium,90,False
13791.0,36.48,Medium,90,False
13792.0,6.69,Medium,90,False
13793.0,0.23,Medium,90,False
13794.0,0.63,Medium,90,False
13795.0,11.4,Medium,90,False
13796.0,0.88,Medium,90,False
13797.0,7.62,Medium,90,False
13798.0,7748.24,High,90,False
13799.0,82.07,Medium,90,False
13800.0,1.97,Medium,90,False
13802.0,573.91,High,90,False
13803.0,7.19,Medium,90,False
13804.0,149.61,Medium,90,False
13805.0,45.14,Medium,90,False
13807.0,1.84,Medium,90,False
13808.0,32.36,Medium,90,False
13809.0,3.37,Medium,90,False
13811.0,8.9,Medium,90,False
13812.0,50.6,Medium,90,False
13813.0,44.47,Medium,90,False
13814.0,1.51,Medium,90,False
13815.0,401.18,High,90,False
13817.0,1.53,Medium,90,False
13818.0,0.56,Medium,90,False
13819.0,71.44,Medium,90,False
13820.0,3.31,Medium,90,False
13821.0,35.1,Medium,90,False
13823.0,75.77,Medium,90,False
13824.0,107.02,Medium,90,False
13825.0,0.51,Medium,90,False
13826.0,2.51,Medium,90,False
13827.0,30.84,Medium,90,False
13829.0,0.82,Medium,90,False
13830.0,0.45,Medium,90,False
13831.0,639.13,High,90,False
13832.0,6.4,Medium,90,False
13833.0,9.18,Medium,90,False
13834.0,0.68,Medium,90,False
13835.0,27.12,Medium,90,False
13836.0,4.6,Medium,90,False
13837.0,6.77,Medium,90,False
13838.0,41.34,Medium,90,False
13839.0,1.1,Medium,90,False
13840.0,7.65,Medium,90,False
13841.0,1.47,Medium,90,False
13842.0,208.96,Medium,90,False
13843.0,3.74,Medium,90,False
13846.0,18.71,Medium,90,False
13847.0,0.47,Medium,90,False
13848.0,50.12,Medium,90,False
13849.0,47.09,Medium,90,False
13850.0,7.57,Medium,90,False
13851.0,107.56,Medium,90,False
13852.0,0.28,Medium,90,False
13854.0,758.4,High,90,False
13855.0,1.44,Medium,90,False
13856.0,6.61,Medium,90,False
13857.0,5.15,Medium,90,False
13859.0,3.46,Medium,90,False
13861.0,2.21,Medium,90,False
13862.0,266.38,High,90,False
13863.0,12.15,Medium,90,False
13864.0,3.13,Medium,90,False
13865.0,53.38,Medium,90,False
13867.0,3.82,Medium,90,False
13869.0,477.69,High,90,False
13870.0,369.96,High,90,False
13871.0,597.27,High,90,False
13872.0,1.3,Medium,90,False
13873.0,26.77,Medium,90,False
13874.0,16.59,Medium,90,False
13875.0,457.32,High,90,False
13877.0,2.04,Medium,90,False
13878.0,9.82,Medium,90,False
13879.0,0.36,Medium,90,False
13880.0,126.14,Medium,90,False
13881.0,6073.66,High,90,False
13883.0,167.36,Medium,90,False
13884.0,43.85,Medium,90,False
13885.0,8.39,Medium,90,False
13887.0,5.67,Medium,90,False
13888.0,22.25,Medium,90,False
13889.0,12.4,Medium,90,False
13890.0,63.57,Medium,90,False
13891.0,7.74,Medium,90,False
13892.0,17.3,Medium,90,False
13893.0,1.47,Medium,90,False
13894.0,1.78,Medium,90,False
13895.0,41.6,Medium,90,False
13896.0,0.54,Medium,90,False
13897.0,19.55,Medium,90,False
13898.0,8.11,Medium,90,False
13899.0,3.21,Medium,90,False
13900.0,18.98,Medium,90,False
13901.0,552.91,High,90,False
13902.0,0.85,Medium,90,False
13903.0,2.19,Medium,90,False
13904.0,2.11,Medium,90,False
13905.0,0.75,Medium,90,False
13906.0,1.35,Medium,90,False
13907.0,0.44,Medium,90,False
13908.0,94.69,Medium,90,False
13909.0,2.21,Medium,90,False
13911.0,340.12,High,90,False
13912.0,0.89,Medium,90,False
13913.0,0.5,Medium,90,False
13915.0,0.66,Medium,90,False
13916.0,1.5,Medium,90,False
13917.0,2.03,Medium,90,False
13918.0,6.35,Medium,90,False
13919.0,6.67,Medium,90,False
13920.0,3.99,Medium,90,False
13921.0,4.91,Medium,90,False
13922.0,6.53,Medium,90,False
13925.0,24.07,Medium,90,False
13927.0,5.15,Medium,90,False
13928.0,55.42,Medium,90,False
13929.0,125.4,Medium,90,False
13930.0,26.04,Medium,90,False
13931.0,145.82,Medium,90,False
13932.0,2.13,Medium,90,False
13933.0,24.66,Medium,90,False
13934.0,1.6,Medium,90,False
13935.0,0.32,Medium,90,False
13936.0,25.82,Medium,90,False
13937.0,14.27,Medium,90,False
13939.0,29.17,Medium,90,False
13940.0,27.78,Medium,90,False
13941.0,545.08,High,90,False
13942.0,0.79,Medium,90,False
13943.0,1.16,Medium,90,False
13944.0,0.46,Medium,90,False
13945.0,5.58,Medium,90,False
13946.0,21.42,Medium,90,False
13948.0,2.04,Medium,90,False
13949.0,140.18,Medium,90,False
13950.0,1.25,Medium,90,False
13951.0,41.9,Medium,90,False
13952.0,43.94,Medium,90,False
13953.0,242.1,Medium,90,False
13955.0,17.68,Medium,90,False
13956.0,75.78,Medium,90,False
13957.0,3.46,Medium,90,False
13958.0,28.19,Medium,90,False
13959.0,11.95,Medium,90,False
13961.0,2.36,Medium,90,False
13962.0,5.1,Medium,90,False
13963.0,5.48,Medium,90,False
13964.0,3.19,Medium,90,False
13965.0,1.08,Medium,90,False
13966.0,9.92,Medium,90,False
13967.0,1.37,Medium,90,False
13968.0,1.39,Medium,90,False
13969.0,938.78,High,90,False
13970.0,6.78,Medium,90,False
13971.0,308.87,High,90,False
13972.0,2.88,Medium,90,False
13973.0,4.59,Medium,90,False
13974.0,1.91,Medium,90,False
13975.0,300.92,High,90,False
13976.0,9.91,Medium,90,False
13977.0,1.93,Medium,90,False
13979.0,81.06,Medium,90,False
13980.0,12.73,Medium,90,False
13981.0,1.95,Medium,90,False
13982.0,222.17,Medium,90,False
13983.0,566.96,High,90,False
13984.0,51.83,Medium,90,False
13985.0,560.57,High,90,False
13987.0,7.65,Medium,90,False
13988.0,38.33,Medium,90,False
13989.0,21.25,Medium,90,False
13990.0,6.76,Medium,90,False
13991.0,14.02,Medium,90,False
13992.0,1.89,Medium,90,False
13993.0,502.23,High,90,False
13994.0,49.54,Medium,90,False
13995.0,178.14,Medium,90,False
13996.0,4.53,Medium,90,False
13997.0,1.37,Medium,90,False
13998.0,5.17,Medium,90,False
13999.0,1124.4,High,90,False
14000.0,8.75,Medium,90,False
14001.0,94.69,Medium,90,False
14002.0,27.81,Medium,90,False
14003.0,0.46,Medium,90,False
14004.0,705.82,High,90,False
14005.0,79.11,Medium,90,False
14006.0,12.79,Medium,90,False
14007.0,0.66,Medium,90,False
14008.0,1.96,Medium,90,False
14009.0,22.59,Medium,90,False
14010.0,1.29,Medium,90,False
14011.0,1.69,Medium,90,False
14012.0,2.27,Medium,90,False
14013.0,10.35,Medium,90,False
14014.0,21.24,Medium,90,False
14016.0,255.44,High,90,False
14017.0,0.9,Medium,90,False
14018.0,0.24,Medium,90,False
14019.0,159.77,Medium,90,False
14020.0,5.98,Medium,90,False
14021.0,19.21,Medium,90,False
14022.0,7.37,Medium,90,False
14023.0,5.24,Medium,90,False
14024.0,21.5,Medium,90,False
14025.0,2.73,Medium,90,False
14026.0,1.56,Medium,90,False
14028.0,0.58,Medium,90,False
14029.0,19.54,Medium,90,False
14030.0,635.12,High,90,False
14031.0,3802.66,High,90,False
14032.0,313.1,High,90,False
14033.0,1.09,Medium,90,False
14034.0,11.92,Medium,90,False
14035.0,39.12,Medium,90,False
14036.0,10.81,Medium,90,False
14037.0,13.12,Medium,90,False
14038.0,25.88,Medium,90,False
14039.0,1.19,Medium,90,False
14040.0,1043.87,High,90,False
14041.0,2.07,Medium,90,False
14042.0,0.34,Medium,90,False
14043.0,0.86,Medium,90,False
14044.0,116.89,Medium,90,False
14045.0,191.23,Medium,90,False
14046.0,2.55,Medium,90,False
14047.0,200.8,Medium,90,False
14048.0,7.87,Medium,90,False
14049.0,719.12,High,90,False
14050.0,71.92,Medium,90,False
14051.0,798.7,High,90,False
14052.0,2.54,Medium,90,False
14053.0,11.59,Medium,90,False
14055.0,2.95,Medium,90,False
14056.0,862.75,High,90,False
14057.0,1129.37,High,90,False
14058.0,1.49,Medium,90,False
14059.0,1.24,Medium,90,False
14060.0,1290.01,High,90,False
14061.0,1.08,Medium,90,False
14062.0,2403.28,High,90,False
14063.0,11.81,Medium,90,False
14064.0,288.2,High,90,False
14065.0,8.59,Medium,90,False
14066.0,1.08,Medium,90,False
14067.0,47.91,Medium,90,False
14068.0,3.16,Medium,90,False
14069.0,0.75,Medium,90,False
14070.0,0.25,Medium,90,False
14071.0,3.04,Medium,90,False
14072.0,0.16,Medium,90,False
14074.0,0.41,Medium,90,False
14075.0,20.43,Medium,90,False
14076.0,11.31,Medium,90,False
14077.0,10.98,Medium,90,False
14078.0,31.39,Medium,90,False
14079.0,2.36,Medium,90,False
14080.0,2.83,Medium,90,False
14081.0,11.19,Medium,90,False
14082.0,2.86,Medium,90,False
14083.0,37.06,Medium,90,False
14084.0,0.48,Medium,90,False
14085.0,691.18,High,90,False
14086.0,1.56,Medium,90,False
14087.0,12.63,Medium,90,False
14088.0,10972.63,High,90,False
14090.0,0.84,Medium,90,False
14091.0,0.0,Low,90,True
14092.0,796.2,High,90,False
14094.0,4.99,Medium,90,False
14095.0,0.51,Medium,90,False
14096.0,33.18,Medium,90,False
14097.0,1.17,Medium,90,False
14099.0,490.32,High,90,False
14100.0,3.76,Medium,90,False
14101.0,402.96,High,90,False
14104.0,17.82,Medium,90,False
14105.0,14.64,Medium,90,False
14106.0,0.25,Medium,90,False
14107.0,394.45,High,90,False
14108.0,6.02,Medium,90,False
14110.0,918.52,High,90,False
14111.0,55.09,Medium,90,False
14112.0,338.31,High,90,False
14113.0,18.3,Medium,90,False
14114.0,24.31,Medium,90,False
14115.0,2.39,Medium,90,False
14116.0,62.31,Medium,90,False
14117.0,3.97,Medium,90,False
14118.0,1.38,Medium,90,False
14119.0,1.21,Medium,90,False
14122.0,4.44,Medium,90,False
14123.0,0.46,Medium,90,False
14126.0,11.08,Medium,90,False
14127.0,144.22,Medium,90,False
14128.0,16.43,Medium,90,False
14129.0,31.13,Medium,90,False
14130.0,4.49,Medium,90,False
14131.0,0.42,Medium,90,False
14132.0,334.48,High,90,False
14133.0,8.2,Medium,90,False
14134.0,7.01,Medium,90,False
14135.0,1113.74,High,90,False
14136.0,14.07,Medium,90,False
14137.0,0.86,Medium,90,False
14139.0,5.73,Medium,90,False
14141.0,55.32,Medium,90,False
14142.0,3.71,Medium,90,False
14143.0,11.18,Medium,90,False
14144.0,0.85,Medium,90,False
14145.0,134.14,Medium,90,False
14146.0,329.57,High,90,False
14147.0,109.95,Medium,90,False
14148.0,5.47,Medium,90,False
14149.0,2.06,Medium,90,False
14150.0,3.36,Medium,90,False
14151.0,1.88,Medium,90,False
14152.0,33.23,Medium,90,False
14153.0,0.91,Medium,90,False
14154.0,33.97,Medium,90,False
14155.0,1.58,Medium,90,False
14156.0,21205.49,High,90,False
14157.0,9.99,Medium,90,False
14159.0,750.1,High,90,False
14160.0,1.42,Medium,90,False
14161.0,19.05,Medium,90,False
14162.0,13.02,Medium,90,False
14163.0,39.02,Medium,90,False
14165.0,1.17,Medium,90,False
14166.0,0.73,Medium,90,False
14167.0,14.44,Medium,90,False
14168.0,2.51,Medium,90,False
14169.0,4.31,Medium,90,False
14170.0,4.16,Medium,90,False
14171.0,3.67,Medium,90,False
14172.0,0.86,Medium,90,False
14173.0,4.75,Medium,90,False
14175.0,204.37,Medium,90,False
14176.0,4.02,Medium,90,False
14177.0,43.68,Medium,90,False
14178.0,128.65,Medium,90,False
14180.0,538.97,High,90,False
14181.0,2.92,Medium,90,False
14182.0,6.64,Medium,90,False
14183.0,1.98,Medium,90,False
14185.0,1.39,Medium,90,False
14186.0,10.07,Medium,90,False
14187.0,0.45,Medium,90,False
14188.0,116.13,Medium,90,False
14189.0,753.09,High,90,False
14190.0,0.28,Medium,90,False
14191.0,179.48,Medium,90,False
14192.0,2.58,Medium,90,False
14193.0,18.62,Medium,90,False
14194.0,1278.33,High,90,False
14195.0,38.44,Medium,90,False
14196.0,40.7,Medium,90,False
14197.0,3.01,Medium,90,False
14198.0,47.13,Medium,90,False
14199.0,3.22,Medium,90,False
14200.0,0.54,Medium,90,False
14201.0,28.7,Medium,90,False
14202.0,3.72,Medium,90,False
14203.0,1.47,Medium,90,False
14204.0,3.38,Medium,90,False
14205.0,54.41,Medium,90,False
14206.0,17.36,Medium,90,False
14207.0,0.23,Medium,90,False
14208.0,1.15,Medium,90,False
14209.0,365.26,High,90,False
14210.0,451.45,High,90,False
14211.0,311.42,High,90,False
14212.0,36.29,Medium,90,False
14213.0,1.48,Medium,90,False
14214.0,76.68,Medium,90,False
14215.0,102.22,Medium,90,False
14216.0,3.21,Medium,90,False
14217.0,189.79,Medium,90,False
14219.0,6.62,Medium,90,False
14220.0,8.19,Medium,90,False
14221.0,585.97,High,90,False
14222.0,33.28,Medium,90,False
14223.0,34.43,Medium,90,False
14224.0,34.17,Medium,90,False
14225.0,3.76,Medium,90,False
14226.0,122.56,Medium,90,False
14227.0,207.18,Medium,90,False
14228.0,5.02,Medium,90,False
14229.0,46.92,Medium,90,False
14230.0,2.1,Medium,90,False
14231.0,30.05,Medium,90,False
14232.0,124.2,Medium,90,False
14233.0,63.55,Medium,90,False
14235.0,220.88,Medium,90,False
14236.0,12.49,Medium,90,False
14237.0,4.95,Medium,90,False
14238.0,2.3,Medium,90,False
14239.0,583.57,High,90,False
14240.0,12.46,Medium,90,False
14241.0,10.52,Medium,90,False
14242.0,6.17,Medium,90,False
14243.0,589.94,High,90,False
14244.0,1.71,Medium,90,False
14245.0,11.69,Medium,90,False
14246.0,56.63,Medium,90,False
14247.0,8.93,Medium,90,False
14248.0,6.94,Medium,90,False
14249.0,1.6,Medium,90,False
14252.0,1.97,Medium,90,False
14253.0,0.86,Medium,90,False
14254.0,2.66,Medium,90,False
14255.0,0.31,Medium,90,False
14256.0,30.84,Medium,90,False
14257.0,234.02,Medium,90,False
14258.0,1404.59,High,90,False
14259.0,11.58,Medium,90,False
14260.0,1.15,Medium,90,False
14262.0,119.58,Medium,90,False
14263.0,2.82,Medium,90,False
14264.0,16.23,Medium,90,False
14265.0,7.68,Medium,90,False
14266.0,0.48,Medium,90,False
14267.0,17.64,Medium,90,False
14268.0,1.0,Medium,90,False
14269.0,4.64,Medium,90,False
14270.0,1.7,Medium,90,False
14271.0,3.76,Medium,90,False
14272.0,14.78,Medium,90,False
14273.0,49.44,Medium,90,False
14274.0,0.31,Medium,90,False
14275.0,9.59,Medium,90,False
14276.0,20.04,Medium,90,False
14277.0,138.65,Medium,90,False
14278.0,3.08,Medium,90,False
14279.0,0.51,Medium,90,False
14280.0,2.32,Medium,90,False
14281.0,1.56,Medium,90,False
14282.0,804.49,High,90,False
14283.0,1.49,Medium,90,False
14284.0,12.83,Medium,90,False
14285.0,61.29,Medium,90,False
14286.0,221.68,Medium,90,False
14287.0,5.59,Medium,90,False
14288.0,4.57,Medium,90,False
14289.0,45.09,Medium,90,False
14290.0,29.02,Medium,90,False
14291.0,776.47,High,90,False
14292.0,558.98,High,90,False
14293.0,98.42,Medium,90,False
14294.0,2.81,Medium,90,False
14295.0,46.65,Medium,90,False
14296.0,4.35,Medium,90,False
14297.0,3.03,Medium,90,False
14298.0,7482.05,High,90,False
14299.0,1109.39,High,90,False
14301.0,1.78,Medium,90,False
14302.0,3.3,Medium,90,False
14303.0,2.61,Medium,90,False
14304.0,10.33,Medium,90,False
14305.0,34.77,Medium,90,False
14306.0,4.57,Medium,90,False
14307.0,244.73,High,90,False
14308.0,0.42,Medium,90,False
14309.0,81.6,Medium,90,False
14310.0,1.47,Medium,90,False
14311.0,4.55,Medium,90,False
14312.0,130.9,Medium,90,False
14314.0,6.13,Medium,90,False
14315.0,32.75,Medium,90,False
14316.0,3.69,Medium,90,False
14318.0,1.1,Medium,90,False
14319.0,2.21,Medium,90,False
14320.0,17.76,Medium,90,False
14321.0,96.16,Medium,90,False
14322.0,2.86,Medium,90,False
14323.0,15.77,Medium,90,False
14324.0,7.03,Medium,90,False
14325.0,1.16,Medium,90,False
14326.0,6.71,Medium,90,False
14327.0,15.47,Medium,90,False
14328.0,0.68,Medium,90,False
14329.0,613.64,High,90,False
14330.0,0.65,Medium,90,False
14331.0,16.72,Medium,90,False
14332.0,57.5,Medium,90,False
14334.0,238.61,Medium,90,False
14335.0,34.04,Medium,90,False
14336.0,64.53,Medium,90,False
14338.0,8.56,Medium,90,False
14339.0,12.83,Medium,90,False
14340.0,1.04,Medium,90,False
14341.0,225.92,Medium,90,False
14342.0,22.3,Medium,90,False
14343.0,3.16,Medium,90,False
14344.0,119.49,Medium,90,False
14346.0,19.22,Medium,90,False
14347.0,0.27,Medium,90,False
14348.0,1.58,Medium,90,False
14350.0,10.12,Medium,90,False
14351.0,0.49,Medium,90,False
14352.0,30.09,Medium,90,False
14353.0,5.37,Medium,90,False
14355.0,4.45,Medium,90,False
14358.0,3.13,Medium,90,False
14360.0,203.12,Medium,90,False
14361.0,0.67,Medium,90,False
14363.0,2.68,Medium,90,False
14364.0,123.22,Medium,90,False
14365.0,8.22,Medium,90,False
14366.0,1.53,Medium,90,False
14367.0,596.46,High,90,False
14368.0,1.17,Medium,90,False
14369.0,0.91,Medium,90,False
14370.0,2.85,Medium,90,False
14371.0,0.78,Medium,90,False
14372.0,4.93,Medium,90,False
14373.0,0.73,Medium,90,False
14374.0,0.65,Medium,90,False
14375.0,22.44,Medium,90,False
14376.0,0.2,Medium,90,False
14377.0,10.24,Medium,90,False
14378.0,0.35,Medium,90,False
14379.0,19.61,Medium,90,False
14380.0,0.16,Medium,90,False
14381.0,5.76,Medium,90,False
14382.0,24.61,Medium,90,False
14383.0,22.49,Medium,90,False
14384.0,0.3,Medium,90,False
14386.0,2.21,Medium,90,False
14387.0,41.75,Medium,90,False
14388.0,717.71,High,90,False
14389.0,18.04,Medium,90,False
14390.0,389.81,High,90,False
14391.0,0.69,Medium,90,False
14392.0,2.2,Medium,90,False
14393.0,0.63,Medium,90,False
14394.0,0.42,Medium,90,False
14395.0,616.21,High,90,False
14396.0,9.32,Medium,90,False
14397.0,303.13,High,90,False
14398.0,3.8,Medium,90,False
14399.0,19.8,Medium,90,False
14400.0,1.77,Medium,90,False
14401.0,960.75,High,90,False
14402.0,0.35,Medium,90,False
14403.0,13.04,Medium,90,False
14404.0,180.49,Medium,90,False
14405.0,2.02,Medium,90,False
14406.0,4.2,Medium,90,False
14407.0,174.46,Medium,90,False
14408.0,333.22,High,90,False
14409.0,102.41,Medium,90,False
14410.0,382.38,High,90,False
14411.0,0.59,Medium,90,False
14412.0,17.6,Medium,90,False
14413.0,4.51,Medium,90,False
14414.0,122.64,Medium,90,False
14415.0,712.71,High,90,False
14417.0,13.29,Medium,90,False
14418.0,31.68,Medium,90,False
14419.0,6.84,Medium,90,False
14420.0,3.41,Medium,90,False
14421.0,39.33,Medium,90,False
14422.0,705.68,High,90,False
14423.0,6.62,Medium,90,False
14425.0,3.9,Medium,90,False
14426.0,616.01,High,90,False
14427.0,0.89,Medium,90,False
14428.0,5.2,Medium,90,False
14429.0,2.68,Medium,90,False
14430.0,1.21,Medium,90,False
14431.0,12.34,Medium,90,False
14433.0,1.03,Medium,90,False
14435.0,0.18,Medium,90,False
14436.0,1.99,Medium,90,False
14437.0,4.74,Medium,90,False
14438.0,1.07,Medium,90,False
14439.0,6.95,Medium,90,False
14440.0,85.76,Medium,90,False
14441.0,357.21,High,90,False
14442.0,24.99,Medium,90,False
14443.0,76.66,Medium,90,False
14444.0,1.59,Medium,90,False
14445.0,2.27,Medium,90,False
14446.0,12.22,Medium,90,False
14447.0,70.45,Medium,90,False
14448.0,0.98,Medium,90,False
14449.0,84.69,Medium,90,False
14450.0,20.88,Medium,90,False
14451.0,92.38,Medium,90,False
14452.0,7.76,Medium,90,False
14453.0,2.11,Medium,90,False
14454.0,3.5,Medium,90,False
14455.0,8.25,Medium,90,False
14456.0,78.86,Medium,90,False
14457.0,1.2,Medium,90,False
14458.0,2.08,Medium,90,False
14459.0,3.62,Medium,90,False
14460.0,7.94,Medium,90,False
14461.0,440.41,High,90,False
14462.0,212.75,Medium,90,False
14463.0,18.16,Medium,90,False
14464.0,0.37,Medium,90,False
14465.0,55.36,Medium,90,False
14466.0,247.34,High,90,False
14467.0,35.89,Medium,90,False
14468.0,0.49,Medium,90,False
14469.0,3.48,Medium,90,False
14470.0,3.66,Medium,90,False
14471.0,0.65,Medium,90,False
14472.0,36.68,Medium,90,False
14473.0,0.6,Medium,90,False
14474.0,8.89,Medium,90,False
14475.0,19.0,Medium,90,False
14476.0,3.59,Medium,90,False
14477.0,21.62,Medium,90,False
14478.0,6.39,Medium,90,False
14479.0,5.09,Medium,90,False
14480.0,6.54,Medium,90,False
14481.0,12.88,Medium,90,False
14482.0,202.93,Medium,90,False
14483.0,2.55,Medium,90,False
14484.0,11.52,Medium,90,False
14486.0,0.61,Medium,90,False
14487.0,2.75,Medium,90,False
14489.0,15.32,Medium,90,False
14490.0,10.43,Medium,90,False
14491.0,12.81,Medium,90,False
14492.0,8.28,Medium,90,False
14493.0,124.44,Medium,90,False
14494.0,3.83,Medium,90,False
14495.0,17.62,Medium,90,False
14496.0,15.69,Medium,90,False
14497.0,1.14,Medium,90,False
14498.0,153.23,Medium,90,False
14499.0,135.01,Medium,90,False
14500.0,35.79,Medium,90,False
14501.0,11.21,Medium,90,False
14502.0,201.81,Medium,90,False
14503.0,40.48,Medium,90,False
14504.0,7.17,Medium,90,False
14505.0,767.64,High,90,False
14506.0,26.11,Medium,90,False
14507.0,173.48,Medium,90,False
14508.0,5.34,Medium,90,False
14509.0,0.54,Medium,90,False
14510.0,9.48,Medium,90,False
14511.0,71.43,Medium,90,False
14512.0,32.6,Medium,90,False
14513.0,12.89,Medium,90,False
14514.0,141.65,Medium,90,False
14515.0,232.97,Medium,90,False
14516.0,0.62,Medium,90,False
14517.0,22.45,Medium,90,False
14519.0,0.43,Medium,90,False
14520.0,3.03,Medium,90,False
14521.0,1.59,Medium,90,False
14522.0,16.56,Medium,90,False
14523.0,26.33,Medium,90,False
14524.0,274.46,High,90,False
14525.0,663.36,High,90,False
14526.0,2.45,Medium,90,False
14527.0,2441.75,High,90,False
14529.0,20.02,Medium,90,False
14530.0,785.61,High,90,False
14531.0,0.84,Medium,90,False
14532.0,20.33,Medium,90,False
14533.0,20.57,Medium,90,False
14534.0,834.89,High,90,False
14535.0,302.15,High,90,False
14536.0,0.8,Medium,90,False
14537.0,0.81,Medium,90,False
14538.0,3.05,Medium,90,False
14540.0,154.61,Medium,90,False
14541.0,80.79,Medium,90,False
14542.0,3.36,Medium,90,False
14543.0,490.78,High,90,False
14544.0,29.17,Medium,90,False
14545.0,0.16,Medium,90,False
14546.0,198.78,Medium,90,False
14548.0,73.96,Medium,90,False
14549.0,2.5,Medium,90,False
14550.0,13.19,Medium,90,False
14551.0,19.19,Medium,90,False
14552.0,10.47,Medium,90,False
14553.0,36.89,Medium,90,False
14555.0,29.3,Medium,90,False
14556.0,0.81,Medium,90,False
14558.0,1.16,Medium,90,False
14559.0,0.84,Medium,90,False
14560.0,954.64,High,90,False
14561.0,21.36,Medium,90,False
14562.0,470.79,High,90,False
14563.0,2.45,Medium,90,False
14564.0,4.74,Medium,90,False
14565.0,20.63,Medium,90,False
14566.0,18.86,Medium,90,False
14567.0,31.97,Medium,90,False
14568.0,2.68,Medium,90,False
14569.0,10.42,Medium,90,False
14570.0,15.58,Medium,90,False
14571.0,1.49,Medium,90,False
14572.0,270.19,High,90,False
14573.0,96.44,Medium,90,False
14574.0,0.62,Medium,90,False
14575.0,1.9,Medium,90,False
14576.0,0.79,Medium,90,False
14577.0,37.33,Medium,90,False
14579.0,0.79,Medium,90,False
14580.0,0.86,Medium,90,False
14581.0,1.93,Medium,90,False
14583.0,36.74,Medium,90,False
14584.0,21.79,Medium,90,False
14585.0,6.01,Medium,90,False
14586.0,3.96,Medium,90,False
14587.0,182.24,Medium,90,False
14588.0,0.51,Medium,90,False
14589.0,0.69,Medium,90,False
14590.0,3.47,Medium,90,False
14591.0,8.23,Medium,90,False
14593.0,157.61,Medium,90,False
14594.0,2.19,Medium,90,False
14595.0,3.54,Medium,90,False
14596.0,0.36,Medium,90,False
14597.0,91.63,Medium,90,False
14598.0,0.79,Medium,90,False
14599.0,3.21,Medium,90,False
14600.0,2.57,Medium,90,False
14602.0,0.24,Medium,90,False
14603.0,8.4,Medium,90,False
14604.0,0.5,Medium,90,False
14605.0,2.73,Medium,90,False
14606.0,4196.14,High,90,False
14607.0,571.45,High,90,False
14608.0,42.93,Medium,90,False
14609.0,75.89,Medium,90,False
14610.0,0.88,Medium,90,False
14611.0,9.75,Medium,90,False
14612.0,1.68,Medium,90,False
14613.0,0.18,Medium,90,False
14614.0,2.6,Medium,90,False
14615.0,4.21,Medium,90,False
14616.0,2.97,Medium,90,False
14617.0,1.07,Medium,90,False
14618.0,6.14,Medium,90,False
14619.0,17.11,Medium,90,False
14620.0,11.26,Medium,90,False
14621.0,49.22,Medium,90,False
14622.0,14.38,Medium,90,False
14623.0,41.61,Medium,90,False
14624.0,7.36,Medium,90,False
14625.0,88.3,Medium,90,False
14626.0,321.14,High,90,False
14627.0,1.91,Medium,90,False
14628.0,9.22,Medium,90,False
14630.0,1.08,Medium,90,False
14631.0,47.38,Medium,90,False
14632.0,1.79,Medium,90,False
14633.0,2.33,Medium,90,False
14634.0,10.55,Medium,90,False
14635.0,2.72,Medium,90,False
14636.0,3.98,Medium,90,False
14637.0,0.39,Medium,90,False
14639.0,93.98,Medium,90,False
14640.0,101.08,Medium,90,False
14643.0,23.97,Medium,90,False
14644.0,36.73,Medium,90,False
14645.0,7.99,Medium,90,False
14646.0,36810.05,High,90,False
14647.0,7.15,Medium,90,False
14648.0,2.64,Medium,90,False
14649.0,99.12,Medium,90,False
14650.0,0.28,Medium,90,False
14651.0,57.87,Medium,90,False
14653.0,58.44,Medium,90,False
14654.0,0.36,Medium,90,False
14655.0,63.02,Medium,90,False
14656.0,7.27,Medium,90,False
14657.0,113.5,Medium,90,False
14658.0,15.46,Medium,90,False
14659.0,211.74,Medium,90,False
14660.0,30.36,Medium,90,False
14662.0,11.3,Medium,90,False
14663.0,4.41,Medium,90,False
14665.0,41.3,Medium,90,False
14667.0,2939.82,High,90,False
14668.0,1.36,Medium,90,False
14669.0,31.21,Medium,90,False
14670.0,5.89,Medium,90,False
14671.0,0.88,Medium,90,False
14672.0,5.49,Medium,90,False
14673.0,44.46,Medium,90,False
14674.0,0.69,Medium,90,False
14675.0,5.97,Medium,90,False
14676.0,850.55,High,90,False
14677.0,0.48,Medium,90,False
14678.0,1.28,Medium,90,False
14679.0,4.77,Medium,90,False
14680.0,7470.0,High,90,False
14681.0,11.87,Medium,90,False
14682.0,17.86,Medium,90,False
14683.0,0.89,Medium,90,False
14684.0,23.0,Medium,90,False
14685.0,0.0,Low,90,True
14686.0,2.83,Medium,90,False
14687.0,1.08,Medium,90,False
14688.0,1569.05,High,90,False
14689.0,3.33,Medium,90,False
14690.0,25.3,Medium,90,False
14691.0,195.57,Medium,90,False
14692.0,19.84,Medium,90,False
14693.0,11.54,Medium,90,False
14694.0,0.61,Medium,90,False
14695.0,0.85,Medium,90,False
14696.0,229.12,Medium,90,False
14697.0,1.1,Medium,90,False
14699.0,11.57,Medium,90,False
14700.0,140.73,Medium,90,False
14701.0,228.8,Medium,90,False
14702.0,478.47,High,90,False
14704.0,21.68,Medium,90,False
14705.0,3.41,Medium,90,False
14706.0,0.66,Medium,90,False
14707.0,1.5,Medium,90,False
14708.0,29.96,Medium,90,False
14709.0,845.59,High,90,False
14710.0,17.6,Medium,90,False
14711.0,306.11,High,90,False
14712.0,16.63,Medium,90,False
14713.0,739.3,High,90,False
14714.0,8.92,Medium,90,False
14715.0,22.83,Medium,90,False
14716.0,34.8,Medium,90,False
14717.0,0.36,Medium,90,False
14718.0,2.82,Medium,90,False
14719.0,39.53,Medium,90,False
14720.0,12.48,Medium,90,False
14721.0,1.2,Medium,90,False
14722.0,17.37,Medium,90,False
14723.0,39.38,Medium,90,False
14724.0,0.69,Medium,90,False
14725.0,12.91,Medium,90,False
14726.0,0.45,Medium,90,False
14727.0,6.68,Medium,90,False
14728.0,1.02,Medium,90,False
14729.0,5.04,Medium,90,False
14730.0,163.63,Medium,90,False
14731.0,9.84,Medium,90,False
14732.0,410.7,High,90,False
14733.0,1645.12,High,90,False
14734.0,2.56,Medium,90,False
14735.0,928.32,High,90,False
14736.0,0.96,Medium,90,False
14737.0,89.03,Medium,90,False
14738.0,44.53,Medium,90,False
14739.0,1520.13,High,90,False
14740.0,90.13,Medium,90,False
14741.0,176.38,Medium,90,False
14742.0,2.77,Medium,90,False
14743.0,0.26,Medium,90,False
14744.0,54.01,Medium,90,False
14745.0,58.67,Medium,90,False
14746.0,7.76,Medium,90,False
14747.0,1.75,Medium,90,False
14748.0,144.52,Medium,90,False
14749.0,1.26,Medium,90,False
14750.0,0.39,Medium,90,False
14751.0,0.27,Medium,90,False
14753.0,3.36,Medium,90,False
14754.0,32.74,Medium,90,False
14755.0,699.1,High,90,False
14756.0,32.84,Medium,90,False
14758.0,26.81,Medium,90,False
14759.0,27.27,Medium,90,False
14760.0,0.6,Medium,90,False
14761.0,3.96,Medium,90,False
14762.0,5.82,Medium,90,False
14765.0,13.58,Medium,90,False
14766.0,586.97,High,90,False
14767.0,1.71,Medium,90,False
14768.0,10.44,Medium,90,False
14769.0,1099.24,High,90,False
14770.0,39.23,Medium,90,False
14771.0,2.72,Medium,90,False
14772.0,12.51,Medium,90,False
14773.0,0.78,Medium,90,False
14774.0,1.41,Medium,90,False
14775.0,42.8,Medium,90,False
14776.0,428.74,High,90,False
14777.0,2.88,Medium,90,False
14778.0,11.98,Medium,90,False
14779.0,3.93,Medium,90,False
14782.0,3.3,Medium,90,False
14783.0,0.26,Medium,90,False
14784.0,3.68,Medium,90,False
14786.0,0.86,Medium,90,False
14787.0,0.4,Medium,90,False
14788.0,2.18,Medium,90,False
14790.0,103.76,Medium,90,False
14791.0,0.87,Medium,90,False
14793.0,3.59,Medium,90,False
14794.0,112.91,Medium,90,False
14795.0,3.59,Medium,90,False
14796.0,1530.28,High,90,False
14797.0,1.3,Medium,90,False
14798.0,21.44,Medium,90,False
14799.0,2.91,Medium,90,False
14800.0,1215.23,High,90,False
14802.0,0.84,Medium,90,False
14803.0,23.39,Medium,90,False
14805.0,6.42,Medium,90,False
14806.0,2.27,Medium,90,False
14807.0,4.24,Medium,90,False
14808.0,201.14,Medium,90,False
14809.0,1.7,Medium,90,False
14810.0,320.49,High,90,False
14811.0,1.08,Medium,90,False
14812.0,0.43,Medium,90,False
14813.0,4.48,Medium,90,False
14814.0,0.8,Medium,90,False
14816.0,3.12,Medium,90,False
14817.0,208.08,Medium,90,False
14818.0,24.38,Medium,90,False
14819.0,23.51,Medium,90,False
14820.0,21.87,Medium,90,False
14821.0,7.54,Medium,90,False
14822.0,0.78,Medium,90,False
14823.0,12.83,Medium,90,False
14824.0,66.86,Medium,90,False
14825.0,424.49,High,90,False
14826.0,0.78,Medium,90,False
14828.0,416.63,High,90,False
14829.0,119.2,Medium,90,False
14831.0,0.78,Medium,90,False
14832.0,0.43,Medium,90,False
14833.0,0.38,Medium,90,False
14834.0,34.38,Medium,90,False
14835.0,1.01,Medium,90,False
14837.0,123.37,Medium,90,False
14838.0,4.87,Medium,90,False
14839.0,6.97,Medium,90,False
14840.0,2.83,Medium,90,False
14841.0,568.09,High,90,False
14842.0,154.69,Medium,90,False
14843.0,2.89,Medium,90,False
14844.0,509.54,High,90,False
14845.0,1.27,Medium,90,False
14846.0,1.43,Medium,90,False
14847.0,5.67,Medium,90,False
14848.0,2.31,Medium,90,False
14849.0,2226.57,High,90,False
14850.0,15.84,Medium,90,False
14851.0,9.14,Medium,90,False
14852.0,784.42,High,90,False
14853.0,9.75,Medium,90,False
14854.0,332.58,High,90,False
14855.0,60.76,Medium,90,False
14857.0,105.2,Medium,90,False
14858.0,0.69,Medium,90,False
14859.0,51.41,Medium,90,False
14861.0,22.26,Medium,90,False
14862.0,50.5,Medium,90,False
14865.0,2.27,Medium,90,False
14866.0,550.51,High,90,False
14867.0,37.07,Medium,90,False
14868.0,331.01,High,90,False
14869.0,49.31,Medium,90,False
14870.0,16.34,Medium,90,False
14871.0,31.7,Medium,90,False
14872.0,1.34,Medium,90,False
14873.0,1.54,Medium,90,False
14874.0,0.84,Medium,90,False
14875.0,21.99,Medium,90,False
14876.0,0.91,Medium,90,False
14877.0,3.85,Medium,90,False
14878.0,100.71,Medium,90,False
14879.0,0.38,Medium,90,False
14880.0,12.26,Medium,90,False
14882.0,71.27,Medium,90,False
14883.0,21.61,Medium,90,False
14884.0,0.27,Medium,90,False
14885.0,21.07,Medium,90,False
14886.0,3.54,Medium,90,False
14888.0,7.87,Medium,90,False
14889.0,2.09,Medium,90,False
14890.0,6.88,Medium,90,False
14891.0,45.18,Medium,90,False
14892.0,0.31,Medium,90,False
14893.0,3.53,Medium,90,False
14894.0,6.78,Medium,90,False
14895.0,2459.68,High,90,False
14896.0,36.32,Medium,90,False
14897.0,57.0,Medium,90,False
14898.0,184.32,Medium,90,False
14899.0,8.05,Medium,90,False
14900.0,0.56,Medium,90,False
14901.0,66.57,Medium,90,False
14902.0,8.41,Medium,90,False
14903.0,301.38,High,90,False
14904.0,13.43,Medium,90,False
14905.0,20.69,Medium,90,False
14906.0,1.06,Medium,90,False
14907.0,623.96,High,90,False
14908.0,0.69,Medium,90,False
14909.0,8.97,Medium,90,False
14911.0,15167.55,High,90,False
14912.0,22.71,Medium,90,False
14913.0,221.96,Medium,90,False
14915.0,12.47,Medium,90,False
14916.0,58.18,Medium,90,False
14917.0,0.72,Medium,90,False
14918.0,161.22,Medium,90,False
14919.0,1.17,Medium,90,False
14920.0,7.71,Medium,90,False
14921.0,34.84,Medium,90,False
14922.0,3.95,Medium,90,False
14924.0,2.84,Medium,90,False
14926.0,3.1,Medium,90,False
14927.0,2.71,Medium,90,False
14928.0,0.18,Medium,90,False
14929.0,15.5,Medium,90,False
14930.0,15.39,Medium,90,False
14931.0,13.77,Medium,90,False
14932.0,1.06,Medium,90,False
14933.0,7.39,Medium,90,False
14934.0,103.85,Medium,90,False
14935.0,5.19,Medium,90,False
14936.0,456.29,High,90,False
14937.0,35.89,Medium,90,False
14938.0,0.86,Medium,90,False
14940.0,4.5,Medium,90,False
14941.0,0.43,Medium,90,False
14942.0,7.89,Medium,90,False
14943.0,0.24,Medium,90,False
14944.0,741.7,High,90,False
14945.0,1.24,Medium,90,False
14947.0,24.07,Medium,90,False
14948.0,96.53,Medium,90,False
14949.0,0.97,Medium,90,False
14952.0,309.98,High,90,False
14953.0,11.26,Medium,90,False
14954.0,0.59,Medium,90,False
14955.0,0.4,Medium,90,False
14956.0,6.69,Medium,90,False
14957.0,2.28,Medium,90,False
14958.0,9.25,Medium,90,False
14959.0,70.89,Medium,90,False
14960.0,2.07,Medium,90,False
14961.0,1667.08,High,90,False
14962.0,3.09,Medium,90,False
14963.0,166.8,Medium,90,False
14964.0,3.29,Medium,90,False
14965.0,17.65,Medium,90,False
14966.0,6.0,Medium,90,False
14967.0,34.79,Medium,90,False
14968.0,1.94,Medium,90,False
14969.0,1.02,Medium,90,False
14970.0,121.94,Medium,90,False
14972.0,2.63,Medium,90,False
14973.0,38.29,Medium,90,False
14975.0,2.27,Medium,90,False
14976.0,41.18,Medium,90,False
14977.0,0.7,Medium,90,False
14978.0,39.66,Medium,90,False
14979.0,0.56,Medium,90,False
14980.0,0.41,Medium,90,False
14981.0,4.04,Medium,90,False
14982.0,1.03,Medium,90,False
14983.0,0.34,Medium,90,False
14984.0,13.94,Medium,90,False
14985.0,5.62,Medium,90,False
14986.0,5.89,Medium,90,False
14987.0,23.91,Medium,90,False
14988.0,45.69,Medium,90,False
14989.0,0.26,Medium,90,False
14990.0,0.86,Medium,90,False
14991.0,2.4,Medium,90,False
14992.0,3.56,Medium,90,False
14993.0,0.66,Medium,90,False
14994.0,4.51,Medium,90,False
14995.0,2.54,Medium,90,False
14996.0,1.38,Medium,90,False
14997.0,22.8,Medium,90,False
14998.0,7.95,Medium,90,False
14999.0,0.59,Medium,90,False
15001.0,2.44,Medium,90,False
15002.0,160.5,Medium,90,False
15003.0,0.55,Medium,90,False
15004.0,25.98,Medium,90,False
15005.0,1952.74,High,90,False
15006.0,10.15,Medium,90,False
15007.0,3.2,Medium,90,False
15008.0,0.58,Medium,90,False
15011.0,2.12,Medium,90,False
15012.0,5.9,Medium,90,False
15013.0,1.43,Medium,90,False
15014.0,4.48,Medium,90,False
15015.0,2.88,Medium,90,False
15016.0,5.32,Medium,90,False
15018.0,6.04,Medium,90,False
15019.0,3.02,Medium,90,False
15020.0,2.72,Medium,90,False
15021.0,127.46,Medium,90,False
15022.0,0.55,Medium,90,False
15023.0,838.32,High,90,False
15024.0,472.64,High,90,False
15025.0,16.78,Medium,90,False
15026.0,12.93,Medium,90,False
15027.0,149.45,Medium,90,False
15028.0,9.26,Medium,90,False
15029.0,0.48,Medium,90,False
15030.0,34.49,Medium,90,False
15031.0,197.7,Medium,90,False
15032.0,105.23,Medium,90,False
15033.0,238.6,Medium,90,False
15034.0,348.06,High,90,False
15036.0,12.19,Medium,90,False
15037.0,2.54,Medium,90,False
15038.0,29.09,Medium,90,False
15039.0,5683.08,High,90,False
15040.0,0.53,Medium,90,False
15041.0,9.43,Medium,90,False
15042.0,4.27,Medium,90,False
15043.0,53.12,Medium,90,False
15044.0,537.67,High,90,False
15045.0,16.95,Medium,90,False
15046.0,835.94,High,90,False
15047.0,2.18,Medium,90,False
15048.0,32.63,Medium,90,False
15049.0,1.22,Medium,90,False
15050.0,74.81,Medium,90,False
15051.0,127.11,Medium,90,False
15052.0,1.65,Medium,90,False
15053.0,48.66,Medium,90,False
15055.0,0.81,Medium,90,False
15056.0,0.71,Medium,90,False
15057.0,34.94,Medium,90,False
15058.0,109.51,Medium,90,False
15059.0,326.19,High,90,False
15061.0,7790.44,High,90,False
15062.0,96.91,Medium,90,False
15063.0,2.07,Medium,90,False
15064.0,5.31,Medium,90,False
15065.0,88.97,Medium,90,False
15067.0,30.67,Medium,90,False
15068.0,8.87,Medium,90,False
15069.0,18.15,Medium,90,False
15070.0,3.27,Medium,90,False
15071.0,4.82,Medium,90,False
15072.0,0.54,Medium,90,False
15073.0,91.39,Medium,90,False
15074.0,9.02,Medium,90,False
15076.0,22.6,Medium,90,False
15077.0,0.88,Medium,90,False
15078.0,1753.78,High,90,False
15079.0,43.07,Medium,90,False
15080.0,3.05,Medium,90,False
15081.0,130.41,Medium,90,False
15082.0,0.18,Medium,90,False
15083.0,0.57,Medium,90,False
15084.0,2.69,Medium,90,False
15085.0,0.25,Medium,90,False
15086.0,0.91,Medium,90,False
15087.0,5.74,Medium,90,False
15089.0,256.47,High,90,False
15090.0,2.03,Medium,90,False
15091.0,0.66,Medium,90,False
15092.0,9.85,Medium,90,False
15093.0,1802.88,High,90,False
15094.0,1.41,Medium,90,False
15095.0,87.89,Medium,90,False
15097.0,1.9,Medium,90,False
15098.0,1.99,Medium,90,False
15100.0,3.26,Medium,90,False
15101.0,10.84,Medium,90,False
15102.0,1.88,Medium,90,False
15104.0,16.23,Medium,90,False
15105.0,5.3,Medium,90,False
15106.0,71.27,Medium,90,False
15107.0,1.85,Medium,90,False
15108.0,103.08,Medium,90,False
15109.0,2.33,Medium,90,False
15110.0,27.79,Medium,90,False
15111.0,8.48,Medium,90,False
15112.0,0.39,Medium,90,False
15114.0,337.84,High,90,False
15115.0,1.69,Medium,90,False
15116.0,22.54,Medium,90,False
15117.0,23.42,Medium,90,False
15118.0,9.43,Medium,90,False
15119.0,3.24,Medium,90,False
15120.0,10.03,Medium,90,False
15121.0,4.67,Medium,90,False
15122.0,107.09,Medium,90,False
15123.0,58.62,Medium,90,False
15124.0,8.22,Medium,90,False
15125.0,1010.08,High,90,False
15126.0,1.14,Medium,90,False
15127.0,2.2,Medium,90,False
15128.0,91.01,Medium,90,False
15129.0,763.19,High,90,False
15130.0,8.15,Medium,90,False
15131.0,0.97,Medium,90,False
15132.0,83.38,Medium,90,False
15133.0,29.98,Medium,90,False
15134.0,98.19,Medium,90,False
15135.0,3.42,Medium,90,False
15136.0,50.14,Medium,90,False
15137.0,1.55,Medium,90,False
15138.0,2.29,Medium,90,False
15139.0,1.61,Medium,90,False
15140.0,191.63,Medium,90,False
15141.0,2.58,Medium,90,False
15142.0,70.48,Medium,90,False
15143.0,7.27,Medium,90,False
15144.0,1012.46,High,90,False
15145.0,11.64,Medium,90,False
15146.0,37.82,Medium,90,False
15147.0,19.44,Medium,90,False
15149.0,18.42,Medium,90,False
15150.0,505.14,High,90,False
15151.0,7.76,Medium,90,False
15152.0,68.4,Medium,90,False
15154.0,2.72,Medium,90,False
15155.0,3.05,Medium,90,False
15157.0,18.5,Medium,90,False
15158.0,2.02,Medium,90,False
15159.0,1916.67,High,90,False
15160.0,7.06,Medium,90,False
15161.0,1.78,Medium,90,False
15162.0,0.44,Medium,90,False
15163.0,5.01,Medium,90,False
15164.0,48.9,Medium,90,False
15165.0,0.73,Medium,90,False
15166.0,0.58,Medium,90,False
15167.0,8.41,Medium,90,False
15169.0,5.58,Medium,90,False
15170.0,0.64,Medium,90,False
15171.0,0.65,Medium,90,False
15172.0,106.75,Medium,90,False
15173.0,12.63,Medium,90,False
15174.0,7.05,Medium,90,False
15176.0,0.08,Medium,90,False
15177.0,1.36,Medium,90,False
15178.0,0.81,Medium,90,False
15179.0,127.49,Medium,90,False
15180.0,8.32,Medium,90,False
15181.0,26.95,Medium,90,False
15182.0,54.01,Medium,90,False
15183.0,3.02,Medium,90,False
15184.0,16.08,Medium,90,False
15186.0,12.88,Medium,90,False
15187.0,190.73,Medium,90,False
15188.0,0.33,Medium,90,False
15189.0,1849.67,High,90,False
15190.0,5.93,Medium,90,False
15191.0,1.55,Medium,90,False
15192.0,11.99,Medium,90,False
15194.0,1182.48,High,90,False
15196.0,2.23,Medium,90,False
15197.0,20.2,Medium,90,False
15198.0,1.11,Medium,90,False
15199.0,94.89,Medium,90,False
15200.0,1.88,Medium,90,False
15201.0,31.08,Medium,90,False
15202.0,1.47,Medium,90,False
15203.0,533.83,High,90,False
15204.0,2.73,Medium,90,False
15205.0,18.45,Medium,90,False
15206.0,18.9,Medium,90,False
15207.0,6.9,Medium,90,False
15208.0,21.7,Medium,90,False
15209.0,0.39,Medium,90,False
15210.0,12.86,Medium,90,False
15211.0,5.54,Medium,90,False
15212.0,2.96,Medium,90,False
15213.0,2.04,Medium,90,False
15214.0,51.21,Medium,90,False
15215.0,16.2,Medium,90,False
15216.0,0.75,Medium,90,False
15217.0,1.4,Medium,90,False
15218.0,745.77,High,90,False
15219.0,4.01,Medium,90,False
15220.0,237.55,Medium,90,False
15221.0,1.85,Medium,90,False
15222.0,11.15,Medium,90,False
15223.0,7.37,Medium,90,False
15224.0,4.49,Medium,90,False
15225.0,1.67,Medium,90,False
15226.0,1.09,Medium,90,False
15227.0,68.13,Medium,90,False
15228.0,170.83,Medium,90,False
15229.0,0.66,Medium,90,False
15230.0,4.73,Medium,90,False
15231.0,0.88,Medium,90,False
15232.0,50.73,Medium,90,False
15233.0,0.77,Medium,90,False
15234.0,1.48,Medium,90,False
15235.0,25.11,Medium,90,False
15236.0,3.07,Medium,90,False
15237.0,52.36,Medium,90,False
15238.0,134.77,Medium,90,False
15240.0,327.53,High,90,False
15241.0,162.88,Medium,90,False
15242.0,2.19,Medium,90,False
15243.0,6.39,Medium,90,False
15244.0,2.83,Medium,90,False
15245.0,70.57,Medium,90,False
15246.0,6.54,Medium,90,False
15247.0,4.79,Medium,90,False
15248.0,30.45,Medium,90,False
15249.0,803.93,High,90,False
15250.0,0.18,Medium,90,False
15251.0,1846.07,High,90,False
15252.0,6.08,Medium,90,False
15253.0,20.15,Medium,90,False
15254.0,3.3,Medium,90,False
15255.0,128.25,Medium,90,False
15256.0,0.87,Medium,90,False
15257.0,3.08,Medium,90,False
15258.0,14.06,Medium,90,False
15259.0,1.64,Medium,90,False
15260.0,1073.95,High,90,False
15261.0,41.08,Medium,90,False
15262.0,3.06,Medium,90,False
15263.0,9.73,Medium,90,False
15264.0,2.81,Medium,90,False
15265.0,6.95,Medium,90,False
15266.0,1.31,Medium,90,False
15267.0,143.99,Medium,90,False
15268.0,1.57,Medium,90,False
15269.0,3.87,Medium,90,False
15270.0,442.68,High,90,False
15271.0,574.43,High,90,False
15272.0,26.38,Medium,90,False
15273.0,0.55,Medium,90,False
15276.0,3.92,Medium,90,False
15277.0,2.83,Medium,90,False
15278.0,1.41,Medium,90,False
15279.0,11.28,Medium,90,False
15280.0,10.1,Medium,90,False
15281.0,614.13,High,90,False
15282.0,1.25,Medium,90,False
15283.0,1.09,Medium,90,False
15284.0,0.43,Medium,90,False
15285.0,1.49,Medium,90,False
15287.0,8.18,Medium,90,False
15288.0,186.27,Medium,90,False
15289.0,14.84,Medium,90,False
15290.0,769.86,High,90,False
15291.0,967.08,High,90,False
15292.0,1.52,Medium,90,False
15293.0,0.48,Medium,90,False
15294.0,2.57,Medium,90,False
15295.0,0.48,Medium,90,False
15296.0,595.78,High,90,False
15298.0,698.49,High,90,False
15299.0,493.89,High,90,False
15301.0,664.48,High,90,False
15302.0,0.47,Medium,90,False
15303.0,2.28,Medium,90,False
15304.0,38.45,Medium,90,False
15305.0,0.41,Medium,90,False
15306.0,149.91,Medium,90,False
15307.0,6.49,Medium,90,False
15308.0,2.55,Medium,90,False
15309.0,1.38,Medium,90,False
15310.0,0.31,Medium,90,False
15311.0,8995.25,High,90,False
15312.0,172.27,Medium,90,False
15313.0,1.89,Medium,90,False
15314.0,23.29,Medium,90,False
15315.0,17.93,Medium,90,False
15316.0,2.16,Medium,90,False
15317.0,0.24,Medium,90,False
15319.0,2.51,Medium,90,False
15321.0,131.79,Medium,90,False
15322.0,9.48,Medium,90,False
15323.0,1.2,Medium,90,False
15324.0,0.48,Medium,90,False
15325.0,44.89,Medium,90,False
15326.0,20.61,Medium,90,False
15328.0,1.55,Medium,90,False
15329.0,134.51,Medium,90,False
15331.0,2.2,Medium,90,False
15332.0,52.18,Medium,90,False
15333.0,1.55,Medium,90,False
15334.0,9.59,Medium,90,False
15336.0,2.11,Medium,90,False
15337.0,2.09,Medium,90,False
15338.0,0.55,Medium,90,False
15339.0,20.48,Medium,90,False
15340.0,0.48,Medium,90,False
15341.0,6.69,Medium,90,False
15342.0,6.46,Medium,90,False
15346.0,4.49,Medium,90,False
15347.0,13.39,Medium,90,False
15349.0,14.45,Medium,90,False
15350.0,4.68,Medium,90,False
15351.0,22.34,Medium,90,False
15352.0,0.83,Medium,90,False
15353.0,36.67,Medium,90,False
15354.0,0.6,Medium,90,False
15356.0,344.88,High,90,False
15358.0,1087.3,High,90,False
15359.0,0.93,Medium,90,False
15361.0,7.37,Medium,90,False
15362.0,13.96,Medium,90,False
15363.0,3.31,Medium,90,False
15364.0,22.38,Medium,90,False
15365.0,139.7,Medium,90,False
15366.0,36.84,Medium,90,False
15367.0,148.15,Medium,90,False
15368.0,3.9,Medium,90,False
15369.0,2.06,Medium,90,False
15370.0,122.12,Medium,90,False
15371.0,0.28,Medium,90,False
15372.0,518.36,High,90,False
15373.0,150.82,Medium,90,False
15374.0,3.81,Medium,90,False
15375.0,0.17,Medium,90,False
15376.0,38.83,Medium,90,False
15377.0,1.64,Medium,90,False
15378.0,1.02,Medium,90,False
15379.0,561.69,High,90,False
15380.0,178.75,Medium,90,False
15381.0,16.51,Medium,90,False
15382.0,670.73,High,90,False
15384.0,5.0,Medium,90,False
15385.0,5.66,Medium,90,False
15386.0,27.78,Medium,90,False
15387.0,1.99,Medium,90,False
15388.0,1.83,Medium,90,False
15389.0,27.99,Medium,90,False
15390.0,12.76,Medium,90,False
15391.0,1.04,Medium,90,False
15392.0,22.38,Medium,90,False
15393.0,6.55,Medium,90,False
15394.0,248.1,High,90,False
15395.0,0.7,Medium,90,False
15396.0,1.39,Medium,90,False
15397.0,0.69,Medium,90,False
15400.0,15.03,Medium,90,False
15401.0,3.95,Medium,90,False
15402.0,14.35,Medium,90,False
15403.0,0.71,Medium,90,False
15404.0,2.17,Medium,90,False
15405.0,4.35,Medium,90,False
15406.0,16.41,Medium,90,False
15407.0,19.54,Medium,90,False
15408.0,3.93,Medium,90,False
15409.0,0.25,Medium,90,False
15410.0,307.26,High,90,False
15411.0,31.89,Medium,90,False
15412.0,3.56,Medium,90,False
15413.0,0.33,Medium,90,False
15414.0,1.66,Medium,90,False
15415.0,2.34,Medium,90,False
15416.0,132.58,Medium,90,False
15418.0,3.6,Medium,90,False
15420.0,2.7,Medium,90,False
15421.0,126.55,Medium,90,False
15422.0,11.12,Medium,90,False
15423.0,1.07,Medium,90,False
15424.0,15.93,Medium,90,False
15425.0,9.76,Medium,90,False
15426.0,45.05,Medium,90,False
15428.0,7.16,Medium,90,False
15430.0,0.57,Medium,90,False
15431.0,0.65,Medium,90,False
15432.0,0.87,Medium,90,False
15433.0,14.63,Medium,90,False
15434.0,78.29,Medium,90,False
15436.0,1.73,Medium,90,False
15437.0,2.61,Medium,90,False
15438.0,4.34,Medium,90,False
15439.0,6.66,Medium,90,False
15440.0,50.07,Medium,90,False
15441.0,5.22,Medium,90,False
15442.0,3.87,Medium,90,False
15443.0,137.31,Medium,90,False
15445.0,3.87,Medium,90,False
15446.0,1.74,Medium,90,False
15447.0,1.15,Medium,90,False
15448.0,2.7,Medium,90,False
15449.0,50.41,Medium,90,False
15451.0,1.94,Medium,90,False
15452.0,13.78,Medium,90,False
15453.0,59.75,Medium,90,False
15454.0,3.03,Medium,90,False
15455.0,1.06,Medium,90,False
15456.0,50.73,Medium,90,False
15457.0,3.3,Medium,90,False
15458.0,2.66,Medium,90,False
15459.0,2.35,Medium,90,False
15460.0,3.02,Medium,90,False
15461.0,1.24,Medium,90,False
15462.0,14.69,Medium,90,False
15464.0,1.25,Medium,90,False
15465.0,471.9,High,90,False
15466.0,7.66,Medium,90,False
15467.0,29.16,Medium,90,False
15468.0,14.58,Medium,90,False
15469.0,21.21,Medium,90,False
15470.0,0.34,Medium,90,False
15471.0,7.07,Medium,90,False
15472.0,21.31,Medium,90,False
15473.0,7.51,Medium,90,False
15474.0,0.36,Medium,90,False
15476.0,30.41,Medium,90,False
15477.0,0.23,Medium,90,False
15478.0,10.77,Medium,90,False
15479.0,0.48,Medium,90,False
15480.0,24.29,Medium,90,False
15481.0,8.38,Medium,90,False
15482.0,295.62,High,90,False
15483.0,2.38,Medium,90,False
15484.0,0.47,Medium,90,False
15485.0,83.93,Medium,90,False
15486.0,0.61,Medium,90,False
15487.0,0.39,Medium,90,False
15488.0,2.65,Medium,90,False
15489.0,31.97,Medium,90,False
15490.0,1.44,Medium,90,False
15491.0,162.24,Medium,90,False
15493.0,121.44,Medium,90,False
15494.0,34.87,Medium,90,False
15495.0,2.41,Medium,90,False
15496.0,0.54,Medium,90,False
15497.0,82.01,Medium,90,False
15498.0,2205.77,High,90,False
15499.0,0.26,Medium,90,False
15501.0,3.15,Medium,90,False
15502.0,736.34,High,90,False
15503.0,2.41,Medium,90,False
15504.0,1.62,Medium,90,False
15505.0,233.3,Medium,90,False
15506.0,60.91,Medium,90,False
15507.0,5.14,Medium,90,False
15508.0,18.21,Medium,90,False
15509.0,1.31,Medium,90,False
15510.0,0.99,Medium,90,False
15512.0,4.79,Medium,90,False
15513.0,2508.88,High,90,False
15514.0,253.88,High,90,False
15515.0,1.43,Medium,90,False
15517.0,3.06,Medium,90,False
15518.0,404.64,High,90,False
15519.0,3.08,Medium,90,False
15521.0,857.78,High,90,False
15523.0,57.65,Medium,90,False
15524.0,0.52,Medium,90,False
15525.0,13.96,Medium,90,False
15527.0,474.8,High,90,False
15528.0,4.01,Medium,90,False
15529.0,818.15,High,90,False
15530.0,45.44,Medium,90,False
15532.0,204.53,Medium,90,False
15534.0,0.26,Medium,90,False
15535.0,8.68,Medium,90,False
15536.0,2.3,Medium,90,False
15537.0,3.64,Medium,90,False
15538.0,1.28,Medium,90,False
15540.0,2.74,Medium,90,False
15541.0,1.64,Medium,90,False
15542.0,1.19,Medium,90,False
15543.0,3.95,Medium,90,False
15544.0,818.71,High,90,False
15545.0,5.53,Medium,90,False
15546.0,0.84,Medium,90,False
15547.0,937.72,High,90,False
15548.0,0.36,Medium,90,False
15549.0,54.81,Medium,90,False
15550.0,75.01,Medium,90,False
15551.0,12.94,Medium,90,False
15552.0,2.4,Medium,90,False
15554.0,2.88,Medium,90,False
15555.0,1398.55,High,90,False
15558.0,0.38,Medium,90,False
15559.0,0.9,Medium,90,False
15560.0,0.86,Medium,90,False
15561.0,34.01,Medium,90,False
15562.0,4.88,Medium,90,False
15563.0,40.44,Medium,90,False
15564.0,0.69,Medium,90,False
15566.0,2.88,Medium,90,False
15569.0,237.18,Medium,90,False
15570.0,492.84,High,90,False
15571.0,44.84,Medium,90,False
15572.0,86.08,Medium,90,False
15573.0,2.56,Medium,90,False
15574.0,76.71,Medium,90,False
15575.0,0.8,Medium,90,False
15577.0,1.96,Medium,90,False
15578.0,3.67,Medium,90,False
15579.0,9.45,Medium,90,False
15580.0,11.56,Medium,90,False
15581.0,364.34,High,90,False
15582.0,77.27,Medium,90,False
15583.0,1.17,Medium,90,False
15584.0,14.43,Medium,90,False
15585.0,6.81,Medium,90,False
15586.0,0.88,Medium,90,False
15587.0,42.61,Medium,90,False
15588.0,0.64,Medium,90,False
15589.0,5.81,Medium,90,False
15590.0,12.07,Medium,90,False
15591.0,0.38,Medium,90,False
15594.0,38.98,Medium,90,False
15595.0,1.01,Medium,90,False
15596.0,111.57,Medium,90,False
15597.0,1.56,Medium,90,False
15598.0,2.31,Medium,90,False
15599.0,45.02,Medium,90,False
15600.0,4.92,Medium,90,False
15601.0,961.87,High,90,False
15602.0,119.83,Medium,90,False
15603.0,0.7,Medium,90,False
15605.0,27.21,Medium,90,False
15606.0,398.6,High,90,False
15607.0,15.68,Medium,90,False
15608.0,35.22,Medium,90,False
15609.0,11.4,Medium,90,False
15611.0,121.59,Medium,90,False
15613.0,2.82,Medium,90,False
15614.0,10.01,Medium,90,False
15615.0,2504.75,High,90,False
15616.0,4.81,Medium,90,False
15617.0,7.93,Medium,90,False
15618.0,88.9,Medium,90,False
15620.0,20.27,Medium,90,False
15622.0,382.97,High,90,False
15623.0,79.38,Medium,90,False
15624.0,19.53,Medium,90,False
15625.0,70.54,Medium,90,False
15626.0,10.39,Medium,90,False
15627.0,2.65,Medium,90,False
15628.0,611.5,High,90,False
15629.0,27.27,Medium,90,False
15630.0,17.7,Medium,90,False
15631.0,1.75,Medium,90,False
15632.0,465.2,High,90,False
15633.0,0.25,Medium,90,False
15634.0,2.9,Medium,90,False
15635.0,0.63,Medium,90,False
15636.0,7.27,Medium,90,False
15637.0,5.36,Medium,90,False
15638.0,59.91,Medium,90,False
15639.0,2.12,Medium,90,False
15640.0,1652.85,High,90,False
15641.0,246.97,High,90,False
15642.0,0.22,Medium,90,False
15643.0,12.85,Medium,90,False
15644.0,31.18,Medium,90,False
15645.0,3.39,Medium,90,False
15646.0,104.26,Medium,90,False
15647.0,1.42,Medium,90,False
15648.0,11.17,Medium,90,False
15649.0,8.59,Medium,90,False
15650.0,2.25,Medium,90,False
15651.0,12.99,Medium,90,False
15652.0,16.93,Medium,90,False
15653.0,44.08,Medium,90,False
15655.0,3.74,Medium,90,False
15656.0,18.75,Medium,90,False
15658.0,46.03,Medium,90,False
15659.0,4.1,Medium,90,False
15660.0,30.12,Medium,90,False
15661.0,11.51,Medium,90,False
15662.0,0.55,Medium,90,False
15663.0,24.84,Medium,90,False
15664.0,21.53,Medium,90,False
15665.0,94.85,Medium,90,False
15666.0,1.85,Medium,90,False
15668.0,0.86,Medium,90,False
15669.0,34.66,Medium,90,False
15670.0,3.65,Medium,90,False
15671.0,193.23,Medium,90,False
15672.0,0.4,Medium,90,False
15673.0,311.7,High,90,False
15674.0,183.04,Medium,90,False
15675.0,37.44,Medium,90,False
15676.0,40.84,Medium,90,False
15677.0,12.92,Medium,90,False
15678.0,10.36,Medium,90,False
15679.0,40.4,Medium,90,False
15680.0,88.13,Medium,90,False
15681.0,90.89,Medium,90,False
15682.0,0.43,Medium,90,False
15683.0,5.63,Medium,90,False
15684.0,0.51,Medium,90,False
15685.0,0.88,Medium,90,False
15686.0,0.84,Medium,90,False
15687.0,121.19,Medium,90,False
15688.0,1.44,Medium,90,False
15689.0,10.55,Medium,90,False
15690.0,34.49,Medium,90,False
15691.0,3.55,Medium,90,False
15693.0,0.55,Medium,90,False
15694.0,359.98,High,90,False
15695.0,5.92,Medium,90,False
15696.0,69.46,Medium,90,False
15697.0,0.45,Medium,90,False
15698.0,0.22,Medium,90,False
15700.0,7.5,Medium,90,False
15701.0,92.14,Medium,90,False
15702.0,0.52,Medium,90,False
15703.0,1.88,Medium,90,False
15704.0,90.17,Medium,90,False
15705.0,3.78,Medium,90,False
15706.0,23.1,Medium,90,False
15708.0,226.3,Medium,90,False
15709.0,2.65,Medium,90,False
15710.0,9.17,Medium,90,False
15711.0,0.87,Medium,90,False
15712.0,174.93,Medium,90,False
15713.0,8.36,Medium,90,False
15714.0,9.8,Medium,90,False
15715.0,1.36,Medium,90,False
15716.0,111.95,Medium,90,False
15717.0,2.0,Medium,90,False
15718.0,1.47,Medium,90,False
15719.0,1064.79,High,90,False
15720.0,1.0,Medium,90,False
15722.0,238.79,Medium,90,False
15723.0,5.77,Medium,90,False
15724.0,10.02,Medium,90,False
15726.0,3.45,Medium,90,False
15727.0,891.0,High,90,False
15728.0,3.39,Medium,90,False
15729.0,1.47,Medium,90,False
15730.0,45.38,Medium,90,False
15731.0,0.78,Medium,90,False
15732.0,17.5,Medium,90,False
15733.0,1.12,Medium,90,False
15734.0,1.4,Medium,90,False
15735.0,2.4,Medium,90,False
15736.0,5.98,Medium,90,False
15737.0,215.58,Medium,90,False
15738.0,2003.54,High,90,False
15741.0,1.16,Medium,90,False
15742.0,0.35,Medium,90,False
15743.0,31.56,Medium,90,False
15745.0,4.57,Medium,90,False
15746.0,4.85,Medium,90,False
15747.0,65.06,Medium,90,False
15748.0,5.47,Medium,90,False
15749.0,37.66,Medium,90,False
15750.0,845.7,High,90,False
15751.0,0.53,Medium,90,False
15752.0,240.68,Medium,90,False
15753.0,0.94,Medium,90,False
15754.0,117.0,Medium,90,False
15755.0,500.95,High,90,False
15756.0,32.81,Medium,90,False
15757.0,61.06,Medium,90,False
15759.0,3.56,Medium,90,False
15760.0,0.0,Low,90,True
15761.0,2.09,Medium,90,False
15764.0,353.94,High,90,False
15765.0,0.52,Medium,90,False
15766.0,4.87,Medium,90,False
15768.0,296.07,High,90,False
15769.0,9210.08,High,90,False
15770.0,0.6,Medium,90,False
15771.0,0.84,Medium,90,False
15772.0,2.8,Medium,90,False
15773.0,4.48,Medium,90,False
15774.0,2.66,Medium,90,False
15775.0,0.77,Medium,90,False
15776.0,21.26,Medium,90,False
15777.0,26.98,Medium,90,False
15778.0,2.48,Medium,90,False
15779.0,1.05,Medium,90,False
15780.0,16.0,Medium,90,False
15781.0,35.17,Medium,90,False
15782.0,17.26,Medium,90,False
15784.0,0.76,Medium,90,False
15785.0,567.0,High,90,False
15786.0,267.64,High,90,False
15788.0,1.06,Medium,90,False
15789.0,13.53,Medium,90,False
15791.0,46.55,Medium,90,False
15792.0,4.63,Medium,90,False
15793.0,21.51,Medium,90,False
15794.0,1.28,Medium,90,False
15795.0,28.98,Medium,90,False
15796.0,285.34,High,90,False
15797.0,28.9,Medium,90,False
15798.0,0.7,Medium,90,False
15799.0,28.96,Medium,90,False
15800.0,29.67,Medium,90,False
15801.0,24.24,Medium,90,False
15802.0,6.41,Medium,90,False
15803.0,33.32,Medium,90,False
15804.0,307.2,High,90,False
15805.0,980.04,High,90,False
15806.0,37.41,Medium,90,False
15807.0,19.94,Medium,90,False
15808.0,5.11,Medium,90,False
15809.0,64.5,Medium,90,False
15810.0,82.6,Medium,90,False
15811.0,184.46,Medium,90,False
15812.0,147.72,Medium,90,False
15813.0,62.39,Medium,90,False
15814.0,8.98,Medium,90,False
15815.0,84.22,Medium,90,False
15816.0,0.57,Medium,90,False
15817.0,9.27,Medium,90,False
15818.0,0.55,Medium,90,False
15819.0,284.94,High,90,False
15820.0,2.26,Medium,90,False
15822.0,30.03,Medium,90,False
15823.0,8.26,Medium,90,False
15824.0,2.86,Medium,90,False
15825.0,4.65,Medium,90,False
15826.0,36.75,Medium,90,False
15827.0,338.39,High,90,False
15828.0,1.6,Medium,90,False
15829.0,41.52,Medium,90,False
15831.0,66.48,Medium,90,False
15832.0,3.32,Medium,90,False
15833.0,0.28,Medium,90,False
15834.0,236.31,Medium,90,False
15835.0,33.5,Medium,90,False
15837.0,1.49,Medium,90,False
15838.0,6872.53,High,90,False
15839.0,27.4,Medium,90,False
15840.0,9.89,Medium,90,False
15841.0,47.76,Medium,90,False
15842.0,4.27,Medium,90,False
15843.0,1.55,Medium,90,False
15845.0,101.27,Medium,90,False
15846.0,1.08,Medium,90,False
15847.0,15.25,Medium,90,False
15848.0,0.72,Medium,90,False
15850.0,25.93,Medium,90,False
15851.0,0.63,Medium,90,False
15852.0,1.48,Medium,90,False
15854.0,401.88,High,90,False
15855.0,42.01,Medium,90,False
15856.0,4229.4,High,90,False
15857.0,2.2,Medium,90,False
15858.0,182.31,Medium,90,False
15859.0,1.35,Medium,90,False
15860.0,152.24,Medium,90,False
15861.0,43.56,Medium,90,False
15862.0,166.73,Medium,90,False
15863.0,21.15,Medium,90,False
15864.0,70.23,Medium,90,False
15865.0,10.53,Medium,90,False
15866.0,32.26,Medium,90,False
15867.0,929.82,High,90,False
15868.0,0.4,Medium,90,False
15869.0,1.79,Medium,90,False
15870.0,5.07,Medium,90,False
15871.0,2.09,Medium,90,False
15872.0,3.74,Medium,90,False
15873.0,0.6,Medium,90,False
15874.0,478.7,High,90,False
15875.0,0.31,Medium,90,False
15876.0,10.3,Medium,90,False
15878.0,1.07,Medium,90,False
15879.0,6.17,Medium,90,False
15880.0,8.99,Medium,90,False
15881.0,1.15,Medium,90,False
15882.0,31.47,Medium,90,False
15884.0,2.24,Medium,90,False
15885.0,9.16,Medium,90,False
15886.0,7.81,Medium,90,False
15887.0,6.01,Medium,90,False
15888.0,2.57,Medium,90,False
15889.0,15.89,Medium,90,False
15890.0,2.57,Medium,90,False
15891.0,4.06,Medium,90,False
15892.0,0.24,Medium,90,False
15893.0,0.91,Medium,90,False
15894.0,4.64,Medium,90,False
15895.0,6.24,Medium,90,False
15897.0,4.21,Medium,90,False
15898.0,117.86,Medium,90,False
15899.0,1.4,Medium,90,False
15900.0,9.96,Medium,90,False
15901.0,14.34,Medium,90,False
15902.0,1.6,Medium,90,False
15903.0,156.41,Medium,90,False
15905.0,0.66,Medium,90,False
15906.0,137.94,Medium,90,False
15907.0,10.08,Medium,90,False
15908.0,1.94,Medium,90,False
15909.0,3.73,Medium,90,False
15910.0,82.14,Medium,90,False
15911.0,3.11,Medium,90,False
15912.0,7.73,Medium,90,False
15913.0,0.53,Medium,90,False
15914.0,1.98,Medium,90,False
15915.0,4.42,Medium,90,False
15916.0,157.09,Medium,90,False
15917.0,1.13,Medium,90,False
15918.0,7.36,Medium,90,False
15919.0,8.06,Medium,90,False
15920.0,1.16,Medium,90,False
15921.0,5.2,Medium,90,False
15922.0,3.71,Medium,90,False
15923.0,2.14,Medium,90,False
15924.0,0.39,Medium,90,False
15925.0,6.11,Medium,90,False
15926.0,0.86,Medium,90,False
15927.0,0.31,Medium,90,False
15928.0,0.41,Medium,90,False
15929.0,1.34,Medium,90,False
15931.0,2.1,Medium,90,False
15932.0,223.72,Medium,90,False
15934.0,8.55,Medium,90,False
15935.0,4.21,Medium,90,False
15936.0,3.11,Medium,90,False
15938.0,6.72,Medium,90,False
15939.0,828.8,High,90,False
15940.0,1.34,Medium,90,False
15941.0,0.15,Medium,90,False
15942.0,15.12,Medium,90,False
15943.0,0.34,Medium,90,False
15944.0,3.06,Medium,90,False
15945.0,3.34,Medium,90,False
15946.0,0.59,Medium,90,False
15948.0,4.79,Medium,90,False
15950.0,129.05,Medium,90,False
15951.0,6.76,Medium,90,False
15952.0,20.07,Medium,90,False
15953.0,100.16,Medium,90,False
15954.0,0.58,Medium,90,False
15955.0,615.54,High,90,False
15956.0,2.38,Medium,90,False
15957.0,4.4,Medium,90,False
15958.0,4.55,Medium,90,False
15959.0,0.72,Medium,90,False
15960.0,1.56,Medium,90,False
15961.0,2.54,Medium,90,False
15962.0,4.58,Medium,90,False
15964.0,1.0,Medium,90,False
15965.0,150.04,Medium,90,False
15966.0,3.1,Medium,90,False
15967.0,84.36,Medium,90,False
15968.0,1.73,Medium,90,False
15969.0,16.0,Medium,90,False
15970.0,1.27,Medium,90,False
15971.0,389.45,High,90,False
15972.0,3.62,Medium,90,False
15973.0,1.9,Medium,90,False
15974.0,188.71,Medium,90,False
15976.0,35.57,Medium,90,False
15978.0,9.19,Medium,90,False
15979.0,0.93,Medium,90,False
15980.0,253.21,High,90,False
15981.0,691.55,High,90,False
15982.0,1.04,Medium,90,False
15983.0,89.82,Medium,90,False
15984.0,1149.52,High,90,False
15985.0,38.32,Medium,90,False
15986.0,1.48,Medium,90,False
15987.0,225.09,Medium,90,False
15988.0,2.77,Medium,90,False
15989.0,1.84,Medium,90,False
15990.0,40.54,Medium,90,False
15991.0,0.75,Medium,90,False
15992.0,7.8,Medium,90,False
15994.0,6.35,Medium,90,False
15995.0,5.43,Medium,90,False
15996.0,167.24,Medium,90,False
15998.0,635.18,High,90,False
15999.0,0.51,Medium,90,False
16001.0,4.72,Medium,90,False
16002.0,0.22,Medium,90,False
16003.0,160.41,Medium,90,False
16004.0,2.58,Medium,90,False
16005.0,187.11,Medium,90,False
16006.0,8.41,Medium,90,False
16007.0,114.66,Medium,90,False
16008.0,519.43,High,90,False
16009.0,12.04,Medium,90,False
16010.0,23.77,Medium,90,False
16011.0,912.75,High,90,False
16012.0,41.52,Medium,90,False
16013.0,8559.03,High,90,False
16014.0,22.52,Medium,90,False
16016.0,163.37,Medium,90,False
16017.0,5.78,Medium,90,False
16018.0,30.29,Medium,90,False
16019.0,1178.42,High,90,False
16021.0,3.54,Medium,90,False
16022.0,6.55,Medium,90,False
16023.0,10.46,Medium,90,False
16024.0,3.02,Medium,90,False
16027.0,21.14,Medium,90,False
16028.0,0.3,Medium,90,False
16029.0,10567.19,High,90,False
16030.0,1.21,Medium,90,False
16031.0,30.56,Medium,90,False
16032.0,8.86,Medium,90,False
16033.0,782.05,High,90,False
16034.0,31.11,Medium,90,False
16035.0,0.57,Medium,90,False
16036.0,18.03,Medium,90,False
16037.0,21.92,Medium,90,False
16038.0,11.54,Medium,90,False
16039.0,5.59,Medium,90,False
16040.0,20.29,Medium,90,False
16041.0,57.26,Medium,90,False
16042.0,122.47,Medium,90,False
16043.0,102.28,Medium,90,False
16044.0,1.65,Medium,90,False
16045.0,83.64,Medium,90,False
16046.0,1.8,Medium,90,False
16047.0,0.27,Medium,90,False
16048.0,4.79,Medium,90,False
16049.0,10.11,Medium,90,False
16050.0,18.52,Medium,90,False
16051.0,0.17,Medium,90,False
16053.0,107.4,Medium,90,False
16054.0,3.45,Medium,90,False
16055.0,1.14,Medium,90,False
16057.0,148.33,Medium,90,False
16058.0,0.65,Medium,90,False
16059.0,191.07,Medium,90,False
16060.0,4.79,Medium,90,False
16061.0,0.52,Medium,90,False
16062.0,101.97,Medium,90,False
16063.0,2.25,Medium,90,False
16064.0,0.24,Medium,90,False
16065.0,48.48,Medium,90,False
16066.0,34.64,Medium,90,False
16067.0,0.76,Medium,90,False
16068.0,0.39,Medium,90,False
16069.0,1.84,Medium,90,False
16071.0,5.28,Medium,90,False
16072.0,31.7,Medium,90,False
16073.0,1.01,Medium,90,False
16074.0,1.12,Medium,90,False
16075.0,1.79,Medium,90,False
16076.0,259.8,High,90,False
16077.0,0.46,Medium,90,False
16078.0,1.83,Medium,90,False
16080.0,4.71,Medium,90,False
16081.0,93.15,Medium,90,False
16082.0,0.22,Medium,90,False
16083.0,50.42,Medium,90,False
16084.0,1.86,Medium,90,False
16085.0,16.81,Medium,90,False
16086.0,168.5,Medium,90,False
16087.0,9.6,Medium,90,False
16088.0,1.75,Medium,90,False
16089.0,3.82,Medium,90,False
16090.0,0.28,Medium,90,False
16091.0,23.49,Medium,90,False
16092.0,16.43,Medium,90,False
16093.0,8.41,Medium,90,False
16094.0,97.96,Medium,90,False
16095.0,1.7,Medium,90,False
16096.0,5.71,Medium,90,False
16097.0,1.56,Medium,90,False
16098.0,263.92,High,90,False
16099.0,29.49,Medium,90,False
16100.0,1.2,Medium,90,False
16101.0,29.86,Medium,90,False
16102.0,245.58,High,90,False
16103.0,435.81,High,90,False
16104.0,28.95,Medium,90,False
16105.0,26.76,Medium,90,False
16107.0,97.5,Medium,90,False
16108.0,7.78,Medium,90,False
16109.0,9.79,Medium,90,False
16110.0,20.22,Medium,90,False
16111.0,2.14,Medium,90,False
16112.0,1.69,Medium,90,False
16113.0,3.57,Medium,90,False
16114.0,2.17,Medium,90,False
16115.0,46.87,Medium,90,False
16116.0,5.91,Medium,90,False
16117.0,7.52,Medium,90,False
16118.0,0.04,Medium,90,False
16119.0,9.38,Medium,90,False
16120.0,15.78,Medium,90,False
16121.0,17.6,Medium,90,False
16122.0,104.8,Medium,90,False
16124.0,2.5,Medium,90,False
16125.0,5.39,Medium,90,False
16126.0,854.95,High,90,False
16127.0,0.45,Medium,90,False
16128.0,223.61,Medium,90,False
16129.0,14.96,Medium,90,False
16130.0,2.42,Medium,90,False
16131.0,457.06,High,90,False
16132.0,2.7,Medium,90,False
16133.0,1993.3,High,90,False
16134.0,19.6,Medium,90,False
16135.0,4.37,Medium,90,False
16136.0,4.17,Medium,90,False
16137.0,0.45,Medium,90,False
16138.0,8.94,Medium,90,False
16139.0,23.23,Medium,90,False
16140.0,10.59,Medium,90,False
16141.0,2.03,Medium,90,False
16142.0,5.48,Medium,90,False
16143.0,241.01,Medium,90,False
16144.0,1.15,Medium,90,False
16145.0,686.07,High,90,False
16146.0,20.56,Medium,90,False
16147.0,25.4,Medium,90,False
16148.0,3.35,Medium,90,False
16149.0,38.7,Medium,90,False
16150.0,146.0,Medium,90,False
16152.0,3.85,Medium,90,False
16153.0,185.05,Medium,90,False
16155.0,5.57,Medium,90,False
16156.0,478.9,High,90,False
16158.0,1.36,Medium,90,False
16159.0,4.85,Medium,90,False
16161.0,611.3,High,90,False
16162.0,1.46,Medium,90,False
16163.0,13.49,Medium,90,False
16165.0,0.36,Medium,90,False
16166.0,2.12,Medium,90,False
16167.0,7.09,Medium,90,False
16168.0,992.41,High,90,False
16170.0,950.09,High,90,False
16172.0,17.28,Medium,90,False
16173.0,40.04,Medium,90,False
16174.0,20.53,Medium,90,False
16175.0,11.87,Medium,90,False
16176.0,6.13,Medium,90,False
16177.0,34.81,Medium,90,False
16178.0,17.75,Medium,90,False
16180.0,270.63,High,90,False
16182.0,539.83,High,90,False
16183.0,4.84,Medium,90,False
16184.0,215.99,Medium,90,False
16185.0,5.86,Medium,90,False
16186.0,1196.96,High,90,False
16187.0,604.89,High,90,False
16188.0,60.26,Medium,90,False
16190.0,55.82,Medium,90,False
16191.0,198.68,Medium,90,False
16192.0,0.25,Medium,90,False
16193.0,10.38,Medium,90,False
16194.0,2.93,Medium,90,False
16195.0,0.82,Medium,90,False
16196.0,0.39,Medium,90,False
16197.0,2.48,Medium,90,False
16198.0,21.22,Medium,90,False
16199.0,1.87,Medium,90,False
16200.0,419.24,High,90,False
16201.0,22.16,Medium,90,False
16202.0,158.17,Medium,90,False
16203.0,64.04,Medium,90,False
16204.0,11.09,Medium,90,False
16205.0,33.93,Medium,90,False
16206.0,121.67,Medium,90,False
16208.0,134.34,Medium,90,False
16209.0,166.36,Medium,90,False
16210.0,3173.47,High,90,False
16211.0,8.44,Medium,90,False
16212.0,9.8,Medium,90,False
16214.0,20.84,Medium,90,False
16216.0,0.16,Medium,90,False
16217.0,4.74,Medium,90,False
16218.0,221.71,Medium,90,False
16219.0,0.34,Medium,90,False
16221.0,80.57,Medium,90,False
16222.0,1.81,Medium,90,False
16223.0,4.67,Medium,90,False
16224.0,72.71,Medium,90,False
16225.0,147.19,Medium,90,False
16226.0,47.08,Medium,90,False
16227.0,6.64,Medium,90,False
16228.0,5.83,Medium,90,False
16229.0,97.16,Medium,90,False
16230.0,10.4,Medium,90,False
16231.0,5.59,Medium,90,False
16232.0,62.04,Medium,90,False
16233.0,32.36,Medium,90,False
16234.0,0.58,Medium,90,False
16235.0,103.09,Medium,90,False
16237.0,2.08,Medium,90,False
16238.0,0.8,Medium,90,False
16239.0,72.83,Medium,90,False
16241.0,603.79,High,90,False
16242.0,406.03,High,90,False
16244.0,24.54,Medium,90,False
16245.0,69.65,Medium,90,False
16246.0,0.35,Medium,90,False
16247.0,4.23,Medium,90,False
16249.0,162.81,Medium,90,False
16250.0,9.15,Medium,90,False
16251.0,0.49,Medium,90,False
16252.0,2.68,Medium,90,False
16253.0,298.03,High,90,False
16254.0,4.67,Medium,90,False
16255.0,649.8,High,90,False
16256.0,9.09,Medium,90,False
16257.0,1.95,Medium,90,False
16258.0,835.39,High,90,False
16259.0,3.61,Medium,90,False
16261.0,26.82,Medium,90,False
16262.0,5.85,Medium,90,False
16263.0,1.67,Medium,90,False
16264.0,7.65,Medium,90,False
16265.0,516.07,High,90,False
16266.0,32.21,Medium,90,False
16267.0,0.48,Medium,90,False
16269.0,13.59,Medium,90,False
16270.0,8.14,Medium,90,False
16271.0,70.41,Medium,90,False
16272.0,12.09,Medium,90,False
16273.0,0.68,Medium,90,False
16274.0,3.55,Medium,90,False
16275.0,6.87,Medium,90,False
16276.0,22.15,Medium,90,False
16277.0,0.37,Medium,90,False
16278.0,5.24,Medium,90,False
16279.0,407.04,High,90,False
16280.0,0.48,Medium,90,False
16281.0,15.78,Medium,90,False
16282.0,2.87,Medium,90,False
16283.0,57.4,Medium,90,False
16284.0,2.62,Medium,90,False
16285.0,0.2,Medium,90,False
16286.0,0.96,Medium,90,False
16287.0,9.79,Medium,90,False
16288.0,0.5,Medium,90,False
16289.0,1.49,Medium,90,False
16290.0,0.99,Medium,90,False
16291.0,0.29,Medium,90,False
16292.0,12.1,Medium,90,False
16293.0,268.53,High,90,False
16294.0,0.45,Medium,90,False
16296.0,1.61,Medium,90,False
16297.0,2.84,Medium,90,False
16298.0,16.96,Medium,90,False
16299.0,0.77,Medium,90,False
16300.0,4.48,Medium,90,False
16301.0,0.35,Medium,90,False
16302.0,22.82,Medium,90,False
16303.0,145.44,Medium,90,False
16304.0,0.2,Medium,90,False
16305.0,18.68,Medium,90,False
16306.0,50.3,Medium,90,False
16307.0,7.11,Medium,90,False
16308.0,266.27,High,90,False
16309.0,22.02,Medium,90,False
16310.0,3.56,Medium,90,False
16312.0,0.78,Medium,90,False
16314.0,6.88,Medium,90,False
16315.0,3.2,Medium,90,False
16316.0,369.01,High,90,False
16317.0,10.63,Medium,90,False
16319.0,0.96,Medium,90,False
16320.0,53.64,Medium,90,False
16321.0,12.24,Medium,90,False
16323.0,4.55,Medium,90,False
16324.0,19.41,Medium,90,False
16325.0,260.09,High,90,False
16326.0,250.09,High,90,False
16327.0,715.56,High,90,False
16328.0,1.3,Medium,90,False
16329.0,3.33,Medium,90,False
16330.0,16.84,Medium,90,False
16331.0,6.68,Medium,90,False
16332.0,21.33,Medium,90,False
16333.0,3000.15,High,90,False
16334.0,1.23,Medium,90,False
16335.0,1.27,Medium,90,False
16336.0,7.18,Medium,90,False
16338.0,16.05,Medium,90,False
16339.0,0.95,Medium,90,False
16340.0,0.43,Medium,90,False
16341.0,59.15,Medium,90,False
16342.0,44.85,Medium,90,False
16343.0,3.43,Medium,90,False
16344.0,10.99,Medium,90,False
16345.0,22.34,Medium,90,False
16346.0,1.55,Medium,90,False
16347.0,107.11,Medium,90,False
16348.0,161.6,Medium,90,False
16349.0,0.63,Medium,90,False
16350.0,40.07,Medium,90,False
16351.0,10.81,Medium,90,False
16353.0,919.21,High,90,False
16354.0,9.76,Medium,90,False
16355.0,2.06,Medium,90,False
16356.0,2.99,Medium,90,False
16357.0,29.86,Medium,90,False
16358.0,76.44,Medium,90,False
16359.0,180.9,Medium,90,False
16362.0,7.96,Medium,90,False
16364.0,25.46,Medium,90,False
16365.0,211.94,Medium,90,False
16366.0,3.35,Medium,90,False
16367.0,9.93,Medium,90,False
16368.0,2.33,Medium,90,False
16369.0,37.34,Medium,90,False
16370.0,93.22,Medium,90,False
16371.0,2.55,Medium,90,False
16372.0,14.63,Medium,90,False
16373.0,2.74,Medium,90,False
16374.0,19.09,Medium,90,False
16375.0,0.41,Medium,90,False
16377.0,12.25,Medium,90,False
16378.0,3.28,Medium,90,False
16381.0,2.76,Medium,90,False
16382.0,3.46,Medium,90,False
16383.0,41.84,Medium,90,False
16384.0,10.3,Medium,90,False
16385.0,15.03,Medium,90,False
16386.0,9.2,Medium,90,False
16387.0,2.71,Medium,90,False
16388.0,0.19,Medium,90,False
16389.0,18.53,Medium,90,False
16390.0,1.48,Medium,90,False
16391.0,8.49,Medium,90,False
16392.0,9.78,Medium,90,False
16393.0,820.98,High,90,False
16394.0,45.56,Medium,90,False
16395.0,213.5,Medium,90,False
16396.0,0.97,Medium,90,False
16397.0,0.29,Medium,90,False
16398.0,41.41,Medium,90,False
16399.0,8.97,Medium,90,False
16400.0,50.11,Medium,90,False
16401.0,686.1,High,90,False
16402.0,3.74,Medium,90,False
16403.0,1.04,Medium,90,False
16405.0,0.71,Medium,90,False
16406.0,8.19,Medium,90,False
16407.0,326.04,High,90,False
16408.0,0.54,Medium,90,False
16409.0,425.41,High,90,False
16410.0,2.44,Medium,90,False
16411.0,10.45,Medium,90,False
16412.0,3.37,Medium,90,False
16413.0,3.25,Medium,90,False
16414.0,4.04,Medium,90,False
16415.0,4.23,Medium,90,False
16416.0,35.06,Medium,90,False
16417.0,1.37,Medium,90,False
16418.0,26.31,Medium,90,False
16419.0,52.05,Medium,90,False
16420.0,1.21,Medium,90,False
16421.0,4.09,Medium,90,False
16422.0,6890.67,High,90,False
16424.0,9.24,Medium,90,False
16425.0,2.32,Medium,90,False
16426.0,41.64,Medium,90,False
16427.0,3.02,Medium,90,False
16428.0,7.97,Medium,90,False
16429.0,10.59,Medium,90,False
16430.0,7.0,Medium,90,False
16431.0,30.26,Medium,90,False
16433.0,4.28,Medium,90,False
16434.0,54.77,Medium,90,False
16435.0,1.54,Medium,90,False
16436.0,0.23,Medium,90,False
16437.0,2.56,Medium,90,False
16439.0,0.34,Medium,90,False
16440.0,9.08,Medium,90,False
16441.0,14.53,Medium,90,False
16442.0,8.98,Medium,90,False
16443.0,1.04,Medium,90,False
16444.0,390.33,High,90,False
16445.0,2.96,Medium,90,False
16446.0,3.97,Medium,90,False
16447.0,5.66,Medium,90,False
16448.0,7.38,Medium,90,False
16449.0,8.83,Medium,90,False
16450.0,1.9,Medium,90,False
16451.0,3.41,Medium,90,False
16452.0,0.48,Medium,90,False
16453.0,1.07,Medium,90,False
16454.0,0.6,Medium,90,False
16455.0,416.93,High,90,False
16456.0,343.11,High,90,False
16457.0,3.37,Medium,90,False
16458.0,742.78,High,90,False
16459.0,0.17,Medium,90,False
16461.0,2.46,Medium,90,False
16462.0,3.96,Medium,90,False
16463.0,16.99,Medium,90,False
16464.0,29.28,Medium,90,False
16465.0,6.47,Medium,90,False
16466.0,217.85,Medium,90,False
16467.0,0.64,Medium,90,False
16468.0,4.11,Medium,90,False
16469.0,5.77,Medium,90,False
16470.0,70.83,Medium,90,False
16471.0,8.51,Medium,90,False
16472.0,2.07,Medium,90,False
16473.0,11.85,Medium,90,False
16474.0,16.05,Medium,90,False
16475.0,34.16,Medium,90,False
16476.0,1.39,Medium,90,False
16477.0,687.26,High,90,False
16481.0,0.9,Medium,90,False
16483.0,3.66,Medium,90,False
16484.0,10.68,Medium,90,False
16485.0,9.73,Medium,90,False
16486.0,0.67,Medium,90,False
16487.0,0.55,Medium,90,False
16488.0,69.75,Medium,90,False
16489.0,1.95,Medium,90,False
16490.0,2.63,Medium,90,False
16491.0,4.9,Medium,90,False
16492.0,1.47,Medium,90,False
16493.0,27.06,Medium,90,False
16494.0,12.02,Medium,90,False
16495.0,2.76,Medium,90,False
16496.0,191.65,Medium,90,False
16497.0,405.91,High,90,False
16498.0,0.6,Medium,90,False
16499.0,32.37,Medium,90,False
16500.0,5.14,Medium,90,False
16501.0,10.69,Medium,90,False
16502.0,0.47,Medium,90,False
16503.0,231.59,Medium,90,False
16507.0,0.96,Medium,90,False
16508.0,0.58,Medium,90,False
16509.0,1.65,Medium,90,False
16510.0,17.96,Medium,90,False
16511.0,31.74,Medium,90,False
16515.0,85.45,Medium,90,False
16517.0,1.85,Medium,90,False
16518.0,13.41,Medium,90,False
16519.0,4.17,Medium,90,False
16520.0,28.49,Medium,90,False
16521.0,4.94,Medium,90,False
16522.0,3.17,Medium,90,False
16523.0,1036.57,High,90,False
16524.0,5.48,Medium,90,False
16525.0,2308.68,High,90,False
16526.0,4.3,Medium,90,False
16527.0,6.53,Medium,90,False
16529.0,17.34,Medium,90,False
16530.0,0.17,Medium,90,False
16531.0,205.04,Medium,90,False
16532.0,89.49,Medium,90,False
16534.0,3.52,Medium,90,False
16535.0,3.81,Medium,90,False
16536.0,22.63,Medium,90,False
16537.0,0.42,Medium,90,False
16538.0,1.13,Medium,90,False
16539.0,121.9,Medium,90,False
16540.0,2.61,Medium,90,False
16541.0,0.47,Medium,90,False
16542.0,3.41,Medium,90,False
16543.0,0.97,Medium,90,False
16544.0,0.7,Medium,90,False
16545.0,8.35,Medium,90,False
16546.0,282.64,High,90,False
16547.0,0.87,Medium,90,False
16548.0,0.78,Medium,90,False
16549.0,727.58,High,90,False
16550.0,357.24,High,90,False
16551.0,23.25,Medium,90,False
16552.0,5.37,Medium,90,False
16553.0,57.75,Medium,90,False
16554.0,44.33,Medium,90,False
16555.0,32.42,Medium,90,False
16556.0,625.1,High,90,False
16557.0,17.4,Medium,90,False
16558.0,1331.13,High,90,False
16559.0,1.03,Medium,90,False
16560.0,117.78,Medium,90,False
16562.0,0.64,Medium,90,False
16563.0,58.8,Medium,90,False
16564.0,0.37,Medium,90,False
16565.0,4.93,Medium,90,False
16566.0,17.59,Medium,90,False
16567.0,20.98,Medium,90,False
16568.0,1.12,Medium,90,False
16569.0,2.82,Medium,90,False
16570.0,641.12,High,90,False
16571.0,166.65,Medium,90,False
16572.0,63.95,Medium,90,False
16573.0,5.3,Medium,90,False
16574.0,4.28,Medium,90,False
16576.0,5.66,Medium,90,False
16577.0,0.22,Medium,90,False
16578.0,0.67,Medium,90,False
16579.0,2.29,Medium,90,False
16581.0,5.1,Medium,90,False
16582.0,31.42,Medium,90,False
16583.0,3.06,Medium,90,False
16584.0,51.0,Medium,90,False
16585.0,0.54,Medium,90,False
16586.0,1.69,Medium,90,False
16587.0,2.36,Medium,90,False
16588.0,12.9,Medium,90,False
16589.0,9.95,Medium,90,False
16590.0,4.36,Medium,90,False
16592.0,749.39,High,90,False
16593.0,18.11,Medium,90,False
16595.0,9.66,Medium,90,False
16596.0,2.52,Medium,90,False
16598.0,1.82,Medium,90,False
16599.0,1.34,Medium,90,False
16600.0,55.44,Medium,90,False
16601.0,3.42,Medium,90,False
16602.0,2.91,Medium,90,False
16603.0,51.26,Medium,90,False
16604.0,1.0,Medium,90,False
16605.0,0.22,Medium,90,False
16606.0,2.61,Medium,90,False
16607.0,489.79,High,90,False
16608.0,2.62,Medium,90,False
16609.0,460.33,High,90,False
16610.0,0.79,Medium,90,False
16611.0,15.25,Medium,90,False
16612.0,148.54,Medium,90,False
16614.0,9.5,Medium,90,False
16615.0,0.46,Medium,90,False
16616.0,15.93,Medium,90,False
16617.0,1.81,Medium,90,False
16618.0,87.07,Medium,90,False
16619.0,8.68,Medium,90,False
16620.0,21.07,Medium,90,False
16621.0,38.09,Medium,90,False
16622.0,0.91,Medium,90,False
16623.0,6.19,Medium,90,False
16624.0,7.15,Medium,90,False
16625.0,26.43,Medium,90,False
16626.0,341.09,High,90,False
16628.0,25.67,Medium,90,False
16629.0,42.72,Medium,90,False
16630.0,1.22,Medium,90,False
16631.0,2.59,Medium,90,False
16632.0,0.59,Medium,90,False
16633.0,160.09,Medium,90,False
16634.0,16.0,Medium,90,False
16635.0,2.31,Medium,90,False
16636.0,6.4,Medium,90,False
16637.0,24.32,Medium,90,False
16638.0,148.04,Medium,90,False
16639.0,78.56,Medium,90,False
16640.0,1.37,Medium,90,False
16641.0,2.67,Medium,90,False
16642.0,38.76,Medium,90,False
16643.0,4.39,Medium,90,False
16644.0,13.82,Medium,90,False
16645.0,0.57,Medium,90,False
16646.0,12.85,Medium,90,False
16647.0,10.4,Medium,90,False
16648.0,1.7,Medium,90,False
16649.0,1.09,Medium,90,False
16650.0,22.17,Medium,90,False
16651.0,0.52,Medium,90,False
16652.0,752.96,High,90,False
16654.0,18.42,Medium,90,False
16655.0,377.11,High,90,False
16656.0,1752.57,High,90,False
16657.0,67.27,Medium,90,False
16658.0,3.88,Medium,90,False
16659.0,1.96,Medium,90,False
16660.0,24.15,Medium,90,False
16661.0,1.64,Medium,90,False
16662.0,0.95,Medium,90,False
16663.0,0.63,Medium,90,False
16664.0,0.53,Medium,90,False
16665.0,1.41,Medium,90,False
16666.0,0.46,Medium,90,False
16667.0,4.21,Medium,90,False
16668.0,18.54,Medium,90,False
16670.0,679.34,High,90,False
16671.0,39.14,Medium,90,False
16672.0,1004.01,High,90,False
16673.0,0.38,Medium,90,False
16674.0,20.62,Medium,90,False
16675.0,4.63,Medium,90,False
16676.0,117.12,Medium,90,False
16677.0,2.23,Medium,90,False
16678.0,377.77,High,90,False
16679.0,3.46,Medium,90,False
16680.0,5.61,Medium,90,False
16681.0,31.95,Medium,90,False
16682.0,156.97,Medium,90,False
16683.0,1.6,Medium,90,False
16684.0,12029.2,High,90,False
16686.0,623.5,High,90,False
16687.0,1.54,Medium,90,False
16690.0,11.45,Medium,90,False
16691.0,1.49,Medium,90,False
16692.0,20.91,Medium,90,False
16693.0,9.13,Medium,90,False
16694.0,0.2,Medium,90,False
16695.0,0.5,Medium,90,False
16696.0,40.47,Medium,90,False
16697.0,0.95,Medium,90,False
16698.0,5.78,Medium,90,False
16699.0,4.82,Medium,90,False
16700.0,884.88,High,90,False
16701.0,1032.95,High,90,False
16702.0,3.46,Medium,90,False
16704.0,4.16,Medium,90,False
16705.0,6694.95,High,90,False
16706.0,51.15,Medium,90,False
16707.0,7.33,Medium,90,False
16709.0,593.55,High,90,False
16710.0,653.34,High,90,False
16711.0,90.51,Medium,90,False
16712.0,430.15,High,90,False
16713.0,889.02,High,90,False
16714.0,7.25,Medium,90,False
16715.0,3.22,Medium,90,False
16716.0,12.11,Medium,90,False
16717.0,328.65,High,90,False
16718.0,10.22,Medium,90,False
16719.0,183.12,Medium,90,False
16720.0,5.72,Medium,90,False
16721.0,3.56,Medium,90,False
16722.0,1184.21,High,90,False
16723.0,3.48,Medium,90,False
16724.0,1.92,Medium,90,False
16725.0,8.31,Medium,90,False
16726.0,140.38,Medium,90,False
16727.0,8.92,Medium,90,False
16728.0,19.99,Medium,90,False
16729.0,1012.46,High,90,False
16730.0,19.0,Medium,90,False
16731.0,0.48,Medium,90,False
16732.0,54.49,Medium,90,False
16733.0,1.6,Medium,90,False
16734.0,24.32,Medium,90,False
16735.0,645.92,High,90,False
16736.0,4.21,Medium,90,False
16737.0,2.36,Medium,90,False
16738.0,0.55,Medium,90,False
16739.0,19.92,Medium,90,False
16740.0,2.71,Medium,90,False
16741.0,0.21,Medium,90,False
16742.0,16.51,Medium,90,False
16743.0,399.39,High,90,False
16744.0,92.55,Medium,90,False
16745.0,1455.27,High,90,False
16746.0,1498.64,High,90,False
16748.0,60.95,Medium,90,False
16749.0,0.14,Medium,90,False
16750.0,55.33,Medium,90,False
16752.0,1.82,Medium,90,False
16754.0,1.79,Medium,90,False
16755.0,47.08,Medium,90,False
16756.0,25.67,Medium,90,False
16757.0,2.53,Medium,90,False
16760.0,1.82,Medium,90,False
16761.0,25.82,Medium,90,False
16762.0,29.84,Medium,90,False
16763.0,3.0,Medium,90,False
16764.0,92.7,Medium,90,False
16765.0,4.53,Medium,90,False
16766.0,2.24,Medium,90,False
16767.0,917.04,High,90,False
16768.0,79.87,Medium,90,False
16769.0,1.84,Medium,90,False
16770.0,64.42,Medium,90,False
16771.0,54.83,Medium,90,False
16772.0,5.31,Medium,90,False
16773.0,4.22,Medium,90,False
16774.0,38.67,Medium,90,False
16775.0,236.59,Medium,90,False
16776.0,2.14,Medium,90,False
16777.0,7.78,Medium,90,False
16778.0,0.93,Medium,90,False
16779.0,5187.69,High,90,False
16780.0,14.61,Medium,90,False
16781.0,0.78,Medium,90,False
16782.0,384.89,High,90,False
16783.0,4.44,Medium,90,False
16784.0,9.47,Medium,90,False
16785.0,3.22,Medium,90,False
16786.0,0.88,Medium,90,False
16787.0,4.81,Medium,90,False
16788.0,16.78,Medium,90,False
16791.0,179.21,Medium,90,False
16792.0,3.52,Medium,90,False
16794.0,57.3,Medium,90,False
16795.0,7.13,Medium,90,False
16797.0,21.1,Medium,90,False
16798.0,1.41,Medium,90,False
16799.0,2.12,Medium,90,False
16801.0,23.9,Medium,90,False
16802.0,1.38,Medium,90,False
16804.0,1.52,Medium,90,False
16805.0,16.03,Medium,90,False
16806.0,26.37,Medium,90,False
16807.0,25.04,Medium,90,False
16808.0,23.07,Medium,90,False
16809.0,43.55,Medium,90,False
16810.0,6.49,Medium,90,False
16812.0,16.44,Medium,90,False
16813.0,425.01,High,90,False
16814.0,986.76,High,90,False
16815.0,1.96,Medium,90,False
16816.0,31.55,Medium,90,False
16817.0,273.54,High,90,False
16818.0,537.04,High,90,False
16819.0,0.42,Medium,90,False
16820.0,16.75,Medium,90,False
16821.0,1.08,Medium,90,False
16822.0,0.32,Medium,90,False
16823.0,21.3,Medium,90,False
16824.0,21.91,Medium,90,False
16825.0,39.37,Medium,90,False
16827.0,1.28,Medium,90,False
16828.0,6.15,Medium,90,False
16829.0,15.24,Medium,90,False
16830.0,21.53,Medium,90,False
16831.0,0.42,Medium,90,False
16832.0,1.94,Medium,90,False
16833.0,48.18,Medium,90,False
16834.0,4.09,Medium,90,False
16835.0,14.09,Medium,90,False
16836.0,9.24,Medium,90,False
16837.0,215.93,Medium,90,False
16838.0,9.93,Medium,90,False
16839.0,1180.98,High,90,False
16840.0,0.52,Medium,90,False
16841.0,267.93,High,90,False
16842.0,55.95,Medium,90,False
16843.0,1888.44,High,90,False
16844.0,2.43,Medium,90,False
16845.0,0.68,Medium,90,False
16846.0,3.7,Medium,90,False
16847.0,1.41,Medium,90,False
16848.0,12.4,Medium,90,False
16849.0,2.04,Medium,90,False
16850.0,2.45,Medium,90,False
16852.0,2.38,Medium,90,False
16854.0,22.87,Medium,90,False
16856.0,2.16,Medium,90,False
16857.0,4.06,Medium,90,False
16858.0,10.18,Medium,90,False
16859.0,27.51,Medium,90,False
16860.0,4.33,Medium,90,False
16861.0,21.57,Medium,90,False
16862.0,2.33,Medium,90,False
16863.0,10.31,Medium,90,False
16864.0,1.92,Medium,90,False
16865.0,1.72,Medium,90,False
16866.0,2.25,Medium,90,False
16867.0,0.17,Medium,90,False
16868.0,3.55,Medium,90,False
16869.0,11.56,Medium,90,False
16870.0,1.19,Medium,90,False
16871.0,66.88,Medium,90,False
16872.0,70.09,Medium,90,False
16873.0,1135.6,High,90,False
16874.0,1.88,Medium,90,False
16875.0,192.36,Medium,90,False
16876.0,2.12,Medium,90,False
16877.0,9.13,Medium,90,False
16880.0,79.23,Medium,90,False
16882.0,4.57,Medium,90,False
16883.0,11.03,Medium,90,False
16884.0,4.29,Medium,90,False
16885.0,2.95,Medium,90,False
16886.0,1.23,Medium,90,False
16887.0,3.63,Medium,90,False
16888.0,3.34,Medium,90,False
16889.0,73.09,Medium,90,False
16890.0,0.46,Medium,90,False
16891.0,53.87,Medium,90,False
16892.0,37.66,Medium,90,False
16893.0,3.0,Medium,90,False
16894.0,0.93,Medium,90,False
16895.0,14.38,Medium,90,False
16896.0,0.51,Medium,90,False
16897.0,3.83,Medium,90,False
16898.0,16.12,Medium,90,False
16899.0,119.68,Medium,90,False
16901.0,0.31,Medium,90,False
16902.0,7.63,Medium,90,False
16903.0,7.6,Medium,90,False
16904.0,1240.83,High,90,False
16905.0,47.18,Medium,90,False
16906.0,40.78,Medium,90,False
16907.0,71.23,Medium,90,False
16908.0,0.22,Medium,90,False
16910.0,32.71,Medium,90,False
16911.0,0.41,Medium,90,False
16912.0,199.49,Medium,90,False
16913.0,2.26,Medium,90,False
16915.0,75.22,Medium,90,False
16916.0,9.95,Medium,90,False
16917.0,3.45,Medium,90,False
16918.0,242.69,Medium,90,False
16919.0,137.65,Medium,90,False
16920.0,1.2,Medium,90,False
16921.0,6.59,Medium,90,False
16922.0,2.37,Medium,90,False
16923.0,1149.18,High,90,False
16925.0,0.86,Medium,90,False
16926.0,3.39,Medium,90,False
16927.0,26.55,Medium,90,False
16928.0,517.73,High,90,False
16929.0,17.73,Medium,90,False
16931.0,839.68,High,90,False
16932.0,2.88,Medium,90,False
16933.0,54.68,Medium,90,False
16934.0,6.62,Medium,90,False
16935.0,3.18,Medium,90,False
16936.0,2.44,Medium,90,False
16937.0,0.98,Medium,90,False
16938.0,596.08,High,90,False
16939.0,1.02,Medium,90,False
16940.0,206.17,Medium,90,False
16941.0,2.88,Medium,90,False
16942.0,328.14,High,90,False
16943.0,14.27,Medium,90,False
16944.0,0.39,Medium,90,False
16945.0,1053.23,High,90,False
16946.0,4.6,Medium,90,False
16947.0,4.94,Medium,90,False
16948.0,10.0,Medium,90,False
16949.0,51.39,Medium,90,False
16950.0,80.1,Medium,90,False
16951.0,87.21,Medium,90,False
16952.0,6.89,Medium,90,False
16954.0,484.56,High,90,False
16955.0,31.5,Medium,90,False
16957.0,4.78,Medium,90,False
16958.0,3.88,Medium,90,False
16960.0,47.41,Medium,90,False
16961.0,5.64,Medium,90,False
16962.0,2.82,Medium,90,False
16963.0,1.94,Medium,90,False
16964.0,0.99,Medium,90,False
16965.0,1.8,Medium,90,False
16966.0,86.88,Medium,90,False
16967.0,7.7,Medium,90,False
16968.0,39.29,Medium,90,False
16969.0,77.02,Medium,90,False
16970.0,0.34,Medium,90,False
16972.0,5.11,Medium,90,False
16973.0,1.22,Medium,90,False
16974.0,0.94,Medium,90,False
16975.0,3.77,Medium,90,False
16976.0,2.98,Medium,90,False
16977.0,3.77,Medium,90,False
16978.0,1.19,Medium,90,False
16979.0,140.26,Medium,90,False
16980.0,13.63,Medium,90,False
16983.0,431.93,High,90,False
16984.0,452.72,High,90,False
16985.0,522.94,High,90,False
16986.0,180.11,Medium,90,False
16987.0,44.13,Medium,90,False
16988.0,2.52,Medium,90,False
16989.0,98.14,Medium,90,False
16990.0,4.13,Medium,90,False
16991.0,6.16,Medium,90,False
16992.0,214.24,Medium,90,False
16993.0,0.59,Medium,90,False
16996.0,184.81,Medium,90,False
16997.0,8.87,Medium,90,False
16998.0,5.56,Medium,90,False
17000.0,2.52,Medium,90,False
17001.0,695.09,High,90,False
17002.0,31.23,Medium,90,False
17003.0,6.97,Medium,90,False
17004.0,79.46,Medium,90,False
17005.0,1.96,Medium,90,False
17006.0,5.62,Medium,90,False
17007.0,94.35,Medium,90,False
17008.0,0.45,Medium,90,False
17009.0,0.92,Medium,90,False
17011.0,3.55,Medium,90,False
17012.0,0.2,Medium,90,False
17015.0,25.78,Medium,90,False
17016.0,3.05,Medium,90,False
17017.0,658.44,High,90,False
17018.0,12.92,Medium,90,False
17019.0,209.94,Medium,90,False
17020.0,0.89,Medium,90,False
17021.0,20.17,Medium,90,False
17022.0,1.17,Medium,90,False
17023.0,4.81,Medium,90,False
17024.0,10.63,Medium,90,False
17025.0,6.12,Medium,90,False
17026.0,3.9,Medium,90,False
17027.0,18.18,Medium,90,False
17028.0,0.78,Medium,90,False
17029.0,32.39,Medium,90,False
17031.0,50.04,Medium,90,False
17032.0,0.94,Medium,90,False
17033.0,8.64,Medium,90,False
17034.0,20.95,Medium,90,False
17035.0,4.29,Medium,90,False
17036.0,0.98,Medium,90,False
17038.0,30.51,Medium,90,False
17039.0,1.14,Medium,90,False
17040.0,6.58,Medium,90,False
17041.0,20.89,Medium,90,False
17042.0,104.08,Medium,90,False
17043.0,48.0,Medium,90,False
17044.0,83.17,Medium,90,False
17045.0,16.58,Medium,90,False
17046.0,13.85,Medium,90,False
17047.0,31.42,Medium,90,False
17048.0,27.01,Medium,90,False
17049.0,514.82,High,90,False
17050.0,414.47,High,90,False
17051.0,9.05,Medium,90,False
17053.0,11.17,Medium,90,False
17054.0,129.92,Medium,90,False
17055.0,3.52,Medium,90,False
17056.0,0.34,Medium,90,False
17057.0,0.81,Medium,90,False
17058.0,13.24,Medium,90,False
17059.0,242.59,Medium,90,False
17060.0,2.68,Medium,90,False
17061.0,438.08,High,90,False
17062.0,25.78,Medium,90,False
17063.0,155.36,Medium,90,False
17064.0,14.01,Medium,90,False
17065.0,0.33,Medium,90,False
17066.0,0.49,Medium,90,False
17067.0,0.73,Medium,90,False
17068.0,1239.89,High,90,False
17069.0,474.77,High,90,False
17070.0,14.38,Medium,90,False
17071.0,139.73,Medium,90,False
17072.0,0.41,Medium,90,False
17073.0,32.72,Medium,90,False
17074.0,0.74,Medium,90,False
17075.0,40.85,Medium,90,False
17076.0,3.94,Medium,90,False
17077.0,0.76,Medium,90,False
17080.0,14.28,Medium,90,False
17081.0,9.14,Medium,90,False
17082.0,58.49,Medium,90,False
17083.0,91.34,Medium,90,False
17084.0,14.74,Medium,90,False
17085.0,320.74,High,90,False
17087.0,0.52,Medium,90,False
17088.0,69.21,Medium,90,False
17089.0,1.03,Medium,90,False
17090.0,150.4,Medium,90,False
17091.0,699.92,High,90,False
17092.0,337.94,High,90,False
17093.0,0.81,Medium,90,False
17094.0,2.62,Medium,90,False
17095.0,66.86,Medium,90,False
17096.0,172.39,Medium,90,False
17097.0,82.95,Medium,90,False
17098.0,4.99,Medium,90,False
17099.0,2.69,Medium,90,False
17101.0,17.51,Medium,90,False
17102.0,0.83,Medium,90,False
17103.0,1.02,Medium,90,False
17104.0,2.01,Medium,90,False
17105.0,30.89,Medium,90,False
17106.0,2.14,Medium,90,False
17107.0,1064.28,High,90,False
17108.0,0.31,Medium,90,False
17109.0,7.74,Medium,90,False
17110.0,11.53,Medium,90,False
17111.0,2.03,Medium,90,False
17112.0,0.91,Medium,90,False
17113.0,2.58,Medium,90,False
17114.0,64.95,Medium,90,False
17115.0,94.91,Medium,90,False
17116.0,1.25,Medium,90,False
17117.0,1.5,Medium,90,False
17118.0,1.34,Medium,90,False
17120.0,5.19,Medium,90,False
17121.0,2.84,Medium,90,False
17122.0,5.87,Medium,90,False
17123.0,9.01,Medium,90,False
17124.0,11.28,Medium,90,False
17126.0,124.12,Medium,90,False
17127.0,3.0,Medium,90,False
17128.0,1.12,Medium,90,False
17129.0,1.19,Medium,90,False
17132.0,6.59,Medium,90,False
17133.0,494.18,High,90,False
17134.0,14.34,Medium,90,False
17135.0,46.11,Medium,90,False
17136.0,0.21,Medium,90,False
17137.0,2.91,Medium,90,False
17138.0,126.33,Medium,90,False
17139.0,1254.37,High,90,False
17140.0,1.84,Medium,90,False
17141.0,4.12,Medium,90,False
17142.0,3.14,Medium,90,False
17143.0,1.15,Medium,90,False
17145.0,0.11,Medium,90,False
17146.0,128.38,Medium,90,False
17147.0,96.05,Medium,90,False
17149.0,2.25,Medium,90,False
17150.0,5.75,Medium,90,False
17151.0,0.23,Medium,90,False
17152.0,17.43,Medium,90,False
17155.0,28.64,Medium,90,False
17156.0,2.89,Medium,90,False
17157.0,259.11,High,90,False
17158.0,10.2,Medium,90,False
17159.0,13.23,Medium,90,False
17160.0,999.3,High,90,False
17161.0,6.06,Medium,90,False
17162.0,308.8,High,90,False
17163.0,22.23,Medium,90,False
17164.0,59.94,Medium,90,False
17165.0,19.34,Medium,90,False
17166.0,2.98,Medium,90,False
17167.0,6.71,Medium,90,False
17168.0,1.79,Medium,90,False
17169.0,10.45,Medium,90,False
17170.0,0.98,Medium,90,False
17171.0,2.37,Medium,90,False
17172.0,12.37,Medium,90,False
17173.0,19.19,Medium,90,False
17174.0,0.55,Medium,90,False
17175.0,94.55,Medium,90,False
17176.0,9.18,Medium,90,False
17177.0,0.49,Medium,90,False
17178.0,0.45,Medium,90,False
17179.0,29.85,Medium,90,False
17180.0,55.55,Medium,90,False
17181.0,6.23,Medium,90,False
17182.0,1.55,Medium,90,False
17183.0,42.1,Medium,90,False
17184.0,0.75,Medium,90,False
17185.0,0.61,Medium,90,False
17187.0,8.96,Medium,90,False
17188.0,231.0,Medium,90,False
17189.0,11.74,Medium,90,False
17190.0,32.65,Medium,90,False
17191.0,480.03,High,90,False
17192.0,0.41,Medium,90,False
17193.0,25.09,Medium,90,False
17194.0,9.47,Medium,90,False
17195.0,1.16,Medium,90,False
17196.0,1.46,Medium,90,False
17198.0,3.1,Medium,90,False
17199.0,0.61,Medium,90,False
17200.0,3.39,Medium,90,False
17201.0,4.01,Medium,90,False
17202.0,0.96,Medium,90,False
17203.0,12.45,Medium,90,False
17204.0,146.71,Medium,90,False
17205.0,10.03,Medium,90,False
17207.0,0.35,Medium,90,False
17208.0,1.8,Medium,90,False
17209.0,3.26,Medium,90,False
17210.0,2.2,Medium,90,False
17211.0,155.33,Medium,90,False
17212.0,10.81,Medium,90,False
17213.0,303.97,High,90,False
17214.0,8.09,Medium,90,False
17215.0,0.7,Medium,90,False
17216.0,0.37,Medium,90,False
17217.0,2.0,Medium,90,False
17218.0,115.36,Medium,90,False
17219.0,2.58,Medium,90,False
17220.0,307.46,High,90,False
17221.0,2.57,Medium,90,False
17222.0,7.86,Medium,90,False
17223.0,2.47,Medium,90,False
17224.0,0.44,Medium,90,False
17225.0,0.58,Medium,90,False
17226.0,3.97,Medium,90,False
17227.0,48.59,Medium,90,False
17228.0,119.43,Medium,90,False
17229.0,49.86,Medium,90,False
17230.0,17.88,Medium,90,False
17231.0,546.8,High,90,False
17233.0,7.13,Medium,90,False
17234.0,3.96,Medium,90,False
17235.0,16.47,Medium,90,False
17236.0,10.38,Medium,90,False
17237.0,5.45,Medium,90,False
17238.0,597.9,High,90,False
17239.0,4.84,Medium,90,False
17240.0,0.69,Medium,90,False
17241.0,13.96,Medium,90,False
17242.0,12.74,Medium,90,False
17243.0,2139.78,High,90,False
17244.0,8.94,Medium,90,False
17245.0,8.76,Medium,90,False
17246.0,0.87,Medium,90,False
17248.0,4.08,Medium,90,False
17249.0,0.69,Medium,90,False
17250.0,1.21,Medium,90,False
17251.0,2.95,Medium,90,False
17252.0,32.1,Medium,90,False
17254.0,4.45,Medium,90,False
17255.0,22.35,Medium,90,False
17256.0,2.88,Medium,90,False
17257.0,1.25,Medium,90,False
17258.0,2.81,Medium,90,False
17259.0,15.95,Medium,90,False
17260.0,0.9,Medium,90,False
17261.0,1.09,Medium,90,False
17262.0,42.28,Medium,90,False
17263.0,1.65,Medium,90,False
17264.0,1.98,Medium,90,False
17265.0,48.56,Medium,90,False
17266.0,29.43,Medium,90,False
17267.0,24.05,Medium,90,False
17268.0,45.74,Medium,90,False
17269.0,3.95,Medium,90,False
17270.0,1.34,Medium,90,False
17271.0,0.5,Medium,90,False
17272.0,129.54,Medium,90,False
17273.0,1.87,Medium,90,False
17274.0,2.5,Medium,90,False
17275.0,1.22,Medium,90,False
17276.0,2.5,Medium,90,False
17277.0,3.17,Medium,90,False
17278.0,3.09,Medium,90,False
17280.0,1.97,Medium,90,False
17281.0,2.48,Medium,90,False
17282.0,36.8,Medium,90,False
17283.0,1.26,Medium,90,False
17284.0,247.46,High,90,False
17285.0,0.56,Medium,90,False
17286.0,2.31,Medium,90,False
17287.0,321.12,High,90,False
17288.0,225.87,Medium,90,False
17289.0,34.6,Medium,90,False
17290.0,10.34,Medium,90,False
17291.0,0.94,Medium,90,False
17292.0,1.04,Medium,90,False
17293.0,291.41,High,90,False
17294.0,0.85,Medium,90,False
17296.0,0.25,Medium,90,False
17298.0,9.45,Medium,90,False
17299.0,17.23,Medium,90,False
17300.0,7.13,Medium,90,False
17301.0,0.35,Medium,90,False
17302.0,33.57,Medium,90,False
17303.0,2.89,Medium,90,False
17304.0,0.58,Medium,90,False
17305.0,0.25,Medium,90,False
17306.0,1605.72,High,90,False
17307.0,16.5,Medium,90,False
17308.0,117.57,Medium,90,False
17309.0,4.03,Medium,90,False
17310.0,2.99,Medium,90,False
17311.0,16.1,Medium,90,False
17312.0,42.35,Medium,90,False
17314.0,423.84,High,90,False
17315.0,1818.02,High,90,False
17316.0,0.84,Medium,90,False
17318.0,0.26,Medium,90,False
17319.0,0.72,Medium,90,False
17320.0,35.97,Medium,90,False
17321.0,6.34,Medium,90,False
17322.0,2.51,Medium,90,False
17323.0,51.21,Medium,90,False
17324.0,79.04,Medium,90,False
17325.0,7.3,Medium,90,False
17326.0,3.77,Medium,90,False
17327.0,1.57,Medium,90,False
17328.0,0.36,Medium,90,False
17329.0,3.09,Medium,90,False
17330.0,2.85,Medium,90,False
17331.0,5.74,Medium,90,False
17332.0,1.91,Medium,90,False
17334.0,13.45,Medium,90,False
17335.0,3.4,Medium,90,False
17336.0,0.35,Medium,90,False
17337.0,34.07,Medium,90,False
17338.0,806.74,High,90,False
17339.0,7.41,Medium,90,False
17340.0,1181.64,High,90,False
17341.0,17.12,Medium,90,False
17342.0,6.44,Medium,90,False
17343.0,15.56,Medium,90,False
17344.0,0.47,Medium,90,False
17345.0,34.66,Medium,90,False
17346.0,595.58,High,90,False
17348.0,73.77,Medium,90,False
17349.0,10.79,Medium,90,False
17350.0,8.81,Medium,90,False
17351.0,27.14,Medium,90,False
17352.0,0.53,Medium,90,False
17353.0,4.88,Medium,90,False
17354.0,7.01,Medium,90,False
17355.0,2.02,Medium,90,False
17356.0,3.82,Medium,90,False
17358.0,3.57,Medium,90,False
17359.0,0.6,Medium,90,False
17360.0,38.1,Medium,90,False
17361.0,16.98,Medium,90,False
17362.0,3.42,Medium,90,False
17363.0,5.14,Medium,90,False
17364.0,708.14,High,90,False
17365.0,452.86,High,90,False
17366.0,2.19,Medium,90,False
17367.0,2.03,Medium,90,False
17368.0,148.48,Medium,90,False
17369.0,1.98,Medium,90,False
17370.0,74.01,Medium,90,False
17371.0,1.02,Medium,90,False
17372.0,126.73,Medium,90,False
17373.0,19.55,Medium,90,False
17374.0,7.56,Medium,90,False
17375.0,26.64,Medium,90,False
17376.0,2.87,Medium,90,False
17377.0,1056.57,High,90,False
17378.0,0.65,Medium,90,False
17380.0,3.09,Medium,90,False
17381.0,4028.72,High,90,False
17382.0,5.17,Medium,90,False
17383.0,3.54,Medium,90,False
17384.0,5.44,Medium,90,False
17386.0,168.34,Medium,90,False
17388.0,185.24,Medium,90,False
17389.0,7032.43,High,90,False
17390.0,1.01,Medium,90,False
17391.0,31.96,Medium,90,False
17392.0,7.62,Medium,90,False
17393.0,2.35,Medium,90,False
17394.0,2.77,Medium,90,False
17395.0,0.4,Medium,90,False
17396.0,408.38,High,90,False
17397.0,7.32,Medium,90,False
17398.0,16.21,Medium,90,False
17400.0,28.6,Medium,90,False
17401.0,0.98,Medium,90,False
17402.0,618.2,High,90,False
17403.0,2.29,Medium,90,False
17404.0,5106.05,High,90,False
17405.0,21.31,Medium,90,False
17406.0,15.58,Medium,90,False
17407.0,6.74,Medium,90,False
17408.0,9.16,Medium,90,False
17409.0,462.24,High,90,False
17410.0,46.87,Medium,90,False
17411.0,4.42,Medium,90,False
17412.0,328.44,High,90,False
17413.0,4.61,Medium,90,False
17414.0,26.8,Medium,90,False
17416.0,1390.3,High,90,False
17417.0,0.6,Medium,90,False
17418.0,4.92,Medium,90,False
17419.0,447.34,High,90,False
17420.0,56.52,Medium,90,False
17421.0,5.21,Medium,90,False
17422.0,152.93,Medium,90,False
17423.0,12.21,Medium,90,False
17426.0,845.38,High,90,False
17428.0,2133.86,High,90,False
17429.0,119.15,Medium,90,False
17430.0,9.66,Medium,90,False
17431.0,0.95,Medium,90,False
17432.0,19.92,Medium,90,False
17433.0,3.27,Medium,90,False
17435.0,2.01,Medium,90,False
17436.0,4.37,Medium,90,False
17437.0,1.17,Medium,90,False
17438.0,22.92,Medium,90,False
17439.0,0.8,Medium,90,False
17440.0,1.32,Medium,90,False
17441.0,0.48,Medium,90,False
17442.0,647.72,High,90,False
17443.0,4.13,Medium,90,False
17444.0,27.5,Medium,90,False
17446.0,1.63,Medium,90,False
17448.0,0.09,Medium,90,False
17449.0,329.24,High,90,False
17450.0,34139.12,High,90,False
17451.0,33.1,Medium,90,False
17454.0,17.83,Medium,90,False
17455.0,3.69,Medium,90,False
17456.0,9.19,Medium,90,False
17457.0,532.6,High,90,False
17458.0,3.14,Medium,90,False
17460.0,31.84,Medium,90,False
17462.0,2.16,Medium,90,False
17463.0,40.83,Medium,90,False
17464.0,4.6,Medium,90,False
17465.0,2.86,Medium,90,False
17467.0,0.78,Medium,90,False
17468.0,0.96,Medium,90,False
17469.0,381.51,High,90,False
17470.0,161.2,Medium,90,False
17471.0,1.66,Medium,90,False
17472.0,6.31,Medium,90,False
17473.0,4.99,Medium,90,False
17474.0,0.54,Medium,90,False
17476.0,4.34,Medium,90,False
17477.0,0.33,Medium,90,False
17478.0,9.33,Medium,90,False
17479.0,0.41,Medium,90,False
17480.0,8.72,Medium,90,False
17481.0,61.58,Medium,90,False
17482.0,2.26,Medium,90,False
17483.0,25.15,Medium,90,False
17484.0,0.86,Medium,90,False
17486.0,2.18,Medium,90,False
17487.0,0.27,Medium,90,False
17488.0,0.37,Medium,90,False
17489.0,5.08,Medium,90,False
17490.0,24.89,Medium,90,False
17491.0,524.93,High,90,False
17492.0,10.77,Medium,90,False
17493.0,0.91,Medium,90,False
17494.0,0.3,Medium,90,False
17495.0,2.87,Medium,90,False
17496.0,6.75,Medium,90,False
17497.0,2.15,Medium,90,False
17499.0,11.33,Medium,90,False
17501.0,2.91,Medium,90,False
17504.0,47.94,Medium,90,False
17505.0,22.39,Medium,90,False
17507.0,7.21,Medium,90,False
17508.0,24.24,Medium,90,False
17510.0,2.59,Medium,90,False
17511.0,22108.03,High,90,False
17512.0,615.28,High,90,False
17513.0,10.62,Medium,90,False
17514.0,1.82,Medium,90,False
17515.0,124.76,Medium,90,False
17516.0,104.58,Medium,90,False
17517.0,1.25,Medium,90,False
17518.0,1.68,Medium,90,False
17519.0,475.62,High,90,False
17521.0,33.67,Medium,90,False
17522.0,109.03,Medium,90,False
17524.0,7.66,Medium,90,False
17525.0,4.98,Medium,90,False
17526.0,71.09,Medium,90,False
17527.0,25.45,Medium,90,False
17529.0,1.93,Medium,90,False
17530.0,94.54,Medium,90,False
17531.0,3.78,Medium,90,False
17532.0,0.55,Medium,90,False
17533.0,1.05,Medium,90,False
17534.0,28.89,Medium,90,False
17535.0,1.55,Medium,90,False
17536.0,20.57,Medium,90,False
17537.0,16.61,Medium,90,False
17539.0,1.49,Medium,90,False
17540.0,8.51,Medium,90,False
17541.0,0.49,Medium,90,False
17542.0,1.95,Medium,90,False
17543.0,0.6,Medium,90,False
17544.0,6.55,Medium,90,False
17545.0,8.09,Medium,90,False
17547.0,4.25,Medium,90,False
17548.0,13.61,Medium,90,False
17550.0,49.52,Medium,90,False
17551.0,3.36,Medium,90,False
17552.0,47.2,Medium,90,False
17553.0,8.2,Medium,90,False
17554.0,98.0,Medium,90,False
17555.0,8.53,Medium,90,False
17556.0,9.7,Medium,90,False
17557.0,4.32,Medium,90,False
17558.0,1.28,Medium,90,False
17559.0,0.61,Medium,90,False
17560.0,12.58,Medium,90,False
17561.0,6.45,Medium,90,False
17562.0,115.46,Medium,90,False
17563.0,0.63,Medium,90,False
17565.0,0.41,Medium,90,False
17567.0,382.93,High,90,False
17568.0,0.32,Medium,90,False
17569.0,2.09,Medium,90,False
17570.0,0.62,Medium,90,False
17571.0,25.05,Medium,90,False
17572.0,8.52,Medium,90,False
17573.0,18.11,Medium,90,False
17574.0,1.05,Medium,90,False
17575.0,0.16,Medium,90,False
17576.0,1144.32,High,90,False
17577.0,0.33,Medium,90,False
17578.0,3.87,Medium,90,False
17579.0,17.04,Medium,90,False
17580.0,2.32,Medium,90,False
17581.0,1298.72,High,90,False
17582.0,21.82,Medium,90,False
17583.0,0.62,Medium,90,False
17584.0,85.26,Medium,90,False
17585.0,32.83,Medium,90,False
17586.0,0.31,Medium,90,False
17587.0,0.2,Medium,90,False
17588.0,61.05,Medium,90,False
17589.0,672.48,High,90,False
17591.0,72.82,Medium,90,False
17592.0,0.39,Medium,90,False
17593.0,382.43,High,90,False
17594.0,38.48,Medium,90,False
17596.0,586.31,High,90,False
17597.0,32.4,Medium,90,False
17598.0,1.91,Medium,90,False
17599.0,0.35,Medium,90,False
17601.0,4.36,Medium,90,False
17602.0,219.09,Medium,90,False
17603.0,4.27,Medium,90,False
17604.0,3.58,Medium,90,False
17605.0,0.36,Medium,90,False
17606.0,0.26,Medium,90,False
17607.0,2.15,Medium,90,False
17608.0,8.7,Medium,90,False
17609.0,39.99,Medium,90,False
17610.0,3.29,Medium,90,False
17611.0,786.52,High,90,False
17612.0,654.67,High,90,False
17613.0,439.03,High,90,False
17615.0,23.11,Medium,90,False
17616.0,21.44,Medium,90,False
17617.0,1.37,Medium,90,False
17618.0,136.14,Medium,90,False
17619.0,1.95,Medium,90,False
17621.0,48.78,Medium,90,False
17622.0,0.54,Medium,90,False
17623.0,17.66,Medium,90,False
17624.0,13.52,Medium,90,False
17625.0,124.89,Medium,90,False
17626.0,0.65,Medium,90,False
17627.0,1.71,Medium,90,False
17629.0,213.52,Medium,90,False
17630.0,14.27,Medium,90,False
17631.0,23.55,Medium,90,False
17633.0,115.8,Medium,90,False
17634.0,188.41,Medium,90,False
17635.0,5.57,Medium,90,False
17637.0,20.35,Medium,90,False
17638.0,0.98,Medium,90,False
17639.0,11.59,Medium,90,False
17640.0,46.43,Medium,90,False
17642.0,19.18,Medium,90,False
17643.0,4.33,Medium,90,False
17644.0,540.64,High,90,False
17646.0,26.81,Medium,90,False
17647.0,1.02,Medium,90,False
17648.0,74.24,Medium,90,False
17649.0,20.44,Medium,90,False
17651.0,281.15,High,90,False
17652.0,364.52,High,90,False
17653.0,141.41,Medium,90,False
17654.0,1.33,Medium,90,False
17655.0,188.26,Medium,90,False
17656.0,93.7,Medium,90,False
17657.0,0.9,Medium,90,False
17658.0,14.13,Medium,90,False
17659.0,338.84,High,90,False
17660.0,3.42,Medium,90,False
17662.0,0.45,Medium,90,False
17663.0,317.87,High,90,False
17664.0,16.3,Medium,90,False
17665.0,1.62,Medium,90,False
17666.0,8.06,Medium,90,False
17667.0,114.98,Medium,90,False
17669.0,320.24,High,90,False
17670.0,3.83,Medium,90,False
17671.0,65.68,Medium,90,False
17672.0,177.91,Medium,90,False
17673.0,185.74,Medium,90,False
17674.0,15.42,Medium,90,False
17675.0,4152.96,High,90,False
17676.0,48.98,Medium,90,False
17677.0,5114.01,High,90,False
17678.0,7.14,Medium,90,False
17679.0,8.85,Medium,90,False
17680.0,2.06,Medium,90,False
17681.0,2.26,Medium,90,False
17682.0,219.01,Medium,90,False
17683.0,7.67,Medium,90,False
17685.0,186.85,Medium,90,False
17686.0,282.68,High,90,False
17687.0,1.73,Medium,90,False
17688.0,2.79,Medium,90,False
17689.0,2.52,Medium,90,False
17690.0,756.23,High,90,False
17691.0,7.97,Medium,90,False
17692.0,97.11,Medium,90,False
17693.0,8.78,Medium,90,False
17694.0,4.52,Medium,90,False
17695.0,13.56,Medium,90,False
17696.0,956.62,High,90,False
17697.0,2.36,Medium,90,False
17698.0,2.04,Medium,90,False
17699.0,1.43,Medium,90,False
17700.0,433.01,High,90,False
17701.0,2.25,Medium,90,False
17702.0,159.58,Medium,90,False
17703.0,45.14,Medium,90,False
17704.0,4.44,Medium,90,False
17705.0,45.54,Medium,90,False
17706.0,2516.32,High,90,False
17707.0,10.15,Medium,90,False
17708.0,30.02,Medium,90,False
17709.0,6.63,Medium,90,False
17710.0,2.21,Medium,90,False
17711.0,4.87,Medium,90,False
17713.0,9.16,Medium,90,False
17714.0,13.82,Medium,90,False
17715.0,14.43,Medium,90,False
17716.0,1633.94,High,90,False
17717.0,3.07,Medium,90,False
17718.0,2.22,Medium,90,False
17719.0,597.01,High,90,False
17720.0,83.11,Medium,90,False
17721.0,0.52,Medium,90,False
17722.0,81.13,Medium,90,False
17723.0,269.21,High,90,False
17724.0,20.49,Medium,90,False
17725.0,415.7,High,90,False
17726.0,4.33,Medium,90,False
17728.0,35.79,Medium,90,False
17729.0,1.43,Medium,90,False
17730.0,741.52,High,90,False
17731.0,18.41,Medium,90,False
17732.0,37.3,Medium,90,False
17733.0,3.71,Medium,90,False
17734.0,25.48,Medium,90,False
17735.0,1997.42,High,90,False
17736.0,26.58,Medium,90,False
17738.0,238.32,Medium,90,False
17739.0,267.07,High,90,False
17740.0,1.22,Medium,90,False
17741.0,1.85,Medium,90,False
17742.0,63.67,Medium,90,False
17743.0,4.01,Medium,90,False
17744.0,86.01,Medium,90,False
17745.0,2.04,Medium,90,False
17746.0,7.01,Medium,90,False
17747.0,2.27,Medium,90,False
17748.0,1.44,Medium,90,False
17749.0,11.95,Medium,90,False
17750.0,318.27,High,90,False
17751.0,1.33,Medium,90,False
17752.0,1.17,Medium,90,False
17753.0,0.5,Medium,90,False
17754.0,305.96,High,90,False
17756.0,8.4,Medium,90,False
17757.0,749.96,High,90,False
17758.0,129.58,Medium,90,False
17759.0,9.64,Medium,90,False
17760.0,4.19,Medium,90,False
17762.0,1.67,Medium,90,False
17763.0,1.48,Medium,90,False
17764.0,14.65,Medium,90,False
17765.0,13.05,Medium,90,False
17766.0,2.48,Medium,90,False
17767.0,3.61,Medium,90,False
17768.0,23.2,Medium,90,False
17769.0,310.64,High,90,False
17770.0,42.59,Medium,90,False
17771.0,2.46,Medium,90,False
17772.0,2.45,Medium,90,False
17773.0,2.8,Medium,90,False
17774.0,136.88,Medium,90,False
17775.0,0.9,Medium,90,False
17776.0,2.77,Medium,90,False
17777.0,14.95,Medium,90,False
17778.0,0.38,Medium,90,False
17779.0,44.12,Medium,90,False
17780.0,0.51,Medium,90,False
17781.0,1.6,Medium,90,False
17782.0,8.27,Medium,90,False
17783.0,4.2,Medium,90,False
17784.0,0.6,Medium,90,False
17785.0,6.72,Medium,90,False
17786.0,1.4,Medium,90,False
17787.0,171.7,Medium,90,False
17788.0,15.6,Medium,90,False
17789.0,2.88,Medium,90,False
17790.0,69.15,Medium,90,False
17792.0,1.08,Medium,90,False
17794.0,0.33,Medium,90,False
17795.0,7.28,Medium,90,False
17796.0,15.4,Medium,90,False
17797.0,32.07,Medium,90,False
17798.0,0.61,Medium,90,False
17799.0,727.01,High,90,False
17800.0,125.29,Medium,90,False
17801.0,8.85,Medium,90,False
17802.0,435.66,High,90,False
17803.0,1.49,Medium,90,False
17804.0,2.14,Medium,90,False
17805.0,3.94,Medium,90,False
17807.0,2.75,Medium,90,False
17808.0,0.57,Medium,90,False
17809.0,266.34,High,90,False
17810.0,0.53,Medium,90,False
17811.0,1188.95,High,90,False
17812.0,8.75,Medium,90,False
17814.0,9.78,Medium,90,False
17815.0,8.16,Medium,90,False
17816.0,4.2,Medium,90,False
17817.0,7.7,Medium,90,False
17818.0,0.5,Medium,90,False
17819.0,245.46,High,90,False
17820.0,1.4,Medium,90,False
17821.0,2.48,Medium,90,False
17822.0,12.95,Medium,90,False
17823.0,2.96,Medium,90,False
17825.0,1.8,Medium,90,False
17826.0,1.37,Medium,90,False
17827.0,39.82,Medium,90,False
17828.0,123.36,Medium,90,False
17829.0,10.6,Medium,90,False
17830.0,3.45,Medium,90,False
17833.0,0.3,Medium,90,False
17834.0,5.87,Medium,90,False
17837.0,55.75,Medium,90,False
17838.0,104.03,Medium,90,False
17840.0,2.01,Medium,90,False
17841.0,8239.46,High,90,False
17842.0,0.59,Medium,90,False
17843.0,1.91,Medium,90,False
17844.0,1.26,Medium,90,False
17845.0,1.63,Medium,90,False
17847.0,0.76,Medium,90,False
17848.0,105.95,Medium,90,False
17849.0,1.3,Medium,90,False
17850.0,1.21,Medium,90,False
17851.0,4.49,Medium,90,False
17852.0,8.28,Medium,90,False
17853.0,3.47,Medium,90,False
17854.0,7.29,Medium,90,False
17855.0,4.47,Medium,90,False
17856.0,21.65,Medium,90,False
17857.0,1326.53,High,90,False
17858.0,764.97,High,90,False
17859.0,1.14,Medium,90,False
17860.0,3.24,Medium,90,False
17861.0,633.44,High,90,False
17862.0,5.72,Medium,90,False
17863.0,490.42,High,90,False
17864.0,23.33,Medium,90,False
17865.0,2481.34,High,90,False
17866.0,4.39,Medium,90,False
17867.0,45.92,Medium,90,False
17868.0,2.7,Medium,90,False
17869.0,12.73,Medium,90,False
17870.0,141.14,Medium,90,False
17871.0,30.51,Medium,90,False
17872.0,2.38,Medium,90,False
17873.0,660.43,High,90,False
17874.0,7.0,Medium,90,False
17875.0,0.42,Medium,90,False
17876.0,31.53,Medium,90,False
17877.0,11.33,Medium,90,False
17878.0,5.37,Medium,90,False
17879.0,1.33,Medium,90,False
17880.0,3.26,Medium,90,False
17881.0,0.73,Medium,90,False
17882.0,2.58,Medium,90,False
17883.0,2.88,Medium,90,False
17884.0,45.22,Medium,90,False
17886.0,48.61,Medium,90,False
17887.0,10.59,Medium,90,False
17888.0,5.57,Medium,90,False
17889.0,5.04,Medium,90,False
17890.0,7.29,Medium,90,False
17891.0,12.2,Medium,90,False
17892.0,10.4,Medium,90,False
17893.0,1.45,Medium,90,False
17894.0,144.74,Medium,90,False
17897.0,90.89,Medium,90,False
17898.0,6.41,Medium,90,False
17899.0,10.3,Medium,90,False
17900.0,0.95,Medium,90,False
17901.0,1.37,Medium,90,False
17902.0,1.16,Medium,90,False
17903.0,2.94,Medium,90,False
17905.0,58.46,Medium,90,False
17906.0,0.57,Medium,90,False
17907.0,0.71,Medium,90,False
17908.0,7.72,Medium,90,False
17909.0,0.29,Medium,90,False
17910.0,0.5,Medium,90,False
17912.0,1.19,Medium,90,False
17913.0,46.34,Medium,90,False
17915.0,0.92,Medium,90,False
17916.0,0.63,Medium,90,False
17917.0,4.24,Medium,90,False
17918.0,1.23,Medium,90,False
17919.0,15.18,Medium,90,False
17920.0,2168.79,High,90,False
17921.0,232.32,Medium,90,False
17922.0,0.6,Medium,90,False
17923.0,4.41,Medium,90,False
17924.0,10.13,Medium,90,False
17925.0,2.27,Medium,90,False
17926.0,9.89,Medium,90,False
17927.0,0.7,Medium,90,False
17928.0,3.78,Medium,90,False
17929.0,75.74,Medium,90,False
17930.0,231.13,Medium,90,False
17931.0,112.4,Medium,90,False
17932.0,15.88,Medium,90,False
17933.0,0.32,Medium,90,False
17934.0,2.84,Medium,90,False
17935.0,4.12,Medium,90,False
17937.0,211.95,Medium,90,False
17938.0,1.65,Medium,90,False
17939.0,2.66,Medium,90,False
17940.0,2552.2,High,90,False
17941.0,7.97,Medium,90,False
17944.0,0.83,Medium,90,False
17945.0,0.29,Medium,90,False
17946.0,0.97,Medium,90,False
17948.0,15.72,Medium,90,False
17949.0,10187.33,High,90,False
17950.0,11.37,Medium,90,False
17951.0,5.65,Medium,90,False
17952.0,6.85,Medium,90,False
17953.0,1.01,Medium,90,False
17954.0,425.33,High,90,False
17955.0,7.95,Medium,90,False
17956.0,0.85,Medium,90,False
17958.0,0.07,Medium,90,False
17959.0,0.78,Medium,90,False
17960.0,5.26,Medium,90,False
17961.0,118.88,Medium,90,False
17962.0,12.92,Medium,90,False
17963.0,3.32,Medium,90,False
17964.0,5.9,Medium,90,False
17965.0,1036.0,High,90,False
17966.0,81.46,Medium,90,False
17967.0,2.84,Medium,90,False
17968.0,8.03,Medium,90,False
17969.0,18.58,Medium,90,False
17970.0,12.33,Medium,90,False
17971.0,0.59,Medium,90,False
17972.0,1.44,Medium,90,False
17974.0,29.49,Medium,90,False
17975.0,474.19,High,90,False
17976.0,4.52,Medium,90,False
17977.0,16.09,Medium,90,False
17978.0,7.28,Medium,90,False
17979.0,17.91,Medium,90,False
17980.0,18.68,Medium,90,False
17981.0,1.72,Medium,90,False
17982.0,0.62,Medium,90,False
17983.0,1.49,Medium,90,False
17984.0,20.33,Medium,90,False
17987.0,10.36,Medium,90,False
17988.0,29.45,Medium,90,False
17989.0,1.92,Medium,90,False
17990.0,13.9,Medium,90,False
17991.0,2.34,Medium,90,False
17992.0,2.55,Medium,90,False
17993.0,0.75,Medium,90,False
17994.0,19.09,Medium,90,False
17995.0,4.51,Medium,90,False
17996.0,6.19,Medium,90,False
17997.0,278.91,High,90,False
17998.0,5.88,Medium,90,False
17999.0,4.89,Medium,90,False
18000.0,0.95,Medium,90,False
18001.0,23.01,Medium,90,False
18002.0,1.52,Medium,90,False
18003.0,2.36,Medium,90,False
18004.0,1.2,Medium,90,False
18006.0,6.18,Medium,90,False
18007.0,2.03,Medium,90,False
18008.0,153.94,Medium,90,False
18009.0,22.66,Medium,90,False
18010.0,0.96,Medium,90,False
18011.0,3.17,Medium,90,False
18012.0,0.29,Medium,90,False
18013.0,1.42,Medium,90,False
18016.0,35.46,Medium,90,False
18017.0,16.75,Medium,90,False
18018.0,6.79,Medium,90,False
18020.0,0.56,Medium,90,False
18021.0,0.83,Medium,90,False
18022.0,10.94,Medium,90,False
18024.0,18.53,Medium,90,False
18025.0,15.1,Medium,90,False
18026.0,0.5,Medium,90,False
18027.0,23.08,Medium,90,False
18028.0,0.79,Medium,90,False
18029.0,0.33,Medium,90,False
18031.0,2.04,Medium,90,False
18032.0,0.62,Medium,90,False
18034.0,7.96,Medium,90,False
18035.0,10.25,Medium,90,False
18036.0,99.01,Medium,90,False
18037.0,1.59,Medium,90,False
18038.0,0.69,Medium,90,False
18039.0,4.17,Medium,90,False
18040.0,4.41,Medium,90,False
18041.0,815.23,High,90,False
18042.0,0.74,Medium,90,False
18043.0,69.17,Medium,90,False
18044.0,127.96,Medium,90,False
18046.0,0.17,Medium,90,False
18047.0,2.53,Medium,90,False
18048.0,5.47,Medium,90,False
18049.0,7.75,Medium,90,False
18050.0,2.57,Medium,90,False
18051.0,2.42,Medium,90,False
18052.0,0.29,Medium,90,False
18053.0,2.12,Medium,90,False
18054.0,1.49,Medium,90,False
18055.0,581.7,High,90,False
18056.0,4.94,Medium,90,False
18057.0,5.13,Medium,90,False
18058.0,3.08,Medium,90,False
18060.0,15.67,Medium,90,False
18061.0,648.7,High,90,False
18062.0,28.88,Medium,90,False
18063.0,0.75,Medium,90,False
18064.0,170.27,Medium,90,False
18065.0,197.33,Medium,90,False
18066.0,5.64,Medium,90,False
18068.0,0.76,Medium,90,False
18069.0,385.06,High,90,False
18070.0,0.39,Medium,90,False
18071.0,17.21,Medium,90,False
18072.0,6.93,Medium,90,False
18073.0,679.47,High,90,False
18074.0,4.67,Medium,90,False
18075.0,691.2,High,90,False
18076.0,1.58,Medium,90,False
18077.0,347.03,High,90,False
18078.0,7.51,Medium,90,False
18079.0,74.1,Medium,90,False
18080.0,0.85,Medium,90,False
18081.0,20.26,Medium,90,False
18083.0,2.07,Medium,90,False
18084.0,8.91,Medium,90,False
18085.0,2.76,Medium,90,False
18086.0,1.37,Medium,90,False
18087.0,535.65,High,90,False
18089.0,3.04,Medium,90,False
18090.0,1.74,Medium,90,False
18091.0,1.87,Medium,90,False
18092.0,1098.79,High,90,False
18093.0,135.05,Medium,90,False
18094.0,332.98,High,90,False
18095.0,10.43,Medium,90,False
18096.0,24.8,Medium,90,False
18097.0,401.56,High,90,False
18098.0,3.17,Medium,90,False
18099.0,5.43,Medium,90,False
18100.0,2.39,Medium,90,False
18101.0,16.76,Medium,90,False
18102.0,35189.36,High,90,False
18103.0,0.57,Medium,90,False
18106.0,6.35,Medium,90,False
18107.0,1.42,Medium,90,False
18108.0,1.75,Medium,90,False
18109.0,715.61,High,90,False
18110.0,4.08,Medium,90,False
18111.0,0.77,Medium,90,False
18112.0,11.22,Medium,90,False
18113.0,1.99,Medium,90,False
18114.0,2.12,Medium,90,False
18115.0,0.51,Medium,90,False
18116.0,50.24,Medium,90,False
18118.0,1376.37,High,90,False
18119.0,2.68,Medium,90,False
18120.0,1.24,Medium,90,False
18121.0,33.1,Medium,90,False
18122.0,16.98,Medium,90,False
18123.0,0.66,Medium,90,False
18124.0,0.4,Medium,90,False
18125.0,52.62,Medium,90,False
18127.0,26.81,Medium,90,False
18128.0,1.45,Medium,90,False
18129.0,0.74,Medium,90,False
18131.0,1.51,Medium,90,False
18132.0,0.87,Medium,90,False
18133.0,6.04,Medium,90,False
18134.0,1.0,Medium,90,False
18135.0,11.89,Medium,90,False
18136.0,52.45,Medium,90,False
18137.0,0.45,Medium,90,False
18138.0,1.2,Medium,90,False
18140.0,1.5,Medium,90,False
18141.0,4.96,Medium,90,False
18142.0,18.65,Medium,90,False
18143.0,26.73,Medium,90,False
18144.0,421.97,High,90,False
18145.0,309.44,High,90,False
18146.0,1.61,Medium,90,False
18147.0,16.93,Medium,90,False
18148.0,0.32,Medium,90,False
18149.0,30.54,Medium,90,False
18150.0,36.21,Medium,90,False
18151.0,12.88,Medium,90,False
18152.0,0.46,Medium,90,False
18153.0,0.37,Medium,90,False
18154.0,8.41,Medium,90,False
18155.0,13.36,Medium,90,False
18156.0,2.38,Medium,90,False
18157.0,0.88,Medium,90,False
18159.0,1.06,Medium,90,False
18160.0,20.89,Medium,90,False
18161.0,47.53,Medium,90,False
18162.0,0.36,Medium,90,False
18163.0,3.32,Medium,90,False
18165.0,9.12,Medium,90,False
18166.0,0.4,Medium,90,False
18167.0,20.19,Medium,90,False
18168.0,65.78,Medium,90,False
18170.0,88.52,Medium,90,False
18171.0,100.55,Medium,90,False
18172.0,1675.05,High,90,False
18173.0,26.25,Medium,90,False
18174.0,0.26,Medium,90,False
18175.0,0.16,Medium,90,False
18176.0,2.01,Medium,90,False
18177.0,27.08,Medium,90,False
18178.0,277.64,High,90,False
18179.0,40.21,Medium,90,False
18180.0,60.94,Medium,90,False
18181.0,8.52,Medium,90,False
18182.0,1.19,Medium,90,False
18183.0,8.9,Medium,90,False
18185.0,3.85,Medium,90,False
18186.0,0.33,Medium,90,False
18187.0,3.0,Medium,90,False
18188.0,12.42,Medium,90,False
18189.0,6.36,Medium,90,False
18190.0,8.67,Medium,90,False
18191.0,4.73,Medium,90,False
18193.0,20.49,Medium,90,False
18194.0,77.92,Medium,90,False
18195.0,0.91,Medium,90,False
18196.0,4.88,Medium,90,False
18197.0,0.85,Medium,90,False
18198.0,810.11,High,90,False
18199.0,0.29,Medium,90,False
18200.0,10.1,Medium,90,False
18201.0,0.44,Medium,90,False
18202.0,24.23,Medium,90,False
18203.0,7.92,Medium,90,False
18204.0,260.09,High,90,False
18206.0,1.38,Medium,90,False
18207.0,2.69,Medium,90,False
18208.0,0.6,Medium,90,False
18210.0,4.64,Medium,90,False
18211.0,43.16,Medium,90,False
18212.0,1.77,Medium,90,False
18213.0,3.18,Medium,90,False
18214.0,1.03,Medium,90,False
18215.0,18.28,Medium,90,False
18217.0,3.09,Medium,90,False
18218.0,8.69,Medium,90,False
18219.0,167.6,Medium,90,False
18220.0,14.67,Medium,90,False
18221.0,51.53,Medium,90,False
18222.0,18.92,Medium,90,False
18223.0,1115.25,High,90,False
18224.0,1.21,Medium,90,False
18225.0,927.36,High,90,False
18226.0,987.53,High,90,False
18227.0,2.94,Medium,90,False
18229.0,1017.62,High,90,False
18230.0,128.99,Medium,90,False
18231.0,60.26,Medium,90,False
18232.0,20.22,Medium,90,False
18233.0,0.36,Medium,90,False
18234.0,0.46,Medium,90,False
18235.0,116.19,Medium,90,False
18236.0,34.47,Medium,90,False
18237.0,120.3,Medium,90,False
18238.0,2.46,Medium,90,False
18239.0,80.58,Medium,90,False
18241.0,85.47,Medium,90,False
18242.0,23.78,Medium,90,False
18243.0,2.09,Medium,90,False
18244.0,6.15,Medium,90,False
18245.0,601.53,High,90,False
18246.0,5.64,Medium,90,False
18247.0,3.06,Medium,90,False
18248.0,29.32,Medium,90,False
18250.0,1.33,Medium,90,False
18251.0,180.29,Medium,90,False
18252.0,13.57,Medium,90,False
18253.0,0.91,Medium,90,False
18254.0,1.32,Medium,90,False
18255.0,3.91,Medium,90,False
18256.0,1.3,Medium,90,False
18257.0,193.2,Medium,90,False
18258.0,1.3,Medium,90,False
18259.0,12.81,Medium,90,False
18260.0,146.35,Medium,90,False
18261.0,43.19,Medium,90,False
18262.0,11.15,Medium,90,False
18263.0,25.41,Medium,90,False
18264.0,3.29,Medium,90,False
18265.0,11.22,Medium,90,False
18266.0,1.74,Medium,90,False
18267.0,0.91,Medium,90,False
18268.0,19.65,Medium,90,False
18269.0,2.58,Medium,90,False
18270.0,5.54,Medium,90,False
18271.0,2.7,Medium,90,False
18272.0,147.25,Medium,90,False
18273.0,15.34,Medium,90,False
18275.0,2.69,Medium,90,False
18276.0,12.26,Medium,90,False
18277.0,7.72,Medium,90,False
18278.0,3.03,Medium,90,False
18279.0,1.59,Medium,90,False
18280.0,4.63,Medium,90,False
18281.0,2.56,Medium,90,False
18282.0,10.33,Medium,90,False
18283.0,37.54,Medium,90,False
18284.0,3.03,Medium,90,False
18285.0,0.52,Medium,90,False
18286.0,1.91,Medium,90,False
18287.0,206.06,Medium,90,False
