Customer ID,Feature,Feature Value,SHAP Value,Absolute SHAP,Impact Direction,Impact Rank
12354.0,Recency,141.0,0.02702019678773178,0.02702019678773178,Increases Churn Prediction,2
12354.0,Frequency,1.0,0.04163618622033283,0.04163618622033283,Increases Churn Prediction,1
12354.0,Monetary,1079.4,0.005634633480108231,0.005634633480108231,Increases Churn Prediction,5
12354.0,TotalItems,530.0,0.0038968510537750883,0.0038968510537750883,Increases Churn Prediction,6
12354.0,AverageOrderValue,1079.4,0.016464910266051354,0.016464910266051354,Increases Churn Prediction,3
12354.0,Tenure,0.0,0.015446222000799606,0.015446222000799606,Increases Churn Prediction,4
14145.0,Recency,66.0,-0.1266543187172109,0.1266543187172109,Decreases Churn Prediction,1
14145.0,Frequency,6.0,-0.0394598356885424,0.0394598356885424,Decreases Churn Prediction,4
14145.0,Monetary,6709.05,-0.0732278096169715,0.0732278096169715,Decreases Churn Prediction,2
14145.0,TotalItems,1475.0,-0.05120323232144244,0.05120323232144244,Decreases Churn Prediction,3
14145.0,AverageOrderValue,1118.175,0.014656468219621566,0.014656468219621566,Increases Churn Prediction,5
14145.0,Tenure,454.0,-0.00414420864699872,0.00414420864699872,Decreases Churn Prediction,6
12970.0,Recency,231.0,0.03697205815745516,0.03697205815745516,Increases Churn Prediction,3
12970.0,Frequency,8.0,-0.047143349385239605,0.047143349385239605,Decreases Churn Prediction,1
12970.0,Monetary,1096.53,0.007372635227770798,0.007372635227770798,Increases Churn Prediction,5
12970.0,TotalItems,712.0,-0.04068611749030561,0.04068611749030561,Decreases Churn Prediction,2
12970.0,AverageOrderValue,137.06625,-0.005752920275487877,0.005752920275487877,Decreases Churn Prediction,6
12970.0,Tenure,413.0,-0.023896897484831526,0.023896897484831526,Decreases Churn Prediction,4
18201.0,Recency,632.0,0.16993237796301658,0.16993237796301658,Increases Churn Prediction,1
18201.0,Frequency,1.0,0.030897926366721416,0.030897926366721416,Increases Churn Prediction,2
18201.0,Monetary,447.53,0.015871178042133775,0.015871178042133775,Increases Churn Prediction,5
18201.0,TotalItems,191.0,0.026206829870450636,0.026206829870450636,Increases Churn Prediction,3
18201.0,AverageOrderValue,447.53,-0.0011268221042813678,0.0011268221042813678,Decreases Churn Prediction,6
18201.0,Tenure,0.0,0.017919223941359377,0.017919223941359377,Increases Churn Prediction,4
16783.0,Recency,346.0,0.09928622603163445,0.09928622603163445,Increases Churn Prediction,1
16783.0,Frequency,1.0,0.026634347172612496,0.026634347172612496,Increases Churn Prediction,3
16783.0,Monetary,391.95,0.024311511507857965,0.024311511507857965,Increases Churn Prediction,4
16783.0,TotalItems,163.0,0.032301085770918184,0.032301085770918184,Increases Churn Prediction,2
16783.0,AverageOrderValue,391.95,-0.0011739496210407471,0.0011739496210407471,Decreases Churn Prediction,6
16783.0,Tenure,0.0,0.01888588439967924,0.01888588439967924,Increases Churn Prediction,5
14955.0,Recency,642.0,0.1504128957819562,0.1504128957819562,Increases Churn Prediction,1
14955.0,Frequency,1.0,0.03769814627931131,0.03769814627931131,Increases Churn Prediction,4
14955.0,Monetary,163.77,0.05342121825102465,0.05342121825102465,Increases Churn Prediction,2
14955.0,TotalItems,74.0,0.0526674150672259,0.0526674150672259,Increases Churn Prediction,3
14955.0,AverageOrderValue,163.77,0.00014388081568858166,0.00014388081568858166,Increases Churn Prediction,6
14955.0,Tenure,0.0,0.030196037003514507,0.030196037003514507,Increases Churn Prediction,5
16186.0,Recency,12.0,-0.18897733895487526,0.18897733895487526,Decreases Churn Prediction,1
16186.0,Frequency,23.0,-0.12204115568864653,0.12204115568864653,Decreases Churn Prediction,2
16186.0,Monetary,7715.7,-0.09410880188913999,0.09410880188913999,Decreases Churn Prediction,3
16186.0,TotalItems,6047.0,-0.08007783717438496,0.08007783717438496,Decreases Churn Prediction,4
16186.0,AverageOrderValue,335.46521739130435,-0.002492150140301524,0.002492150140301524,Decreases Churn Prediction,6
16186.0,Tenure,626.0,-0.03690552085514878,0.03690552085514878,Decreases Churn Prediction,5
14055.0,Recency,15.0,-0.122805652556006,0.122805652556006,Decreases Churn Prediction,1
14055.0,Frequency,3.0,0.03514768545656133,0.03514768545656133,Increases Churn Prediction,2
14055.0,Monetary,1520.96,0.002060161419374403,0.002060161419374403,Increases Churn Prediction,6
14055.0,TotalItems,720.0,-0.021327159947192177,0.021327159947192177,Decreases Churn Prediction,4
14055.0,AverageOrderValue,506.9866666666667,0.013419868390242775,0.013419868390242775,Increases Churn Prediction,5
14055.0,Tenure,616.0,0.02272016586033819,0.02272016586033819,Increases Churn Prediction,3
12531.0,Recency,595.0,0.17674329234722547,0.17674329234722547,Increases Churn Prediction,1
12531.0,Frequency,1.0,0.038533493003783344,0.038533493003783344,Increases Churn Prediction,2
12531.0,Monetary,1807.98,-0.011689183346143047,0.011689183346143047,Decreases Churn Prediction,6
12531.0,TotalItems,1074.0,-0.024720914872446924,0.024720914872446924,Decreases Churn Prediction,4
12531.0,AverageOrderValue,1807.98,0.02977986148000878,0.02977986148000878,Increases Churn Prediction,3
12531.0,Tenure,0.0,0.02417801343347766,0.02417801343347766,Increases Churn Prediction,5
12746.0,Recency,450.0,0.16601358816263392,0.16601358816263392,Increases Churn Prediction,1
12746.0,Frequency,1.0,0.030724905186450362,0.030724905186450362,Increases Churn Prediction,3
12746.0,Monetary,254.55,0.027743539818929946,0.027743539818929946,Increases Churn Prediction,4
12746.0,TotalItems,97.0,0.031857593877410995,0.031857593877410995,Increases Churn Prediction,2
12746.0,AverageOrderValue,254.55,-0.005028156178593649,0.005028156178593649,Decreases Churn Prediction,6
12746.0,Tenure,0.0,0.02153542827610146,0.02153542827610146,Increases Churn Prediction,5
17087.0,Recency,647.0,0.16646495386399923,0.16646495386399923,Increases Churn Prediction,1
17087.0,Frequency,1.0,0.031965838962602605,0.031965838962602605,Increases Churn Prediction,2
17087.0,Monetary,221.53,0.02957674031776347,0.02957674031776347,Increases Churn Prediction,3
17087.0,TotalItems,113.0,0.028867951538089475,0.028867951538089475,Increases Churn Prediction,4
17087.0,AverageOrderValue,221.53,-0.006255020084759432,0.006255020084759432,Decreases Churn Prediction,6
17087.0,Tenure,0.0,0.021980251666023406,0.021980251666023406,Increases Churn Prediction,5
14325.0,Recency,479.0,0.16359076179517193,0.16359076179517193,Increases Churn Prediction,1
14325.0,Frequency,1.0,0.030953288177399167,0.030953288177399167,Increases Churn Prediction,3
14325.0,Monetary,245.48,0.0327809918815618,0.0327809918815618,Increases Churn Prediction,2
14325.0,TotalItems,320.0,0.013517359696196031,0.013517359696196031,Increases Churn Prediction,5
14325.0,AverageOrderValue,245.48,-0.004295716926182358,0.004295716926182358,Decreases Churn Prediction,6
14325.0,Tenure,0.0,0.021753270202948552,0.021753270202948552,Increases Churn Prediction,4
14293.0,Recency,56.0,-0.1377332049589473,0.1377332049589473,Decreases Churn Prediction,1
14293.0,Frequency,8.0,-0.06550464136022552,0.06550464136022552,Decreases Churn Prediction,2
14293.0,Monetary,2960.78,-0.06443664345953565,0.06443664345953565,Decreases Churn Prediction,3
14293.0,TotalItems,1448.0,-0.049118637321003154,0.049118637321003154,Decreases Churn Prediction,4
14293.0,AverageOrderValue,370.0975,-0.0034732767395564725,0.0034732767395564725,Decreases Churn Prediction,6
14293.0,Tenure,582.0,-0.01869923534079271,0.01869923534079271,Decreases Churn Prediction,5
16772.0,Recency,332.0,0.09403858028703371,0.09403858028703371,Increases Churn Prediction,1
16772.0,Frequency,3.0,0.014460973755969601,0.014460973755969601,Increases Churn Prediction,6
16772.0,Monetary,3723.55,-0.03324096487100343,0.03324096487100343,Decreases Churn Prediction,2
16772.0,TotalItems,689.0,-0.031060414400363938,0.031060414400363938,Decreases Churn Prediction,3
16772.0,AverageOrderValue,1241.1833333333332,0.014680577574595774,0.014680577574595774,Increases Churn Prediction,5
16772.0,Tenure,298.0,-0.01630000967486558,0.01630000967486558,Decreases Churn Prediction,4
16876.0,Recency,313.0,0.08420221127986653,0.08420221127986653,Increases Churn Prediction,1
16876.0,Frequency,1.0,0.03298753362965934,0.03298753362965934,Increases Churn Prediction,4
16876.0,Monetary,136.01,0.06779248492375627,0.06779248492375627,Increases Churn Prediction,2
16876.0,TotalItems,181.0,0.03809532922982223,0.03809532922982223,Increases Churn Prediction,3
16876.0,AverageOrderValue,136.01,0.00544559528376122,0.00544559528376122,Increases Churn Prediction,6
16876.0,Tenure,0.0,0.02510123461347931,0.02510123461347931,Increases Churn Prediction,5
16099.0,Recency,47.0,-0.12334536328601531,0.12334536328601531,Decreases Churn Prediction,1
16099.0,Frequency,6.0,-0.026431872097845033,0.026431872097845033,Decreases Churn Prediction,3
16099.0,Monetary,1433.4,-0.014122865765418489,0.014122865765418489,Decreases Churn Prediction,4
16099.0,TotalItems,888.0,-0.03536690199300646,0.03536690199300646,Decreases Churn Prediction,2
16099.0,AverageOrderValue,238.9,-0.010019311172468773,0.010019311172468773,Decreases Churn Prediction,5
16099.0,Tenure,508.0,0.006628648931199438,0.006628648931199438,Increases Churn Prediction,6
14987.0,Recency,275.0,0.042916547192267174,0.042916547192267174,Increases Churn Prediction,1
14987.0,Frequency,7.0,-0.04231504392361368,0.04231504392361368,Decreases Churn Prediction,2
14987.0,Monetary,1550.65,-0.025443332232106756,0.025443332232106756,Decreases Churn Prediction,3
14987.0,TotalItems,607.0,0.006915389594459278,0.006915389594459278,Increases Churn Prediction,6
14987.0,AverageOrderValue,221.52142857142852,-0.018491260297303858,0.018491260297303858,Decreases Churn Prediction,5
14987.0,Tenure,371.0,-0.023964967193234845,0.023964967193234845,Decreases Churn Prediction,4
14903.0,Recency,34.0,-0.16512970407752592,0.16512970407752592,Decreases Churn Prediction,1
14903.0,Frequency,4.0,0.020848943249617134,0.020848943249617134,Increases Churn Prediction,4
14903.0,Monetary,2411.82,-0.0369786660238154,0.0369786660238154,Decreases Churn Prediction,3
14903.0,TotalItems,1334.0,-0.04628715701907802,0.04628715701907802,Decreases Churn Prediction,2
14903.0,AverageOrderValue,602.955,0.003424771444620082,0.003424771444620082,Increases Churn Prediction,6
14903.0,Tenure,154.0,-0.015330696939627157,0.015330696939627157,Decreases Churn Prediction,5
12361.0,Recency,196.0,0.02727494269467287,0.02727494269467287,Increases Churn Prediction,2
12361.0,Frequency,4.0,0.005290092765650716,0.005290092765650716,Increases Churn Prediction,6
12361.0,Monetary,511.25,0.010922510011575664,0.010922510011575664,Increases Churn Prediction,3
12361.0,TotalItems,235.0,0.039721226595742704,0.039721226595742704,Increases Churn Prediction,1
12361.0,AverageOrderValue,127.8125,0.00692257644885098,0.00692257644885098,Increases Churn Prediction,5
12361.0,Tenure,394.0,-0.009333434185606856,0.009333434185606856,Decreases Churn Prediction,4
15216.0,Recency,528.0,0.16352135797604211,0.16352135797604211,Increases Churn Prediction,1
15216.0,Frequency,1.0,0.030626003840820377,0.030626003840820377,Increases Churn Prediction,2
15216.0,Monetary,389.49,0.023174087445570292,0.023174087445570292,Increases Churn Prediction,4
15216.0,TotalItems,189.0,0.026749096093025136,0.026749096093025136,Increases Churn Prediction,3
15216.0,AverageOrderValue,389.49,-0.0023489526651839752,0.0023489526651839752,Decreases Churn Prediction,6
15216.0,Tenure,0.0,0.01934627832015151,0.01934627832015151,Increases Churn Prediction,5
13821.0,Recency,54.0,-0.12261023061774032,0.12261023061774032,Decreases Churn Prediction,1
13821.0,Frequency,6.0,-0.019590570814287465,0.019590570814287465,Decreases Churn Prediction,2
13821.0,Monetary,1410.73,-0.011901805123945659,0.011901805123945659,Decreases Churn Prediction,3
13821.0,TotalItems,483.0,0.011581619106240545,0.011581619106240545,Increases Churn Prediction,4
13821.0,AverageOrderValue,235.12166666666667,-0.011046851823671525,0.011046851823671525,Decreases Churn Prediction,5
13821.0,Tenure,559.0,-0.0015462615986292887,0.0015462615986292887,Decreases Churn Prediction,6
17694.0,Recency,51.0,-0.11867666262224591,0.11867666262224591,Decreases Churn Prediction,1
17694.0,Frequency,3.0,0.03416522369814956,0.03416522369814956,Increases Churn Prediction,3
17694.0,Monetary,1695.97,-0.0058869231538306015,0.0058869231538306015,Decreases Churn Prediction,6
17694.0,TotalItems,1493.0,-0.040903912763852135,0.040903912763852135,Decreases Churn Prediction,2
17694.0,AverageOrderValue,565.3233333333334,0.012445133505657357,0.012445133505657357,Increases Churn Prediction,5
17694.0,Tenure,421.0,0.02589511697934192,0.02589511697934192,Increases Churn Prediction,4
14395.0,Recency,87.0,-0.1516536612440479,0.1516536612440479,Decreases Churn Prediction,1
14395.0,Frequency,17.0,-0.11050306883246855,0.11050306883246855,Decreases Churn Prediction,2
14395.0,Monetary,6666.52,-0.09131192332570483,0.09131192332570483,Decreases Churn Prediction,3
14395.0,TotalItems,3351.0,-0.0774710894849201,0.0774710894849201,Decreases Churn Prediction,4
14395.0,AverageOrderValue,392.1482352941177,-0.004038133361114211,0.004038133361114211,Decreases Churn Prediction,6
14395.0,Tenure,422.0,-0.013946431859953704,0.013946431859953704,Decreases Churn Prediction,5
16474.0,Recency,54.0,-0.1635123962306265,0.1635123962306265,Decreases Churn Prediction,1
16474.0,Frequency,1.0,0.03439803113311585,0.03439803113311585,Increases Churn Prediction,2
16474.0,Monetary,355.57,0.024465494765882653,0.024465494765882653,Increases Churn Prediction,3
16474.0,TotalItems,204.0,0.024445928686270553,0.024445928686270553,Increases Churn Prediction,4
16474.0,AverageOrderValue,355.57,0.00020973075899145648,0.00020973075899145648,Increases Churn Prediction,6
16474.0,Tenure,0.0,0.0010445096429837625,0.0010445096429837625,Increases Churn Prediction,5
16058.0,Recency,315.0,0.07932601962719658,0.07932601962719658,Increases Churn Prediction,1
16058.0,Frequency,1.0,0.03958161191608048,0.03958161191608048,Increases Churn Prediction,4
16058.0,Monetary,62.7,0.0639209361236933,0.0639209361236933,Increases Churn Prediction,3
16058.0,TotalItems,18.0,0.06726966427212207,0.06726966427212207,Increases Churn Prediction,2
16058.0,AverageOrderValue,62.7,0.029262966708238438,0.029262966708238438,Increases Churn Prediction,6
16058.0,Tenure,0.0,0.03514840679754179,0.03514840679754179,Increases Churn Prediction,5
14606.0,Recency,3.0,-0.1955322095997937,0.1955322095997937,Decreases Churn Prediction,1
14606.0,Frequency,170.0,-0.12173283664188601,0.12173283664188601,Decreases Churn Prediction,2
14606.0,Monetary,28268.6,-0.09487299481154549,0.09487299481154549,Decreases Churn Prediction,3
14606.0,TotalItems,14291.0,-0.07221245966995021,0.07221245966995021,Decreases Churn Prediction,4
14606.0,AverageOrderValue,166.28588235294117,-0.0060979544693288475,0.0060979544693288475,Decreases Churn Prediction,6
14606.0,Tenure,643.0,-0.041086501394495926,0.041086501394495926,Decreases Churn Prediction,5
15459.0,Recency,326.0,0.09090304789182214,0.09090304789182214,Increases Churn Prediction,1
15459.0,Frequency,2.0,0.020753261212721287,0.020753261212721287,Increases Churn Prediction,4
15459.0,Monetary,202.83,0.037885753437844144,0.037885753437844144,Increases Churn Prediction,3
15459.0,TotalItems,121.0,0.04084801764635206,0.04084801764635206,Increases Churn Prediction,2
15459.0,AverageOrderValue,101.415,0.01857225983768463,0.01857225983768463,Increases Churn Prediction,5
15459.0,Tenure,80.0,0.013033833151554805,0.013033833151554805,Increases Churn Prediction,6
16615.0,Recency,535.0,0.16852637569080653,0.16852637569080653,Increases Churn Prediction,1
16615.0,Frequency,1.0,0.031123540792781706,0.031123540792781706,Increases Churn Prediction,2
16615.0,Monetary,291.5,0.028849152237058584,0.028849152237058584,Increases Churn Prediction,3
16615.0,TotalItems,211.0,0.02394258225336665,0.02394258225336665,Increases Churn Prediction,4
16615.0,AverageOrderValue,291.5,-0.005884502341629648,0.005884502341629648,Decreases Churn Prediction,6
16615.0,Tenure,0.0,0.019927735272263235,0.019927735272263235,Increases Churn Prediction,5
16572.0,Recency,36.0,-0.15032082338529673,0.15032082338529673,Decreases Churn Prediction,1
16572.0,Frequency,3.0,0.024756987151184573,0.024756987151184573,Increases Churn Prediction,2
16572.0,Monetary,1009.6,0.006951940800718632,0.006951940800718632,Increases Churn Prediction,4
16572.0,TotalItems,532.0,0.006157000485841514,0.006157000485841514,Increases Churn Prediction,5
16572.0,AverageOrderValue,336.53333333333336,-0.0015870713175580482,0.0015870713175580482,Decreases Churn Prediction,6
16572.0,Tenure,148.0,-0.013863025210803888,0.013863025210803888,Decreases Churn Prediction,3
14943.0,Recency,572.0,0.15212892551253537,0.15212892551253537,Increases Churn Prediction,1
14943.0,Frequency,1.0,0.03455879299116717,0.03455879299116717,Increases Churn Prediction,4
14943.0,Monetary,107.62,0.050803229098356446,0.050803229098356446,Increases Churn Prediction,3
14943.0,TotalItems,46.0,0.0522797266175743,0.0522797266175743,Increases Churn Prediction,2
14943.0,AverageOrderValue,107.62,0.011176889758691563,0.011176889758691563,Increases Churn Prediction,6
14943.0,Tenure,0.0,0.0315417954883389,0.0315417954883389,Increases Churn Prediction,5
16383.0,Recency,177.0,0.0008928045917883931,0.0008928045917883931,Increases Churn Prediction,5
16383.0,Frequency,6.0,-0.04305827561253597,0.04305827561253597,Decreases Churn Prediction,3
16383.0,Monetary,2615.94,-0.05436505173393583,0.05436505173393583,Decreases Churn Prediction,2
16383.0,TotalItems,1443.0,-0.06493437626589854,0.06493437626589854,Decreases Churn Prediction,1
16383.0,AverageOrderValue,435.99,-0.00032669777334200234,0.00032669777334200234,Decreases Churn Prediction,6
16383.0,Tenure,404.0,-0.025341483046825423,0.025341483046825423,Decreases Churn Prediction,4
13393.0,Recency,493.0,0.18640905777778288,0.18640905777778288,Increases Churn Prediction,1
13393.0,Frequency,4.0,0.011183356950422607,0.011183356950422607,Increases Churn Prediction,3
13393.0,Monetary,1131.45,0.005855187283346441,0.005855187283346441,Increases Churn Prediction,5
13393.0,TotalItems,662.0,-0.026038320805369174,0.026038320805369174,Decreases Churn Prediction,2
13393.0,AverageOrderValue,282.8625,-0.006498810469646357,0.006498810469646357,Decreases Churn Prediction,4
13393.0,Tenure,148.0,9.509084379274307e-05,9.509084379274307e-05,Increases Churn Prediction,6
12370.0,Recency,184.0,0.012886237939913628,0.012886237939913628,Increases Churn Prediction,5
12370.0,Frequency,6.0,-0.04175516752461085,0.04175516752461085,Decreases Churn Prediction,3
12370.0,Monetary,3581.03,-0.05231627582233975,0.05231627582233975,Decreases Churn Prediction,2
12370.0,TotalItems,2225.0,-0.0579643381408349,0.0579643381408349,Decreases Churn Prediction,1
12370.0,AverageOrderValue,596.8383333333334,0.010569780878387888,0.010569780878387888,Increases Churn Prediction,6
12370.0,Tenure,394.0,-0.023506154229464116,0.023506154229464116,Decreases Churn Prediction,4
13472.0,Recency,373.0,0.1530183227326573,0.1530183227326573,Increases Churn Prediction,1
13472.0,Frequency,2.0,0.021401116818836628,0.021401116818836628,Increases Churn Prediction,2
13472.0,Monetary,592.24,-0.007904676102035199,0.007904676102035199,Decreases Churn Prediction,4
13472.0,TotalItems,310.0,0.016656298114559563,0.016656298114559563,Increases Churn Prediction,3
13472.0,AverageOrderValue,296.12,-0.006362588420712377,0.006362588420712377,Decreases Churn Prediction,6
13472.0,Tenure,91.0,0.007727634854975657,0.007727634854975657,Increases Churn Prediction,5
12962.0,Recency,22.0,-0.1717822198412967,0.1717822198412967,Decreases Churn Prediction,1
12962.0,Frequency,1.0,0.04382749161536948,0.04382749161536948,Increases Churn Prediction,4
12962.0,Monetary,170.54000000000002,0.06864755886979027,0.06864755886979027,Increases Churn Prediction,2
12962.0,TotalItems,78.0,0.0656526161837743,0.0656526161837743,Increases Churn Prediction,3
12962.0,AverageOrderValue,170.54000000000002,-0.0032325711101843357,0.0032325711101843357,Decreases Churn Prediction,6
12962.0,Tenure,0.0,0.01024777116625719,0.01024777116625719,Increases Churn Prediction,5
13078.0,Recency,16.0,-0.19975063895220813,0.19975063895220813,Decreases Churn Prediction,1
13078.0,Frequency,46.0,-0.12147778429647454,0.12147778429647454,Decreases Churn Prediction,2
13078.0,Monetary,23821.66,-0.09715902572760328,0.09715902572760328,Decreases Churn Prediction,3
13078.0,TotalItems,9053.0,-0.07834122139531481,0.07834122139531481,Decreases Churn Prediction,4
13078.0,AverageOrderValue,517.8621739130434,0.004243287656940936,0.004243287656940936,Increases Churn Prediction,6
13078.0,Tenure,632.0,-0.041518337636276416,0.041518337636276416,Decreases Churn Prediction,5
14913.0,Recency,92.0,-0.1456193669249005,0.1456193669249005,Decreases Churn Prediction,1
14913.0,Frequency,7.0,-0.0612059407530427,0.0612059407530427,Decreases Churn Prediction,4
14913.0,Monetary,3762.85,-0.07503647496474272,0.07503647496474272,Decreases Churn Prediction,2
14913.0,TotalItems,3574.0,-0.07463130446271318,0.07463130446271318,Decreases Churn Prediction,3
14913.0,AverageOrderValue,537.55,0.001714850670672629,0.001714850670672629,Increases Churn Prediction,6
14913.0,Tenure,302.0,-0.015927756348359343,0.015927756348359343,Decreases Churn Prediction,5
12609.0,Recency,95.0,-0.11104458062894762,0.11104458062894762,Decreases Churn Prediction,1
12609.0,Frequency,8.0,-0.06338557982217395,0.06338557982217395,Decreases Churn Prediction,3
12609.0,Monetary,3109.74,-0.06367295750721277,0.06367295750721277,Decreases Churn Prediction,2
12609.0,TotalItems,1423.0,-0.04993736286102521,0.04993736286102521,Decreases Churn Prediction,4
12609.0,AverageOrderValue,388.7175,-0.00705477102176013,0.00705477102176013,Decreases Churn Prediction,6
12609.0,Tenure,533.0,-0.020267009465616048,0.020267009465616048,Decreases Churn Prediction,5
14113.0,Recency,264.0,0.06658909435631497,0.06658909435631497,Increases Churn Prediction,1
14113.0,Frequency,13.0,-0.06598220740889926,0.06598220740889926,Decreases Churn Prediction,2
14113.0,Monetary,5685.6900000000005,-0.045230857933822206,0.045230857933822206,Decreases Churn Prediction,4
14113.0,TotalItems,2796.0,-0.05736630905724681,0.05736630905724681,Decreases Churn Prediction,3
14113.0,AverageOrderValue,437.3607692307693,0.003398816383602968,0.003398816383602968,Increases Churn Prediction,6
14113.0,Tenure,377.0,-0.03161294386184502,0.03161294386184502,Decreases Churn Prediction,5
14585.0,Recency,292.0,0.05907600120752968,0.05907600120752968,Increases Churn Prediction,1
14585.0,Frequency,4.0,0.004794895775706069,0.004794895775706069,Increases Churn Prediction,3
14585.0,Monetary,986.22,-0.002378165615667456,0.002378165615667456,Decreases Churn Prediction,6
14585.0,TotalItems,539.0,-0.004405860753959871,0.004405860753959871,Decreases Churn Prediction,4
14585.0,AverageOrderValue,246.555,-0.011777933597022457,0.011777933597022457,Decreases Churn Prediction,2
14585.0,Tenure,34.0,0.0027983839183223606,0.0027983839183223606,Increases Churn Prediction,5
16494.0,Recency,206.0,0.04956432459115668,0.04956432459115668,Increases Churn Prediction,1
16494.0,Frequency,1.0,0.040371053285284744,0.040371053285284744,Increases Churn Prediction,2
16494.0,Monetary,826.53,-0.002106339336718461,0.002106339336718461,Decreases Churn Prediction,6
16494.0,TotalItems,675.0,-0.03789060288003185,0.03789060288003185,Decreases Churn Prediction,3
16494.0,AverageOrderValue,826.53,0.010269293597307327,0.010269293597307327,Increases Churn Prediction,5
16494.0,Tenure,0.0,0.013736183589395032,0.013736183589395032,Increases Churn Prediction,4
14410.0,Recency,1.0,-0.15727950499077567,0.15727950499077567,Decreases Churn Prediction,1
14410.0,Frequency,11.0,-0.07015797186657562,0.07015797186657562,Decreases Churn Prediction,2
14410.0,Monetary,2651.14,-0.0625138832662594,0.0625138832662594,Decreases Churn Prediction,3
14410.0,TotalItems,1377.0,-0.04617107724884137,0.04617107724884137,Decreases Churn Prediction,4
14410.0,AverageOrderValue,241.0127272727273,-0.011321753597286335,0.011321753597286335,Decreases Churn Prediction,5
14410.0,Tenure,344.0,-0.008289023325018593,0.008289023325018593,Decreases Churn Prediction,6
13695.0,Recency,7.0,-0.142966739062325,0.142966739062325,Decreases Churn Prediction,1
13695.0,Frequency,13.0,-0.09836198692777784,0.09836198692777784,Decreases Churn Prediction,2
13695.0,Monetary,2033.67,-0.025183502930656815,0.025183502930656815,Decreases Churn Prediction,4
13695.0,TotalItems,1362.0,-0.03946231235010439,0.03946231235010439,Decreases Churn Prediction,3
13695.0,AverageOrderValue,156.43615384615384,-0.011616485455885187,0.011616485455885187,Decreases Churn Prediction,5
13695.0,Tenure,479.0,-0.003942176911423227,0.003942176911423227,Decreases Churn Prediction,6
15950.0,Recency,15.0,-0.1552641783211156,0.1552641783211156,Decreases Churn Prediction,1
15950.0,Frequency,8.0,-0.07233756897470178,0.07233756897470178,Decreases Churn Prediction,4
15950.0,Monetary,6506.58,-0.08017796207621619,0.08017796207621619,Decreases Churn Prediction,2
15950.0,TotalItems,3100.0,-0.07258087351635119,0.07258087351635119,Decreases Churn Prediction,3
15950.0,AverageOrderValue,813.3225,0.0073322537050188735,0.0073322537050188735,Increases Churn Prediction,6
15950.0,Tenure,576.0,-0.02181595041881383,0.02181595041881383,Decreases Churn Prediction,5
17547.0,Recency,285.0,0.05815774957641571,0.05815774957641571,Increases Churn Prediction,1
17547.0,Frequency,2.0,0.02653646489984731,0.02653646489984731,Increases Churn Prediction,3
17547.0,Monetary,727.85,-0.0074176728956329915,0.0074176728956329915,Decreases Churn Prediction,5
17547.0,TotalItems,223.0,0.04160778539347854,0.04160778539347854,Increases Churn Prediction,2
17547.0,AverageOrderValue,363.925,-0.0030182005873063272,0.0030182005873063272,Decreases Churn Prediction,6
17547.0,Tenure,289.0,-0.008699600637017992,0.008699600637017992,Decreases Churn Prediction,4
15368.0,Recency,303.0,0.0744553305064209,0.0744553305064209,Increases Churn Prediction,1
15368.0,Frequency,1.0,0.034506277874322686,0.034506277874322686,Increases Churn Prediction,3
15368.0,Monetary,275.8,0.03149153294815499,0.03149153294815499,Increases Churn Prediction,4
15368.0,TotalItems,176.0,0.03538911788563309,0.03538911788563309,Increases Churn Prediction,2
15368.0,AverageOrderValue,275.8,-0.007008328349995575,0.007008328349995575,Decreases Churn Prediction,6
15368.0,Tenure,0.0,0.018708346239293294,0.018708346239293294,Increases Churn Prediction,5
15713.0,Recency,52.0,-0.11820929927482783,0.11820929927482783,Decreases Churn Prediction,1
15713.0,Frequency,4.0,0.018920254098039463,0.018920254098039463,Increases Churn Prediction,2
15713.0,Monetary,1010.79,0.006669030606034196,0.006669030606034196,Increases Churn Prediction,4
15713.0,TotalItems,510.0,0.005899614918307055,0.005899614918307055,Increases Churn Prediction,5
15713.0,AverageOrderValue,252.6975,-0.009875762122636182,0.009875762122636182,Decreases Churn Prediction,3
15713.0,Tenure,580.0,-0.000869961251053172,0.000869961251053172,Decreases Churn Prediction,6
17637.0,Recency,24.0,-0.1872764738689886,0.1872764738689886,Decreases Churn Prediction,1
17637.0,Frequency,1.0,0.03135319841837154,0.03135319841837154,Increases Churn Prediction,2
17637.0,Monetary,338.95,0.023660157148789808,0.023660157148789808,Increases Churn Prediction,4
17637.0,TotalItems,215.0,0.02439050267531665,0.02439050267531665,Increases Churn Prediction,3
17637.0,AverageOrderValue,338.95,-0.0009131685175897079,0.0009131685175897079,Decreases Churn Prediction,6
17637.0,Tenure,0.0,-0.0022435164007338654,0.0022435164007338654,Decreases Churn Prediction,5
15984.0,Recency,10.0,-0.18790815988040624,0.18790815988040624,Decreases Churn Prediction,1
15984.0,Frequency,27.0,-0.12447106670454906,0.12447106670454906,Decreases Churn Prediction,2
15984.0,Monetary,7770.41,-0.09402311888786676,0.09402311888786676,Decreases Churn Prediction,3
15984.0,TotalItems,5199.0,-0.07851816090868083,0.07851816090868083,Decreases Churn Prediction,4
15984.0,AverageOrderValue,287.792962962963,-0.005196740216986748,0.005196740216986748,Decreases Churn Prediction,6
15984.0,Tenure,637.0,-0.035675803827839844,0.035675803827839844,Decreases Churn Prediction,5
17265.0,Recency,48.0,-0.14245463420981114,0.14245463420981114,Decreases Churn Prediction,1
17265.0,Frequency,2.0,0.030590637031280114,0.030590637031280114,Increases Churn Prediction,2
17265.0,Monetary,562.9,0.011262130852329352,0.011262130852329352,Increases Churn Prediction,4
17265.0,TotalItems,394.0,0.008157461148139276,0.008157461148139276,Increases Churn Prediction,5
17265.0,AverageOrderValue,281.45,-0.00567015389760479,0.00567015389760479,Decreases Churn Prediction,6
17265.0,Tenure,41.0,-0.016316821080943004,0.016316821080943004,Decreases Churn Prediction,3
17109.0,Recency,141.0,0.004870469505394562,0.004870469505394562,Increases Churn Prediction,4
17109.0,Frequency,4.0,0.007045969928684927,0.007045969928684927,Increases Churn Prediction,3
17109.0,Monetary,875.01,-0.003566915783097334,0.003566915783097334,Decreases Churn Prediction,5
17109.0,TotalItems,448.0,0.0026129421359086316,0.0026129421359086316,Increases Churn Prediction,6
17109.0,AverageOrderValue,218.7525,-0.014267371574495457,0.014267371574495457,Decreases Churn Prediction,1
17109.0,Tenure,265.0,-0.011214130571230526,0.011214130571230526,Decreases Churn Prediction,2
15332.0,Recency,275.0,0.07140181297084083,0.07140181297084083,Increases Churn Prediction,1
15332.0,Frequency,6.0,-0.023313872766174637,0.023313872766174637,Decreases Churn Prediction,4
15332.0,Monetary,6553.74,-0.030411015945742206,0.030411015945742206,Decreases Churn Prediction,3
15332.0,TotalItems,2958.0,-0.048656587987703226,0.048656587987703226,Decreases Churn Prediction,2
15332.0,AverageOrderValue,1092.29,0.013602655564777338,0.013602655564777338,Increases Churn Prediction,5
15332.0,Tenure,147.0,0.012112066307092505,0.012112066307092505,Increases Churn Prediction,6
13794.0,Recency,456.0,0.15273083831449197,0.15273083831449197,Increases Churn Prediction,1
13794.0,Frequency,1.0,0.03366851046863618,0.03366851046863618,Increases Churn Prediction,4
13794.0,Monetary,126.03,0.05116438097990349,0.05116438097990349,Increases Churn Prediction,2
13794.0,TotalItems,63.0,0.05107448220641726,0.05107448220641726,Increases Churn Prediction,3
13794.0,AverageOrderValue,126.03,0.007093054702384145,0.007093054702384145,Increases Churn Prediction,6
13794.0,Tenure,0.0,0.02983231934066792,0.02983231934066792,Increases Churn Prediction,5
13252.0,Recency,303.0,0.07243134623981498,0.07243134623981498,Increases Churn Prediction,1
13252.0,Frequency,2.0,0.025056041578455184,0.025056041578455184,Increases Churn Prediction,4
13252.0,Monetary,399.3,0.03292541822472797,0.03292541822472797,Increases Churn Prediction,3
13252.0,TotalItems,134.0,0.04548312489436364,0.04548312489436364,Increases Churn Prediction,2
13252.0,AverageOrderValue,199.65,-0.009146629452645673,0.009146629452645673,Decreases Churn Prediction,5
13252.0,Tenure,231.0,-0.003555388112106681,0.003555388112106681,Decreases Churn Prediction,6
17194.0,Recency,183.0,0.026629536678939594,0.026629536678939594,Increases Churn Prediction,1
17194.0,Frequency,3.0,0.013015081146137225,0.013015081146137225,Increases Churn Prediction,2
17194.0,Monetary,812.5,-0.003798500903966426,0.003798500903966426,Decreases Churn Prediction,5
17194.0,TotalItems,420.0,0.0002793096621893504,0.0002793096621893504,Increases Churn Prediction,6
17194.0,AverageOrderValue,270.8333333333333,-0.00738499284250921,0.00738499284250921,Decreases Churn Prediction,4
17194.0,Tenure,256.0,-0.007972597026202401,0.007972597026202401,Decreases Churn Prediction,3
13541.0,Recency,336.0,0.10109930120476762,0.10109930120476762,Increases Churn Prediction,1
13541.0,Frequency,2.0,0.019526188147405227,0.019526188147405227,Increases Churn Prediction,3
13541.0,Monetary,785.25,-0.0038149489159728656,0.0038149489159728656,Decreases Churn Prediction,4
13541.0,TotalItems,279.0,0.03785525348525034,0.03785525348525034,Increases Churn Prediction,2
13541.0,AverageOrderValue,392.625,-0.0012246121331117923,0.0012246121331117923,Decreases Churn Prediction,5
13541.0,Tenure,143.0,-0.0005081375779976312,0.0005081375779976312,Decreases Churn Prediction,6
12924.0,Recency,107.0,-0.09916856516192306,0.09916856516192306,Decreases Churn Prediction,1
12924.0,Frequency,11.0,-0.08733632117710452,0.08733632117710452,Decreases Churn Prediction,2
12924.0,Monetary,2190.9700000000003,-0.053587370906524975,0.053587370906524975,Decreases Churn Prediction,3
12924.0,TotalItems,1227.0,-0.04531298869329929,0.04531298869329929,Decreases Churn Prediction,4
12924.0,AverageOrderValue,199.17909090909092,-0.017297376565636114,0.017297376565636114,Decreases Churn Prediction,5
12924.0,Tenure,532.0,-0.016720756690112946,0.016720756690112946,Decreases Churn Prediction,6
14889.0,Recency,245.0,0.0719155338397458,0.0719155338397458,Increases Churn Prediction,1
14889.0,Frequency,1.0,0.03934674429265671,0.03934674429265671,Increases Churn Prediction,4
14889.0,Monetary,135.9,0.06282561267230033,0.06282561267230033,Increases Churn Prediction,2
14889.0,TotalItems,90.0,0.05044731790597347,0.05044731790597347,Increases Churn Prediction,3
14889.0,AverageOrderValue,135.9,0.005042039801903753,0.005042039801903753,Increases Churn Prediction,6
14889.0,Tenure,0.0,0.027129752076124374,0.027129752076124374,Increases Churn Prediction,5
12533.0,Recency,537.0,0.1894162047013857,0.1894162047013857,Increases Churn Prediction,1
12533.0,Frequency,2.0,0.02352484212045698,0.02352484212045698,Increases Churn Prediction,3
12533.0,Monetary,1367.89,-0.014249020868554688,0.014249020868554688,Decreases Churn Prediction,4
12533.0,TotalItems,704.0,-0.0268134507734204,0.0268134507734204,Decreases Churn Prediction,2
12533.0,AverageOrderValue,683.945,0.00921954595071529,0.00921954595071529,Increases Churn Prediction,5
12533.0,Tenure,110.0,-0.0007218698569398663,0.0007218698569398663,Decreases Churn Prediction,6
14275.0,Recency,305.0,0.06954474163828811,0.06954474163828811,Increases Churn Prediction,1
14275.0,Frequency,6.0,-0.009092083968683932,0.009092083968683932,Decreases Churn Prediction,3
14275.0,Monetary,1189.38,0.0023344126999535753,0.0023344126999535753,Increases Churn Prediction,5
14275.0,TotalItems,538.0,0.0007589870318641667,0.0007589870318641667,Increases Churn Prediction,6
14275.0,AverageOrderValue,198.23,-0.011688554885077453,0.011688554885077453,Decreases Churn Prediction,2
14275.0,Tenure,211.0,0.003194240874785096,0.003194240874785096,Increases Churn Prediction,4
13194.0,Recency,45.0,-0.13866649012102947,0.13866649012102947,Decreases Churn Prediction,1
13194.0,Frequency,2.0,0.03549346146186333,0.03549346146186333,Increases Churn Prediction,2
13194.0,Monetary,472.78,0.018287284249992743,0.018287284249992743,Increases Churn Prediction,4
13194.0,TotalItems,326.0,0.029700257785196582,0.029700257785196582,Increases Churn Prediction,3
13194.0,AverageOrderValue,236.39,-0.00991932226627649,0.00991932226627649,Decreases Churn Prediction,5
13194.0,Tenure,285.0,-0.005329929563049974,0.005329929563049974,Decreases Churn Prediction,6
16648.0,Recency,365.0,0.12835228226366327,0.12835228226366327,Increases Churn Prediction,1
16648.0,Frequency,2.0,0.01783095596402591,0.01783095596402591,Increases Churn Prediction,4
16648.0,Monetary,382.14,0.021366437986716294,0.021366437986716294,Increases Churn Prediction,3
16648.0,TotalItems,222.0,0.03072639879508514,0.03072639879508514,Increases Churn Prediction,2
16648.0,AverageOrderValue,191.07,-0.01254412413552004,0.01254412413552004,Decreases Churn Prediction,5
16648.0,Tenure,134.0,-0.0012081288253732933,0.0012081288253732933,Decreases Churn Prediction,6
17544.0,Recency,299.0,0.05985349296339247,0.05985349296339247,Increases Churn Prediction,1
17544.0,Frequency,3.0,0.009812468152084666,0.009812468152084666,Increases Churn Prediction,3
17544.0,Monetary,960.69,-0.0029252195297078502,0.0029252195297078502,Decreases Churn Prediction,5
17544.0,TotalItems,439.0,-0.0028937856372585717,0.0028937856372585717,Decreases Churn Prediction,6
17544.0,AverageOrderValue,320.23,-0.0055994394619077875,0.0055994394619077875,Decreases Churn Prediction,4
17544.0,Tenure,0.0,0.0186582010255702,0.0186582010255702,Increases Churn Prediction,2
16470.0,Recency,25.0,-0.14136364128998474,0.14136364128998474,Decreases Churn Prediction,1
16470.0,Frequency,10.0,-0.09079325920945996,0.09079325920945996,Decreases Churn Prediction,2
16470.0,Monetary,2235.34,-0.05105184735290559,0.05105184735290559,Decreases Churn Prediction,3
16470.0,TotalItems,1184.0,-0.039810222645858095,0.039810222645858095,Decreases Churn Prediction,4
16470.0,AverageOrderValue,223.534,-0.01538738013976828,0.01538738013976828,Decreases Churn Prediction,5
16470.0,Tenure,612.0,-0.014985032869076289,0.014985032869076289,Decreases Churn Prediction,6
14302.0,Recency,340.0,0.09699526494078978,0.09699526494078978,Increases Churn Prediction,1
14302.0,Frequency,3.0,0.00843665140931775,0.00843665140931775,Increases Churn Prediction,4
14302.0,Monetary,742.9000000000001,-0.00448941606782886,0.00448941606782886,Decreases Churn Prediction,6
14302.0,TotalItems,298.0,0.027770889534969923,0.027770889534969923,Increases Churn Prediction,2
14302.0,AverageOrderValue,247.63333333333333,-0.008310885864535739,0.008310885864535739,Decreases Churn Prediction,5
14302.0,Tenure,306.0,-0.008653979002015762,0.008653979002015762,Decreases Churn Prediction,3
15306.0,Recency,2.0,-0.13886010079938194,0.13886010079938194,Decreases Churn Prediction,1
15306.0,Frequency,8.0,-0.06287121436087066,0.06287121436087066,Decreases Churn Prediction,3
15306.0,Monetary,2967.45,-0.06316634480587807,0.06316634480587807,Decreases Churn Prediction,2
15306.0,TotalItems,2776.0,-0.06120925925189555,0.06120925925189555,Decreases Churn Prediction,4
15306.0,AverageOrderValue,370.93125,-0.0022144714747617724,0.0022144714747617724,Decreases Churn Prediction,6
15306.0,Tenure,566.0,-0.019048955039421493,0.019048955039421493,Decreases Churn Prediction,5
17535.0,Recency,189.0,0.052544916625183624,0.052544916625183624,Increases Churn Prediction,2
17535.0,Frequency,1.0,0.042378229723752825,0.042378229723752825,Increases Churn Prediction,3
17535.0,Monetary,164.4,0.06873099719489369,0.06873099719489369,Increases Churn Prediction,1
17535.0,TotalItems,136.0,0.042004102595493684,0.042004102595493684,Increases Churn Prediction,4
17535.0,AverageOrderValue,164.4,-0.0011711703390056664,0.0011711703390056664,Decreases Churn Prediction,6
17535.0,Tenure,0.0,0.025111138133929362,0.025111138133929362,Increases Churn Prediction,5
14741.0,Recency,22.0,-0.1552502421885572,0.1552502421885572,Decreases Churn Prediction,1
14741.0,Frequency,5.0,-0.003449801018175486,0.003449801018175486,Decreases Churn Prediction,6
14741.0,Monetary,1362.21,-0.020795426630492147,0.020795426630492147,Decreases Churn Prediction,3
14741.0,TotalItems,837.0,-0.04193344248529804,0.04193344248529804,Decreases Churn Prediction,2
14741.0,AverageOrderValue,272.442,-0.008480295246946181,0.008480295246946181,Decreases Churn Prediction,5
14741.0,Tenure,304.0,-0.009494672578169027,0.009494672578169027,Decreases Churn Prediction,4
17209.0,Recency,558.0,0.1861356409492393,0.1861356409492393,Increases Churn Prediction,1
17209.0,Frequency,3.0,0.014858456384136794,0.014858456384136794,Increases Churn Prediction,3
17209.0,Monetary,611.6,-0.008169005904825534,0.008169005904825534,Decreases Churn Prediction,5
17209.0,TotalItems,731.0,-0.03077863970641151,0.03077863970641151,Decreases Churn Prediction,2
17209.0,AverageOrderValue,203.86666666666667,-0.007098237949593644,0.007098237949593644,Decreases Churn Prediction,6
17209.0,Tenure,87.0,0.010449983860729265,0.010449983860729265,Increases Churn Prediction,4
15996.0,Recency,25.0,-0.15714053841153788,0.15714053841153788,Decreases Churn Prediction,1
15996.0,Frequency,6.0,-0.01917707283770272,0.01917707283770272,Decreases Churn Prediction,3
15996.0,Monetary,1534.08,-0.01708255956626784,0.01708255956626784,Decreases Churn Prediction,4
15996.0,TotalItems,703.0,-0.03398622191001005,0.03398622191001005,Decreases Churn Prediction,2
15996.0,AverageOrderValue,255.68,-0.009811211657477377,0.009811211657477377,Decreases Churn Prediction,6
15996.0,Tenure,280.0,-0.011257251354641852,0.011257251354641852,Decreases Churn Prediction,5
13358.0,Recency,178.0,0.05378524015936721,0.05378524015936721,Increases Churn Prediction,1
13358.0,Frequency,1.0,0.039268292717230174,0.039268292717230174,Increases Churn Prediction,2
13358.0,Monetary,439.03,0.03222975461119451,0.03222975461119451,Increases Churn Prediction,4
13358.0,TotalItems,285.0,0.037975054832716015,0.037975054832716015,Increases Churn Prediction,3
13358.0,AverageOrderValue,439.03,0.0017021657383622414,0.0017021657383622414,Increases Churn Prediction,6
13358.0,Tenure,0.0,0.017649664876002173,0.017649664876002173,Increases Churn Prediction,5
15879.0,Recency,313.0,0.07414993823549505,0.07414993823549505,Increases Churn Prediction,1
15879.0,Frequency,4.0,0.007153002181307589,0.007153002181307589,Increases Churn Prediction,4
15879.0,Monetary,1157.3,0.005899023197795613,0.005899023197795613,Increases Churn Prediction,6
15879.0,TotalItems,643.0,-0.024264855950760635,0.024264855950760635,Decreases Churn Prediction,2
15879.0,AverageOrderValue,289.325,-0.006060537015332521,0.006060537015332521,Decreases Churn Prediction,5
15879.0,Tenure,317.0,-0.007699852069242886,0.007699852069242886,Decreases Churn Prediction,3
18101.0,Recency,52.0,-0.12069354257885821,0.12069354257885821,Decreases Churn Prediction,1
18101.0,Frequency,4.0,0.017214389315166147,0.017214389315166147,Increases Churn Prediction,4
18101.0,Monetary,515.74,0.02339940117764431,0.02339940117764431,Increases Churn Prediction,3
18101.0,TotalItems,187.0,0.026017253391461832,0.026017253391461832,Increases Churn Prediction,2
18101.0,AverageOrderValue,128.935,0.0034043603623169095,0.0034043603623169095,Increases Churn Prediction,6
18101.0,Tenure,530.0,-0.007665119092492036,0.007665119092492036,Decreases Churn Prediction,5
17091.0,Recency,7.0,-0.18101266746188277,0.18101266746188277,Decreases Churn Prediction,1
17091.0,Frequency,17.0,-0.12243771318040696,0.12243771318040696,Decreases Churn Prediction,2
17091.0,Monetary,6675.34,-0.09246971575439757,0.09246971575439757,Decreases Churn Prediction,3
17091.0,TotalItems,3389.0,-0.07555494516248194,0.07555494516248194,Decreases Churn Prediction,4
17091.0,AverageOrderValue,392.66705882352943,-0.0018067215584102094,0.0018067215584102094,Decreases Churn Prediction,6
17091.0,Tenure,624.0,-0.033799694746781836,0.033799694746781836,Decreases Churn Prediction,5
16469.0,Recency,155.0,0.017792230367324816,0.017792230367324816,Increases Churn Prediction,2
16469.0,Frequency,3.0,0.007894481100288914,0.007894481100288914,Increases Churn Prediction,6
16469.0,Monetary,455.36,0.015662081473855245,0.015662081473855245,Increases Churn Prediction,3
16469.0,TotalItems,186.0,0.037536379693904456,0.037536379693904456,Increases Churn Prediction,1
16469.0,AverageOrderValue,151.78666666666666,-0.009201984197218275,0.009201984197218275,Decreases Churn Prediction,5
16469.0,Tenure,267.0,-0.010516748638390184,0.010516748638390184,Decreases Churn Prediction,4
16834.0,Recency,137.0,0.0015921025794793514,0.0015921025794793514,Increases Churn Prediction,6
16834.0,Frequency,2.0,0.033678971629093925,0.033678971629093925,Increases Churn Prediction,2
16834.0,Monetary,898.96,0.010807719450887925,0.010807719450887925,Increases Churn Prediction,3
16834.0,TotalItems,760.0,-0.04034626077331685,0.04034626077331685,Decreases Churn Prediction,1
16834.0,AverageOrderValue,449.48,0.008771625591671085,0.008771625591671085,Increases Churn Prediction,4
16834.0,Tenure,446.0,-0.002349290415233553,0.002349290415233553,Decreases Churn Prediction,5
17799.0,Recency,8.0,-0.18007497080398055,0.18007497080398055,Decreases Churn Prediction,1
17799.0,Frequency,19.0,-0.1259708884970127,0.1259708884970127,Decreases Churn Prediction,2
17799.0,Monetary,5817.71,-0.08641780713084102,0.08641780713084102,Decreases Churn Prediction,3
17799.0,TotalItems,3298.0,-0.07326973052256786,0.07326973052256786,Decreases Churn Prediction,4
17799.0,AverageOrderValue,306.1952631578947,-0.005092423441039797,0.005092423441039797,Decreases Churn Prediction,6
17799.0,Tenure,626.0,-0.03445887681127928,0.03445887681127928,Decreases Churn Prediction,5
17127.0,Recency,338.0,0.10755356410571103,0.10755356410571103,Increases Churn Prediction,1
17127.0,Frequency,5.0,-0.0002561598242872831,0.0002561598242872831,Decreases Churn Prediction,6
17127.0,Monetary,1155.0300000000002,0.004120191596236722,0.004120191596236722,Increases Churn Prediction,5
17127.0,TotalItems,340.0,0.010562391840450783,0.010562391840450783,Increases Churn Prediction,2
17127.0,AverageOrderValue,231.00600000000003,-0.009481366566461279,0.009481366566461279,Decreases Churn Prediction,3
17127.0,Tenure,306.0,-0.006353338577210401,0.006353338577210401,Decreases Churn Prediction,4
14483.0,Recency,191.0,0.03392994005275425,0.03392994005275425,Increases Churn Prediction,3
14483.0,Frequency,2.0,0.027462372239410834,0.027462372239410834,Increases Churn Prediction,4
14483.0,Monetary,257.1,0.03518283978526837,0.03518283978526837,Increases Churn Prediction,2
14483.0,TotalItems,193.0,0.04040656036949515,0.04040656036949515,Increases Churn Prediction,1
14483.0,AverageOrderValue,128.55,0.0029931596754304533,0.0029931596754304533,Increases Churn Prediction,6
14483.0,Tenure,455.0,-0.026431777748648737,0.026431777748648737,Decreases Churn Prediction,5
17576.0,Recency,8.0,-0.18640046094527005,0.18640046094527005,Decreases Churn Prediction,1
17576.0,Frequency,36.0,-0.12689444818827778,0.12689444818827778,Decreases Churn Prediction,2
17576.0,Monetary,7741.08,-0.09196416197617838,0.09196416197617838,Decreases Churn Prediction,3
17576.0,TotalItems,4154.0,-0.07574677017749407,0.07574677017749407,Decreases Churn Prediction,4
17576.0,AverageOrderValue,215.03,-0.008807826160250467,0.008807826160250467,Decreases Churn Prediction,6
17576.0,Tenure,636.0,-0.03560816239124391,0.03560816239124391,Decreases Churn Prediction,5
13152.0,Recency,326.0,0.11668351739735844,0.11668351739735844,Increases Churn Prediction,1
13152.0,Frequency,7.0,-0.01181775808114323,0.01181775808114323,Decreases Churn Prediction,4
13152.0,Monetary,2146.38,-0.029786747133432448,0.029786747133432448,Decreases Churn Prediction,3
13152.0,TotalItems,977.0,-0.03786621600971807,0.03786621600971807,Decreases Churn Prediction,2
13152.0,AverageOrderValue,306.6257142857143,-0.0027686707095247245,0.0027686707095247245,Decreases Churn Prediction,6
13152.0,Tenure,277.0,-0.0037454747346045217,0.0037454747346045217,Decreases Churn Prediction,5
12623.0,Recency,185.0,0.020388934312423168,0.020388934312423168,Increases Churn Prediction,5
12623.0,Frequency,7.0,-0.05251596765676178,0.05251596765676178,Decreases Churn Prediction,2
12623.0,Monetary,3747.84,-0.05159563625904641,0.05159563625904641,Decreases Churn Prediction,3
12623.0,TotalItems,1971.0,-0.053623104691848805,0.053623104691848805,Decreases Churn Prediction,1
12623.0,AverageOrderValue,535.4057142857143,0.009744424817533483,0.009744424817533483,Increases Churn Prediction,6
12623.0,Tenure,420.0,-0.0235666782407132,0.0235666782407132,Decreases Churn Prediction,4
15203.0,Recency,15.0,-0.1715941035800158,0.1715941035800158,Decreases Churn Prediction,1
15203.0,Frequency,13.0,-0.1195055751519247,0.1195055751519247,Decreases Churn Prediction,2
15203.0,Monetary,3900.7,-0.08297407365917386,0.08297407365917386,Decreases Churn Prediction,3
15203.0,TotalItems,3768.0,-0.07114782537782008,0.07114782537782008,Decreases Churn Prediction,4
15203.0,AverageOrderValue,300.05384615384617,-0.005440244050535049,0.005440244050535049,Decreases Churn Prediction,6
15203.0,Tenure,625.0,-0.03242133562946117,0.03242133562946117,Decreases Churn Prediction,5
13537.0,Recency,335.0,0.09731919138873912,0.09731919138873912,Increases Churn Prediction,1
13537.0,Frequency,2.0,0.01868382611650147,0.01868382611650147,Increases Churn Prediction,2
13537.0,Monetary,717.85,-0.008980637932624007,0.008980637932624007,Decreases Churn Prediction,4
13537.0,TotalItems,337.0,0.014491766270823096,0.014491766270823096,Increases Churn Prediction,3
13537.0,AverageOrderValue,358.925,-0.003813817929764013,0.003813817929764013,Decreases Churn Prediction,6
13537.0,Tenure,26.0,0.007067250019242743,0.007067250019242743,Increases Churn Prediction,5
15092.0,Recency,124.0,-0.050042765069622214,0.050042765069622214,Decreases Churn Prediction,1
15092.0,Frequency,3.0,0.01094194556571761,0.01094194556571761,Increases Churn Prediction,3
15092.0,Monetary,776.46,0.0008103439088184734,0.0008103439088184734,Increases Churn Prediction,6
15092.0,TotalItems,230.0,0.04031321636878406,0.04031321636878406,Increases Churn Prediction,2
15092.0,AverageOrderValue,258.82,-0.007278793037964209,0.007278793037964209,Decreases Churn Prediction,5
15092.0,Tenure,247.0,-0.009425524995327294,0.009425524995327294,Decreases Churn Prediction,4
15071.0,Recency,3.0,-0.11342634243371319,0.11342634243371319,Decreases Churn Prediction,1
15071.0,Frequency,4.0,0.021514343722809366,0.021514343722809366,Increases Churn Prediction,2
15071.0,Monetary,1455.56,-0.004745005208133365,0.004745005208133365,Decreases Churn Prediction,5
15071.0,TotalItems,416.0,0.012856014130840926,0.012856014130840926,Increases Churn Prediction,4
15071.0,AverageOrderValue,363.89,-0.0002412429933927769,0.0002412429933927769,Decreases Churn Prediction,6
15071.0,Tenure,476.0,0.01857169819377183,0.01857169819377183,Increases Churn Prediction,3
17426.0,Recency,0.0,-0.16997193207665412,0.16997193207665412,Decreases Churn Prediction,1
17426.0,Frequency,11.0,-0.0993762387153723,0.0993762387153723,Decreases Churn Prediction,2
17426.0,Monetary,7321.1,-0.09088315294863009,0.09088315294863009,Decreases Churn Prediction,3
17426.0,TotalItems,4634.0,-0.08435299943890454,0.08435299943890454,Decreases Churn Prediction,4
17426.0,AverageOrderValue,665.5545454545455,0.003397908209152596,0.003397908209152596,Increases Churn Prediction,6
17426.0,Tenure,569.0,-0.02836648644835941,0.02836648644835941,Decreases Churn Prediction,5
12431.0,Recency,28.0,-0.18371867467875885,0.18371867467875885,Decreases Churn Prediction,1
12431.0,Frequency,23.0,-0.11942693364750814,0.11942693364750814,Decreases Churn Prediction,2
12431.0,Monetary,9245.09,-0.08959589188190904,0.08959589188190904,Decreases Churn Prediction,3
12431.0,TotalItems,3919.0,-0.0766603059401177,0.0766603059401177,Decreases Churn Prediction,4
12431.0,AverageOrderValue,401.96043478260873,-0.0002956615198456587,0.0002956615198456587,Decreases Churn Prediction,6
12431.0,Tenure,574.0,-0.03367700520092551,0.03367700520092551,Decreases Churn Prediction,5
12690.0,Recency,115.0,-0.06212391654718158,0.06212391654718158,Decreases Churn Prediction,1
12690.0,Frequency,1.0,0.04225557922821675,0.04225557922821675,Increases Churn Prediction,3
12690.0,Monetary,389.01,0.035324686402494074,0.035324686402494074,Increases Churn Prediction,4
12690.0,TotalItems,106.0,0.04375852700564724,0.04375852700564724,Increases Churn Prediction,2
12690.0,AverageOrderValue,389.01,-0.0003760264662889985,0.0003760264662889985,Decreases Churn Prediction,6
12690.0,Tenure,0.0,0.013731490645945466,0.013731490645945466,Increases Churn Prediction,5
13628.0,Recency,585.0,0.17160645327120877,0.17160645327120877,Increases Churn Prediction,1
13628.0,Frequency,1.0,0.03160914781676931,0.03160914781676931,Increases Churn Prediction,2
13628.0,Monetary,310.14,0.02766288857406223,0.02766288857406223,Increases Churn Prediction,4
13628.0,TotalItems,106.0,0.03021130917550326,0.03021130917550326,Increases Churn Prediction,3
13628.0,AverageOrderValue,310.14,-0.0042332490018578105,0.0042332490018578105,Decreases Churn Prediction,6
13628.0,Tenure,0.0,0.02217569858481858,0.02217569858481858,Increases Churn Prediction,5
12432.0,Recency,79.0,-0.12982033920574118,0.12982033920574118,Decreases Churn Prediction,1
12432.0,Frequency,3.0,0.0279071997391974,0.0279071997391974,Increases Churn Prediction,4
12432.0,Monetary,4016.66,-0.041214444474700206,0.041214444474700206,Decreases Churn Prediction,3
12432.0,TotalItems,1427.0,-0.05243169494684014,0.05243169494684014,Decreases Churn Prediction,2
12432.0,AverageOrderValue,1338.8866666666663,0.018844998687068883,0.018844998687068883,Increases Churn Prediction,5
12432.0,Tenure,1.0,0.005483883529165089,0.005483883529165089,Increases Churn Prediction,6
17282.0,Recency,39.0,-0.13187220512862813,0.13187220512862813,Decreases Churn Prediction,1
17282.0,Frequency,5.0,-0.0016697278339371114,0.0016697278339371114,Decreases Churn Prediction,6
17282.0,Monetary,2339.66,-0.04004463518387766,0.04004463518387766,Decreases Churn Prediction,3
17282.0,TotalItems,2351.0,-0.0470918144817313,0.0470918144817313,Decreases Churn Prediction,2
17282.0,AverageOrderValue,467.932,0.004646346826594042,0.004646346826594042,Increases Churn Prediction,5
17282.0,Tenure,418.0,0.012766845115068013,0.012766845115068013,Increases Churn Prediction,4
18025.0,Recency,289.0,0.06658072236564844,0.06658072236564844,Increases Churn Prediction,1
18025.0,Frequency,6.0,-0.0137655953647776,0.0137655953647776,Decreases Churn Prediction,3
18025.0,Monetary,1177.72,0.005988049850422124,0.005988049850422124,Increases Churn Prediction,5
18025.0,TotalItems,1053.0,-0.043698516669728744,0.043698516669728744,Decreases Churn Prediction,2
18025.0,AverageOrderValue,196.28666666666663,-0.0092321322870295,0.0092321322870295,Decreases Churn Prediction,4
18025.0,Tenure,239.0,0.002807256963375835,0.002807256963375835,Increases Churn Prediction,6
14266.0,Recency,337.0,0.09629313825066038,0.09629313825066038,Increases Churn Prediction,1
14266.0,Frequency,1.0,0.03511839940638812,0.03511839940638812,Increases Churn Prediction,5
14266.0,Monetary,40.56,0.05866719226745184,0.05866719226745184,Increases Churn Prediction,3
14266.0,TotalItems,24.0,0.06501547000348268,0.06501547000348268,Increases Churn Prediction,2
14266.0,AverageOrderValue,40.56,0.021213185185364462,0.021213185185364462,Increases Churn Prediction,6
14266.0,Tenure,0.0,0.03529223647706955,0.03529223647706955,Increases Churn Prediction,4
16852.0,Recency,85.0,-0.07107360957901644,0.07107360957901644,Decreases Churn Prediction,2
16852.0,Frequency,1.0,0.043588154423594774,0.043588154423594774,Increases Churn Prediction,4
16852.0,Monetary,113.06,0.06594348450583401,0.06594348450583401,Increases Churn Prediction,3
16852.0,TotalItems,51.0,0.07431667031047204,0.07431667031047204,Increases Churn Prediction,1
16852.0,AverageOrderValue,113.06,0.011309645193177585,0.011309645193177585,Increases Churn Prediction,6
16852.0,Tenure,0.0,0.01897396281522374,0.01897396281522374,Increases Churn Prediction,5
17709.0,Recency,79.0,-0.07581774739177347,0.07581774739177347,Decreases Churn Prediction,1
17709.0,Frequency,5.0,0.007085523778912542,0.007085523778912542,Increases Churn Prediction,5
17709.0,Monetary,671.01,0.014629861862769877,0.014629861862769877,Increases Churn Prediction,3
17709.0,TotalItems,295.0,0.03361088965950944,0.03361088965950944,Increases Churn Prediction,2
17709.0,AverageOrderValue,134.202,0.011407744468792058,0.011407744468792058,Increases Churn Prediction,4
17709.0,Tenure,433.0,0.0003543891160528237,0.0003543891160528237,Increases Churn Prediction,6
16964.0,Recency,642.0,0.15374527211477193,0.15374527211477193,Increases Churn Prediction,1
16964.0,Frequency,2.0,0.020822039888261003,0.020822039888261003,Increases Churn Prediction,5
16964.0,Monetary,207.85,0.034602166593879324,0.034602166593879324,Increases Churn Prediction,3
16964.0,TotalItems,49.0,0.051704306729815214,0.051704306729815214,Increases Churn Prediction,2
16964.0,AverageOrderValue,103.925,0.006252442896634108,0.006252442896634108,Increases Churn Prediction,6
16964.0,Tenure,0.0,0.0262003727403327,0.0262003727403327,Increases Churn Prediction,4
14017.0,Recency,480.0,0.1622548981560158,0.1622548981560158,Increases Churn Prediction,1
14017.0,Frequency,1.0,0.03521447236911659,0.03521447236911659,Increases Churn Prediction,3
14017.0,Monetary,229.75,0.030213162868832848,0.030213162868832848,Increases Churn Prediction,4
14017.0,TotalItems,73.0,0.05121343797438539,0.05121343797438539,Increases Churn Prediction,2
14017.0,AverageOrderValue,229.75,-0.0045076093832098,0.0045076093832098,Decreases Churn Prediction,6
14017.0,Tenure,0.0,0.02605368495377164,0.02605368495377164,Increases Churn Prediction,5
14512.0,Recency,97.0,-0.09426367820328482,0.09426367820328482,Decreases Churn Prediction,1
14512.0,Frequency,7.0,-0.04896871904174699,0.04896871904174699,Decreases Churn Prediction,2
14512.0,Monetary,1223.47,-0.005275175266383821,0.005275175266383821,Decreases Churn Prediction,6
14512.0,TotalItems,742.0,-0.03213690795879289,0.03213690795879289,Decreases Churn Prediction,3
14512.0,AverageOrderValue,174.78142857142856,-0.00965225429320282,0.00965225429320282,Decreases Churn Prediction,5
14512.0,Tenure,544.0,-0.010703994926949007,0.010703994926949007,Decreases Churn Prediction,4
17951.0,Recency,267.0,0.05303368008324409,0.05303368008324409,Increases Churn Prediction,1
17951.0,Frequency,3.0,0.010515658528473072,0.010515658528473072,Increases Churn Prediction,2
17951.0,Monetary,1037.0400000000002,-0.001873380657839322,0.001873380657839322,Decreases Churn Prediction,5
17951.0,TotalItems,502.0,-0.004483012275253866,0.004483012275253866,Decreases Churn Prediction,4
17951.0,AverageOrderValue,345.68000000000006,-0.00583393890471599,0.00583393890471599,Decreases Churn Prediction,3
17951.0,Tenure,45.0,0.0009906658328699657,0.0009906658328699657,Increases Churn Prediction,6
17649.0,Recency,47.0,-0.1371928824565582,0.1371928824565582,Decreases Churn Prediction,1
17649.0,Frequency,3.0,0.030605054553833805,0.030605054553833805,Increases Churn Prediction,3
17649.0,Monetary,1578.89,-0.005203382247532426,0.005203382247532426,Decreases Churn Prediction,5
17649.0,TotalItems,723.0,-0.03245750496642198,0.03245750496642198,Decreases Churn Prediction,2
17649.0,AverageOrderValue,526.2966666666667,0.011792204953759574,0.011792204953759574,Increases Churn Prediction,4
17649.0,Tenure,334.0,-0.0044198427819128455,0.0044198427819128455,Decreases Churn Prediction,6
15447.0,Recency,240.0,0.05698397093976544,0.05698397093976544,Increases Churn Prediction,1
15447.0,Frequency,5.0,0.0010485325207831506,0.0010485325207831506,Increases Churn Prediction,6
15447.0,Monetary,492.88,0.017063265282096986,0.017063265282096986,Increases Churn Prediction,4
15447.0,TotalItems,228.0,0.04203548501441293,0.04203548501441293,Increases Churn Prediction,2
15447.0,AverageOrderValue,98.576,0.0249222623543379,0.0249222623543379,Increases Churn Prediction,3
15447.0,Tenure,294.0,-0.004254695064078964,0.004254695064078964,Decreases Churn Prediction,5
15569.0,Recency,13.0,-0.15214416997579155,0.15214416997579155,Decreases Churn Prediction,1
15569.0,Frequency,10.0,-0.09424390956627661,0.09424390956627661,Decreases Churn Prediction,2
15569.0,Monetary,3586.35,-0.0713575037541185,0.0713575037541185,Decreases Churn Prediction,3
15569.0,TotalItems,1736.0,-0.04683153525384833,0.04683153525384833,Decreases Churn Prediction,4
15569.0,AverageOrderValue,358.635,-0.003173500136047879,0.003173500136047879,Decreases Churn Prediction,6
15569.0,Tenure,545.0,-0.017366073200919582,0.017366073200919582,Decreases Churn Prediction,5
18011.0,Recency,282.0,0.06438129308339195,0.06438129308339195,Increases Churn Prediction,1
18011.0,Frequency,2.0,0.02610650923973712,0.02610650923973712,Increases Churn Prediction,3
18011.0,Monetary,527.03,0.007365743861954932,0.007365743861954932,Increases Churn Prediction,4
18011.0,TotalItems,198.0,0.04286598302982344,0.04286598302982344,Increases Churn Prediction,2
18011.0,AverageOrderValue,263.515,-0.006634565017977398,0.006634565017977398,Decreases Churn Prediction,5
18011.0,Tenure,194.0,-0.005717201800982397,0.005717201800982397,Decreases Churn Prediction,6
12622.0,Recency,141.0,0.03129238219309009,0.03129238219309009,Increases Churn Prediction,4
12622.0,Frequency,1.0,0.047764428560005553,0.047764428560005553,Increases Churn Prediction,3
12622.0,Monetary,180.1,0.06980204932748614,0.06980204932748614,Increases Churn Prediction,1
12622.0,TotalItems,69.0,0.06873595783877291,0.06873595783877291,Increases Churn Prediction,2
12622.0,AverageOrderValue,180.1,-0.0005103900260983799,0.0005103900260983799,Decreases Churn Prediction,6
12622.0,Tenure,0.0,0.0301517347205637,0.0301517347205637,Increases Churn Prediction,5
17024.0,Recency,8.0,-0.1706008576869501,0.1706008576869501,Decreases Churn Prediction,1
17024.0,Frequency,2.0,0.02410323157933087,0.02410323157933087,Increases Churn Prediction,4
17024.0,Monetary,56.25,0.05929656372001139,0.05929656372001139,Increases Churn Prediction,3
17024.0,TotalItems,45.0,0.060881864946199106,0.060881864946199106,Increases Churn Prediction,2
17024.0,AverageOrderValue,28.125,0.013694039022358977,0.013694039022358977,Increases Churn Prediction,5
17024.0,Tenure,58.0,-0.012944831629375063,0.012944831629375063,Decreases Churn Prediction,6
14304.0,Recency,132.0,-0.004495232263081808,0.004495232263081808,Decreases Churn Prediction,6
14304.0,Frequency,3.0,0.02130834736478987,0.02130834736478987,Increases Churn Prediction,2
14304.0,Monetary,1725.01,-0.018631040968927023,0.018631040968927023,Decreases Churn Prediction,3
14304.0,TotalItems,775.0,-0.04220472463183663,0.04220472463183663,Decreases Churn Prediction,1
14304.0,AverageOrderValue,575.0033333333333,0.016021959290293687,0.016021959290293687,Increases Churn Prediction,4
14304.0,Tenure,348.0,-0.010709108589622308,0.010709108589622308,Decreases Churn Prediction,5
15590.0,Recency,291.0,0.06626714186977176,0.06626714186977176,Increases Churn Prediction,1
15590.0,Frequency,5.0,-0.00476145902244899,0.00476145902244899,Decreases Churn Prediction,5
15590.0,Monetary,1496.6,-0.015477580700833337,0.015477580700833337,Decreases Churn Prediction,3
15590.0,TotalItems,832.0,-0.041942124216533205,0.041942124216533205,Decreases Churn Prediction,2
15590.0,AverageOrderValue,299.32,-0.006200715108468431,0.006200715108468431,Decreases Churn Prediction,4
15590.0,Tenure,224.0,-0.004185423366569147,0.004185423366569147,Decreases Churn Prediction,6
12436.0,Recency,9.0,-0.1831065327595461,0.1831065327595461,Decreases Churn Prediction,1
12436.0,Frequency,1.0,0.02895189581846703,0.02895189581846703,Increases Churn Prediction,2
12436.0,Monetary,509.01,0.008191490797757472,0.008191490797757472,Increases Churn Prediction,4
12436.0,TotalItems,211.0,0.02310843492944354,0.02310843492944354,Increases Churn Prediction,3
12436.0,AverageOrderValue,509.01,-0.0024401032981960103,0.0024401032981960103,Decreases Churn Prediction,6
12436.0,Tenure,0.0,-0.006967315166508316,0.006967315166508316,Decreases Churn Prediction,5
15703.0,Recency,174.0,0.04376171006470865,0.04376171006470865,Increases Churn Prediction,3
15703.0,Frequency,1.0,0.04543781263603152,0.04543781263603152,Increases Churn Prediction,2
15703.0,Monetary,211.5,0.035437292425765425,0.035437292425765425,Increases Churn Prediction,4
15703.0,TotalItems,66.0,0.06529902915495805,0.06529902915495805,Increases Churn Prediction,1
15703.0,AverageOrderValue,211.5,-0.008850122349217596,0.008850122349217596,Decreases Churn Prediction,6
15703.0,Tenure,0.0,0.026268588969453964,0.026268588969453964,Increases Churn Prediction,5
18259.0,Recency,275.0,0.04501950105642441,0.04501950105642441,Increases Churn Prediction,3
18259.0,Frequency,5.0,-0.013654822058530936,0.013654822058530936,Decreases Churn Prediction,5
18259.0,Monetary,2355.9,-0.049792781833286684,0.049792781833286684,Decreases Churn Prediction,2
18259.0,TotalItems,792.0,-0.05145086714591146,0.05145086714591146,Decreases Churn Prediction,1
18259.0,AverageOrderValue,471.18,0.006559139898018703,0.006559139898018703,Increases Churn Prediction,6
18259.0,Tenure,365.0,-0.018972498576883455,0.018972498576883455,Decreases Churn Prediction,4
15743.0,Recency,23.0,-0.1879056758327239,0.1879056758327239,Decreases Churn Prediction,1
15743.0,Frequency,2.0,0.0300644660957026,0.0300644660957026,Increases Churn Prediction,2
15743.0,Monetary,434.05,0.019524971694184174,0.019524971694184174,Increases Churn Prediction,4
15743.0,TotalItems,119.0,0.026910211488991993,0.026910211488991993,Increases Churn Prediction,3
15743.0,AverageOrderValue,217.025,-0.0069637407744502985,0.0069637407744502985,Decreases Churn Prediction,6
15743.0,Tenure,71.0,-0.015945621597602704,0.015945621597602704,Decreases Churn Prediction,5
14964.0,Recency,156.0,0.0343467001914005,0.0343467001914005,Increases Churn Prediction,4
14964.0,Frequency,1.0,0.04004439148843393,0.04004439148843393,Increases Churn Prediction,2
14964.0,Monetary,206.21,0.04009096294034452,0.04009096294034452,Increases Churn Prediction,1
14964.0,TotalItems,143.0,0.03701240835344562,0.03701240835344562,Increases Churn Prediction,3
14964.0,AverageOrderValue,206.21,-0.008972775853674297,0.008972775853674297,Decreases Churn Prediction,6
14964.0,Tenure,0.0,0.021189365486423254,0.021189365486423254,Increases Churn Prediction,5
17875.0,Recency,597.0,0.161188087677557,0.161188087677557,Increases Churn Prediction,1
17875.0,Frequency,1.0,0.03452208850947942,0.03452208850947942,Increases Churn Prediction,4
17875.0,Monetary,167.1,0.05514386665134523,0.05514386665134523,Increases Churn Prediction,2
17875.0,TotalItems,98.0,0.03603226395432818,0.03603226395432818,Increases Churn Prediction,3
17875.0,AverageOrderValue,167.1,0.00017798793256132428,0.00017798793256132428,Increases Churn Prediction,6
17875.0,Tenure,0.0,0.027077162836375335,0.027077162836375335,Increases Churn Prediction,5
16065.0,Recency,274.0,0.05993497558745153,0.05993497558745153,Increases Churn Prediction,1
16065.0,Frequency,8.0,-0.03328222779756082,0.03328222779756082,Decreases Churn Prediction,4
16065.0,Monetary,2382.62,-0.044340511417863035,0.044340511417863035,Decreases Churn Prediction,3
16065.0,TotalItems,1447.0,-0.049599048186520306,0.049599048186520306,Decreases Churn Prediction,2
16065.0,AverageOrderValue,297.8275,-0.004402390347821038,0.004402390347821038,Decreases Churn Prediction,6
16065.0,Tenure,97.0,0.014728806462260196,0.014728806462260196,Increases Churn Prediction,5
16080.0,Recency,183.0,0.028599480037009115,0.028599480037009115,Increases Churn Prediction,2
16080.0,Frequency,3.0,0.0066165518193169875,0.0066165518193169875,Increases Churn Prediction,5
16080.0,Monetary,515.66,0.0035917849815436803,0.0035917849815436803,Increases Churn Prediction,6
16080.0,TotalItems,236.0,0.03937179173257093,0.03937179173257093,Increases Churn Prediction,1
16080.0,AverageOrderValue,171.88666666666666,-0.011897557632514403,0.011897557632514403,Decreases Churn Prediction,3
16080.0,Tenure,176.0,-0.00965997252469292,0.00965997252469292,Decreases Churn Prediction,4
14620.0,Recency,115.0,-0.08170056564535147,0.08170056564535147,Decreases Churn Prediction,1
14620.0,Frequency,2.0,0.02889154102669975,0.02889154102669975,Increases Churn Prediction,4
14620.0,Monetary,412.78,0.038645581435946846,0.038645581435946846,Increases Churn Prediction,3
14620.0,TotalItems,214.0,0.04176449057576756,0.04176449057576756,Increases Churn Prediction,2
14620.0,AverageOrderValue,206.39,-0.010062903631621906,0.010062903631621906,Decreases Churn Prediction,6
14620.0,Tenure,78.0,-0.010708528752688733,0.010708528752688733,Decreases Churn Prediction,5
14269.0,Recency,348.0,0.09889961560981281,0.09889961560981281,Increases Churn Prediction,1
14269.0,Frequency,1.0,0.026619968961768842,0.026619968961768842,Increases Churn Prediction,3
14269.0,Monetary,295.73,0.022549900802899803,0.022549900802899803,Increases Churn Prediction,4
14269.0,TotalItems,123.0,0.034188887970364235,0.034188887970364235,Increases Churn Prediction,2
14269.0,AverageOrderValue,295.73,-0.006172926656603038,0.006172926656603038,Decreases Churn Prediction,6
14269.0,Tenure,0.0,0.02055852964668357,0.02055852964668357,Increases Churn Prediction,5
14306.0,Recency,288.0,0.05225694233867341,0.05225694233867341,Increases Churn Prediction,1
14306.0,Frequency,4.0,0.009130520227587709,0.009130520227587709,Increases Churn Prediction,4
14306.0,Monetary,1058.0800000000002,0.006647377756274497,0.006647377756274497,Increases Churn Prediction,6
14306.0,TotalItems,990.0,-0.042282421469257224,0.042282421469257224,Decreases Churn Prediction,2
14306.0,AverageOrderValue,264.52000000000004,-0.006721625742654214,0.006721625742654214,Decreases Churn Prediction,5
14306.0,Tenure,298.0,-0.011003271777493549,0.011003271777493549,Decreases Churn Prediction,3
18021.0,Recency,419.0,0.1651099123521857,0.1651099123521857,Increases Churn Prediction,1
18021.0,Frequency,2.0,0.019082965053555404,0.019082965053555404,Increases Churn Prediction,4
18021.0,Monetary,227.06,0.03220354873501309,0.03220354873501309,Increases Churn Prediction,2
18021.0,TotalItems,169.0,0.02824127570167259,0.02824127570167259,Increases Churn Prediction,3
18021.0,AverageOrderValue,113.53,0.008737728891648242,0.008737728891648242,Increases Churn Prediction,6
18021.0,Tenure,2.0,0.0182944445366856,0.0182944445366856,Increases Churn Prediction,5
12799.0,Recency,438.0,0.16543438372288016,0.16543438372288016,Increases Churn Prediction,1
12799.0,Frequency,1.0,0.030242639687797158,0.030242639687797158,Increases Churn Prediction,2
12799.0,Monetary,219.35,0.029851940110479053,0.029851940110479053,Increases Churn Prediction,3
12799.0,TotalItems,137.0,0.02817394887609737,0.02817394887609737,Increases Churn Prediction,4
12799.0,AverageOrderValue,219.35,-0.004863962849208262,0.004863962849208262,Decreases Churn Prediction,6
12799.0,Tenure,0.0,0.020660478902268926,0.020660478902268926,Increases Churn Prediction,5
16857.0,Recency,352.0,0.09683638333003539,0.09683638333003539,Increases Churn Prediction,1
16857.0,Frequency,1.0,0.027149621168295637,0.027149621168295637,Increases Churn Prediction,4
16857.0,Monetary,352.8,0.02717151431841466,0.02717151431841466,Increases Churn Prediction,3
16857.0,TotalItems,168.0,0.03290134813380077,0.03290134813380077,Increases Churn Prediction,2
16857.0,AverageOrderValue,352.8,-0.0015588690694318431,0.0015588690694318431,Decreases Churn Prediction,6
16857.0,Tenure,0.0,0.01973896124905612,0.01973896124905612,Increases Churn Prediction,5
16846.0,Recency,486.0,0.16075914946528325,0.16075914946528325,Increases Churn Prediction,1
16846.0,Frequency,2.0,0.01885525746784322,0.01885525746784322,Increases Churn Prediction,2
16846.0,Monetary,628.09,-0.016857659724527182,0.016857659724527182,Decreases Churn Prediction,3
16846.0,TotalItems,382.0,-0.012349137520291247,0.012349137520291247,Decreases Churn Prediction,4
16846.0,AverageOrderValue,314.045,-0.005700281055988705,0.005700281055988705,Decreases Churn Prediction,5
16846.0,Tenure,62.0,0.004771149398372126,0.004771149398372126,Increases Churn Prediction,6
13130.0,Recency,3.0,-0.1619515441595713,0.1619515441595713,Decreases Churn Prediction,1
13130.0,Frequency,1.0,0.04212236931231788,0.04212236931231788,Increases Churn Prediction,4
13130.0,Monetary,64.0,0.06629791406800635,0.06629791406800635,Increases Churn Prediction,3
13130.0,TotalItems,32.0,0.07737890384545887,0.07737890384545887,Increases Churn Prediction,2
13130.0,AverageOrderValue,64.0,0.036322520918641986,0.036322520918641986,Increases Churn Prediction,5
13130.0,Tenure,0.0,0.011965445625730589,0.011965445625730589,Increases Churn Prediction,6
13591.0,Recency,113.0,-0.08466895579512608,0.08466895579512608,Decreases Churn Prediction,1
13591.0,Frequency,6.0,-0.026563735499796237,0.026563735499796237,Decreases Churn Prediction,2
13591.0,Monetary,1753.04,-0.019127300133855163,0.019127300133855163,Decreases Churn Prediction,3
13591.0,TotalItems,628.0,-0.01911697017603895,0.01911697017603895,Decreases Churn Prediction,4
13591.0,AverageOrderValue,292.17333333333335,-0.0075351327630994325,0.0075351327630994325,Decreases Churn Prediction,5
13591.0,Tenure,520.0,-0.005040725113394517,0.005040725113394517,Decreases Churn Prediction,6
13415.0,Recency,382.0,0.16753751645013062,0.16753751645013062,Increases Churn Prediction,1
13415.0,Frequency,4.0,0.01079556898050394,0.01079556898050394,Increases Churn Prediction,2
13415.0,Monetary,800.67,-0.0004997566442706755,0.0004997566442706755,Decreases Churn Prediction,6
13415.0,TotalItems,502.0,-0.0019837518107109486,0.0019837518107109486,Decreases Churn Prediction,5
13415.0,AverageOrderValue,200.1675,-0.009373320201763825,0.009373320201763825,Decreases Churn Prediction,3
13415.0,Tenure,255.0,-0.00216848014184845,0.00216848014184845,Decreases Churn Prediction,4
18282.0,Recency,35.0,-0.18140648477023047,0.18140648477023047,Decreases Churn Prediction,1
18282.0,Frequency,1.0,0.038195491552164854,0.038195491552164854,Increases Churn Prediction,4
18282.0,Monetary,100.21,0.05354227335165947,0.05354227335165947,Increases Churn Prediction,3
18282.0,TotalItems,75.0,0.054956075131766494,0.054956075131766494,Increases Churn Prediction,2
18282.0,AverageOrderValue,100.21,0.010003589458395613,0.010003589458395613,Increases Churn Prediction,5
18282.0,Tenure,0.0,0.009877298717268813,0.009877298717268813,Increases Churn Prediction,6
12376.0,Recency,299.0,0.06841608556725617,0.06841608556725617,Increases Churn Prediction,1
12376.0,Frequency,2.0,0.02512660734948149,0.02512660734948149,Increases Churn Prediction,3
12376.0,Monetary,503.15,0.0060803145830359805,0.0060803145830359805,Increases Churn Prediction,5
12376.0,TotalItems,240.0,0.04138917788316607,0.04138917788316607,Increases Churn Prediction,2
12376.0,AverageOrderValue,251.575,-0.008770919873263408,0.008770919873263408,Decreases Churn Prediction,4
12376.0,Tenure,28.0,0.005840993632007203,0.005840993632007203,Increases Churn Prediction,6
16017.0,Recency,326.0,0.08167838589594076,0.08167838589594076,Increases Churn Prediction,1
16017.0,Frequency,4.0,0.005499348168181418,0.005499348168181418,Increases Churn Prediction,4
16017.0,Monetary,1341.95,-0.01128355898729299,0.01128355898729299,Decreases Churn Prediction,2
16017.0,TotalItems,538.0,-0.0031666715619806766,0.0031666715619806766,Decreases Churn Prediction,6
16017.0,AverageOrderValue,335.4875,-0.004571487325508949,0.004571487325508949,Decreases Churn Prediction,5
16017.0,Tenure,286.0,-0.011153352210292237,0.011153352210292237,Decreases Churn Prediction,3
16043.0,Recency,120.0,-0.10694356906931972,0.10694356906931972,Decreases Churn Prediction,1
16043.0,Frequency,7.0,-0.04063035204768343,0.04063035204768343,Decreases Churn Prediction,3
16043.0,Monetary,1759.09,-0.03422239983211343,0.03422239983211343,Decreases Churn Prediction,4
16043.0,TotalItems,850.0,-0.05063649310860107,0.05063649310860107,Decreases Churn Prediction,2
16043.0,AverageOrderValue,251.29857142857145,-0.0131277853215316,0.0131277853215316,Decreases Churn Prediction,6
16043.0,Tenure,270.0,-0.0145766083366949,0.0145766083366949,Decreases Churn Prediction,5
13089.0,Recency,9.0,-0.2002509090026419,0.2002509090026419,Decreases Churn Prediction,1
13089.0,Frequency,177.0,-0.12019325799592949,0.12019325799592949,Decreases Churn Prediction,2
13089.0,Monetary,101236.52,-0.09616114177857947,0.09616114177857947,Decreases Churn Prediction,3
13089.0,TotalItems,52986.0,-0.07668757578741453,0.07668757578741453,Decreases Churn Prediction,4
13089.0,AverageOrderValue,571.9577401129944,0.005165607574278129,0.005165607574278129,Increases Churn Prediction,6
13089.0,Tenure,637.0,-0.03887146431290023,0.03887146431290023,Decreases Churn Prediction,5
16734.0,Recency,23.0,-0.18685546118771487,0.18685546118771487,Decreases Churn Prediction,1
16734.0,Frequency,2.0,0.02887947065670402,0.02887947065670402,Increases Churn Prediction,2
16734.0,Monetary,306.16,0.02122762396955644,0.02122762396955644,Increases Churn Prediction,4
16734.0,TotalItems,109.0,0.02829317120541708,0.02829317120541708,Increases Churn Prediction,3
16734.0,AverageOrderValue,153.07999999999998,-0.0049607758443437795,0.0049607758443437795,Decreases Churn Prediction,5
16734.0,Tenure,0.0,0.0026586791710047596,0.0026586791710047596,Increases Churn Prediction,6
13264.0,Recency,352.0,0.09343002037371312,0.09343002037371312,Increases Churn Prediction,1
13264.0,Frequency,1.0,0.025481327852370134,0.025481327852370134,Increases Churn Prediction,2
13264.0,Monetary,722.5600000000001,-0.009325257130322059,0.009325257130322059,Decreases Churn Prediction,4
13264.0,TotalItems,375.0,-0.00042789269782822145,0.00042789269782822145,Decreases Churn Prediction,6
13264.0,AverageOrderValue,722.5600000000001,0.0042521907455589265,0.0042521907455589265,Increases Churn Prediction,5
13264.0,Tenure,0.0,0.015471686882510004,0.015471686882510004,Increases Churn Prediction,3
17158.0,Recency,142.0,-0.006875331152971342,0.006875331152971342,Decreases Churn Prediction,5
17158.0,Frequency,4.0,0.012666705891352943,0.012666705891352943,Increases Churn Prediction,3
17158.0,Monetary,1411.58,-0.016028981261929358,0.016028981261929358,Decreases Churn Prediction,2
17158.0,TotalItems,830.0,-0.04157398545832937,0.04157398545832937,Decreases Churn Prediction,1
17158.0,AverageOrderValue,352.895,-0.003293401901683417,0.003293401901683417,Decreases Churn Prediction,6
17158.0,Tenure,409.0,-0.007335150966940745,0.007335150966940745,Decreases Churn Prediction,4
14096.0,Recency,0.0,-0.19837911042669393,0.19837911042669393,Decreases Churn Prediction,1
14096.0,Frequency,3.0,0.015840141960255148,0.015840141960255148,Increases Churn Prediction,5
14096.0,Monetary,244.68,0.019925462078539808,0.019925462078539808,Increases Churn Prediction,4
14096.0,TotalItems,97.0,0.02053191061500251,0.02053191061500251,Increases Churn Prediction,3
14096.0,AverageOrderValue,81.56,0.028685200180053546,0.028685200180053546,Increases Churn Prediction,2
14096.0,Tenure,10.0,-0.01034809784031792,0.01034809784031792,Decreases Churn Prediction,6
14931.0,Recency,115.0,-0.08031717548440126,0.08031717548440126,Decreases Churn Prediction,1
14931.0,Frequency,2.0,0.030060105991478767,0.030060105991478767,Increases Churn Prediction,3
14931.0,Monetary,586.0,0.005863722270258515,0.005863722270258515,Increases Churn Prediction,6
14931.0,TotalItems,98.0,0.04640248147908471,0.04640248147908471,Increases Churn Prediction,2
14931.0,AverageOrderValue,293.0,-0.006674620936715624,0.006674620936715624,Decreases Churn Prediction,5
14931.0,Tenure,34.0,-0.01394182300920591,0.01394182300920591,Decreases Churn Prediction,4
15775.0,Recency,154.0,0.02485602370284748,0.02485602370284748,Increases Churn Prediction,4
15775.0,Frequency,2.0,0.030948431845028806,0.030948431845028806,Increases Churn Prediction,3
15775.0,Monetary,150.5,0.07258538873966233,0.07258538873966233,Increases Churn Prediction,1
15775.0,TotalItems,260.0,0.047322434383258005,0.047322434383258005,Increases Churn Prediction,2
15775.0,AverageOrderValue,75.25,0.021787369156321106,0.021787369156321106,Increases Churn Prediction,5
15775.0,Tenure,386.0,-0.012578203900260638,0.012578203900260638,Decreases Churn Prediction,6
17714.0,Recency,230.0,0.05687753794200446,0.05687753794200446,Increases Churn Prediction,1
17714.0,Frequency,5.0,-0.003917373873798501,0.003917373873798501,Decreases Churn Prediction,6
17714.0,Monetary,1410.18,-0.01442132834129655,0.01442132834129655,Decreases Churn Prediction,2
17714.0,TotalItems,608.0,0.004189639439937845,0.004189639439937845,Increases Churn Prediction,5
17714.0,AverageOrderValue,282.036,-0.00756592195769042,0.00756592195769042,Decreases Churn Prediction,3
17714.0,Tenure,192.0,-0.0043094630078175135,0.0043094630078175135,Decreases Churn Prediction,4
14487.0,Recency,277.0,0.0725786196111193,0.0725786196111193,Increases Churn Prediction,1
14487.0,Frequency,2.0,0.024026644283899806,0.024026644283899806,Increases Churn Prediction,4
14487.0,Monetary,382.38,0.028652931840087797,0.028652931840087797,Increases Churn Prediction,3
14487.0,TotalItems,139.0,0.04185926925998885,0.04185926925998885,Increases Churn Prediction,2
14487.0,AverageOrderValue,191.19,-0.012874567549182885,0.012874567549182885,Decreases Churn Prediction,5
14487.0,Tenure,10.0,0.01059565766670844,0.01059565766670844,Increases Churn Prediction,6
16226.0,Recency,112.0,-0.06974692169686064,0.06974692169686064,Decreases Churn Prediction,1
16226.0,Frequency,5.0,0.01088600339049307,0.01088600339049307,Increases Churn Prediction,4
16226.0,Monetary,672.1700000000001,0.011645113433128,0.011645113433128,Increases Churn Prediction,3
16226.0,TotalItems,521.0,0.006096556712527578,0.006096556712527578,Increases Churn Prediction,6
16226.0,AverageOrderValue,134.43400000000003,0.019732451447079226,0.019732451447079226,Increases Churn Prediction,2
16226.0,Tenure,210.0,-0.009477489622997614,0.009477489622997614,Decreases Churn Prediction,5
14542.0,Recency,95.0,-0.06244800110805568,0.06244800110805568,Decreases Churn Prediction,2
14542.0,Frequency,1.0,0.0448815606840413,0.0448815606840413,Increases Churn Prediction,4
14542.0,Monetary,103.25,0.06165243645044481,0.06165243645044481,Increases Churn Prediction,3
14542.0,TotalItems,19.0,0.07359170886565063,0.07359170886565063,Increases Churn Prediction,1
14542.0,AverageOrderValue,103.25,0.015703019851074033,0.015703019851074033,Increases Churn Prediction,6
14542.0,Tenure,0.0,0.021533972943389285,0.021533972943389285,Increases Churn Prediction,5
13559.0,Recency,422.0,0.16598550791554756,0.16598550791554756,Increases Churn Prediction,1
13559.0,Frequency,2.0,0.022102641394201046,0.022102641394201046,Increases Churn Prediction,2
13559.0,Monetary,990.0,0.004211169366718604,0.004211169366718604,Increases Churn Prediction,4
13559.0,TotalItems,360.0,-0.0003231237056609791,0.0003231237056609791,Decreases Churn Prediction,6
13559.0,AverageOrderValue,495.0,0.0024896061592277786,0.0024896061592277786,Increases Churn Prediction,5
13559.0,Tenure,30.0,0.008671395162604664,0.008671395162604664,Increases Churn Prediction,3
14228.0,Recency,347.0,0.10620758830376906,0.10620758830376906,Increases Churn Prediction,1
14228.0,Frequency,3.0,0.00952726890990752,0.00952726890990752,Increases Churn Prediction,3
14228.0,Monetary,745.5,-0.007207591475747545,0.007207591475747545,Decreases Churn Prediction,5
14228.0,TotalItems,260.0,0.033694867781140045,0.033694867781140045,Increases Churn Prediction,2
14228.0,AverageOrderValue,248.5,-0.00943331989943462,0.00943331989943462,Decreases Churn Prediction,4
14228.0,Tenure,108.0,0.0037690759171912364,0.0037690759171912364,Increases Churn Prediction,6
15116.0,Recency,44.0,-0.15565588569871336,0.15565588569871336,Decreases Churn Prediction,1
15116.0,Frequency,2.0,0.03336656943283285,0.03336656943283285,Increases Churn Prediction,3
15116.0,Monetary,790.97,0.00441754573808437,0.00441754573808437,Increases Churn Prediction,5
15116.0,TotalItems,255.0,0.038826403435041595,0.038826403435041595,Increases Churn Prediction,2
15116.0,AverageOrderValue,395.485,0.0029206721069525814,0.0029206721069525814,Increases Churn Prediction,6
15116.0,Tenure,70.0,-0.01402388744775574,0.01402388744775574,Decreases Churn Prediction,4
15411.0,Recency,33.0,-0.18555872804830215,0.18555872804830215,Decreases Churn Prediction,1
15411.0,Frequency,2.0,0.028851834974220072,0.028851834974220072,Increases Churn Prediction,2
15411.0,Monetary,382.21,0.02277473723718358,0.02277473723718358,Increases Churn Prediction,4
15411.0,TotalItems,155.0,0.02779861765094334,0.02779861765094334,Increases Churn Prediction,3
15411.0,AverageOrderValue,191.105,-0.012238121119711506,0.012238121119711506,Decreases Churn Prediction,6
15411.0,Tenure,58.0,-0.01570073178694941,0.01570073178694941,Decreases Churn Prediction,5
18166.0,Recency,533.0,0.15912266410131093,0.15912266410131093,Increases Churn Prediction,1
18166.0,Frequency,1.0,0.0363124135964312,0.0363124135964312,Increases Churn Prediction,4
18166.0,Monetary,175.5,0.05352250500489446,0.05352250500489446,Increases Churn Prediction,2
18166.0,TotalItems,90.0,0.04152925389106614,0.04152925389106614,Increases Churn Prediction,3
18166.0,AverageOrderValue,175.5,0.0002093345656854935,0.0002093345656854935,Increases Churn Prediction,6
18166.0,Tenure,0.0,0.027855398894206188,0.027855398894206188,Increases Churn Prediction,5
15824.0,Recency,362.0,0.11729182063088409,0.11729182063088409,Increases Churn Prediction,1
15824.0,Frequency,2.0,0.019703901121793734,0.019703901121793734,Increases Churn Prediction,2
15824.0,Monetary,890.94,-3.994785023507877e-05,3.994785023507877e-05,Decreases Churn Prediction,6
15824.0,TotalItems,478.0,-0.001904040410518549,0.001904040410518549,Decreases Churn Prediction,5
15824.0,AverageOrderValue,445.47,0.002506577531224529,0.002506577531224529,Increases Churn Prediction,4
15824.0,Tenure,78.0,0.0037623087818096958,0.0037623087818096958,Increases Churn Prediction,3
17752.0,Recency,268.0,0.0713424212245496,0.0713424212245496,Increases Churn Prediction,1
17752.0,Frequency,1.0,0.03722271254696836,0.03722271254696836,Increases Churn Prediction,4
17752.0,Monetary,80.64,0.06845149573367913,0.06845149573367913,Increases Churn Prediction,2
17752.0,TotalItems,192.0,0.04164746239552068,0.04164746239552068,Increases Churn Prediction,3
17752.0,AverageOrderValue,80.64,0.029731992547113527,0.029731992547113527,Increases Churn Prediction,5
17752.0,Tenure,0.0,0.027698579082629585,0.027698579082629585,Increases Churn Prediction,6
12463.0,Recency,84.0,-0.10591048253139752,0.10591048253139752,Decreases Churn Prediction,1
12463.0,Frequency,3.0,0.020189227459828117,0.020189227459828117,Increases Churn Prediction,2
12463.0,Monetary,985.79,0.0007959816581296283,0.0007959816581296283,Increases Churn Prediction,6
12463.0,TotalItems,577.0,0.0036659815348988947,0.0036659815348988947,Increases Churn Prediction,5
12463.0,AverageOrderValue,328.59666666666664,-0.004528800670504001,0.004528800670504001,Decreases Churn Prediction,4
12463.0,Tenure,66.0,-0.014775126954108122,0.014775126954108122,Decreases Churn Prediction,3
15614.0,Recency,347.0,0.11666121637658174,0.11666121637658174,Increases Churn Prediction,1
15614.0,Frequency,4.0,0.010985621528727316,0.010985621528727316,Increases Churn Prediction,5
15614.0,Monetary,3147.36,-0.02045399504915089,0.02045399504915089,Decreases Churn Prediction,3
15614.0,TotalItems,1632.0,-0.038265279108914266,0.038265279108914266,Decreases Churn Prediction,2
15614.0,AverageOrderValue,786.84,0.011817140873532684,0.011817140873532684,Increases Churn Prediction,4
15614.0,Tenure,188.0,-0.0018415257104411852,0.0018415257104411852,Decreases Churn Prediction,6
13497.0,Recency,192.0,0.02292308940206232,0.02292308940206232,Increases Churn Prediction,2
13497.0,Frequency,6.0,-0.02617503503145035,0.02617503503145035,Decreases Churn Prediction,1
13497.0,Monetary,1320.33,-0.011266160994118436,0.011266160994118436,Decreases Churn Prediction,6
13497.0,TotalItems,579.0,0.013439188775406802,0.013439188775406802,Increases Churn Prediction,4
13497.0,AverageOrderValue,220.055,-0.015169092468449634,0.015169092468449634,Decreases Churn Prediction,3
13497.0,Tenure,386.0,-0.012227308153090435,0.012227308153090435,Decreases Churn Prediction,5
15772.0,Recency,327.0,0.09106487352400311,0.09106487352400311,Increases Churn Prediction,1
15772.0,Frequency,1.0,0.02898278736550422,0.02898278736550422,Increases Churn Prediction,3
15772.0,Monetary,280.88,0.02442616884447099,0.02442616884447099,Increases Churn Prediction,4
15772.0,TotalItems,110.0,0.03421722510300497,0.03421722510300497,Increases Churn Prediction,2
15772.0,AverageOrderValue,280.88,-0.006945624836420569,0.006945624836420569,Decreases Churn Prediction,6
15772.0,Tenure,0.0,0.018936436117713937,0.018936436117713937,Increases Churn Prediction,5
15372.0,Recency,46.0,-0.15601669324132153,0.15601669324132153,Decreases Churn Prediction,1
15372.0,Frequency,8.0,-0.07288270272252838,0.07288270272252838,Decreases Churn Prediction,3
15372.0,Monetary,6017.06,-0.07275500896946639,0.07275500896946639,Decreases Churn Prediction,4
15372.0,TotalItems,6410.0,-0.07302808684791845,0.07302808684791845,Decreases Churn Prediction,2
15372.0,AverageOrderValue,752.1325,0.007869134078646619,0.007869134078646619,Increases Churn Prediction,6
15372.0,Tenure,526.0,-0.0204709454006407,0.0204709454006407,Decreases Churn Prediction,5
12492.0,Recency,14.0,-0.1387973401607626,0.1387973401607626,Decreases Churn Prediction,1
12492.0,Frequency,2.0,0.035031594862263184,0.035031594862263184,Increases Churn Prediction,2
12492.0,Monetary,578.39,0.014641649585338411,0.014641649585338411,Increases Churn Prediction,4
12492.0,TotalItems,321.0,0.030899632636357248,0.030899632636357248,Increases Churn Prediction,3
12492.0,AverageOrderValue,289.195,-0.0033993758730480796,0.0033993758730480796,Decreases Churn Prediction,5
12492.0,Tenure,297.0,-0.0020247325529253162,0.0020247325529253162,Decreases Churn Prediction,6
12836.0,Recency,46.0,-0.16415289301816766,0.16415289301816766,Decreases Churn Prediction,1
12836.0,Frequency,14.0,-0.11754898417533091,0.11754898417533091,Decreases Churn Prediction,2
12836.0,Monetary,6085.29,-0.07665776777305605,0.07665776777305605,Decreases Churn Prediction,3
12836.0,TotalItems,2030.0,-0.04880287813705183,0.04880287813705183,Decreases Churn Prediction,4
12836.0,AverageOrderValue,434.6635714285714,0.0035737574341497547,0.0035737574341497547,Increases Churn Prediction,6
12836.0,Tenure,601.0,-0.028720196602051593,0.028720196602051593,Decreases Churn Prediction,5
13498.0,Recency,639.0,0.16687111037924302,0.16687111037924302,Increases Churn Prediction,1
13498.0,Frequency,1.0,0.031238078471414656,0.031238078471414656,Increases Churn Prediction,2
13498.0,Monetary,327.38,0.031144855579541882,0.031144855579541882,Increases Churn Prediction,3
13498.0,TotalItems,362.0,0.001415852006241735,0.001415852006241735,Increases Churn Prediction,5
13498.0,AverageOrderValue,327.38,-0.0002865119227899414,0.0002865119227899414,Decreases Churn Prediction,6
13498.0,Tenure,0.0,0.02273477967084617,0.02273477967084617,Increases Churn Prediction,4
17715.0,Recency,110.0,-0.07128989126282942,0.07128989126282942,Decreases Churn Prediction,1
17715.0,Frequency,2.0,0.03220643014909355,0.03220643014909355,Increases Churn Prediction,2
17715.0,Monetary,489.6,0.014034665514555993,0.014034665514555993,Increases Churn Prediction,3
17715.0,TotalItems,576.0,0.003962604909395106,0.003962604909395106,Increases Churn Prediction,6
17715.0,AverageOrderValue,244.8,-0.011256364951089524,0.011256364951089524,Decreases Churn Prediction,4
17715.0,Tenure,392.0,0.00694558270190437,0.00694558270190437,Increases Churn Prediction,5
17760.0,Recency,282.0,0.05625531069208611,0.05625531069208611,Increases Churn Prediction,1
17760.0,Frequency,5.0,-0.0033630954666723847,0.0033630954666723847,Decreases Churn Prediction,5
17760.0,Monetary,803.88,-0.0014002155275840214,0.0014002155275840214,Decreases Churn Prediction,6
17760.0,TotalItems,622.0,-0.02534332310903498,0.02534332310903498,Decreases Churn Prediction,2
17760.0,AverageOrderValue,160.776,-0.009025952668293319,0.009025952668293319,Decreases Churn Prediction,3
17760.0,Tenure,276.0,-0.007672922887288837,0.007672922887288837,Decreases Churn Prediction,4
13601.0,Recency,120.0,-0.08462523566435128,0.08462523566435128,Decreases Churn Prediction,1
13601.0,Frequency,3.0,0.017926317465014344,0.017926317465014344,Increases Churn Prediction,3
13601.0,Monetary,865.02,0.002078824109802771,0.002078824109802771,Increases Churn Prediction,6
13601.0,TotalItems,699.0,-0.0405213249493324,0.0405213249493324,Decreases Churn Prediction,2
13601.0,AverageOrderValue,288.34,-0.008830461035331262,0.008830461035331262,Decreases Churn Prediction,5
13601.0,Tenure,335.0,-0.009647777442020427,0.009647777442020427,Decreases Churn Prediction,4
17250.0,Recency,170.0,0.037788510866113234,0.037788510866113234,Increases Churn Prediction,4
17250.0,Frequency,1.0,0.04708391168730457,0.04708391168730457,Increases Churn Prediction,3
17250.0,Monetary,162.65,0.06535868910314623,0.06535868910314623,Increases Churn Prediction,1
17250.0,TotalItems,70.0,0.06320838495406567,0.06320838495406567,Increases Churn Prediction,2
17250.0,AverageOrderValue,162.65,-0.003076947284563876,0.003076947284563876,Decreases Churn Prediction,6
17250.0,Tenure,0.0,0.029839918036929203,0.029839918036929203,Increases Churn Prediction,5
18110.0,Recency,320.0,0.07658512103168194,0.07658512103168194,Increases Churn Prediction,1
18110.0,Frequency,1.0,0.025858482220168146,0.025858482220168146,Increases Churn Prediction,3
18110.0,Monetary,199.13,0.018717382580043265,0.018717382580043265,Increases Churn Prediction,4
18110.0,TotalItems,100.0,0.0337368400176911,0.0337368400176911,Increases Churn Prediction,2
18110.0,AverageOrderValue,199.13,-0.012166811465694134,0.012166811465694134,Decreases Churn Prediction,6
18110.0,Tenure,0.0,0.016843473663725083,0.016843473663725083,Increases Churn Prediction,5
14650.0,Recency,498.0,0.13750162501055666,0.13750162501055666,Increases Churn Prediction,1
14650.0,Frequency,1.0,0.037939943910425315,0.037939943910425315,Increases Churn Prediction,4
14650.0,Monetary,62.5,0.05293352697322958,0.05293352697322958,Increases Churn Prediction,2
14650.0,TotalItems,22.0,0.048907389431688895,0.048907389431688895,Increases Churn Prediction,3
14650.0,AverageOrderValue,62.5,0.021391422193730955,0.021391422193730955,Increases Churn Prediction,6
14650.0,Tenure,0.0,0.036204587642165616,0.036204587642165616,Increases Churn Prediction,5
17406.0,Recency,242.0,0.06406452194303996,0.06406452194303996,Increases Churn Prediction,1
17406.0,Frequency,13.0,-0.060104437478448756,0.060104437478448756,Decreases Churn Prediction,2
17406.0,Monetary,4905.05,-0.037205200111475656,0.037205200111475656,Decreases Churn Prediction,4
17406.0,TotalItems,2124.0,-0.04401376442757136,0.04401376442757136,Decreases Churn Prediction,3
17406.0,AverageOrderValue,377.3115384615385,-0.0003004183086429482,0.0003004183086429482,Decreases Churn Prediction,6
17406.0,Tenure,400.0,-0.023456534088611935,0.023456534088611935,Decreases Churn Prediction,5
13266.0,Recency,22.0,-0.18007419366237082,0.18007419366237082,Decreases Churn Prediction,1
13266.0,Frequency,15.0,-0.11959320229782129,0.11959320229782129,Decreases Churn Prediction,2
13266.0,Monetary,4836.36,-0.0868891311504644,0.0868891311504644,Decreases Churn Prediction,3
13266.0,TotalItems,5469.0,-0.076030952982757,0.076030952982757,Decreases Churn Prediction,4
13266.0,AverageOrderValue,322.424,-0.004078170921527636,0.004078170921527636,Decreases Churn Prediction,6
13266.0,Tenure,609.0,-0.03738204421014676,0.03738204421014676,Decreases Churn Prediction,5
15788.0,Recency,418.0,0.1653699891884756,0.1653699891884756,Increases Churn Prediction,1
15788.0,Frequency,1.0,0.03067364331779989,0.03067364331779989,Increases Churn Prediction,2
15788.0,Monetary,221.83,0.028282099265392595,0.028282099265392595,Increases Churn Prediction,3
15788.0,TotalItems,115.0,0.02758438964720928,0.02758438964720928,Increases Churn Prediction,4
15788.0,AverageOrderValue,221.83,-0.004853595701676532,0.004853595701676532,Decreases Churn Prediction,6
15788.0,Tenure,0.0,0.02104690261297655,0.02104690261297655,Increases Churn Prediction,5
16585.0,Recency,503.0,0.17558372109938744,0.17558372109938744,Increases Churn Prediction,1
16585.0,Frequency,2.0,0.022815524839539445,0.022815524839539445,Increases Churn Prediction,4
16585.0,Monetary,341.59,0.029882845478621526,0.029882845478621526,Increases Churn Prediction,3
16585.0,TotalItems,151.0,0.03441803006406108,0.03441803006406108,Increases Churn Prediction,2
16585.0,AverageOrderValue,170.795,-0.003991932360428687,0.003991932360428687,Decreases Churn Prediction,6
16585.0,Tenure,101.0,0.013085287717821168,0.013085287717821168,Increases Churn Prediction,5
15329.0,Recency,43.0,-0.14477958337585872,0.14477958337585872,Decreases Churn Prediction,1
15329.0,Frequency,10.0,-0.09330369451967448,0.09330369451967448,Decreases Churn Prediction,2
15329.0,Monetary,2688.63,-0.06734126701719509,0.06734126701719509,Decreases Churn Prediction,3
15329.0,TotalItems,1119.0,-0.03971845458047492,0.03971845458047492,Decreases Churn Prediction,4
15329.0,AverageOrderValue,268.863,-0.008313247170163504,0.008313247170163504,Decreases Churn Prediction,6
15329.0,Tenure,591.0,-0.01707982622576002,0.01707982622576002,Decreases Churn Prediction,5
12886.0,Recency,129.0,0.010127198195866757,0.010127198195866757,Increases Churn Prediction,3
12886.0,Frequency,1.0,0.03750229754603605,0.03750229754603605,Increases Churn Prediction,1
12886.0,Monetary,775.0,-0.007229238906899152,0.007229238906899152,Decreases Churn Prediction,4
12886.0,TotalItems,416.0,0.000786694847717706,0.000786694847717706,Increases Churn Prediction,6
12886.0,AverageOrderValue,775.0,0.0059815343446318545,0.0059815343446318545,Increases Churn Prediction,5
12886.0,Tenure,0.0,0.011410882085631145,0.011410882085631145,Increases Churn Prediction,2
12520.0,Recency,51.0,-0.14805696390918896,0.14805696390918896,Decreases Churn Prediction,1
12520.0,Frequency,4.0,0.018941915243793375,0.018941915243793375,Increases Churn Prediction,5
12520.0,Monetary,2045.85,-0.021652743682593435,0.021652743682593435,Decreases Churn Prediction,3
12520.0,TotalItems,1099.0,-0.044921454640683686,0.044921454640683686,Decreases Churn Prediction,2
12520.0,AverageOrderValue,511.4625,0.005877426461726027,0.005877426461726027,Increases Churn Prediction,6
12520.0,Tenure,131.0,-0.020677877015378605,0.020677877015378605,Decreases Churn Prediction,4
12415.0,Recency,8.0,-0.20113164741558243,0.20113164741558243,Decreases Churn Prediction,1
12415.0,Frequency,22.0,-0.12317220501665077,0.12317220501665077,Decreases Churn Prediction,2
12415.0,Monetary,121631.72,-0.08546491000170367,0.08546491000170367,Decreases Churn Prediction,3
12415.0,TotalItems,80774.0,-0.07747092241603318,0.07747092241603318,Decreases Churn Prediction,4
12415.0,AverageOrderValue,5528.714545454545,0.01884123265030651,0.01884123265030651,Increases Churn Prediction,5
12415.0,Tenure,428.0,-0.011012878453819154,0.011012878453819154,Decreases Churn Prediction,6
17764.0,Recency,120.0,-0.07344085847758854,0.07344085847758854,Decreases Churn Prediction,1
17764.0,Frequency,4.0,0.00955543699055679,0.00955543699055679,Increases Churn Prediction,3
17764.0,Monetary,1066.79,0.0023495266868689482,0.0023495266868689482,Increases Churn Prediction,6
17764.0,TotalItems,482.0,0.0053684174984626395,0.0053684174984626395,Increases Churn Prediction,5
17764.0,AverageOrderValue,266.6975,-0.007382653742556663,0.007382653742556663,Decreases Churn Prediction,4
17764.0,Tenure,525.0,-0.01519902107810036,0.01519902107810036,Decreases Churn Prediction,2
16436.0,Recency,577.0,0.1739150166027179,0.1739150166027179,Increases Churn Prediction,1
16436.0,Frequency,3.0,0.012437676099908,0.012437676099908,Increases Churn Prediction,5
16436.0,Monetary,329.34,0.0338492777835195,0.0338492777835195,Increases Churn Prediction,2
16436.0,TotalItems,239.0,0.032067079414893125,0.032067079414893125,Increases Churn Prediction,3
16436.0,AverageOrderValue,109.78,0.009208500118754952,0.009208500118754952,Increases Churn Prediction,6
16436.0,Tenure,64.0,0.016050124828093024,0.016050124828093024,Increases Churn Prediction,4
13830.0,Recency,491.0,0.1494882467767622,0.1494882467767622,Increases Churn Prediction,1
13830.0,Frequency,1.0,0.036562156995690945,0.036562156995690945,Increases Churn Prediction,4
13830.0,Monetary,156.85000000000002,0.053066690501778924,0.053066690501778924,Increases Churn Prediction,3
13830.0,TotalItems,47.0,0.055111597505718896,0.055111597505718896,Increases Churn Prediction,2
13830.0,AverageOrderValue,156.85000000000002,0.0010935852251335934,0.0010935852251335934,Increases Churn Prediction,6
13830.0,Tenure,0.0,0.029770615581672513,0.029770615581672513,Increases Churn Prediction,5
16890.0,Recency,386.0,0.16038770594715163,0.16038770594715163,Increases Churn Prediction,1
16890.0,Frequency,3.0,0.013297693735138928,0.013297693735138928,Increases Churn Prediction,5
16890.0,Monetary,285.41,0.03150580493343428,0.03150580493343428,Increases Churn Prediction,3
16890.0,TotalItems,243.0,0.03241608647558606,0.03241608647558606,Increases Churn Prediction,2
16890.0,AverageOrderValue,95.13666666666668,0.014178671369056803,0.014178671369056803,Increases Churn Prediction,4
16890.0,Tenure,105.0,0.011520909227145687,0.011520909227145687,Increases Churn Prediction,6
13031.0,Recency,316.0,0.09302303078644432,0.09302303078644432,Increases Churn Prediction,1
13031.0,Frequency,5.0,-0.0015907369941600344,0.0015907369941600344,Decreases Churn Prediction,6
13031.0,Monetary,3419.27,-0.027361281556568563,0.027361281556568563,Decreases Churn Prediction,3
13031.0,TotalItems,2399.0,-0.039649062343963676,0.039649062343963676,Decreases Churn Prediction,2
13031.0,AverageOrderValue,683.854,0.0064287301786445095,0.0064287301786445095,Increases Churn Prediction,4
13031.0,Tenure,147.0,0.005088722305030335,0.005088722305030335,Increases Churn Prediction,5
16779.0,Recency,16.0,-0.20031512474390084,0.20031512474390084,Decreases Churn Prediction,1
16779.0,Frequency,46.0,-0.11991818225984757,0.11991818225984757,Decreases Churn Prediction,2
16779.0,Monetary,29033.25,-0.09532897476697547,0.09532897476697547,Decreases Churn Prediction,3
16779.0,TotalItems,17915.0,-0.07902943055877093,0.07902943055877093,Decreases Churn Prediction,4
16779.0,AverageOrderValue,631.1576086956521,0.00440362683383686,0.00440362683383686,Increases Churn Prediction,6
16779.0,Tenure,629.0,-0.04175980123964611,0.04175980123964611,Decreases Churn Prediction,5
17362.0,Recency,148.0,0.01796435505050331,0.01796435505050331,Increases Churn Prediction,3
17362.0,Frequency,7.0,-0.030509386475161923,0.030509386475161923,Decreases Churn Prediction,1
17362.0,Monetary,1024.04,0.01327515620950779,0.01327515620950779,Increases Churn Prediction,5
17362.0,TotalItems,549.0,0.014339536828892309,0.014339536828892309,Increases Churn Prediction,4
17362.0,AverageOrderValue,146.29142857142855,-0.00613314541595953,0.00613314541595953,Decreases Churn Prediction,6
17362.0,Tenure,463.0,-0.021000204761119884,0.021000204761119884,Decreases Churn Prediction,2
17271.0,Recency,645.0,0.16909010391689822,0.16909010391689822,Increases Churn Prediction,1
17271.0,Frequency,1.0,0.03183918687754479,0.03183918687754479,Increases Churn Prediction,2
17271.0,Monetary,210.39,0.031020065775507713,0.031020065775507713,Increases Churn Prediction,3
17271.0,TotalItems,117.0,0.029153647561287327,0.029153647561287327,Increases Churn Prediction,4
17271.0,AverageOrderValue,210.39,-0.0056680620848120165,0.0056680620848120165,Decreases Churn Prediction,6
17271.0,Tenure,0.0,0.02236605421939323,0.02236605421939323,Increases Churn Prediction,5
13286.0,Recency,509.0,0.16279420958440205,0.16279420958440205,Increases Churn Prediction,1
13286.0,Frequency,1.0,0.029470237836044483,0.029470237836044483,Increases Churn Prediction,2
13286.0,Monetary,734.91,-0.009562516457920955,0.009562516457920955,Decreases Churn Prediction,5
13286.0,TotalItems,274.0,0.02218840501535763,0.02218840501535763,Increases Churn Prediction,3
13286.0,AverageOrderValue,734.91,0.0036383278769243736,0.0036383278769243736,Increases Churn Prediction,6
13286.0,Tenure,0.0,0.012797256369210652,0.012797256369210652,Increases Churn Prediction,4
18123.0,Recency,423.0,0.1360038043957054,0.1360038043957054,Increases Churn Prediction,1
18123.0,Frequency,1.0,0.0342092455718149,0.0342092455718149,Increases Churn Prediction,4
18123.0,Monetary,95.15,0.047269826833068476,0.047269826833068476,Increases Churn Prediction,3
18123.0,TotalItems,35.0,0.04732828626996197,0.04732828626996197,Increases Churn Prediction,2
18123.0,AverageOrderValue,95.15,0.015579913700342698,0.015579913700342698,Increases Churn Prediction,6
18123.0,Tenure,0.0,0.031125586157451247,0.031125586157451247,Increases Churn Prediction,5
14391.0,Recency,486.0,0.16061335653652614,0.16061335653652614,Increases Churn Prediction,1
14391.0,Frequency,1.0,0.031325957934210044,0.031325957934210044,Increases Churn Prediction,3
14391.0,Monetary,135.6,0.05790831215893931,0.05790831215893931,Increases Churn Prediction,2
14391.0,TotalItems,168.0,0.030646182028965675,0.030646182028965675,Increases Churn Prediction,4
14391.0,AverageOrderValue,135.6,0.0066871763496115545,0.0066871763496115545,Increases Churn Prediction,6
14391.0,Tenure,0.0,0.02573043351738148,0.02573043351738148,Increases Churn Prediction,5
16418.0,Recency,2.0,-0.13919895470987542,0.13919895470987542,Decreases Churn Prediction,1
16418.0,Frequency,4.0,0.017380269397510556,0.017380269397510556,Increases Churn Prediction,2
16418.0,Monetary,795.03,0.0044210133335000484,0.0044210133335000484,Increases Churn Prediction,5
16418.0,TotalItems,466.0,0.005480856674934684,0.005480856674934684,Increases Churn Prediction,4
16418.0,AverageOrderValue,198.7575,-0.014630032828199566,0.014630032828199566,Decreases Churn Prediction,3
16418.0,Tenure,329.0,-0.0019815128136029467,0.0019815128136029467,Decreases Churn Prediction,6
16967.0,Recency,98.0,-0.06436509179565039,0.06436509179565039,Decreases Churn Prediction,1
16967.0,Frequency,1.0,0.042454999248118346,0.042454999248118346,Increases Churn Prediction,2
16967.0,Monetary,319.02,0.03859160075442907,0.03859160075442907,Increases Churn Prediction,3
16967.0,TotalItems,333.0,0.02694119869792782,0.02694119869792782,Increases Churn Prediction,4
16967.0,AverageOrderValue,319.02,-0.005547797630755321,0.005547797630755321,Decreases Churn Prediction,6
16967.0,Tenure,0.0,0.010120962375667016,0.010120962375667016,Increases Churn Prediction,5
14005.0,Recency,43.0,-0.1527154990643469,0.1527154990643469,Decreases Churn Prediction,1
14005.0,Frequency,3.0,0.022334224134498506,0.022334224134498506,Increases Churn Prediction,3
14005.0,Monetary,696.56,0.006731393464943586,0.006731393464943586,Increases Churn Prediction,6
14005.0,TotalItems,864.0,-0.03625523400721589,0.03625523400721589,Decreases Churn Prediction,2
14005.0,AverageOrderValue,232.18666666666664,-0.010777519931341604,0.010777519931341604,Decreases Churn Prediction,5
14005.0,Tenure,81.0,-0.017989793696838983,0.017989793696838983,Decreases Churn Prediction,4
13345.0,Recency,197.0,0.056023792569745226,0.056023792569745226,Increases Churn Prediction,1
13345.0,Frequency,1.0,0.04011709074254584,0.04011709074254584,Increases Churn Prediction,2
13345.0,Monetary,389.5,0.029928110104316338,0.029928110104316338,Increases Churn Prediction,4
13345.0,TotalItems,141.0,0.038310667741876164,0.038310667741876164,Increases Churn Prediction,3
13345.0,AverageOrderValue,389.5,-0.0016204352254685257,0.0016204352254685257,Decreases Churn Prediction,6
13345.0,Tenure,0.0,0.01942226812632045,0.01942226812632045,Increases Churn Prediction,5
16050.0,Recency,83.0,-0.08042835644368573,0.08042835644368573,Decreases Churn Prediction,1
16050.0,Frequency,3.0,0.016279048482207376,0.016279048482207376,Increases Churn Prediction,4
16050.0,Monetary,300.7,0.04117466755203668,0.04117466755203668,Increases Churn Prediction,2
16050.0,TotalItems,388.0,0.010429199691695118,0.010429199691695118,Increases Churn Prediction,5
16050.0,AverageOrderValue,100.23333333333332,0.02607288167458653,0.02607288167458653,Increases Churn Prediction,3
16050.0,Tenure,227.0,-0.00812486011707659,0.00812486011707659,Decreases Churn Prediction,6
16987.0,Recency,79.0,-0.10653773166630084,0.10653773166630084,Decreases Churn Prediction,1
16987.0,Frequency,7.0,-0.05337670252473583,0.05337670252473583,Decreases Churn Prediction,2
16987.0,Monetary,1540.3,-0.023353407391103677,0.023353407391103677,Decreases Churn Prediction,3
16987.0,TotalItems,380.0,0.011073137269678023,0.011073137269678023,Increases Churn Prediction,6
16987.0,AverageOrderValue,220.04285714285717,-0.019041619820781362,0.019041619820781362,Decreases Churn Prediction,4
16987.0,Tenure,567.0,-0.013689966913109856,0.013689966913109856,Decreases Churn Prediction,5
17913.0,Recency,265.0,0.05265652706287459,0.05265652706287459,Increases Churn Prediction,3
17913.0,Frequency,13.0,-0.07133700193634356,0.07133700193634356,Decreases Churn Prediction,1
17913.0,Monetary,3286.09,-0.04816290062090975,0.04816290062090975,Decreases Churn Prediction,4
17913.0,TotalItems,1556.0,-0.05803125803915497,0.05803125803915497,Decreases Churn Prediction,2
17913.0,AverageOrderValue,252.77615384615385,-0.015615923152594866,0.015615923152594866,Decreases Churn Prediction,6
17913.0,Tenure,380.0,-0.031105035527324618,0.031105035527324618,Decreases Churn Prediction,5
13492.0,Recency,45.0,-0.15153022593551468,0.15153022593551468,Decreases Churn Prediction,1
13492.0,Frequency,3.0,0.02656213829876524,0.02656213829876524,Increases Churn Prediction,2
13492.0,Monetary,1269.84,-0.0008283165020015488,0.0008283165020015488,Decreases Churn Prediction,6
13492.0,TotalItems,408.0,0.011057563286911784,0.011057563286911784,Increases Churn Prediction,4
13492.0,AverageOrderValue,423.28,0.007553550356583555,0.007553550356583555,Increases Churn Prediction,5
13492.0,Tenure,78.0,-0.013670278876478746,0.013670278876478746,Decreases Churn Prediction,3
12672.0,Recency,239.0,0.06972628829316602,0.06972628829316602,Increases Churn Prediction,1
12672.0,Frequency,2.0,0.027557318995213943,0.027557318995213943,Increases Churn Prediction,4
12672.0,Monetary,437.05,0.03358984023813225,0.03358984023813225,Increases Churn Prediction,3
12672.0,TotalItems,138.0,0.04659420582904831,0.04659420582904831,Increases Churn Prediction,2
12672.0,AverageOrderValue,218.525,-0.008621647587677783,0.008621647587677783,Decreases Churn Prediction,5
12672.0,Tenure,265.0,-0.004661038509178796,0.004661038509178796,Decreases Churn Prediction,6
17418.0,Recency,233.0,0.061454390108361345,0.061454390108361345,Increases Churn Prediction,1
17418.0,Frequency,2.0,0.02099851464851364,0.02099851464851364,Increases Churn Prediction,3
17418.0,Monetary,373.99,0.03548742510843909,0.03548742510843909,Increases Churn Prediction,2
17418.0,TotalItems,371.0,9.935082947532675e-05,9.935082947532675e-05,Increases Churn Prediction,6
17418.0,AverageOrderValue,186.995,-0.008350109183800861,0.008350109183800861,Decreases Churn Prediction,4
17418.0,Tenure,63.0,0.004797649176008532,0.004797649176008532,Increases Churn Prediction,5
12876.0,Recency,105.0,-0.10055761124776273,0.10055761124776273,Decreases Churn Prediction,1
12876.0,Frequency,3.0,0.028595157283862027,0.028595157283862027,Increases Churn Prediction,4
12876.0,Monetary,2590.2000000000003,-0.05133327022512285,0.05133327022512285,Decreases Churn Prediction,3
12876.0,TotalItems,1757.0,-0.05741453309558596,0.05741453309558596,Decreases Churn Prediction,2
12876.0,AverageOrderValue,863.4000000000001,0.013026465626336331,0.013026465626336331,Increases Churn Prediction,5
12876.0,Tenure,394.0,-0.0018634617739862955,0.0018634617739862955,Decreases Churn Prediction,6
13741.0,Recency,93.0,-0.09851635049042805,0.09851635049042805,Decreases Churn Prediction,1
13741.0,Frequency,2.0,0.030475829628637166,0.030475829628637166,Increases Churn Prediction,4
13741.0,Monetary,363.13,0.03748742858878,0.03748742858878,Increases Churn Prediction,2
13741.0,TotalItems,143.0,0.03604696216961886,0.03604696216961886,Increases Churn Prediction,3
13741.0,AverageOrderValue,181.565,-0.00734858134974721,0.00734858134974721,Decreases Churn Prediction,6
13741.0,Tenure,33.0,-0.014653250964672822,0.014653250964672822,Decreases Churn Prediction,5
18177.0,Recency,67.0,-0.1065129377755065,0.1065129377755065,Decreases Churn Prediction,1
18177.0,Frequency,8.0,-0.05808872103288012,0.05808872103288012,Decreases Churn Prediction,2
18177.0,Monetary,1913.27,-0.021903435282778133,0.021903435282778133,Decreases Churn Prediction,4
18177.0,TotalItems,1073.0,-0.030687584520980523,0.030687584520980523,Decreases Churn Prediction,3
18177.0,AverageOrderValue,239.15875,-0.012585590295781816,0.012585590295781816,Decreases Churn Prediction,5
18177.0,Tenure,566.0,-0.0027636340499229174,0.0027636340499229174,Decreases Churn Prediction,6
16046.0,Recency,471.0,0.16866715622365394,0.16866715622365394,Increases Churn Prediction,1
16046.0,Frequency,1.0,0.030808489958656666,0.030808489958656666,Increases Churn Prediction,3
16046.0,Monetary,235.78,0.03395461271287377,0.03395461271287377,Increases Churn Prediction,2
16046.0,TotalItems,248.0,0.02773500772650316,0.02773500772650316,Increases Churn Prediction,4
16046.0,AverageOrderValue,235.78,-0.004536720407878021,0.004536720407878021,Decreases Churn Prediction,6
16046.0,Tenure,0.0,0.01930738144635095,0.01930738144635095,Increases Churn Prediction,5
15033.0,Recency,18.0,-0.16075025911375818,0.16075025911375818,Decreases Churn Prediction,1
15033.0,Frequency,6.0,-0.01851406911477705,0.01851406911477705,Decreases Churn Prediction,3
15033.0,Monetary,1629.1,-0.017364594864599417,0.017364594864599417,Decreases Churn Prediction,4
15033.0,TotalItems,916.0,-0.04487016730658684,0.04487016730658684,Decreases Churn Prediction,2
15033.0,AverageOrderValue,271.51666666666665,-0.00849810702118875,0.00849810702118875,Decreases Churn Prediction,6
15033.0,Tenure,220.0,-0.013287885935739365,0.013287885935739365,Decreases Churn Prediction,5
15764.0,Recency,16.0,-0.1656429928147889,0.1656429928147889,Decreases Churn Prediction,1
15764.0,Frequency,7.0,-0.059652755386383226,0.059652755386383226,Decreases Churn Prediction,4
15764.0,Monetary,4499.73,-0.06482276294335973,0.06482276294335973,Decreases Churn Prediction,2
15764.0,TotalItems,2943.0,-0.0637707739677867,0.0637707739677867,Decreases Churn Prediction,3
15764.0,AverageOrderValue,642.8185714285713,0.0020418062633639055,0.0020418062633639055,Increases Churn Prediction,6
15764.0,Tenure,371.0,-0.010612307847733203,0.010612307847733203,Decreases Churn Prediction,5
14085.0,Recency,50.0,-0.177570455795252,0.177570455795252,Decreases Churn Prediction,1
14085.0,Frequency,27.0,-0.1180052724122839,0.1180052724122839,Decreases Churn Prediction,2
14085.0,Monetary,8904.62,-0.09114852179717386,0.09114852179717386,Decreases Churn Prediction,3
14085.0,TotalItems,5577.0,-0.08063874821408616,0.08063874821408616,Decreases Churn Prediction,4
14085.0,AverageOrderValue,329.8007407407408,-0.002865103251323867,0.002865103251323867,Decreases Churn Prediction,6
14085.0,Tenure,590.0,-0.03812425053538043,0.03812425053538043,Decreases Churn Prediction,5
17539.0,Recency,527.0,0.1949884094907229,0.1949884094907229,Increases Churn Prediction,1
17539.0,Frequency,4.0,0.013824005234002783,0.013824005234002783,Increases Churn Prediction,3
17539.0,Monetary,1226.57,0.0017089903376074495,0.0017089903376074495,Increases Churn Prediction,6
17539.0,TotalItems,747.0,-0.027598527474750993,0.027598527474750993,Decreases Churn Prediction,2
17539.0,AverageOrderValue,306.6425,-0.0056752070983127345,0.0056752070983127345,Decreases Churn Prediction,5
17539.0,Tenure,108.0,0.007729199751485671,0.007729199751485671,Increases Churn Prediction,4
15964.0,Recency,572.0,0.1706576743219299,0.1706576743219299,Increases Churn Prediction,1
15964.0,Frequency,1.0,0.03309366050741547,0.03309366050741547,Increases Churn Prediction,2
15964.0,Monetary,272.96000000000004,0.026514107307138768,0.026514107307138768,Increases Churn Prediction,4
15964.0,TotalItems,94.0,0.03245625969236948,0.03245625969236948,Increases Churn Prediction,3
15964.0,AverageOrderValue,272.96000000000004,-0.0052825021159283725,0.0052825021159283725,Decreases Churn Prediction,6
15964.0,Tenure,0.0,0.02276556647720184,0.02276556647720184,Increases Churn Prediction,5
12514.0,Recency,176.0,0.023333148732806827,0.023333148732806827,Increases Churn Prediction,3
12514.0,Frequency,2.0,0.036093899384057285,0.036093899384057285,Increases Churn Prediction,2
12514.0,Monetary,1597.76,-0.008053733679386733,0.008053733679386733,Decreases Churn Prediction,6
12514.0,TotalItems,840.0,-0.04236380941092287,0.04236380941092287,Decreases Churn Prediction,1
12514.0,AverageOrderValue,798.88,0.020266954830528275,0.020266954830528275,Increases Churn Prediction,4
12514.0,Tenure,374.0,-0.010090595015020423,0.010090595015020423,Decreases Churn Prediction,5
15857.0,Recency,339.0,0.09767837003774751,0.09767837003774751,Increases Churn Prediction,1
15857.0,Frequency,1.0,0.02704822187245065,0.02704822187245065,Increases Churn Prediction,3
15857.0,Monetary,273.48,0.026899512496318972,0.026899512496318972,Increases Churn Prediction,4
15857.0,TotalItems,276.0,0.03172331519315712,0.03172331519315712,Increases Churn Prediction,2
15857.0,AverageOrderValue,273.48,-0.00663530116308016,0.00663530116308016,Decreases Churn Prediction,6
15857.0,Tenure,0.0,0.01756489156463137,0.01756489156463137,Increases Churn Prediction,5
12380.0,Recency,95.0,-0.12124360855098992,0.12124360855098992,Decreases Churn Prediction,1
12380.0,Frequency,8.0,-0.07812124882865445,0.07812124882865445,Decreases Churn Prediction,3
12380.0,Monetary,7559.04,-0.07823910153372182,0.07823910153372182,Decreases Churn Prediction,2
12380.0,TotalItems,2521.0,-0.05880336496385809,0.05880336496385809,Decreases Churn Prediction,4
12380.0,AverageOrderValue,944.88,0.010976857578912612,0.010976857578912612,Increases Churn Prediction,6
12380.0,Tenure,476.0,-0.01697569570033256,0.01697569570033256,Decreases Churn Prediction,5
16033.0,Recency,17.0,-0.1943350700265056,0.1943350700265056,Decreases Churn Prediction,1
16033.0,Frequency,23.0,-0.11211673080539049,0.11211673080539049,Decreases Churn Prediction,2
16033.0,Monetary,7898.03,-0.0808406983081494,0.0808406983081494,Decreases Churn Prediction,3
16033.0,TotalItems,2904.0,-0.0666107441214604,0.0666107441214604,Decreases Churn Prediction,4
16033.0,AverageOrderValue,343.39260869565214,-0.0033563748883570794,0.0033563748883570794,Decreases Churn Prediction,6
16033.0,Tenure,376.0,-0.013668313914632104,0.013668313914632104,Decreases Churn Prediction,5
15176.0,Recency,577.0,0.17527806511841515,0.17527806511841515,Increases Churn Prediction,1
15176.0,Frequency,1.0,0.032582337255954996,0.032582337255954996,Increases Churn Prediction,2
15176.0,Monetary,988.04,0.002944075299346413,0.002944075299346413,Increases Churn Prediction,5
15176.0,TotalItems,448.0,0.0009619592246340458,0.0009619592246340458,Increases Churn Prediction,6
15176.0,AverageOrderValue,988.04,0.014909789592193481,0.014909789592193481,Increases Churn Prediction,4
15176.0,Tenure,0.0,0.017349805256258476,0.017349805256258476,Increases Churn Prediction,3
12636.0,Recency,648.0,0.1441515598598061,0.1441515598598061,Increases Churn Prediction,1
12636.0,Frequency,1.0,0.0393236635391115,0.0393236635391115,Increases Churn Prediction,4
12636.0,Monetary,141.0,0.045025110502818,0.045025110502818,Increases Churn Prediction,2
12636.0,TotalItems,1.0,0.04360587231332948,0.04360587231332948,Increases Churn Prediction,3
12636.0,AverageOrderValue,141.0,-0.00166679508939473,0.00166679508939473,Decreases Churn Prediction,6
12636.0,Tenure,0.0,0.03384874325947691,0.03384874325947691,Increases Churn Prediction,5
12879.0,Recency,1.0,-0.17833005098036034,0.17833005098036034,Decreases Churn Prediction,1
12879.0,Frequency,1.0,0.038257932494438165,0.038257932494438165,Increases Churn Prediction,4
12879.0,Monetary,140.5,0.05732310944364351,0.05732310944364351,Increases Churn Prediction,3
12879.0,TotalItems,58.0,0.06953776806280744,0.06953776806280744,Increases Churn Prediction,2
12879.0,AverageOrderValue,140.5,-0.004601154128995947,0.004601154128995947,Decreases Churn Prediction,6
12879.0,Tenure,0.0,0.006764334972631887,0.006764334972631887,Increases Churn Prediction,5
18191.0,Recency,171.0,0.021124697974622533,0.021124697974622533,Increases Churn Prediction,3
18191.0,Frequency,2.0,0.02669838777361118,0.02669838777361118,Increases Churn Prediction,1
18191.0,Monetary,529.4,0.007760151627036763,0.007760151627036763,Increases Churn Prediction,5
18191.0,TotalItems,332.0,0.021418554756404584,0.021418554756404584,Increases Churn Prediction,2
18191.0,AverageOrderValue,264.7,-0.007540944703134199,0.007540944703134199,Decreases Churn Prediction,6
18191.0,Tenure,215.0,-0.011767847324929982,0.011767847324929982,Decreases Churn Prediction,4
17329.0,Recency,224.0,0.03613624197736641,0.03613624197736641,Increases Churn Prediction,1
17329.0,Frequency,4.0,0.004454605229258484,0.004454605229258484,Increases Churn Prediction,5
17329.0,Monetary,724.6800000000001,-0.006527336730078933,0.006527336730078933,Decreases Churn Prediction,4
17329.0,TotalItems,357.0,5.7598019876366896e-05,5.7598019876366896e-05,Increases Churn Prediction,6
17329.0,AverageOrderValue,181.17,-0.012290225062679367,0.012290225062679367,Decreases Churn Prediction,2
17329.0,Tenure,420.0,-0.011971730263011841,0.011971730263011841,Decreases Churn Prediction,3
13951.0,Recency,85.0,-0.0974195291022338,0.0974195291022338,Decreases Churn Prediction,1
13951.0,Frequency,3.0,0.017546851197126408,0.017546851197126408,Increases Churn Prediction,3
13951.0,Monetary,674.45,-0.0015487956885273206,0.0015487956885273206,Decreases Churn Prediction,6
13951.0,TotalItems,459.0,0.0019744247119097523,0.0019744247119097523,Increases Churn Prediction,5
13951.0,AverageOrderValue,224.8166666666667,-0.01372175277995017,0.01372175277995017,Decreases Churn Prediction,4
13951.0,Tenure,118.0,-0.01762365885533949,0.01762365885533949,Decreases Churn Prediction,2
16284.0,Recency,302.0,0.06657393928513168,0.06657393928513168,Increases Churn Prediction,1
16284.0,Frequency,1.0,0.03349420222953438,0.03349420222953438,Increases Churn Prediction,4
16284.0,Monetary,205.8,0.03469115826951054,0.03469115826951054,Increases Churn Prediction,3
16284.0,TotalItems,139.0,0.03519139393528439,0.03519139393528439,Increases Churn Prediction,2
16284.0,AverageOrderValue,205.8,-0.009003027973939204,0.009003027973939204,Decreases Churn Prediction,6
16284.0,Tenure,0.0,0.019909270176179158,0.019909270176179158,Increases Churn Prediction,5
12689.0,Recency,37.0,-0.1682386293284998,0.1682386293284998,Decreases Churn Prediction,1
12689.0,Frequency,1.0,0.031220565505844226,0.031220565505844226,Increases Churn Prediction,2
12689.0,Monetary,511.03,0.007635737245912919,0.007635737245912919,Increases Churn Prediction,4
12689.0,TotalItems,281.0,0.027040477155678845,0.027040477155678845,Increases Churn Prediction,3
12689.0,AverageOrderValue,511.03,-0.0012346714424786142,0.0012346714424786142,Decreases Churn Prediction,6
12689.0,Tenure,0.0,-0.0035922230634722607,0.0035922230634722607,Decreases Churn Prediction,5
14573.0,Recency,89.0,-0.1119179427884884,0.1119179427884884,Decreases Churn Prediction,1
14573.0,Frequency,13.0,-0.09642345088118007,0.09642345088118007,Decreases Churn Prediction,2
14573.0,Monetary,2621.42,-0.06370711814150463,0.06370711814150463,Decreases Churn Prediction,3
14573.0,TotalItems,835.0,-0.032388601189053845,0.032388601189053845,Decreases Churn Prediction,4
14573.0,AverageOrderValue,201.64769230769232,-0.015794987598934475,0.015794987598934475,Decreases Churn Prediction,6
14573.0,Tenure,520.0,-0.01711812847440112,0.01711812847440112,Decreases Churn Prediction,5
17312.0,Recency,48.0,-0.14033630203872527,0.14033630203872527,Decreases Churn Prediction,1
17312.0,Frequency,3.0,0.02196734813048494,0.02196734813048494,Increases Churn Prediction,2
17312.0,Monetary,644.3,0.003098415913072968,0.003098415913072968,Increases Churn Prediction,6
17312.0,TotalItems,372.0,0.012027611641202553,0.012027611641202553,Increases Churn Prediction,4
17312.0,AverageOrderValue,214.76666666666665,-0.012778463468579915,0.012778463468579915,Decreases Churn Prediction,3
17312.0,Tenure,20.0,-0.00668588928229823,0.00668588928229823,Decreases Churn Prediction,5
15190.0,Recency,343.0,0.10142326066367056,0.10142326066367056,Increases Churn Prediction,1
15190.0,Frequency,1.0,0.028247890692903732,0.028247890692903732,Increases Churn Prediction,3
15190.0,Monetary,834.4399999999999,-0.001682333632614899,0.001682333632614899,Decreases Churn Prediction,6
15190.0,TotalItems,790.0,-0.035221403092067116,0.035221403092067116,Decreases Churn Prediction,2
15190.0,AverageOrderValue,834.4399999999999,0.006047307724329043,0.006047307724329043,Increases Churn Prediction,5
15190.0,Tenure,0.0,0.01627077455839284,0.01627077455839284,Increases Churn Prediction,4
15135.0,Recency,148.0,0.028521453729055887,0.028521453729055887,Increases Churn Prediction,3
15135.0,Frequency,2.0,0.028236474898687226,0.028236474898687226,Increases Churn Prediction,4
15135.0,Monetary,305.68,0.03904665599172661,0.03904665599172661,Increases Churn Prediction,2
15135.0,TotalItems,84.0,0.0551884848365493,0.0551884848365493,Increases Churn Prediction,1
15135.0,AverageOrderValue,152.84,-0.0057619911775707525,0.0057619911775707525,Decreases Churn Prediction,6
15135.0,Tenure,317.0,-0.009022463006724109,0.009022463006724109,Decreases Churn Prediction,5
12683.0,Recency,2.0,-0.18781302522679433,0.18781302522679433,Decreases Churn Prediction,1
12683.0,Frequency,18.0,-0.12192021408546748,0.12192021408546748,Decreases Churn Prediction,2
12683.0,Monetary,10842.4,-0.09882123342934336,0.09882123342934336,Decreases Churn Prediction,3
12683.0,TotalItems,6676.0,-0.0840896639875745,0.0840896639875745,Decreases Churn Prediction,4
12683.0,AverageOrderValue,602.3555555555555,0.0034271883008559247,0.0034271883008559247,Increases Churn Prediction,6
12683.0,Tenure,633.0,-0.03398634149026081,0.03398634149026081,Decreases Churn Prediction,5
14066.0,Recency,176.0,0.04739459918604342,0.04739459918604342,Increases Churn Prediction,3
14066.0,Frequency,1.0,0.045845621123695876,0.045845621123695876,Increases Churn Prediction,4
14066.0,Monetary,152.55,0.06314986517409894,0.06314986517409894,Increases Churn Prediction,2
14066.0,TotalItems,45.0,0.06678171049342119,0.06678171049342119,Increases Churn Prediction,1
14066.0,AverageOrderValue,152.55,-0.00198189845312274,0.00198189845312274,Decreases Churn Prediction,6
14066.0,Tenure,0.0,0.03030993614180323,0.03030993614180323,Increases Churn Prediction,5
14972.0,Recency,37.0,-0.14058219943183775,0.14058219943183775,Decreases Churn Prediction,1
14972.0,Frequency,2.0,0.03168294159211374,0.03168294159211374,Increases Churn Prediction,5
14972.0,Monetary,145.07,0.07047041072078622,0.07047041072078622,Increases Churn Prediction,2
14972.0,TotalItems,40.0,0.06400126838255171,0.06400126838255171,Increases Churn Prediction,3
14972.0,AverageOrderValue,72.535,0.034954302805630735,0.034954302805630735,Increases Churn Prediction,4
14972.0,Tenure,252.0,-0.007792653734794954,0.007792653734794954,Decreases Churn Prediction,6
15057.0,Recency,184.0,0.015389353404342096,0.015389353404342096,Increases Churn Prediction,4
15057.0,Frequency,5.0,-0.01275342860776162,0.01275342860776162,Decreases Churn Prediction,6
15057.0,Monetary,3255.96,-0.03880762991493911,0.03880762991493911,Decreases Churn Prediction,2
15057.0,TotalItems,1394.0,-0.05061772783022197,0.05061772783022197,Decreases Churn Prediction,1
15057.0,AverageOrderValue,651.192,0.013268302297680275,0.013268302297680275,Increases Churn Prediction,5
15057.0,Tenure,458.0,-0.024173363687306673,0.024173363687306673,Decreases Churn Prediction,3
17173.0,Recency,26.0,-0.17479737288005265,0.17479737288005265,Decreases Churn Prediction,1
17173.0,Frequency,2.0,0.03391319608388359,0.03391319608388359,Increases Churn Prediction,2
17173.0,Monetary,961.26,0.003432195602421431,0.003432195602421431,Increases Churn Prediction,5
17173.0,TotalItems,238.0,0.032576184659473664,0.032576184659473664,Increases Churn Prediction,3
17173.0,AverageOrderValue,480.63,0.0033622876498208554,0.0033622876498208554,Increases Churn Prediction,6
17173.0,Tenure,14.0,-0.010462967160293948,0.010462967160293948,Decreases Churn Prediction,4
13441.0,Recency,1.0,-0.132044348214177,0.132044348214177,Decreases Churn Prediction,1
13441.0,Frequency,2.0,0.03342033285384093,0.03342033285384093,Increases Churn Prediction,2
13441.0,Monetary,720.9,0.00570889918696295,0.00570889918696295,Increases Churn Prediction,5
13441.0,TotalItems,520.0,0.007312967631517656,0.007312967631517656,Increases Churn Prediction,4
13441.0,AverageOrderValue,360.45,-0.0003418631109659877,0.0003418631109659877,Decreases Churn Prediction,6
13441.0,Tenure,339.0,0.007812151460967505,0.007812151460967505,Increases Churn Prediction,3
14052.0,Recency,300.0,0.0732484076192404,0.0732484076192404,Increases Churn Prediction,1
14052.0,Frequency,1.0,0.03477720734497733,0.03477720734497733,Increases Churn Prediction,3
14052.0,Monetary,255.45,0.02944359195043306,0.02944359195043306,Increases Churn Prediction,4
14052.0,TotalItems,98.0,0.03888516436476422,0.03888516436476422,Increases Churn Prediction,2
14052.0,AverageOrderValue,255.45,-0.007853314655636847,0.007853314655636847,Decreases Churn Prediction,6
14052.0,Tenure,0.0,0.020203706537061928,0.020203706537061928,Increases Churn Prediction,5
16713.0,Recency,25.0,-0.18808859761975644,0.18808859761975644,Decreases Churn Prediction,1
16713.0,Frequency,28.0,-0.11948452740685495,0.11948452740685495,Decreases Churn Prediction,2
16713.0,Monetary,11608.33,-0.09612249403474575,0.09612249403474575,Decreases Churn Prediction,3
16713.0,TotalItems,6551.0,-0.07834822990927752,0.07834822990927752,Decreases Churn Prediction,4
16713.0,AverageOrderValue,414.5832142857143,0.001219749401718307,0.001219749401718307,Increases Churn Prediction,6
16713.0,Tenure,608.0,-0.038926796152833315,0.038926796152833315,Decreases Churn Prediction,5
17196.0,Recency,337.0,0.09844048100297331,0.09844048100297331,Increases Churn Prediction,1
17196.0,Frequency,1.0,0.027569004132196408,0.027569004132196408,Increases Churn Prediction,4
17196.0,Monetary,352.9,0.02809555243217477,0.02809555243217477,Increases Churn Prediction,3
17196.0,TotalItems,168.0,0.03164382120287899,0.03164382120287899,Increases Churn Prediction,2
17196.0,AverageOrderValue,352.9,-0.0015876542320535716,0.0015876542320535716,Decreases Churn Prediction,6
17196.0,Tenure,0.0,0.018796666000567695,0.018796666000567695,Increases Churn Prediction,5
17307.0,Recency,304.0,0.085198304344416,0.085198304344416,Increases Churn Prediction,1
17307.0,Frequency,11.0,-0.047147152699931624,0.047147152699931624,Decreases Churn Prediction,3
17307.0,Monetary,3999.89,-0.04069039113424286,0.04069039113424286,Decreases Churn Prediction,4
17307.0,TotalItems,3667.0,-0.0516557565026694,0.0516557565026694,Decreases Churn Prediction,2
17307.0,AverageOrderValue,363.6263636363637,-0.0018679323848899525,0.0018679323848899525,Decreases Churn Prediction,6
17307.0,Tenure,293.0,-0.00908562507188281,0.00908562507188281,Decreases Churn Prediction,5
13703.0,Recency,227.0,0.07484061009808034,0.07484061009808034,Increases Churn Prediction,1
13703.0,Frequency,2.0,0.027907522963369017,0.027907522963369017,Increases Churn Prediction,4
13703.0,Monetary,425.56,0.03118885471474248,0.03118885471474248,Increases Churn Prediction,3
13703.0,TotalItems,128.0,0.04570792790400216,0.04570792790400216,Increases Churn Prediction,2
13703.0,AverageOrderValue,212.78,-0.008344490486764947,0.008344490486764947,Decreases Churn Prediction,5
13703.0,Tenure,96.0,0.007966243813291831,0.007966243813291831,Increases Churn Prediction,6
15018.0,Recency,162.0,0.030202339511816723,0.030202339511816723,Increases Churn Prediction,3
15018.0,Frequency,2.0,0.027650563020333904,0.027650563020333904,Increases Churn Prediction,4
15018.0,Monetary,402.59,0.035776384137580816,0.035776384137580816,Increases Churn Prediction,2
15018.0,TotalItems,115.0,0.04107293465217736,0.04107293465217736,Increases Churn Prediction,1
15018.0,AverageOrderValue,201.295,-0.009246409155776873,0.009246409155776873,Decreases Churn Prediction,5
15018.0,Tenure,114.0,-0.007255169548703465,0.007255169548703465,Decreases Churn Prediction,6
14738.0,Recency,43.0,-0.1443045036626876,0.1443045036626876,Decreases Churn Prediction,1
14738.0,Frequency,7.0,-0.04912755806896604,0.04912755806896604,Decreases Churn Prediction,2
14738.0,Monetary,1265.1,-0.00966947485301452,0.00966947485301452,Decreases Churn Prediction,5
14738.0,TotalItems,507.0,0.006678469100552021,0.006678469100552021,Increases Churn Prediction,6
14738.0,AverageOrderValue,180.72857142857143,-0.01641024039114567,0.01641024039114567,Decreases Churn Prediction,3
14738.0,Tenure,599.0,-0.012538069079464666,0.012538069079464666,Decreases Churn Prediction,4
16262.0,Recency,287.0,0.06296592227506943,0.06296592227506943,Increases Churn Prediction,1
16262.0,Frequency,1.0,0.033103172394973054,0.033103172394973054,Increases Churn Prediction,2
16262.0,Monetary,755.15,-0.013036152076252942,0.013036152076252942,Decreases Churn Prediction,4
16262.0,TotalItems,446.0,-0.003462473378742059,0.003462473378742059,Decreases Churn Prediction,6
16262.0,AverageOrderValue,755.15,0.005276198664098897,0.005276198664098897,Increases Churn Prediction,5
16262.0,Tenure,0.0,0.014243472247911677,0.014243472247911677,Increases Churn Prediction,3
16426.0,Recency,2.0,-0.14741315151572376,0.14741315151572376,Decreases Churn Prediction,1
16426.0,Frequency,4.0,0.015561766940018838,0.015561766940018838,Increases Churn Prediction,2
16426.0,Monetary,689.83,0.0024260664985378544,0.0024260664985378544,Increases Churn Prediction,6
16426.0,TotalItems,414.0,0.006638320778649946,0.006638320778649946,Increases Churn Prediction,5
16426.0,AverageOrderValue,172.4575,-0.012901861340973961,0.012901861340973961,Decreases Churn Prediction,4
16426.0,Tenure,183.0,-0.014394706827144785,0.014394706827144785,Decreases Churn Prediction,3
17680.0,Recency,292.0,0.06819981277816325,0.06819981277816325,Increases Churn Prediction,1
17680.0,Frequency,2.0,0.024233295047468573,0.024233295047468573,Increases Churn Prediction,4
17680.0,Monetary,313.05,0.03206187734535587,0.03206187734535587,Increases Churn Prediction,3
17680.0,TotalItems,59.0,0.06212316813377547,0.06212316813377547,Increases Churn Prediction,2
17680.0,AverageOrderValue,156.525,-0.006625031944146594,0.006625031944146594,Decreases Churn Prediction,5
17680.0,Tenure,127.0,-0.003665333723012275,0.003665333723012275,Decreases Churn Prediction,6
13602.0,Recency,291.0,0.06014883569263943,0.06014883569263943,Increases Churn Prediction,1
13602.0,Frequency,3.0,0.008689123573720325,0.008689123573720325,Increases Churn Prediction,4
13602.0,Monetary,596.28,-0.0041764957180809754,0.0041764957180809754,Decreases Churn Prediction,6
13602.0,TotalItems,271.0,0.03835441110065292,0.03835441110065292,Increases Churn Prediction,2
13602.0,AverageOrderValue,198.76,-0.011625007316147495,0.011625007316147495,Decreases Churn Prediction,3
13602.0,Tenure,179.0,-0.006157216718180574,0.006157216718180574,Decreases Churn Prediction,5
12832.0,Recency,7.0,-0.19107873259540503,0.19107873259540503,Decreases Churn Prediction,1
12832.0,Frequency,1.0,0.03258943722862734,0.03258943722862734,Increases Churn Prediction,2
12832.0,Monetary,267.8,0.020687604055628098,0.020687604055628098,Increases Churn Prediction,4
12832.0,TotalItems,132.0,0.024435230999351992,0.024435230999351992,Increases Churn Prediction,3
12832.0,AverageOrderValue,267.8,-0.0045155310793408305,0.0045155310793408305,Decreases Churn Prediction,5
12832.0,Tenure,0.0,-0.0011214426385182299,0.0011214426385182299,Decreases Churn Prediction,6
12605.0,Recency,285.0,0.06267490420891302,0.06267490420891302,Increases Churn Prediction,1
12605.0,Frequency,4.0,0.009373715599836324,0.009373715599836324,Increases Churn Prediction,3
12605.0,Monetary,1232.95,0.0001209618036935034,0.0001209618036935034,Increases Churn Prediction,6
12605.0,TotalItems,929.0,-0.04242207353118999,0.04242207353118999,Decreases Churn Prediction,2
12605.0,AverageOrderValue,308.2375,-0.0051744118758816696,0.0051744118758816696,Decreases Churn Prediction,4
12605.0,Tenure,81.0,0.0028986857401497416,0.0028986857401497416,Increases Churn Prediction,5
17213.0,Recency,50.0,-0.15298107981759618,0.15298107981759618,Decreases Churn Prediction,1
17213.0,Frequency,11.0,-0.0980242087486648,0.0980242087486648,Decreases Churn Prediction,2
17213.0,Monetary,4181.08,-0.07373859545354418,0.07373859545354418,Decreases Churn Prediction,3
17213.0,TotalItems,1761.0,-0.04775669899288902,0.04775669899288902,Decreases Churn Prediction,4
17213.0,AverageOrderValue,380.0981818181818,-0.0029474611427558594,0.0029474611427558594,Decreases Churn Prediction,6
17213.0,Tenure,583.0,-0.024375377847006822,0.024375377847006822,Decreases Churn Prediction,5
14315.0,Recency,38.0,-0.12862031239944033,0.12862031239944033,Decreases Churn Prediction,1
14315.0,Frequency,7.0,-0.0487229873611123,0.0487229873611123,Decreases Churn Prediction,2
14315.0,Monetary,2266.84,-0.04337040377354028,0.04337040377354028,Decreases Churn Prediction,3
14315.0,TotalItems,1012.0,-0.03234379740259406,0.03234379740259406,Decreases Churn Prediction,4
14315.0,AverageOrderValue,323.8342857142857,-0.002191558390579544,0.002191558390579544,Decreases Churn Prediction,6
14315.0,Tenure,505.0,-0.00336602539240613,0.00336602539240613,Decreases Churn Prediction,5
18203.0,Recency,66.0,-0.09875820800755887,0.09875820800755887,Decreases Churn Prediction,1
18203.0,Frequency,4.0,0.01544473454578615,0.01544473454578615,Increases Churn Prediction,4
18203.0,Monetary,504.42,0.022946628564868978,0.022946628564868978,Increases Churn Prediction,3
18203.0,TotalItems,113.0,0.027071275951660586,0.027071275951660586,Increases Churn Prediction,2
18203.0,AverageOrderValue,126.105,0.00822043858098467,0.00822043858098467,Increases Churn Prediction,5
18203.0,Tenure,573.0,-0.006088738572166422,0.006088738572166422,Decreases Churn Prediction,6
16804.0,Recency,179.0,0.047512316095116844,0.047512316095116844,Increases Churn Prediction,3
16804.0,Frequency,1.0,0.041371374283977226,0.041371374283977226,Increases Churn Prediction,4
16804.0,Monetary,118.05,0.061563260143759256,0.061563260143759256,Increases Churn Prediction,2
16804.0,TotalItems,34.0,0.06325721845968871,0.06325721845968871,Increases Churn Prediction,1
16804.0,AverageOrderValue,118.05,0.007137120920948974,0.007137120920948974,Increases Churn Prediction,6
16804.0,Tenure,0.0,0.030856069820550468,0.030856069820550468,Increases Churn Prediction,5
13461.0,Recency,48.0,-0.13313567598814735,0.13313567598814735,Decreases Churn Prediction,1
13461.0,Frequency,5.0,-0.0014708315530476638,0.0014708315530476638,Decreases Churn Prediction,6
13461.0,Monetary,3599.2,-0.053592895471494144,0.053592895471494144,Decreases Churn Prediction,3
13461.0,TotalItems,2798.0,-0.05373297436592685,0.05373297436592685,Decreases Churn Prediction,2
13461.0,AverageOrderValue,719.8399999999999,0.008419537865025577,0.008419537865025577,Increases Churn Prediction,4
13461.0,Tenure,458.0,0.002726631322490271,0.002726631322490271,Increases Churn Prediction,5
12817.0,Recency,190.0,0.030156299278964807,0.030156299278964807,Increases Churn Prediction,2
12817.0,Frequency,3.0,0.008744133696007801,0.008744133696007801,Increases Churn Prediction,5
12817.0,Monetary,690.98,-0.009725949096270448,0.009725949096270448,Decreases Churn Prediction,4
12817.0,TotalItems,219.0,0.03852463236829068,0.03852463236829068,Increases Churn Prediction,1
12817.0,AverageOrderValue,230.32666666666668,-0.010543561271920465,0.010543561271920465,Decreases Churn Prediction,3
12817.0,Tenure,153.0,-0.007521426823996572,0.007521426823996572,Decreases Churn Prediction,6
13653.0,Recency,397.0,0.1480312316168963,0.1480312316168963,Increases Churn Prediction,1
13653.0,Frequency,1.0,0.03487972794277917,0.03487972794277917,Increases Churn Prediction,4
13653.0,Monetary,152.2,0.050266172742242,0.050266172742242,Increases Churn Prediction,2
13653.0,TotalItems,72.0,0.04855265222748441,0.04855265222748441,Increases Churn Prediction,3
13653.0,AverageOrderValue,152.2,-0.0008738476935605567,0.0008738476935605567,Decreases Churn Prediction,6
13653.0,Tenure,0.0,0.028520756961051472,0.028520756961051472,Increases Churn Prediction,5
16135.0,Recency,172.0,0.024765851827732846,0.024765851827732846,Increases Churn Prediction,2
16135.0,Frequency,2.0,0.028021816730817495,0.028021816730817495,Increases Churn Prediction,1
16135.0,Monetary,819.45,-0.0011742652589840155,0.0011742652589840155,Decreases Churn Prediction,6
16135.0,TotalItems,395.0,0.003494681606035617,0.003494681606035617,Increases Churn Prediction,4
16135.0,AverageOrderValue,409.725,0.0027578093540469376,0.0027578093540469376,Increases Churn Prediction,5
16135.0,Tenure,321.0,-0.0072393709858203335,0.0072393709858203335,Decreases Churn Prediction,3
17759.0,Recency,78.0,-0.08325372090695013,0.08325372090695013,Decreases Churn Prediction,1
17759.0,Frequency,4.0,0.009292414275243521,0.009292414275243521,Increases Churn Prediction,4
17759.0,Monetary,609.07,0.007093228318726275,0.007093228318726275,Increases Churn Prediction,5
17759.0,TotalItems,345.0,0.010491297346039555,0.010491297346039555,Increases Churn Prediction,3
17759.0,AverageOrderValue,152.2675,-0.01103285164842334,0.01103285164842334,Decreases Churn Prediction,2
17759.0,Tenure,414.0,0.004277259231879195,0.004277259231879195,Increases Churn Prediction,6
17774.0,Recency,6.0,-0.14986354383624537,0.14986354383624537,Decreases Churn Prediction,1
17774.0,Frequency,9.0,-0.08536070861461617,0.08536070861461617,Decreases Churn Prediction,2
17774.0,Monetary,3328.05,-0.07020328704202866,0.07020328704202866,Decreases Churn Prediction,3
17774.0,TotalItems,1609.0,-0.050156153388991424,0.050156153388991424,Decreases Churn Prediction,4
17774.0,AverageOrderValue,369.78333333333336,-0.003454510969111384,0.003454510969111384,Decreases Churn Prediction,6
17774.0,Tenure,572.0,-0.016384478112731027,0.016384478112731027,Decreases Churn Prediction,5
13784.0,Recency,4.0,-0.1692921620961672,0.1692921620961672,Decreases Churn Prediction,1
13784.0,Frequency,12.0,-0.09126397287008721,0.09126397287008721,Decreases Churn Prediction,2
13784.0,Monetary,2571.59,-0.06022219284570816,0.06022219284570816,Decreases Churn Prediction,3
13784.0,TotalItems,2599.0,-0.05207453703743142,0.05207453703743142,Decreases Churn Prediction,4
13784.0,AverageOrderValue,214.29916666666668,-0.013159787826053038,0.013159787826053038,Decreases Churn Prediction,5
13784.0,Tenure,356.0,-0.010939617920253709,0.010939617920253709,Decreases Churn Prediction,6
14420.0,Recency,8.0,-0.11833177793429574,0.11833177793429574,Decreases Churn Prediction,1
14420.0,Frequency,4.0,0.02375159487412292,0.02375159487412292,Increases Churn Prediction,3
14420.0,Monetary,1639.17,-0.0030837770383074486,0.0030837770383074486,Decreases Churn Prediction,6
14420.0,TotalItems,1120.0,-0.032603083849306304,0.032603083849306304,Decreases Churn Prediction,2
14420.0,AverageOrderValue,409.7925,0.00563895744710028,0.00563895744710028,Increases Churn Prediction,5
14420.0,Tenure,592.0,0.02067012408718468,0.02067012408718468,Increases Churn Prediction,4
15139.0,Recency,149.0,0.03291407919802593,0.03291407919802593,Increases Churn Prediction,3
15139.0,Frequency,2.0,0.026519553977466095,0.026519553977466095,Increases Churn Prediction,5
15139.0,Monetary,178.96,0.07479523479469613,0.07479523479469613,Increases Churn Prediction,1
15139.0,TotalItems,208.0,0.045837351054605284,0.045837351054605284,Increases Churn Prediction,2
15139.0,AverageOrderValue,89.48,0.029381182960432795,0.029381182960432795,Increases Churn Prediction,4
15139.0,Tenure,96.0,0.00903897356619469,0.00903897356619469,Increases Churn Prediction,6
17068.0,Recency,4.0,-0.18694880345878884,0.18694880345878884,Decreases Churn Prediction,1
17068.0,Frequency,42.0,-0.12118157654147076,0.12118157654147076,Decreases Churn Prediction,2
17068.0,Monetary,8148.23,-0.08467897642421553,0.08467897642421553,Decreases Churn Prediction,3
17068.0,TotalItems,3919.0,-0.07221603835040906,0.07221603835040906,Decreases Churn Prediction,4
17068.0,AverageOrderValue,194.0054761904762,-0.008994040762418571,0.008994040762418571,Decreases Churn Prediction,6
17068.0,Tenure,526.0,-0.02834525473312352,0.02834525473312352,Decreases Churn Prediction,5
15899.0,Recency,278.0,0.07169975542823175,0.07169975542823175,Increases Churn Prediction,1
15899.0,Frequency,1.0,0.03739799491817945,0.03739799491817945,Increases Churn Prediction,4
15899.0,Monetary,112.5,0.060392696656060035,0.060392696656060035,Increases Churn Prediction,3
15899.0,TotalItems,78.0,0.06154706925694835,0.06154706925694835,Increases Churn Prediction,2
15899.0,AverageOrderValue,112.5,0.01127258560290546,0.01127258560290546,Increases Churn Prediction,6
15899.0,Tenure,0.0,0.03020326547618363,0.03020326547618363,Increases Churn Prediction,5
16775.0,Recency,31.0,-0.1799741761238382,0.1799741761238382,Decreases Churn Prediction,1
16775.0,Frequency,13.0,-0.08996102838221912,0.08996102838221912,Decreases Churn Prediction,2
16775.0,Monetary,2535.78,-0.06079767236422042,0.06079767236422042,Decreases Churn Prediction,3
16775.0,TotalItems,863.0,-0.037992542464166036,0.037992542464166036,Decreases Churn Prediction,4
16775.0,AverageOrderValue,195.06,-0.014494760950661725,0.014494760950661725,Decreases Churn Prediction,5
16775.0,Tenure,319.0,-0.009705242256839289,0.009705242256839289,Decreases Churn Prediction,6
15999.0,Recency,645.0,0.13235615919435922,0.13235615919435922,Increases Churn Prediction,1
15999.0,Frequency,1.0,0.0370145380644602,0.0370145380644602,Increases Churn Prediction,4
15999.0,Monetary,20.4,0.04542371287890784,0.04542371287890784,Increases Churn Prediction,3
15999.0,TotalItems,24.0,0.05157312856526845,0.05157312856526845,Increases Churn Prediction,2
15999.0,AverageOrderValue,20.4,0.008061232237835586,0.008061232237835586,Increases Churn Prediction,6
15999.0,Tenure,0.0,0.03514693556487955,0.03514693556487955,Increases Churn Prediction,5
17133.0,Recency,99.0,-0.12284748753240757,0.12284748753240757,Decreases Churn Prediction,1
17133.0,Frequency,8.0,-0.07738667628359644,0.07738667628359644,Decreases Churn Prediction,4
17133.0,Monetary,12208.88,-0.09229633532025992,0.09229633532025992,Decreases Churn Prediction,2
17133.0,TotalItems,8502.0,-0.08505605725567181,0.08505605725567181,Decreases Churn Prediction,3
17133.0,AverageOrderValue,1526.11,0.01220989997953997,0.01220989997953997,Increases Churn Prediction,6
17133.0,Tenure,438.0,-0.01636129710034232,0.01636129710034232,Decreases Churn Prediction,5
13245.0,Recency,341.0,0.09911301566067701,0.09911301566067701,Increases Churn Prediction,1
13245.0,Frequency,1.0,0.026360725239081458,0.026360725239081458,Increases Churn Prediction,3
13245.0,Monetary,558.72,-0.00060611364507775,0.00060611364507775,Decreases Churn Prediction,6
13245.0,TotalItems,246.0,0.029740362133941593,0.029740362133941593,Increases Churn Prediction,2
13245.0,AverageOrderValue,558.72,0.0011098926156173604,0.0011098926156173604,Increases Churn Prediction,5
13245.0,Tenure,0.0,0.013413704648251305,0.013413704648251305,Increases Churn Prediction,4
17787.0,Recency,62.0,-0.14113668124291007,0.14113668124291007,Decreases Churn Prediction,1
17787.0,Frequency,4.0,0.021647936372873905,0.021647936372873905,Increases Churn Prediction,4
17787.0,Monetary,2601.4700000000003,-0.04320002987842165,0.04320002987842165,Decreases Churn Prediction,3
17787.0,TotalItems,1266.0,-0.047846191371051686,0.047846191371051686,Decreases Churn Prediction,2
17787.0,AverageOrderValue,650.3675000000001,0.005957257450580735,0.005957257450580735,Increases Churn Prediction,6
17787.0,Tenure,218.0,-0.011085432942529228,0.011085432942529228,Decreases Churn Prediction,5
18174.0,Recency,513.0,0.13686451222849788,0.13686451222849788,Increases Churn Prediction,1
18174.0,Frequency,1.0,0.03786764673152668,0.03786764673152668,Increases Churn Prediction,4
18174.0,Monetary,58.5,0.052668107682955476,0.052668107682955476,Increases Churn Prediction,2
18174.0,TotalItems,30.0,0.0504721037388771,0.0504721037388771,Increases Churn Prediction,3
18174.0,AverageOrderValue,58.5,0.020322896104335412,0.020322896104335412,Increases Churn Prediction,6
18174.0,Tenure,0.0,0.03554403433977604,0.03554403433977604,Increases Churn Prediction,5
15838.0,Recency,18.0,-0.19487446496634186,0.19487446496634186,Decreases Churn Prediction,1
15838.0,Frequency,27.0,-0.12443233494936119,0.12443233494936119,Decreases Churn Prediction,2
15838.0,Monetary,54673.42,-0.0939379459164666,0.0939379459164666,Decreases Churn Prediction,3
15838.0,TotalItems,54294.0,-0.08415951966553441,0.08415951966553441,Decreases Churn Prediction,4
15838.0,AverageOrderValue,2024.941481481481,0.015553620274980131,0.015553620274980131,Increases Churn Prediction,6
15838.0,Tenure,616.0,-0.038367959029267415,0.038367959029267415,Decreases Churn Prediction,5
16865.0,Recency,311.0,0.08419493268796087,0.08419493268796087,Increases Churn Prediction,1
16865.0,Frequency,1.0,0.03171297048312477,0.03171297048312477,Increases Churn Prediction,4
16865.0,Monetary,130.95,0.06744163498700584,0.06744163498700584,Increases Churn Prediction,2
16865.0,TotalItems,157.0,0.03796135710806764,0.03796135710806764,Increases Churn Prediction,3
16865.0,AverageOrderValue,130.95,0.007287944035868469,0.007287944035868469,Increases Churn Prediction,6
16865.0,Tenure,0.0,0.025276860086118114,0.025276860086118114,Increases Churn Prediction,5
14190.0,Recency,575.0,0.14274083463032558,0.14274083463032558,Increases Churn Prediction,1
14190.0,Frequency,1.0,0.04050880957945655,0.04050880957945655,Increases Churn Prediction,4
14190.0,Monetary,79.9,0.05056816954268558,0.05056816954268558,Increases Churn Prediction,2
14190.0,TotalItems,2.0,0.04413790421848419,0.04413790421848419,Increases Churn Prediction,3
14190.0,AverageOrderValue,79.9,0.019808321815180538,0.019808321815180538,Increases Churn Prediction,6
14190.0,Tenure,0.0,0.03747828123585551,0.03747828123585551,Increases Churn Prediction,5
15845.0,Recency,54.0,-0.1436159031543541,0.1436159031543541,Decreases Churn Prediction,1
15845.0,Frequency,8.0,-0.0677382574108863,0.0677382574108863,Decreases Churn Prediction,2
15845.0,Monetary,3241.27,-0.06329867326358143,0.06329867326358143,Decreases Churn Prediction,3
15845.0,TotalItems,1580.0,-0.05057108544301235,0.05057108544301235,Decreases Churn Prediction,4
15845.0,AverageOrderValue,405.15875,-0.001814968387762194,0.001814968387762194,Decreases Churn Prediction,6
15845.0,Tenure,537.0,-0.015596576815158782,0.015596576815158782,Decreases Churn Prediction,5
13408.0,Recency,9.0,-0.19991883056127427,0.19991883056127427,Decreases Churn Prediction,1
13408.0,Frequency,85.0,-0.12307903572557374,0.12307903572557374,Decreases Churn Prediction,2
13408.0,Monetary,41453.102,-0.09804808973766829,0.09804808973766829,Decreases Churn Prediction,3
13408.0,TotalItems,23773.0,-0.07753209923617395,0.07753209923617395,Decreases Churn Prediction,4
13408.0,AverageOrderValue,487.68355294117646,0.0036845677340484554,0.0036845677340484554,Increases Churn Prediction,6
13408.0,Tenure,636.0,-0.03947988152281752,0.03947988152281752,Decreases Churn Prediction,5
13525.0,Recency,157.0,0.041891335732038716,0.041891335732038716,Increases Churn Prediction,1
13525.0,Frequency,1.0,0.039038817925313746,0.039038817925313746,Increases Churn Prediction,2
13525.0,Monetary,282.88,0.035295953019520265,0.035295953019520265,Increases Churn Prediction,4
13525.0,TotalItems,208.0,0.036223637106743534,0.036223637106743534,Increases Churn Prediction,3
13525.0,AverageOrderValue,282.88,-0.006616292008673461,0.006616292008673461,Decreases Churn Prediction,6
13525.0,Tenure,0.0,0.01864012996360938,0.01864012996360938,Increases Churn Prediction,5
13376.0,Recency,8.0,-0.15382938504673538,0.15382938504673538,Decreases Churn Prediction,1
13376.0,Frequency,3.0,0.025299125918971994,0.025299125918971994,Increases Churn Prediction,2
13376.0,Monetary,1019.76,0.0070430761807751645,0.0070430761807751645,Increases Churn Prediction,5
13376.0,TotalItems,493.0,0.008032219534166305,0.008032219534166305,Increases Churn Prediction,4
13376.0,AverageOrderValue,339.92,-0.0018208422124363667,0.0018208422124363667,Decreases Churn Prediction,6
13376.0,Tenure,135.0,-0.013539359373759113,0.013539359373759113,Decreases Churn Prediction,3
15660.0,Recency,45.0,-0.14398373366801057,0.14398373366801057,Decreases Churn Prediction,1
15660.0,Frequency,12.0,-0.10007868965533961,0.10007868965533961,Decreases Churn Prediction,2
15660.0,Monetary,2096.47,-0.037166939839622666,0.037166939839622666,Decreases Churn Prediction,4
15660.0,TotalItems,1421.0,-0.04171193951800405,0.04171193951800405,Decreases Churn Prediction,3
15660.0,AverageOrderValue,174.70583333333332,-0.015447684262067059,0.015447684262067059,Decreases Churn Prediction,5
15660.0,Tenure,536.0,-0.011610262840378896,0.011610262840378896,Decreases Churn Prediction,6
13014.0,Recency,23.0,-0.16585962368716575,0.16585962368716575,Decreases Churn Prediction,1
13014.0,Frequency,6.0,-0.02838256939177517,0.02838256939177517,Decreases Churn Prediction,4
13014.0,Monetary,3937.28,-0.05309187471239371,0.05309187471239371,Decreases Churn Prediction,2
13014.0,TotalItems,1690.0,-0.05287038346155659,0.05287038346155659,Decreases Churn Prediction,3
13014.0,AverageOrderValue,656.2133333333333,0.004404194205850233,0.004404194205850233,Increases Churn Prediction,6
13014.0,Tenure,318.0,-0.010609354720974042,0.010609354720974042,Decreases Churn Prediction,5
16037.0,Recency,179.0,0.01442618128553852,0.01442618128553852,Increases Churn Prediction,5
16037.0,Frequency,5.0,-0.015030898868080015,0.015030898868080015,Decreases Churn Prediction,4
16037.0,Monetary,1509.34,-0.0170972003786149,0.0170972003786149,Decreases Churn Prediction,2
16037.0,TotalItems,766.0,-0.044350637950392166,0.044350637950392166,Decreases Churn Prediction,1
16037.0,AverageOrderValue,301.868,-0.006297942615873766,0.006297942615873766,Decreases Churn Prediction,6
16037.0,Tenure,378.0,-0.01653693228449071,0.01653693228449071,Decreases Churn Prediction,3
14092.0,Recency,9.0,-0.1795872073625019,0.1795872073625019,Decreases Churn Prediction,1
14092.0,Frequency,20.0,-0.12400519195231172,0.12400519195231172,Decreases Churn Prediction,2
14092.0,Monetary,5897.96,-0.08451151883521052,0.08451151883521052,Decreases Churn Prediction,3
14092.0,TotalItems,3035.0,-0.06927806125610017,0.06927806125610017,Decreases Churn Prediction,4
14092.0,AverageOrderValue,294.898,-0.006356821327990531,0.006356821327990531,Decreases Churn Prediction,6
14092.0,Tenure,623.0,-0.034236003225948254,0.034236003225948254,Decreases Churn Prediction,5
14036.0,Recency,194.0,0.05017329661790118,0.05017329661790118,Increases Churn Prediction,1
14036.0,Frequency,1.0,0.03779418497355508,0.03779418497355508,Increases Churn Prediction,2
14036.0,Monetary,626.65,-0.008329201222534995,0.008329201222534995,Decreases Churn Prediction,5
14036.0,TotalItems,268.0,0.03689278683144627,0.03689278683144627,Increases Churn Prediction,3
14036.0,AverageOrderValue,626.65,0.004473416793449609,0.004473416793449609,Increases Churn Prediction,6
14036.0,Tenure,0.0,0.012567479761936475,0.012567479761936475,Increases Churn Prediction,4
13058.0,Recency,61.0,-0.1524073701034111,0.1524073701034111,Decreases Churn Prediction,1
13058.0,Frequency,1.0,0.03932527703132495,0.03932527703132495,Increases Churn Prediction,4
13058.0,Monetary,47.55,0.053778148653659735,0.053778148653659735,Increases Churn Prediction,2
13058.0,TotalItems,9.0,0.04859809276836505,0.04859809276836505,Increases Churn Prediction,3
13058.0,AverageOrderValue,47.55,0.016298830808397745,0.016298830808397745,Increases Churn Prediction,5
13058.0,Tenure,0.0,0.014434146700465904,0.014434146700465904,Increases Churn Prediction,6
16486.0,Recency,447.0,0.14347419596885988,0.14347419596885988,Increases Churn Prediction,1
16486.0,Frequency,1.0,0.03444526680328233,0.03444526680328233,Increases Churn Prediction,4
16486.0,Monetary,134.36,0.04945519092854493,0.04945519092854493,Increases Churn Prediction,2
16486.0,TotalItems,24.0,0.045477860089490146,0.045477860089490146,Increases Churn Prediction,3
16486.0,AverageOrderValue,134.36,0.005268003730052002,0.005268003730052002,Increases Churn Prediction,6
16486.0,Tenure,0.0,0.032203317293499165,0.032203317293499165,Increases Churn Prediction,5
17025.0,Recency,282.0,0.05687367849720473,0.05687367849720473,Increases Churn Prediction,1
17025.0,Frequency,4.0,0.010319164968190672,0.010319164968190672,Increases Churn Prediction,3
17025.0,Monetary,1313.84,-0.004993939440246908,0.004993939440246908,Decreases Churn Prediction,5
17025.0,TotalItems,928.0,-0.04208713009059928,0.04208713009059928,Decreases Churn Prediction,2
17025.0,AverageOrderValue,328.46,-0.002538592431656942,0.002538592431656942,Decreases Churn Prediction,6
17025.0,Tenure,268.0,-0.007618722419298816,0.007618722419298816,Decreases Churn Prediction,4
12916.0,Recency,48.0,-0.1465394649178156,0.1465394649178156,Decreases Churn Prediction,1
12916.0,Frequency,7.0,-0.06197761843011645,0.06197761843011645,Decreases Churn Prediction,3
12916.0,Monetary,4654.02,-0.0631439377820115,0.0631439377820115,Decreases Churn Prediction,2
12916.0,TotalItems,1774.0,-0.046450162431834564,0.046450162431834564,Decreases Churn Prediction,4
12916.0,AverageOrderValue,664.8599999999999,0.010340295984805263,0.010340295984805263,Increases Churn Prediction,6
12916.0,Tenure,545.0,-0.011975215286938599,0.011975215286938599,Decreases Churn Prediction,5
16838.0,Recency,106.0,-0.07449387462886967,0.07449387462886967,Decreases Churn Prediction,1
16838.0,Frequency,4.0,0.014969619853921572,0.014969619853921572,Increases Churn Prediction,2
16838.0,Monetary,1159.61,0.0010278100752786831,0.0010278100752786831,Increases Churn Prediction,6
16838.0,TotalItems,509.0,0.009723956682819758,0.009723956682819758,Increases Churn Prediction,3
16838.0,AverageOrderValue,289.9025,-0.00636515984028934,0.00636515984028934,Decreases Churn Prediction,4
16838.0,Tenure,465.0,0.005432136741774746,0.005432136741774746,Increases Churn Prediction,5
15252.0,Recency,92.0,-0.09189843213614829,0.09189843213614829,Decreases Churn Prediction,1
15252.0,Frequency,4.0,0.01693679375566811,0.01693679375566811,Increases Churn Prediction,4
15252.0,Monetary,1663.18,-0.01696355554245655,0.01696355554245655,Decreases Churn Prediction,3
15252.0,TotalItems,1007.0,-0.03960287112173889,0.03960287112173889,Decreases Churn Prediction,2
15252.0,AverageOrderValue,415.795,0.00334631737067332,0.00334631737067332,Increases Churn Prediction,6
15252.0,Tenure,428.0,0.014741786122481344,0.014741786122481344,Increases Churn Prediction,5
15260.0,Recency,9.0,-0.18759429295377153,0.18759429295377153,Decreases Churn Prediction,1
15260.0,Frequency,25.0,-0.12342516822424614,0.12342516822424614,Decreases Churn Prediction,2
15260.0,Monetary,9188.23,-0.09503180300182183,0.09503180300182183,Decreases Churn Prediction,3
15260.0,TotalItems,4722.0,-0.07872369443515781,0.07872369443515781,Decreases Churn Prediction,4
15260.0,AverageOrderValue,367.5292,-0.0013762466342230866,0.0013762466342230866,Decreases Churn Prediction,6
15260.0,Tenure,633.0,-0.03695372699794491,0.03695372699794491,Decreases Churn Prediction,5
13300.0,Recency,78.0,-0.09346655630682796,0.09346655630682796,Decreases Churn Prediction,1
13300.0,Frequency,3.0,0.031109507407353396,0.031109507407353396,Increases Churn Prediction,2
13300.0,Monetary,1285.51,-0.002843738965673477,0.002843738965673477,Decreases Churn Prediction,6
13300.0,TotalItems,455.0,0.012576197731193395,0.012576197731193395,Increases Churn Prediction,4
13300.0,AverageOrderValue,428.5033333333333,0.00919414923912687,0.00919414923912687,Increases Churn Prediction,5
13300.0,Tenure,404.0,0.013539607906837246,0.013539607906837246,Increases Churn Prediction,3
13255.0,Recency,283.0,0.05171038430304352,0.05171038430304352,Increases Churn Prediction,1
13255.0,Frequency,2.0,0.019192301016329592,0.019192301016329592,Increases Churn Prediction,2
13255.0,Monetary,730.65,-0.013108659488587087,0.013108659488587087,Decreases Churn Prediction,3
13255.0,TotalItems,450.0,-0.009256215924821785,0.009256215924821785,Decreases Churn Prediction,4
13255.0,AverageOrderValue,365.325,-0.005325461677727912,0.005325461677727912,Decreases Churn Prediction,6
13255.0,Tenure,138.0,-0.008105244351389809,0.008105244351389809,Decreases Churn Prediction,5
15472.0,Recency,22.0,-0.1844887473748274,0.1844887473748274,Decreases Churn Prediction,1
15472.0,Frequency,1.0,0.0317042172512497,0.0317042172512497,Increases Churn Prediction,2
15472.0,Monetary,371.56,0.024971698124763415,0.024971698124763415,Increases Churn Prediction,4
15472.0,TotalItems,251.0,0.027760436151851316,0.027760436151851316,Increases Churn Prediction,3
15472.0,AverageOrderValue,371.56,0.00022963481598714704,0.00022963481598714704,Increases Churn Prediction,6
15472.0,Tenure,0.0,-0.0022497572257061792,0.0022497572257061792,Decreases Churn Prediction,5
15756.0,Recency,62.0,-0.14901455396409408,0.14901455396409408,Decreases Churn Prediction,1
15756.0,Frequency,3.0,0.017053799521028673,0.017053799521028673,Increases Churn Prediction,4
15756.0,Monetary,364.84,0.032302416719562674,0.032302416719562674,Increases Churn Prediction,2
15756.0,TotalItems,167.0,0.027598580686595,0.027598580686595,Increases Churn Prediction,3
15756.0,AverageOrderValue,121.61333333333332,0.005377744757698777,0.005377744757698777,Increases Churn Prediction,6
15756.0,Tenure,96.0,-0.009887665112417048,0.009887665112417048,Decreases Churn Prediction,5
18141.0,Recency,311.0,0.06680298888535732,0.06680298888535732,Increases Churn Prediction,1
18141.0,Frequency,2.0,0.018885573237019237,0.018885573237019237,Increases Churn Prediction,2
18141.0,Monetary,882.47,-0.0023294301551391623,0.0023294301551391623,Decreases Churn Prediction,6
18141.0,TotalItems,433.0,-0.004255457893869229,0.004255457893869229,Decreases Churn Prediction,5
18141.0,AverageOrderValue,441.235,0.004730969621547041,0.004730969621547041,Increases Churn Prediction,4
18141.0,Tenure,187.0,-0.007606132462665149,0.007606132462665149,Decreases Churn Prediction,3
12462.0,Recency,212.0,0.061836931447862106,0.061836931447862106,Increases Churn Prediction,1
12462.0,Frequency,1.0,0.035116025669658754,0.035116025669658754,Increases Churn Prediction,2
12462.0,Monetary,762.11,-0.010343212373085225,0.010343212373085225,Decreases Churn Prediction,5
12462.0,TotalItems,287.0,0.033331273732413805,0.033331273732413805,Increases Churn Prediction,3
12462.0,AverageOrderValue,762.11,0.0038719323965702365,0.0038719323965702365,Increases Churn Prediction,6
12462.0,Tenure,0.0,0.01243828940392492,0.01243828940392492,Increases Churn Prediction,4
17492.0,Recency,157.0,0.016525291061334102,0.016525291061334102,Increases Churn Prediction,1
17492.0,Frequency,3.0,0.012625316484979169,0.012625316484979169,Increases Churn Prediction,2
17492.0,Monetary,1122.42,0.0017164563104421528,0.0017164563104421528,Increases Churn Prediction,6
17492.0,TotalItems,450.0,0.004651355995042742,0.004651355995042742,Increases Churn Prediction,5
17492.0,AverageOrderValue,374.14,-0.004676764650157695,0.004676764650157695,Decreases Churn Prediction,4
17492.0,Tenure,270.0,-0.010942535652354526,0.010942535652354526,Decreases Churn Prediction,3
12751.0,Recency,354.0,0.09676927659446805,0.09676927659446805,Increases Churn Prediction,1
12751.0,Frequency,1.0,0.0268706264629504,0.0268706264629504,Increases Churn Prediction,3
12751.0,Monetary,268.27,0.025360484027058785,0.025360484027058785,Increases Churn Prediction,4
12751.0,TotalItems,189.0,0.032217941139351294,0.032217941139351294,Increases Churn Prediction,2
12751.0,AverageOrderValue,268.27,-0.006454799601986184,0.006454799601986184,Decreases Churn Prediction,6
12751.0,Tenure,0.0,0.01885222360694244,0.01885222360694244,Increases Churn Prediction,5
17559.0,Recency,422.0,0.1522389327074355,0.1522389327074355,Increases Churn Prediction,1
17559.0,Frequency,1.0,0.03192406976904722,0.03192406976904722,Increases Churn Prediction,3
17559.0,Monetary,167.62,0.057757502856209904,0.057757502856209904,Increases Churn Prediction,2
17559.0,TotalItems,270.0,0.030102970687984683,0.030102970687984683,Increases Churn Prediction,4
17559.0,AverageOrderValue,167.62,0.0007679337862193658,0.0007679337862193658,Increases Churn Prediction,6
17559.0,Tenure,0.0,0.02247943336254877,0.02247943336254877,Increases Churn Prediction,5
16578.0,Recency,535.0,0.16113107953863892,0.16113107953863892,Increases Churn Prediction,1
16578.0,Frequency,1.0,0.03395043439201628,0.03395043439201628,Increases Churn Prediction,4
16578.0,Monetary,156.6,0.0551394925502287,0.0551394925502287,Increases Churn Prediction,2
16578.0,TotalItems,108.0,0.033996801572391336,0.033996801572391336,Increases Churn Prediction,3
16578.0,AverageOrderValue,156.6,0.0009035694603201361,0.0009035694603201361,Increases Churn Prediction,6
16578.0,Tenure,0.0,0.0261234246281346,0.0261234246281346,Increases Churn Prediction,5
16936.0,Recency,295.0,0.07409193818883655,0.07409193818883655,Increases Churn Prediction,1
16936.0,Frequency,1.0,0.03453780075402427,0.03453780075402427,Increases Churn Prediction,2
16936.0,Monetary,288.49,0.031782035366071576,0.031782035366071576,Increases Churn Prediction,4
16936.0,TotalItems,169.0,0.03440861211297791,0.03440861211297791,Increases Churn Prediction,3
16936.0,AverageOrderValue,288.49,-0.006537139454773326,0.006537139454773326,Decreases Churn Prediction,6
16936.0,Tenure,0.0,0.018755805120817315,0.018755805120817315,Increases Churn Prediction,5
16912.0,Recency,43.0,-0.15165976966538308,0.15165976966538308,Decreases Churn Prediction,1
16912.0,Frequency,11.0,-0.09344779104543596,0.09344779104543596,Decreases Churn Prediction,2
16912.0,Monetary,3463.31,-0.07307512288210745,0.07307512288210745,Decreases Churn Prediction,3
16912.0,TotalItems,1253.0,-0.03868029042674791,0.03868029042674791,Decreases Churn Prediction,4
16912.0,AverageOrderValue,314.8463636363636,-0.0038214693891638306,0.0038214693891638306,Decreases Churn Prediction,6
16912.0,Tenure,596.0,-0.025563058526069493,0.025563058526069493,Decreases Churn Prediction,5
16962.0,Recency,319.0,0.08589533518698259,0.08589533518698259,Increases Churn Prediction,1
16962.0,Frequency,1.0,0.02987395980225386,0.02987395980225386,Increases Churn Prediction,4
16962.0,Monetary,251.04,0.03226597430558018,0.03226597430558018,Increases Churn Prediction,3
16962.0,TotalItems,158.0,0.03339348378226837,0.03339348378226837,Increases Churn Prediction,2
16962.0,AverageOrderValue,251.04,-0.008383684072329952,0.008383684072329952,Decreases Churn Prediction,6
16962.0,Tenure,0.0,0.018472224895771286,0.018472224895771286,Increases Churn Prediction,5
14663.0,Recency,339.0,0.09705058087976678,0.09705058087976678,Increases Churn Prediction,1
14663.0,Frequency,2.0,0.01554252201383318,0.01554252201383318,Increases Churn Prediction,3
14663.0,Monetary,490.6,0.0048440951079025095,0.0048440951079025095,Increases Churn Prediction,5
14663.0,TotalItems,397.0,-0.0042639890269405185,0.0042639890269405185,Decreases Churn Prediction,6
14663.0,AverageOrderValue,245.3,-0.008340788203257392,0.008340788203257392,Decreases Churn Prediction,4
14663.0,Tenure,0.0,0.018807317704875308,0.018807317704875308,Increases Churn Prediction,2
12849.0,Recency,178.0,0.015787858362822565,0.015787858362822565,Increases Churn Prediction,4
12849.0,Frequency,5.0,-0.012380066660631158,0.012380066660631158,Decreases Churn Prediction,5
12849.0,Monetary,2744.17,-0.047163743347145515,0.047163743347145515,Decreases Churn Prediction,2
12849.0,TotalItems,1773.0,-0.05468180923671692,0.05468180923671692,Decreases Churn Prediction,1
12849.0,AverageOrderValue,548.8340000000001,0.007290028555433318,0.007290028555433318,Increases Churn Prediction,6
12849.0,Tenure,322.0,-0.016788739656256393,0.016788739656256393,Decreases Churn Prediction,3
15386.0,Recency,95.0,-0.0790688250446234,0.0790688250446234,Decreases Churn Prediction,1
15386.0,Frequency,1.0,0.04141134576360192,0.04141134576360192,Increases Churn Prediction,2
15386.0,Monetary,394.14,0.036183300864504775,0.036183300864504775,Increases Churn Prediction,3
15386.0,TotalItems,446.0,0.0018668502255927977,0.0018668502255927977,Increases Churn Prediction,5
15386.0,AverageOrderValue,394.14,-0.001121839149876458,0.001121839149876458,Decreases Churn Prediction,6
15386.0,Tenure,0.0,0.009229964631046857,0.009229964631046857,Increases Churn Prediction,4
13913.0,Recency,416.0,0.13626942667351385,0.13626942667351385,Increases Churn Prediction,1
13913.0,Frequency,1.0,0.038827313135557956,0.038827313135557956,Increases Churn Prediction,4
13913.0,Monetary,42.22,0.05161564812885586,0.05161564812885586,Increases Churn Prediction,2
13913.0,TotalItems,10.0,0.045436687624498456,0.045436687624498456,Increases Churn Prediction,3
13913.0,AverageOrderValue,42.22,0.015204781515082394,0.015204781515082394,Increases Churn Prediction,6
13913.0,Tenure,0.0,0.03779926629986684,0.03779926629986684,Increases Churn Prediction,5
13265.0,Recency,93.0,-0.12311950598175891,0.12311950598175891,Decreases Churn Prediction,1
13265.0,Frequency,3.0,0.023910592552923656,0.023910592552923656,Increases Churn Prediction,3
13265.0,Monetary,1465.66,-0.02256447456112099,0.02256447456112099,Decreases Churn Prediction,4
13265.0,TotalItems,1138.0,-0.05286848496938022,0.05286848496938022,Decreases Churn Prediction,2
13265.0,AverageOrderValue,488.5533333333333,0.004327205266264119,0.004327205266264119,Increases Churn Prediction,6
13265.0,Tenure,89.0,-0.01967591216257471,0.01967591216257471,Decreases Churn Prediction,5
14846.0,Recency,336.0,0.09981703689361766,0.09981703689361766,Increases Churn Prediction,1
14846.0,Frequency,1.0,0.026901991313689765,0.026901991313689765,Increases Churn Prediction,3
14846.0,Monetary,437.4,0.023976086084772624,0.023976086084772624,Increases Churn Prediction,4
14846.0,TotalItems,193.0,0.03208664172491647,0.03208664172491647,Increases Churn Prediction,2
14846.0,AverageOrderValue,437.4,7.156702235672566e-05,7.156702235672566e-05,Increases Churn Prediction,6
14846.0,Tenure,0.0,0.017106027602877546,0.017106027602877546,Increases Churn Prediction,5
16495.0,Recency,185.0,0.05213249381676717,0.05213249381676717,Increases Churn Prediction,1
16495.0,Frequency,2.0,0.023164624195177324,0.023164624195177324,Increases Churn Prediction,4
16495.0,Monetary,246.51,0.03507775728673922,0.03507775728673922,Increases Churn Prediction,3
16495.0,TotalItems,166.0,0.036419318553394,0.036419318553394,Increases Churn Prediction,2
16495.0,AverageOrderValue,123.255,0.006122312154646221,0.006122312154646221,Increases Churn Prediction,6
16495.0,Tenure,0.0,0.020772450841550296,0.020772450841550296,Increases Churn Prediction,5
15616.0,Recency,347.0,0.09836410666491983,0.09836410666491983,Increases Churn Prediction,1
15616.0,Frequency,1.0,0.0266702627228597,0.0266702627228597,Increases Churn Prediction,3
15616.0,Monetary,317.11,0.022914060495115057,0.022914060495115057,Increases Churn Prediction,4
15616.0,TotalItems,137.0,0.034302622754493514,0.034302622754493514,Increases Churn Prediction,2
15616.0,AverageOrderValue,317.11,-0.005681307894803703,0.005681307894803703,Decreases Churn Prediction,6
15616.0,Tenure,0.0,0.020027423592025837,0.020027423592025837,Increases Churn Prediction,5
13852.0,Recency,520.0,0.15767260869730296,0.15767260869730296,Increases Churn Prediction,1
13852.0,Frequency,1.0,0.03735607858614688,0.03735607858614688,Increases Churn Prediction,4
13852.0,Monetary,187.35,0.05146413555320724,0.05146413555320724,Increases Churn Prediction,2
13852.0,TotalItems,85.0,0.05142832894904034,0.05142832894904034,Increases Churn Prediction,3
13852.0,AverageOrderValue,187.35,0.0004598131621702424,0.0004598131621702424,Increases Churn Prediction,6
13852.0,Tenure,0.0,0.029008625906284263,0.029008625906284263,Increases Churn Prediction,5
15907.0,Recency,86.0,-0.10398569789067241,0.10398569789067241,Decreases Churn Prediction,1
15907.0,Frequency,2.0,0.02991923094824559,0.02991923094824559,Increases Churn Prediction,3
15907.0,Monetary,529.52,0.009713178196408857,0.009713178196408857,Increases Churn Prediction,5
15907.0,TotalItems,256.0,0.03704434758054422,0.03704434758054422,Increases Churn Prediction,2
15907.0,AverageOrderValue,264.76,-0.007487062044872095,0.007487062044872095,Decreases Churn Prediction,6
15907.0,Tenure,33.0,-0.01507677698992738,0.01507677698992738,Decreases Churn Prediction,4
15293.0,Recency,575.0,0.1731288572913333,0.1731288572913333,Increases Churn Prediction,1
15293.0,Frequency,1.0,0.03196581746260979,0.03196581746260979,Increases Churn Prediction,3
15293.0,Monetary,247.5,0.033009883962275915,0.033009883962275915,Increases Churn Prediction,2
15293.0,TotalItems,178.0,0.026728576311141894,0.026728576311141894,Increases Churn Prediction,4
15293.0,AverageOrderValue,247.5,-0.005119474553933551,0.005119474553933551,Decreases Churn Prediction,6
15293.0,Tenure,0.0,0.02069419168940983,0.02069419168940983,Increases Churn Prediction,5
15851.0,Recency,436.0,0.14455291626645733,0.14455291626645733,Increases Churn Prediction,1
15851.0,Frequency,1.0,0.032688028413264666,0.032688028413264666,Increases Churn Prediction,4
15851.0,Monetary,109.73,0.0495027079208849,0.0495027079208849,Increases Churn Prediction,3
15851.0,TotalItems,67.0,0.049732615362253374,0.049732615362253374,Increases Churn Prediction,2
15851.0,AverageOrderValue,109.73,0.011534005327876153,0.011534005327876153,Increases Churn Prediction,6
15851.0,Tenure,0.0,0.030048240681979716,0.030048240681979716,Increases Churn Prediction,5
